Date,Stock_Close,Stock_Dividends,r,RV,Call_Close,Call_Sym,Put_Close,Put_Sym,Call_imp_vol,Put_imp_vol,Straddle_imp_vol,VRP,Straddle_Delta,Straddle_Gamma,Straddle_Vega,Straddle_Theta,Straddle_Rho,Straddle_Vanna,Straddle_Volga,Call_Delta,Call_Gamma,Call_Vega,Call_Theta,Call_Rho,Call_Vanna,Call_Volga,Put_Delta,Put_Gamma,Put_Vega,Put_Theta,Put_Rho,Put_Vanna,Put_Volga,Force_Close
2024-05-01,144.27000427246094,0.0,0.0547,0.5760902455976976,8.35,O:AMD240607C00145000,8.27,O:AMD240607P00145000,0.44065937553453094,0.4426464803496572,0.44165291199982165,-0.13443733359787596,0.06210035658061108,0.038140415395702246,37.564675023990226,-77.0035138824862,-0.008207979954424988,0.12005279227990817,-0.4416959816509617,0.5309905388682291,0.019113331254040994,18.78255693608109,-42.35824938176472,0.07313143640480826,0.06000429534009489,-0.22034162671850765,-0.46889018228761803,0.01902708414166125,18.782118087909137,-34.645264500721474,-0.08133941635923325,0.06004849693981329,-0.22135435493245403,False
2024-05-02,146.16000366210938,0.0,0.055099999999999996,0.5141207601709877,8.6,O:AMD240607C00145000,7.0,O:AMD240607P00145000,0.4071101985690722,0.4277976781174701,0.41745469579696665,-0.09666606437402109,0.13414683264546878,0.04015918310543226,36.928203421257734,-74.92850476126382,0.004134104774550382,-0.06587860558368673,0.5228555698341197,0.5674129192707946,0.020574200529334473,18.461409180669463,-40.51861095997533,0.07669285449690774,-0.037694137327611274,0.30047236900841595,-0.43326608662532584,0.019584982576097785,18.466794240588275,-34.4098938012885,-0.07255874972235736,-0.028184468256075453,0.2223832008257038,False
2024-05-03,150.60000610351562,0.0,0.055099999999999996,0.5165337525991927,11.15,O:AMD240607C00145000,5.08,O:AMD240607P00145000,0.40672595940480566,0.4250453205632232,0.4158962910741569,-0.10063746152503578,0.30838344082461655,0.037401269857689934,34.983334527596696,-74.99575492717703,0.02997276594286749,-0.4716468281227913,8.881298668343486,0.6563494727694029,0.019069120725583512,17.451067860939123,-40.60498621137097,0.08700023274316603,-0.24821689217100867,4.73929767206662,-0.34796603194478637,0.018332149132106425,17.532266666657573,-34.39076871580606,-0.057027466800298535,-0.22342993595178262,4.142000996276868,False
2024-05-06,155.77999877929688,0.0,0.055099999999999996,0.5357717041140094,14.4,O:AMD240607C00145000,3.32,O:AMD240607P00145000,0.3907491031666369,0.42084915459885064,0.40590353559851644,-0.129868168515493,0.5021312657441034,0.03252523628383139,30.478374716168098,-68.29964374098986,0.05762095996634285,-0.8652267514318268,28.25986225648338,0.7575645062901811,0.016639931025109973,15.027391631849559,-36.53678218853324,0.09867942653821245,-0.4622987390032617,15.523861926147267,-0.25543324054607774,0.015885305258721415,15.450983084318537,-31.762861552456624,-0.041058466571869595,-0.40292801242856513,12.736000330336115,False
2024-05-07,154.42999267578125,0.0,0.055099999999999996,0.5349571840658991,13.2,O:AMD240607C00145000,3.2,O:AMD240607P00145000,0.38794486983437476,0.39827040868799324,0.39311862094402317,-0.14183856312187593,0.4728391332820152,0.03562420609536357,30.478717596103486,-68.76079523799321,0.05167748053412502,-0.8537424846561273,25.194326178126467,0.738622851860446,0.017970066859375928,15.17435720052733,-37.80719318168635,0.0920598014630302,-0.43755788473447726,13.046781040118743,-0.26578371857843075,0.017654139235987645,15.304360395576154,-30.953602056306856,-0.040382320928905174,-0.4161845999216501,12.147545138007725,False
2024-05-08,153.6199951171875,0.0,0.055099999999999996,0.5312723997103419,12.42,O:AMD240607C00145000,3.37,O:AMD240607P00145000,0.3856859603383259,0.4032097023336845,0.39447557204067707,-0.13679682766966483,0.448338432705892,0.03734001465748786,30.333912295814148,-71.46220519079543,0.046342954466221636,-0.8117843858030023,21.95214089523602,0.7277228639697206,0.018966569911932935,15.070937202949414,-38.76606578409083,0.08675401673862188,-0.42354273745251597,11.648929823357294,-0.2793844312638286,0.01837344474555493,15.262975092864734,-32.6961394067046,-0.04041106227240024,-0.38824164835048636,10.303211071878728,False
2024-05-09,152.38999938964844,0.0,0.055099999999999996,0.5239152073093453,11.9,O:AMD240607C00145000,3.4,O:AMD240607P00145000,0.41965391668447116,0.3905325145223423,0.4051487997204067,-0.11876640758893858,0.3992779357385654,0.039078379588769876,30.604207414221165,-76.9153699126565,0.037954970319583364,-0.6996937149556344,16.14450817352367,0.6945565303942209,0.018986140546048576,15.41912257230209,-44.000456231108195,0.07828622436904303,-0.32378609576198325,7.247326292143442,-0.29527859465565554,0.020092239042721304,15.185084841919076,-32.9149136815483,-0.04033125404945967,-0.3759076191936512,8.897181881380227,False
2024-05-10,151.9199981689453,0.0,0.055099999999999996,0.5050582980755218,11.0,O:AMD240607C00145000,3.28,O:AMD240607P00145000,0.3931901083901621,0.38196357549267423,0.3875855600178242,-0.11747273805769765,0.3981264187116429,0.04198685272291422,29.80293187385076,-75.31992576829145,0.03666933714419171,-0.741462087699452,16.561570940478138,0.6969829548715578,0.020754806373726124,14.94791493040669,-42.25564471012505,0.07530607081577234,-0.35972903252597926,7.940325352586621,-0.2988565361599149,0.021232046349188096,14.85501694344407,-33.064281058166415,-0.03863673367158063,-0.3817330551734728,8.621245587891517,False
2024-05-13,150.55999755859375,0.0,0.055,0.5024813441066992,9.75,O:AMD240607C00145000,3.63,O:AMD240607P00145000,0.38328119240545966,0.3859657589802713,0.3846238341033459,-0.11785751000335332,0.3461069199277701,0.04538055797435593,29.831383912444988,-78.22003040108294,0.02920108267330928,-0.6430400385879786,11.91956654296332,0.6734850208093695,0.022757296161851747,14.907692590282338,-42.93251373273662,0.069101117408223,-0.3239374195941856,6.0204912947582745,-0.32737810088159935,0.022623261812504188,14.92369132216265,-35.287516668346306,-0.03990003473491372,-0.31910261899379305,5.899075248205045,False
2024-05-14,153.16000366210938,0.0,0.055,0.5011874891066219,11.04,O:AMD240607C00145000,2.7,O:AMD240607P00145000,0.35525415854715253,0.38451703463665055,0.3699869765281678,-0.1312005125784541,0.48028082775519754,0.04286818293685006,26.541390703182394,-72.0487757764883,0.042728438098447355,-0.9576156995423022,25.30232854948339,0.7471311857503011,0.02198468571615877,13.086458502852741,-38.22961545955983,0.07385043938970873,-0.5134408547926895,13.986620966697819,-0.2668503579951036,0.02088349722069129,13.454932200329653,-33.81916031692846,-0.03112200129126137,-0.4441748447496126,11.31570758278557,False
2024-05-15,159.6699981689453,0.0,0.054900000000000004,0.4812378164909285,16.35,O:AMD240607C00145000,1.32,O:AMD240607P00145000,0.372362295759311,0.3910073908561785,0.38180062245726587,-0.09943719403366263,0.7105806671409984,0.028751119588564467,18.873796979645935,-58.68438325268906,0.06461916805404506,-1.1452974031821066,50.36149475249295,0.8606288765095061,0.014369349621473973,9.2023306142396,-32.043716962310306,0.0816719202110726,-0.5878318148953479,26.40516236693762,-0.1500482093685077,0.014381769967090495,9.671466365406335,-26.64066629037875,-0.017052752157027534,-0.5574655882867589,23.95633238555533,False
2024-05-16,162.6199951171875,0.0,0.055099999999999996,0.4844657301160559,19.85,O:AMD240607C00145000,0.96,O:AMD240607P00145000,0.4916367746396664,0.40563473053182975,0.45088109732270243,-0.0335846327933535,0.7315208149863864,0.023399722651687424,17.644063805459695,-68.37798831593248,0.0623174040388617,-0.9564429405444599,43.929190791590145,0.8451682849369243,0.011819852045552231,9.757166823326132,-44.25551201636699,0.07466111896485357,-0.43204976931496447,17.98583443676738,-0.11364746995053787,0.011579870606135195,7.886896982133562,-24.12247629956549,-0.012343714925991869,-0.5243931712294955,25.943356354822768,False
2024-05-17,164.47000122070312,0.0,0.055,0.43511385940773295,20.22,O:AMD240607C00145000,0.72,O:AMD240607P00145000,0.32793011487773266,0.4110586391525248,0.3742228668272495,-0.06089099258048347,0.8608439426885655,0.017565407684384977,10.595450709640154,-40.38186315398492,0.07181131208620413,-0.9772431818814866,58.69521297811845,0.951110747771233,0.007698520338111295,4.064926264718576,-18.688803812035577,0.08107689633747514,-0.4867618615681751,32.33966617956084,-0.09026680508266749,0.009866887346273683,6.5305244449215785,-21.69305934194935,-0.009265584251271006,-0.4904813203133115,26.35554679855761,False
2024-05-20,166.3300018310547,0.0,0.055,0.4346584216303417,23.13,O:AMD240607C00145000,0.5,O:AMD240607P00145000,0.5414077902082646,0.4120864919854233,0.48349786983728404,0.04883944820694236,0.809905687683113,0.01765678303284257,13.082503910164197,-63.88395892235412,0.06171200806406319,-0.8312852416491104,43.640694523078906,0.8776269579200979,0.009555220886018668,7.951222580812972,-45.500197765868855,0.06824760750990712,-0.3879402509589162,17.69113418114775,-0.06772127023698493,0.008101562146823905,5.131281329351225,-18.383761156485264,-0.006535599445843925,-0.44334499069019423,25.949560341931154,False
2024-05-21,164.66000366210938,0.0,0.055,0.43250137302947306,20.55,O:AMD240607C00145000,0.5,O:AMD240607P00145000,0.3998689712640867,0.4039791161354004,0.401934660756588,-0.030566712272885044,0.858317418165449,0.018028737900458343,10.13537936383865,-46.10061595627758,0.06204948967614586,-0.9293019978139194,51.07556384223755,0.9301136351098934,0.00896710137657215,5.015206711634017,-26.730339770653778,0.06840605910015267,-0.4647477224732719,25.665563523144368,-0.07179621694444438,0.009061636523886194,5.120172652204634,-19.370276185623805,-0.006356569424006806,-0.4645542753406475,25.410000319093182,False
2024-05-22,165.52000427246094,0.0,0.054900000000000004,0.43153160179425815,20.8,O:AMD240607C00145000,0.62,O:AMD240607P00145000,1.0,0.4559211920306909,0.37477084453105924,-0.0567607572631989,0.6867757853654549,0.017487307906227198,16.417974325481794,-146.52608758524678,0.04126152220150707,-0.5813234907632389,25.706469938542693,0.7665802852238809,0.008476201279143582,11.05816190082727,-121.62696619284642,0.0478468751336634,-0.15595967312930994,4.098872588821727,-0.07980449985842597,0.009011106627083617,5.359812424654521,-24.89912139240037,-0.006585352932156324,-0.42536381763392894,21.607597349720965,False
2024-05-23,160.42999267578125,0.0,0.055099999999999996,0.44792708413313864,16.16,O:AMD240607C00145000,0.73,O:AMD240607P00145000,0.34727220589570534,0.4118222083866333,0.38187131003141406,-0.06605577410172458,0.821959588620586,0.025044453639896172,10.735196364191811,-53.585902706668904,0.05018836026206652,-1.0646988743641916,48.45779886743268,0.9282918015942471,0.011750728083361094,4.5845643617841025,-25.552085816106107,0.057953345882471474,-0.5477198633451685,26.862087893902945,-0.10633221297366102,0.01329372555653508,6.150632002407708,-28.033816890562797,-0.007764985620404951,-0.5169790110190231,21.595710973529734,False
2024-05-24,166.36000061035156,0.0,0.0556,0.4586100436335769,22.14,O:AMD240607C00145000,0.22,O:AMD240607P00145000,0.4764657731766733,0.4077994544055489,0.44544196861982344,-0.013168075013753444,0.8963064798254861,0.014255830381985248,6.986142573414153,-46.555082570736445,0.05029743909953567,-0.7255410909028613,39.29977567097949,0.9355608275216212,0.007976201334780754,4.173737220500822,-32.47949537167351,0.05297615072917376,-0.3763054936542377,18.937184637253104,-0.03925434769613512,0.006279629047204494,2.81240535291333,-14.07558719906294,-0.0026787116296380898,-0.34923559724862363,20.36259103372639,False
2024-05-28,171.61000061035156,0.0,0.055,0.46695610557785394,28.95,O:AMD240607C00145000,0.12,O:AMD240607P00145000,0.9340558694738811,0.4817354056053072,0.7681418305158616,0.30118572493800766,0.8442937679395301,0.011053162405557617,8.182163478204892,-115.58601595598982,0.03676801715283047,-0.4239670838638444,20.142589324299184,0.8656623555794751,0.007576536402504945,6.616345870565853,-103.91392539953735,0.03797025948233311,-0.21769295154967463,7.362635295223502,-0.02136858763994498,0.0034766260030526714,1.565817607639039,-11.672090556452474,-0.0012022423295026397,-0.20627413231416977,12.779954029075682,False
2024-05-29,165.13999938964844,0.0,0.055,0.4872690775899772,21.58,O:AMD240607C00145000,0.28,O:AMD240607P00145000,0.7089187898580963,0.48799252235565704,0.6157055669069291,0.12843648931695195,0.8309570389201265,0.017785653615194345,8.295099518142234,-101.15953452521872,0.03204562358336021,-0.6242396185623358,24.5068850879939,0.8795581192830604,0.010278862895285566,5.520057698933773,-77.24076973023618,0.03435284091154655,-0.29836317462435846,9.630815352910801,-0.04860108036293387,0.00750679071990878,2.7750418192084614,-23.918764794982536,-0.00230721732818634,-0.3258764439379774,14.876069735083098,False
2024-05-30,166.75,0.0,0.0548,0.34678057305361953,19.4,O:AMD240607C00145000,0.21,O:AMD240607P00145000,1.0,0.5260134246790413,0.00010000000000000002,-0.34668057305361955,0.8015938897539522,0.015546444610513226,8.390378013725694,-161.17128895141104,0.02599404726788129,-0.46901078019153875,17.325466507236207,0.8392471393290882,0.00948536620334131,6.279665304818917,-138.21134094966544,0.027538970926608418,-0.20429348285412152,5.21111652349539,-0.03765324957513605,0.006061078407171918,2.1107127089067768,-22.959948001745598,-0.0015449236587271292,-0.2647172973374172,12.114349983740816,False
2024-05-31,166.89999389648438,0.0,0.0548,0.34686814650169423,19.17,O:AMD240607C00145000,0.14,O:AMD240607P00145000,1.0,0.5376660652971891,0.00010000000000000002,-0.34676814650169424,0.8311036692101198,0.014602115419220628,6.767784412633524,-159.1843840718414,0.022760639888927858,-0.42888721025473586,15.159351108619822,0.8592024521915352,0.009504161861854805,5.252861246773096,-138.92307690248853,0.023718911061169305,-0.20911100064991017,5.2933424401596465,-0.028098782981415438,0.0050979535573658225,1.514923165860427,-20.26130716935286,-0.0009582711722414454,-0.21977620960482572,9.866008668460175,True
2024-06-03,163.5500030517578,0.0,0.054900000000000004,0.347770690955751,7.65,O:AMD240705C00165000,8.85,O:AMD240705P00165000,0.39392232144269457,0.42425818590905817,0.40908936377167704,0.06131867281592601,0.02758859692399873,0.038672489462544216,40.24702093363952,-85.78097443145137,-0.011417033227522244,0.17882551929569973,-0.31143828610241164,0.5124392518280007,0.020055448703831982,20.125875771570595,-45.80331977316971,0.07253280114314797,0.09148871198380995,-0.144005143810134,-0.4848506549040019,0.018617040758712237,20.12114516206892,-39.977654658281665,-0.08394983437067022,0.08733680731188977,-0.16743314229227765,False
2024-06-04,159.99000549316406,0.0,0.0548,0.340501659279735,5.85,O:AMD240705C00165000,10.8,O:AMD240705P00165000,0.3977247593964232,0.4377055443969824,0.41773333357870585,0.07723167429897082,-0.11296973214514033,0.03920513641428547,38.17493706401133,-85.46246421547889,-0.03169256529875566,0.5089537278939361,3.5175523577473733,0.43844489173064344,0.020505002147123686,19.052652600145592,-45.03614600436901,0.058683587882460496,0.272620535765815,2.0412836828091643,-0.5514146238757838,0.01870013426716178,19.122284463865736,-40.42631821110987,-0.09037615318121615,0.23633319212812112,1.4762686749382092,False
2024-06-05,166.1699981689453,0.0,0.0548,0.36235974544573535,8.7,O:AMD240705C00165000,6.7,O:AMD240705P00165000,0.3947246208776968,0.3925265610946908,0.3936255927026272,0.031265847256891854,0.12715122124390477,0.04076003899442574,38.676033237686255,-87.50523085447902,0.005001261921751349,-0.08753066734666093,0.6877957420347449,0.5635275129465511,0.02032351537053144,19.33839455550599,-48.37300947610483,0.07415516061422743,-0.04319687493617229,0.3391686944013913,-0.43637629170264636,0.020436523623894302,19.337638682180263,-39.13222137837419,-0.06915389869247608,-0.04433379241048865,0.34862704763335367,False
2024-06-06,166.77999877929688,0.0,0.0548,0.3607483641294625,9.05,O:AMD240705C00165000,5.92,O:AMD240705P00165000,0.4051470542520733,0.3734196452600578,0.38928831997215746,0.028539955842694975,0.1526763508393767,0.04185811967287337,37.70869924445461,-88.65350610679566,0.008744468005515607,-0.16217632591788644,1.5068258902420615,0.5750589395613339,0.02008932007850359,18.866207664809497,-50.621367204078595,0.07238194103171917,-0.06994145787550395,0.6373340623433411,-0.4223825887219572,0.021768799594369777,18.842491579645106,-38.032138902717065,-0.06363747302620357,-0.0922348680423825,0.8694918278987205,False
2024-06-07,167.8699951171875,0.0,0.0547,0.357816334232789,9.1,O:AMD240705C00165000,5.55,O:AMD240705P00165000,0.3840891814623019,0.385991167931334,0.3850402113318444,0.027223877099055382,0.19991219994889298,0.04243494972145287,36.54288203569264,-89.67836574893079,0.015007349229592591,-0.2905137335748966,3.4792026346622285,0.6000942360457183,0.021267957906943444,18.26978671114442,-49.22112132843223,0.07272842577368807,-0.1462300621333404,1.7537123315250667,-0.40018203609682534,0.02116699181450942,18.273095324548226,-40.457244420498554,-0.05772107654409548,-0.1442836714415562,1.7254903031371618,False
2024-06-10,160.33999633789062,0.0,0.0547,0.39884237472634526,5.15,O:AMD240705C00165000,9.2,O:AMD240705P00165000,0.39161232085632536,0.395605058491407,0.3936089638382197,-0.005233410888125567,-0.1372550965461371,0.045360423947993604,34.60731865975567,-88.34501179480687,-0.02741238697911943,0.5611085575844097,4.271118745194397,0.43081238368846664,0.022789657833206863,17.29939641359838,-48.423448415338136,0.048198518429982525,0.2827836712225795,2.17013000500609,-0.5680674802346037,0.02257076611478674,17.30792224615729,-39.92156337946873,-0.07561090540910195,0.2783248863618302,2.100988740188307,False
2024-06-11,158.9600067138672,0.0,0.0546,0.39870692841981986,4.2,O:AMD240705C00165000,10.03,O:AMD240705P00165000,0.3800899076455541,0.4065074594115146,0.39332049178183076,-0.0053864366379891004,-0.20934874518052343,0.04614230387929726,32.72107379326174,-87.50014272166644,-0.03393434138531117,0.7270156665361793,8.220775582567823,0.39053227949011354,0.02376982994190842,16.306476239539023,-46.545683487202936,0.04134215269266451,0.383247401436852,4.525240087750394,-0.599881024670637,0.022372473937388844,16.41459755372271,-40.9544592344635,-0.07527649407797568,0.34376826509932734,3.695535494817429,False
2024-06-12,160.24000549316406,0.0,0.0547,0.3956684349947458,4.3,O:AMD240705C00165000,8.2,O:AMD240705P00165000,0.36608895870871294,0.3504946905488484,0.3582980768829584,-0.037370358111787405,-0.18074338511241367,0.052149497888091076,32.35092500488037,-83.64529859532098,-0.027970613388711332,0.6981541360505978,6.646898427681611,0.4123481078444669,0.02554898823202215,16.201328201794222,-47.33919458487481,0.04167338381442795,0.3366441087854475,3.103539806515745,-0.5930914929568806,0.02660050965606893,16.149596803086148,-36.30610401044616,-0.06964399720313928,0.36151002726515036,3.5433586211658668,False
2024-06-13,159.89999389648438,0.0,0.0547,0.36654918566923866,4.33,O:AMD240705C00165000,8.32,O:AMD240705P00165000,0.3890007792576829,0.35445633302966173,0.37176340413987635,0.005214218470637688,-0.19888042122869765,0.05170450280753153,31.139643220568882,-88.74268659639394,-0.028222843263872394,0.720992972085017,7.354016385783382,0.4067656723276363,0.024755415686374068,15.632809326176874,-51.21019022290303,0.03854719271269105,0.3330306262075498,3.1649749510421494,-0.6056460935563339,0.026949087121157463,15.506833894392008,-37.53249637349091,-0.06677003597656345,0.38796234587746725,4.189041434741232,False
2024-06-14,159.6300048828125,0.0,0.0547,0.3602410140662948,3.75,O:AMD240705C00165000,8.99,O:AMD240705P00165000,0.3711804061164794,0.3983136778225871,0.38477069260478025,0.024529678538485478,-0.21378764639626446,0.051378433636161416,29.949466368970313,-94.24123485713167,-0.02789697799888135,0.7312094882747172,7.745891824669387,0.3881555741874446,0.026505434896070046,14.922436832434592,-49.71105258346384,0.03464956916835279,0.3867807742040681,4.2799734573729715,-0.6019432205837091,0.024872998740091367,15.027029536535721,-44.53018227366784,-0.06254654716723414,0.3444287140706491,3.465918367296416,False
2024-06-17,158.39999389648438,0.0,0.0545,0.35813106170168707,3.2,O:AMD240705C00165000,9.53,O:AMD240705P00165000,0.3784159566552106,0.3948625547223973,0.38665410520434373,0.028523043502656664,-0.2881146325253179,0.05164619712569727,27.823965322194454,-93.6469629925083,-0.032426308907499,0.8881651512327084,12.258626432694765,0.35229322923346096,0.026278948785599103,13.861660103039704,-50.07613719062945,0.02922402520019611,0.4594930291100029,6.504194209047122,-0.6404078617587788,0.025367248340098167,13.962305219154748,-43.570825801878854,-0.06165033410769511,0.42867212212270556,5.754432223647644,False
2024-06-18,154.6300048828125,0.0,0.054000000000000006,0.36295094145081847,1.94,O:AMD240705C00165000,12.2,O:AMD240705P00165000,0.38349926260339406,0.4140902133789377,0.3989322865068913,0.03598134505607281,-0.4786980858800979,0.046395633144058895,22.804351157015457,-83.44452537922342,-0.045479926017516756,1.1938544979771115,26.964965324413225,0.2515326246919748,0.02366996539046143,11.19676354639252,-43.613832590987016,0.019063824714126473,0.6291169554993916,14.796547407865168,-0.7302307105720727,0.02272566775359746,11.607587610622938,-39.8306927882364,-0.06454375073164323,0.5647375424777199,12.168417916548057,False
2024-06-20,161.77999877929688,0.0,0.0542,0.4021403772320273,4.15,O:AMD240705C00165000,6.3,O:AMD240705P00165000,0.400682270196099,0.34939709276993114,0.3750814884066582,-0.027058888825369054,-0.14532566011212178,0.06216209888821163,26.515934943380323,-112.09488445291146,-0.014824152232973533,0.5512415231286318,3.4506985127798866,0.43435218659464536,0.02905730763646575,13.30139826504413,-64.63221680007062,0.028861684856655762,0.24457221816426203,1.3665090472497177,-0.5796778467067671,0.033104791251745876,13.214536678336193,-47.462667652840835,-0.043685837089629295,0.30666930496436984,2.084189465530169,False
2024-06-21,161.22999572753906,0.0,0.0542,0.401655266168251,3.45,O:AMD240705C00165000,7.1,O:AMD240705P00165000,0.3840959565349847,0.40288044752345475,0.3934960186839104,-0.008159247484340604,-0.180655843169097,0.06153959091148138,24.965904047641075,-121.63417778456449,-0.015744897151709715,0.6065934391690686,4.455385327014627,0.40682602491292186,0.03145281235401623,12.462075080037375,-63.67969802591373,0.024659745340699243,0.31541411962465926,2.387911067793652,-0.5874818680820189,0.030086778557465155,12.5038289676037,-57.95447975865076,-0.04040464249240896,0.2911793195444093,2.0674742592209747,False
2024-06-24,160.25,0.0,0.0542,0.38669237821660907,2.82,O:AMD240705C00165000,6.5,O:AMD240705P00165000,0.38442590405494187,0.31762174489809214,0.35129285484254363,-0.035399523374065434,-0.2970882490873895,0.07025554504479137,22.448019203516246,-107.40237823564561,-0.02033156854151835,0.959455621608828,11.28908476475543,0.36726629385999876,0.032352551865289646,11.406679300872124,-64.4273877936717,0.020012294139667004,0.40342550997003523,4.142983917547102,-0.6643545429473883,0.03790299317950172,11.041339902644122,-42.974990441973915,-0.04034386268118535,0.5560301116387928,7.146100847208327,False
2024-06-25,160.25,0.0,0.054299999999999994,0.3615581267612968,2.29,O:AMD240705C00165000,6.75,O:AMD240705P00165000,0.3590514752588333,0.35849875514903223,0.3587751286059618,-0.0027829981553350036,-0.30938690463504703,0.07195718599845158,21.04659267712568,-115.7451385899136,-0.018609286180243267,0.9490954481720726,10.786028212987501,0.3454376936039899,0.03595597476437388,10.524786749161876,-62.399813291593404,0.016846473142869647,0.47393444108304816,5.381223091526175,-0.6548245982390369,0.0360012112340777,10.521805927963806,-53.34532529832019,-0.035455759323112915,0.47516100708902437,5.404805121461326,False
2024-06-26,157.5399932861328,0.0,0.054400000000000004,0.34302107178210967,1.44,O:AMD240705C00165000,9.28,O:AMD240705P00165000,0.379872002817679,0.45234354030182516,0.4167662965714932,0.07374522478938356,-0.4611147203145245,0.06062356065256441,17.314529710644877,-125.56426751706523,-0.02315666942846866,1.0945889740656698,17.912252512512353,0.24976159217418326,0.03184381375193727,8.339528672035671,-59.08532697738116,0.010529844320626293,0.6175126099328322,10.9482240914161,-0.7108763124887078,0.028779746900627148,8.975001038609207,-66.47894053968407,-0.033686513749094954,0.47707636413283766,6.964028421096252,False
2024-06-27,159.47000122070312,0.0,0.0548,0.3232783207131093,1.48,O:AMD240705C00165000,7.05,O:AMD240705P00165000,0.3524654898632637,0.38270259366387843,0.3676877827167512,0.044409462003641875,-0.41800048371482806,0.07587253856013487,16.867877184576614,-126.1609392175545,-0.01790203277339488,1.1350808527810043,15.424767646644288,0.28243653893640436,0.03897537232812153,8.317936080743564,-63.9545902278135,0.01037146552594276,0.6042110867551552,8.558108359971953,-0.7004370226512324,0.03689716623201334,8.549941103833051,-62.20634898974101,-0.02827349829933764,0.5308697660258491,6.866659286672335,False
2024-06-28,162.2100067138672,0.0,0.0547,0.3277690444633076,1.9,O:AMD240705C00165000,4.55,O:AMD240705P00165000,0.3295821872459795,0.3340814632961069,0.33183273256421086,0.00406368810090324,-0.24972319559483525,0.1000412833485464,17.33023278062867,-142.35040696575174,-0.009316984371834596,0.834391677454892,6.068419005154681,0.3741999322237718,0.050320359135522914,8.658291669277816,-75.12749524704407,0.011666462999671985,0.4221616277390637,3.093910699741691,-0.623923127818607,0.049720924213023474,8.671941111350852,-67.22291171870768,-0.02098344737150658,0.4122300497158283,2.9745083054129897,True
2024-07-01,157.69000244140625,0.0,0.0548,0.3409883968688002,8.5,O:AMD240802C00160000,9.88,O:AMD240802P00160000,0.47310589856884244,0.46810292848459095,0.4706044205516577,0.12961602368285746,0.00671444726422854,0.034839454564163534,38.82702173351963,-94.97967609283481,-0.01649637980429669,0.23196252205518292,-0.09495444176820625,0.5036473413709425,0.01732702658586444,19.413392055072304,-52.105523282415554,0.06754300046703945,0.11540197489464762,-0.051344644192645054,-0.49693289410671393,0.017512427978299095,19.413629678447325,-42.874152810419254,-0.08403938027133614,0.11656054716053528,-0.0436097975755612,False
2024-07-02,164.30999755859375,0.0,0.0548,0.36885869755341777,11.8,O:AMD240802C00160000,6.85,O:AMD240802P00160000,0.462909860861158,0.4712549982217964,0.46708327341377737,0.0982245758603596,0.23153900991819842,0.0329558559251029,37.9269836274174,-98.11069303404304,0.017701031966296035,-0.2507879194205904,3.6652828772527375,0.6162926037384397,0.016618487806595507,18.955847606651638,-52.973485082036866,0.08165277114919642,-0.12861454219918,1.8882279426523134,-0.3847535938202413,0.016337368118507393,18.971136020765766,-45.13720795200617,-0.06395173918290038,-0.12217337722141039,1.7770549346004243,False
2024-07-03,163.89999389648438,0.0,0.054900000000000004,0.3596664506611975,11.65,O:AMD240802C00160000,7.1,O:AMD240802P00160000,0.4797497178099033,0.4859303149947403,0.48284037407487634,0.12317392341367883,0.21571732941452137,0.03286940953515957,37.2184276041384,-103.83404358100051,0.014497361803052652,-0.20866466570910047,2.766349075507983,0.6081810435161432,0.016536116931820347,18.604940156990452,-55.952897614930755,0.07685234623196713,-0.10637048612677162,1.4144322602232373,-0.39246371410162184,0.01633329260333922,18.613487447147943,-47.88114596606975,-0.062354984428914476,-0.10229417958232886,1.3519168152847454,False
2024-07-05,171.89999389648438,0.0,0.0548,0.3751112617411084,16.85,O:AMD240802C00160000,4.24,O:AMD240802P00160000,0.49581570898741995,0.4948373625824307,0.4953265949875117,0.12021533324640327,0.4614726195181823,0.027530655807758566,31.98077834297124,-102.98927109810316,0.04621995276076995,-0.6339531485875023,18.88220919208497,0.7305812535514451,0.01375570925889413,15.995007492450034,-55.92141150865329,0.08629913732252323,-0.31635017979155994,9.415239155382906,-0.2691086340332628,0.013774946548864436,15.98577085052121,-47.06785958944987,-0.04007918456175328,-0.31760296879594235,9.466970036702067,False
2024-07-08,178.69000244140625,0.0,0.0548,0.398132532549167,22.19,O:AMD240802C00160000,2.83,O:AMD240802P00160000,0.5171596816577204,0.5163869428536756,0.5167734195500613,0.11864088700089431,0.6204059183867002,0.02139055514904703,26.61188373176984,-95.90362146728296,0.06472088755366924,-0.7732448120692834,33.33552928551368,0.810053580186645,0.010692457547909548,13.31238177219222,-52.372152762503674,0.09240520032552413,-0.38617573073964345,16.638058702916908,-0.18964766179994474,0.010698097601137482,13.29950195957762,-43.53146870477929,-0.02768431277185489,-0.38706908132963996,16.69747058259677,False
2024-07-09,177.10000610351562,0.0,0.0545,0.4004633082308534,20.45,O:AMD240802C00160000,2.82,O:AMD240802P00160000,0.4985067160166721,0.5054899849692596,0.5020057959228756,0.10154248769202223,0.606319550271881,0.023340048404978834,26.24853264025674,-96.82372772371764,0.0600779971813078,-0.794106506667231,32.062413970661076,0.8045460863711285,0.011701428409642618,13.068297425764477,-52.25335210150416,0.08716794057634743,-0.4013987917933906,16.30060874785754,-0.19822653609924745,0.011638619995336216,13.180235214492265,-44.57037562221348,-0.027089943395039624,-0.3927077148738404,15.761805222803535,False
2024-07-10,183.9600067138672,0.0,0.0546,0.37728541210064337,26.2,O:AMD240802C00160000,1.65,O:AMD240802P00160000,0.5139321993563336,0.5137569960473959,0.5138446533560752,0.13655924125543184,0.7456755515530435,0.016970765249251472,19.908036895723335,-81.78878313218048,0.07375064091233985,-0.8160935100936835,44.44854179633714,0.8728020302054578,0.00848559564887942,9.955965330705428,-45.259803380673034,0.09064013272698317,-0.40797820928480205,22.21719229980168,-0.12712647865241422,0.008485169600372053,9.952071565017908,-36.52897975150745,-0.01688949181464332,-0.40811530080888136,22.231349496535454,False
2024-07-11,181.94000244140625,0.0,0.0548,0.378692652060285,24.0,O:AMD240802C00160000,1.67,O:AMD240802P00160000,0.4871253132774002,0.5040808875694197,0.49568378776311883,0.11699113570283382,0.7370561163706045,0.01876350008138762,19.54511109363378,-82.24893460562622,0.06884443911868013,-0.8556496159397929,43.9308518382119,0.8721552334718169,0.009363513012082752,9.58639568280902,-44.15494590832368,0.08551106368707785,-0.4352305660262788,22.679296619123505,-0.13509911710121236,0.00939998706930487,9.958715410824757,-38.093988697302535,-0.01666662456839773,-0.42041904991351414,21.251555219088395,False
2024-07-12,181.61000061035156,0.0,0.0547,0.37996020640901695,23.55,O:AMD240802C00160000,1.4,O:AMD240802P00160000,0.48880897928228617,0.4866248383672847,0.4877183829069138,0.10775817649789687,0.7504924633582303,0.019025474763913044,18.216878646121657,-80.72243219068355,0.06627793852890025,-0.8704321210920203,44.41241834852087,0.8747709444000294,0.009516764029802123,9.13268995841324,-44.90063139658638,0.08054592365857567,-0.4343134673169465,22.11557109579728,-0.12427848104179917,0.009508710734110923,9.08418868770842,-35.821800794097165,-0.014267985129675418,-0.4361186537750738,22.296847252723595,False
2024-07-15,179.8300018310547,0.0,0.0548,0.38324756781652675,21.27,O:AMD240802C00160000,1.46,O:AMD240802P00160000,0.4245149694902812,0.4841897308307257,0.4555761588454247,0.07232859102889794,0.759975897556268,0.02070159878214059,16.917436500784312,-75.79740045532054,0.06329803724950048,-0.9383789970626255,47.002124879777654,0.894011389781457,0.010174282047826022,7.759765093133793,-37.29183180427478,0.0775000388118796,-0.4951135400530609,26.193675611018854,-0.13403549222518896,0.01052731673431457,9.15767140765052,-38.50556865104576,-0.014202001562379123,-0.44326545700956455,20.8084492687588,False
2024-07-16,177.5500030517578,0.0,0.0548,0.38818746869154336,19.05,O:AMD240802C00160000,1.68,O:AMD240802P00160000,0.4189739110617001,0.49002855018820585,0.455986814314127,0.06779934562258366,0.7244263663757489,0.02394190657651201,17.704874103267677,-84.42027511501027,0.0556585216781843,-0.9556617507923253,42.384021832794744,0.8792003291667325,0.011895166064990768,8.104788200733198,-40.42256969306991,0.0707014394701023,-0.5160708990689271,24.37012934547112,-0.15477396279098365,0.012046740511521244,9.600085902534477,-43.99770542194035,-0.01504291779191799,-0.4395908517233981,18.013892487323627,False
2024-07-17,159.42999267578125,0.0,0.0547,0.5442324421814457,8.72,O:AMD240802C00160000,8.84,O:AMD240802P00160000,0.633994095857221,0.6315550223379448,0.632774530005455,0.0885420878240093,0.0494841264294863,0.03617395436849784,27.70538139594222,-183.54924218642955,-0.004605117183704696,0.09567630543904618,-0.20657080882540818,0.52480040356092,0.018051953967433587,13.85256473760206,-96.31537085918548,0.03568996404569731,0.047820781893157374,-0.10349175381414874,-0.47531627713143365,0.018122000401064247,13.85281665834016,-87.23387132724407,-0.04029508122940201,0.0478555235458888,-0.10307905501125945,False
2024-07-18,155.77000427246094,0.0,0.0548,0.5437326471830599,6.36,O:AMD240802C00160000,10.71,O:AMD240802P00160000,0.6197322175361976,0.6586796907381741,0.6392145494610071,0.09548190227794717,-0.09243244471351897,0.03813037154928242,25.79170574317032,-187.12268666623066,-0.01373612005505272,0.3099411143959814,1.174554947159766,0.450769847680464,0.019629194485317396,12.88446410929352,-94.96293249363616,0.027873834606742306,0.161747989262719,0.6512483683441065,-0.543202292393983,0.018501177063965025,12.907241633876797,-92.15975417259449,-0.041609954661795026,0.1481931251332624,0.5233065788156596,False
2024-07-19,151.5800018310547,0.0,0.0548,0.5245538533240091,4.7,O:AMD240802C00160000,12.6,O:AMD240802P00160000,0.6559600933566406,0.6408080700730231,0.6483910005390644,0.12383714721505534,-0.2640200604650935,0.03850541528341829,22.760796603370494,-182.8103485102328,-0.02274609573362487,0.5422625347569062,5.522682063204935,0.37004367422289897,0.019063119929918153,11.401307901188854,-97.0491566409027,0.020393341593760557,0.26617116675374464,2.6662289790887175,-0.6340637346879925,0.019442295353500134,11.35948870218164,-85.7611918693301,-0.04313943732738543,0.2760913680031616,2.8564530841162177,False
2024-07-22,155.8699951171875,0.0,0.054900000000000004,0.5359542134988611,5.58,O:AMD240802C00160000,9.4,O:AMD240802P00160000,0.616646820085507,0.6169395617940778,0.6167931780815125,0.08083896458265138,-0.11864582833480408,0.043428992058878194,23.242685696852774,-198.86533880092827,-0.011954758815436423,0.3400509266951166,1.495030227013434,0.44065219906234687,0.021719444643643178,11.621233434026575,-103.79118763667486,0.022537305755794726,0.17008686656214805,0.7481010037347017,-0.559298027397151,0.021709547415235012,11.6214522628262,-95.07415116425342,-0.03449206457123115,0.16996406013296853,0.7469292232787322,False
2024-07-23,154.0,0.0,0.054900000000000004,0.5370890786067948,4.75,O:AMD240802C00160000,10.0,O:AMD240802P00160000,0.6510785555920732,0.6064190981922447,0.6287896819174291,0.09170060331063434,-0.21283564685947254,0.044639533543982216,21.107467085220037,-206.4408803075349,-0.015087837973447201,0.46832595545789263,3.479757748960938,0.3988011810303653,0.021608769994665093,10.592398864481737,-111.73054857397402,0.01798901012021469,0.22083671626696463,1.5539665618200595,-0.6116368278898379,0.023030763549317126,10.515068220738302,-94.71033173356089,-0.03307684809366189,0.247489239190928,1.9257911871408786,False
2024-07-24,144.6300048828125,0.0,0.055,0.5768905406068106,1.94,O:AMD240802C00160000,17.0,O:AMD240802P00160000,0.7001105537768209,0.6906945683796001,0.6954142105937005,0.1185236699868899,-0.5764552776615954,0.03455570265166076,13.962558463211437,-169.15145407090463,-0.028420202673033516,0.7631729839505861,14.723466171963942,0.2135688347155027,0.01724664545068033,7.0159350649861745,-90.00690869339893,0.008041239335477663,0.3786407304564358,7.2478509114538525,-0.7900241123770981,0.017309057200980433,6.946623398225263,-79.14454537750571,-0.03646144200851118,0.38453225349415027,7.475615260510089,False
2024-07-25,138.32000732421875,0.0,0.054900000000000004,0.5921256585284759,0.95,O:AMD240802C00160000,22.0,O:AMD240802P00160000,0.7675314562371386,0.6584048888345726,0.7165375173211099,0.12441185879263406,-0.7913896997520505,0.023552850961667076,7.682449419317042,-108.9183704102936,-0.03152738787286069,0.688148601261219,18.59187288960524,0.12319340555677516,0.012438788387142838,4.349055792687069,-70.98212683263512,0.0038309792283115636,0.3391831911701705,8.391544307296277,-0.9145831053088257,0.011114062574524238,3.333393626629973,-37.93624357765849,-0.03535836710117225,0.3489654100910485,10.200328582308964,False
2024-07-26,139.99000549316406,0.0,0.054900000000000004,0.5920542035978891,0.84,O:AMD240802C00160000,21.2,O:AMD240802P00160000,0.7625474165380364,0.882895617348711,0.8255873452425004,0.23353314164461136,-0.7231518808522519,0.02707751520213482,8.676801626897584,-174.38944560669233,-0.02445913408192434,0.6437740267207549,13.906454871193457,0.11900185235318639,0.013225439941129773,3.921394238467009,-76.22274289446558,0.0031387043580593764,0.3357425475031985,7.812084310426716,-0.8421537332054383,0.013852075261005044,4.755407388430575,-98.16670271222675,-0.027597838439983716,0.3080314792175564,6.09437056076674,False
2024-07-29,139.75,0.0,0.055,0.5860881228740809,0.75,O:AMD240802C00160000,20.6,O:AMD240802P00160000,0.8352072048120975,0.7491334692525916,0.7942831205844879,0.20819499771040706,-0.8055148008025281,0.024525075378247156,6.03731219556965,-144.0935472193645,-0.021257252922564016,0.6035964156165854,13.832944780050134,0.11027455382345241,0.012809755467027775,3.3166386318512004,-88.0638829433537,0.0023271220471154704,0.30003402739251656,6.471615601183046,-0.9157893546259805,0.011715319911219381,2.72067356371845,-56.02966427601079,-0.023584374969679488,0.3035623882240688,7.361329178867087,False
2024-07-30,138.44000244140625,0.0,0.055,0.580909668108091,0.75,O:AMD240802C00160000,22.2,O:AMD240802P00160000,1.015813036796215,1.0139128079089612,1.0148636361122134,0.43395396800412245,-0.7871727377556631,0.023954007926031418,5.5466370473834585,-229.1656133301214,-0.015705499492464515,0.4908389741221063,9.236762952547855,0.10664680792289938,0.01198474132402078,2.777706515111772,-119.2792607378683,0.0016683552796684096,0.2453670253161383,4.612686210766734,-0.8938195456785625,0.011969266602010637,2.7689305322716864,-109.88635259225309,-0.017373854772132925,0.24547194880596798,4.624076741781121,False
2024-07-31,144.47999572753906,0.0,0.054900000000000004,0.5827353535812972,0.15,O:AMD240802C00160000,15.89,O:AMD240802P00160000,0.6578427808537222,0.8317044739563262,0.7564017330408097,0.17366637945951247,-0.8647567953810886,0.02633094106809243,3.310497661737638,-152.55849465655797,-0.011188893500160318,0.5276047843085272,10.252108663441687,0.04416451881253786,0.01102673804729847,1.2017498201120878,-50.14750977680376,0.0004945150388368478,0.25020341467605,5.488533117457046,-0.9089213141936265,0.015304203020793961,2.10874784162555,-102.41098487975421,-0.011683408538997166,0.2774013696324772,4.763575545984641,True
2024-08-01,132.5399932861328,0.0,0.0555,0.6431066825258968,7.78,O:AMD240906C00135000,9.4,O:AMD240906P00135000,0.5035983579686637,0.4995251334749459,0.5015617635220291,-0.14154491900386768,0.0015509242889426567,0.037367028227138686,33.968197206567424,-81.62255984362648,-0.017513311632304053,0.2531983347817268,-0.020924994761380843,0.5010332913945801,0.018607625459845036,16.98407726711813,-44.70369303303702,0.06048812206415608,0.12609122516539623,-0.013903733815838816,-0.4994823671056374,0.01875940276729365,16.984119939449293,-36.91886681058946,-0.07800143369646013,0.1271071096163306,-0.0070212609455420245,False
2024-08-02,132.5,0.0,0.0554,0.6063596910839186,8.09,O:AMD240906C00135000,10.3,O:AMD240906P00135000,0.5342023900929387,0.5612276696646017,0.5477147892743348,-0.058644901809583816,0.00775326025417955,0.03492533794341188,33.29673625420742,-90.95311768134465,-0.01722489386539837,0.23727694073488562,-0.09530252707773616,0.5022744215847931,0.017894170407079156,16.649017893067573,-48.06424295357424,0.05799738180554073,0.12139540857227782,-0.028883587129814484,-0.4945211613306135,0.01703116753633272,16.647718361139848,-42.88887472777042,-0.0752222756709391,0.1158815321626078,-0.06641893994792168,False
2024-08-05,134.82000732421875,0.0,0.0552,0.5861718664554831,10.12,O:AMD240906C00135000,9.2,O:AMD240906P00135000,0.5956588337973542,0.5718855503961892,0.5837712930530312,-0.002400573402451922,0.08906745547637096,0.03265884408910433,32.98998624482428,-100.7039035801767,-0.006963738095548705,0.09273482988614773,-0.43167439878701463,0.545085027931845,0.015994386886544334,16.492427268387193,-55.07319884785654,0.06035082615056506,0.04696293076298723,-0.2212915176471771,-0.45601757245547403,0.016664457202559994,16.49755897643709,-45.630704732320154,-0.06731456424611376,0.0457718991231605,-0.2103828811398375,False
2024-08-06,130.17999267578125,0.0,0.055,0.5906024976744882,6.8,O:AMD240906C00135000,10.9,O:AMD240906P00135000,0.5474644537832883,0.544642124337425,0.54605333327353,-0.04454916440095824,-0.0855880391510942,0.03693954989658016,31.198922255505032,-91.74287031906509,-0.02632391099706153,0.39580025138525843,1.6730254867047925,0.4574852476213693,0.01842344114407157,15.600641547069433,-49.690260814399764,0.048149793739938086,0.19720191571885573,0.8280816237319192,-0.5430732867724635,0.018516108752508594,15.5982807084356,-42.05260950466533,-0.07447370473699962,0.19859833566640273,0.8449438629728733,False
2024-08-07,128.6699981689453,0.0,0.055,0.5563554642670362,5.66,O:AMD240906C00135000,11.4,O:AMD240906P00135000,0.528929413514204,0.5327383935196038,0.5308341674357653,-0.025521296831270912,-0.15629335063506644,0.03877549979587103,29.75004223918995,-88.4027036030975,-0.032450231471456786,0.5218564596534329,3.911662353657639,0.4213563984843057,0.019452453376864107,14.871296456206117,-47.72053645026594,0.042390095018725316,0.26232039591730055,1.9788649100452629,-0.5776497491193722,0.01932304641900692,14.878745782983831,-40.682167152831575,-0.0748403264901821,0.2595360637361323,1.9327974436123758,False
2024-08-08,136.32000732421875,0.0,0.0555,0.6192675410043257,8.8,O:AMD240906C00135000,6.8,O:AMD240906P00135000,0.5002061029468424,0.49651759720622995,0.4983618693560362,-0.12090567164828947,0.13634023558057962,0.040089369430068376,30.938984222078762,-92.67858011405401,0.0024882515941086064,-0.04394416833349199,0.2969554171081106,0.5681295996677419,0.019970861523409,15.469765910386153,-50.23836034812859,0.05720619265651004,-0.021389915118857294,0.14445460651924766,-0.4317893640871623,0.020118507906659377,15.46921831169261,-42.44021976592543,-0.05471794106240143,-0.022554253214634695,0.15250081058886292,False
2024-08-09,134.27000427246094,0.0,0.0554,0.6177099835320821,7.2,O:AMD240906C00135000,7.41,O:AMD240906P00135000,0.4817935052467667,0.4865916152769008,0.48419252723753464,-0.13351745629454742,0.04839130193724306,0.04348496975800038,30.125484062567807,-91.44572927252509,-0.006438491811220665,0.12454593420029726,-0.28590014039904466,0.5240462554190969,0.021850708558886007,15.063084976821283,-49.220236607776116,0.05012991504292738,0.06233564127639511,-0.14221021007577644,-0.4756549534818538,0.021634261199114376,15.062399085746526,-42.22549266474897,-0.056568406854148046,0.06221029292390215,-0.14368993032326824,False
2024-08-12,136.77000427246094,0.0,0.0553,0.6285665794650319,8.0,O:AMD240906C00135000,5.8,O:AMD240906P00135000,0.45608469755414155,0.46505175695671724,0.4605685134708881,-0.1679980659941438,0.157905268814453,0.04522736941632874,29.37578778811603,-90.15358980227154,0.005878467520537299,-0.12359802699156244,0.9248186175185917,0.5792296154514626,0.0228306337770227,14.685821658835433,-48.35670781184351,0.05369855169129431,-0.0640387165687037,0.4808093028337932,-0.4213243466370096,0.022396735639306036,14.689966129280597,-41.796881990428034,-0.04782008417075701,-0.05955931042285874,0.4440093146847985,False
2024-08-13,141.1300048828125,0.0,0.0548,0.6482957708203518,10.46,O:AMD240906C00135000,3.75,O:AMD240906P00135000,0.4498591101707833,0.4459671578022762,0.4479138284534216,-0.20038194236693024,0.3570033372802699,0.042417442005903444,27.029751834401196,-86.7314496733485,0.025838487666816033,-0.5500722159036591,9.617247815156798,0.6779664745529628,0.021131262203619355,13.524232747937356,-47.25812853825707,0.06087243704574315,-0.2724207110773949,4.747403452815096,-0.3209631372726929,0.021286179802284085,13.50551908646384,-39.47332113509142,-0.035033949378927114,-0.2776515048262641,4.869844362341701,False
2024-08-14,140.75,0.0,0.054900000000000004,0.5510300428099791,9.29,O:AMD240906C00135000,3.6,O:AMD240906P00135000,0.3944469286936787,0.4373556878224193,0.4159977331072093,-0.13503230970276986,0.3655410559032747,0.04696404377158271,26.046283694823735,-82.44357967166562,0.026012633393353662,-0.6327841995671293,11.048520481291895,0.6895250377103632,0.024482110638897242,12.905731418006168,-42.5485826431304,0.05920361245958219,-0.3508873321728715,6.343231141228869,-0.32398398180708854,0.02248193313268547,13.140552276817566,-39.894997028535215,-0.033190979066228525,-0.2818968673942578,4.705289340063025,False
2024-08-15,147.36000061035156,0.0,0.0553,0.5771477707496052,15.0,O:AMD240906C00135000,1.84,O:AMD240906P00135000,0.4751305051009717,0.44358992460292307,0.4595271531879902,-0.11762061756161502,0.6022917092040253,0.032718504667759024,20.712361282155683,-78.9575483343682,0.04565949627677133,-0.8876151107743506,27.925935580645728,0.7941532729601396,0.016144373880387204,10.575789362734128,-45.2129925177221,0.06477868367499609,-0.42033899413505693,12.812631978488245,-0.1918615637561143,0.01657413078737182,10.136571919421554,-33.74455581664609,-0.01911918739822476,-0.46727611663929375,15.113303602157483,False
2024-08-16,148.55999755859375,0.0,0.0553,0.5705731721128527,15.52,O:AMD240906C00135000,1.47,O:AMD240906P00135000,0.4460454161479659,0.4409177132776422,0.44348774924278256,-0.12708542287007019,0.6675330895772494,0.031035264142538297,18.0810271857204,-71.90262004573361,0.048915901284450725,-0.9684866930104293,34.02177933228145,0.8325250307723608,0.015502777352823049,9.084124463417961,-40.01747282825878,0.06438090270179175,-0.4806284951007998,16.796548357422893,-0.1649919411951114,0.015532486789715248,8.996902722302439,-31.885147217474824,-0.01546500141734103,-0.48785819790962953,17.225230974858555,False
2024-08-19,155.27999877929688,0.0,0.055099999999999996,0.5848508624450688,21.0,O:AMD240906C00135000,0.66,O:AMD240906P00135000,0.3811434246936519,0.45566018734634717,0.4218509145736695,-0.16299994787139926,0.8661952818753078,0.016654144909877027,9.4176294077583,-42.2739188463831,0.0626904457290168,-0.8527255463899657,47.14040110574058,0.9491724575839129,0.007490687251625755,3.824446849859305,-20.08291607205697,0.07021527669720663,-0.42413500085871986,25.40977427032152,-0.08297717570860508,0.009163457658251271,5.593182557898994,-22.191002774326126,-0.007524830968189831,-0.42859054553124587,21.730626835419056,False
2024-08-20,156.39999389648438,0.0,0.0548,0.5833960743414289,22.6,O:AMD240906C00135000,0.65,O:AMD240906P00135000,0.5179741775190968,0.4874796164135123,0.5031246979713442,-0.08027137637008475,0.8295336994048125,0.017438558575789825,11.070017904200139,-59.86069853706279,0.05493483538928288,-0.7784270193318744,37.94203548256756,0.9088266634903353,0.008910877952943473,5.824315332964053,-35.791008016539436,0.06166771032131181,-0.38488662398742995,18.232865690597976,-0.07929296408552278,0.008527680622846352,5.245702571236085,-24.069690520523352,-0.00673287493202893,-0.39354039534444446,19.709169791969583,False
2024-08-21,157.80999755859375,0.0,0.0545,0.5352145594397453,23.69,O:AMD240906C00135000,0.5,O:AMD240906P00135000,0.5031931094675193,0.4963440090342995,0.49979344173669815,-0.03542111770304712,0.8689114487708647,0.014828664974301773,8.789080723161693,-52.28073908131108,0.05377757790912586,-0.7153015601526699,37.192847263254734,0.9332308462187727,0.007470983754841821,4.4582273208003,-30.29044940400348,0.0588491226492328,-0.35774200018903696,18.482942788121456,-0.06431939744790804,0.0073576812194599515,4.3308534023613925,-21.990289677307604,-0.005071544740106946,-0.3575595599636329,18.70990447513328,False
2024-08-22,151.6999969482422,0.0,0.055099999999999996,0.5295605897372387,18.05,O:AMD240906C00135000,0.99,O:AMD240906P00135000,0.5125797273983559,0.5069764197165995,0.5097876872539521,-0.01977290248328667,0.758360174410502,0.02488039857099232,12.74104368256602,-79.69105102684978,0.04190617450718897,-0.839353366659866,31.150363097469295,0.8780042850183503,0.01245704053090486,6.414157085010595,-44.00426821630224,0.05026094130698811,-0.4177075541666916,15.424293599049237,-0.1196441106078483,0.01242335804008746,6.326886597555423,-35.68678281054753,-0.008354766799799145,-0.4216458124931744,15.72606949842006,False
2024-08-23,154.97999572753906,0.0,0.055099999999999996,0.5322909741531726,19.51,O:AMD240906C00135000,0.5,O:AMD240906P00135000,1.0,0.49564363480241996,0.00010000000000000002,-0.5321909741531726,0.7182795523240815,0.018214943020838502,13.10327194817047,-143.27477691170216,0.03431340771837382,-0.5493745618583531,21.333278824640136,0.7891397236426498,0.009357563080906786,8.918945534863628,-117.77585221634942,0.03886972083274066,-0.17455973373294953,4.329849597634332,-0.07086017131856837,0.008857379939931714,4.184326413306841,-25.49892469535275,-0.004556313114366838,-0.37481482812540357,17.003429227005803,False
2024-08-26,149.99000549316406,0.0,0.054900000000000004,0.5486238975876142,15.9,O:AMD240906C00135000,0.97,O:AMD240906P00135000,0.45986746986217436,0.5192839740954841,0.49078381571769714,-0.05784008186991707,0.7725737858988788,0.0276517953867658,10.891050564855185,-80.45417728072213,0.03536012371101691,-0.8744943655835666,30.06297962135755,0.899302489184337,0.01353193939274005,4.999877272319897,-38.72228530437731,0.04249513760456242,-0.4567079321935458,16.53912032067614,-0.12672870328545816,0.014119855994025748,5.891173292535288,-41.731891976344826,-0.00713501389354551,-0.41778643339002086,13.52385930068141,False
2024-08-27,150.5,0.0,0.054900000000000004,0.546327269273978,15.65,O:AMD240906C00135000,0.75,O:AMD240906P00135000,1.0,0.5195796156086427,0.4207551975727082,-0.12557207170126983,0.6531580029540147,0.024859499172499,13.285221609186213,-175.9440334257739,0.024660381268684098,-0.5732175435862394,16.705392389475886,0.7608006644996672,0.01157203824092135,8.320938386235836,-136.24998972680217,0.03004140366951607,-0.16468168924316473,3.1303978204164293,-0.1076426615456525,0.013287460931577653,4.964283222950376,-39.694043698971726,-0.005381022400831971,-0.4085358543430747,13.574994569059456,False
2024-08-28,146.36000061035156,0.0,0.0547,0.5374738467826489,12.85,O:AMD240906C00135000,1.2,O:AMD240906P00135000,0.548066182366431,0.5342433575153342,0.5411914466917513,0.003717599909102476,0.6618539089492419,0.03820423792895561,12.301650162284023,-124.37418085638825,0.02300526069938198,-0.8086601708206074,18.898882742037337,0.8281326150284531,0.019060916070843377,6.2161155509440436,-67.25021425002471,0.030098747233615677,-0.39775744940542035,9.186563096193087,-0.16627870607921125,0.019143321858112232,6.08553461133998,-57.12396660636353,-0.0070934865342336985,-0.41090272141518697,9.712319645844248,False
2024-08-29,145.49000549316406,0.0,0.054000000000000006,0.4386672368042946,11.6,O:AMD240906C00135000,0.66,O:AMD240906P00135000,0.5025424192303872,0.4474400425775009,0.4758519299030305,0.0371846930987359,0.7184629399217776,0.041818756412209765,10.013723701328711,-105.23157087978157,0.021968851684727234,-0.9436104965527046,22.921846270610992,0.8462275086589648,0.02101054865283257,5.321415247145084,-62.18092755632095,0.02655182021029984,-0.44471857985687074,10.187290320704195,-0.12776456873718722,0.0208082077593772,4.692308454183628,-43.050643323460626,-0.004582968525572607,-0.49889191669583377,12.734555949906795,False
2024-08-30,148.55999755859375,0.0,0.0541,0.44178354155791566,13.3,O:AMD240906C00135000,0.19,O:AMD240906P00135000,1.0,0.42536012124631184,0.00010000000000000002,-0.44168354155791567,0.7256918065103266,0.025886273244752074,8.422290539886946,-185.9376916484792,0.018056886849799173,-0.5687564812611448,16.152102949918095,0.7756406436906078,0.014308879212171256,6.26583347155958,-163.23418907222413,0.019566886677092263,-0.1846553199137961,2.9272605434556285,-0.0499488371802812,0.011577394032580816,2.1564570683273665,-22.70350257625507,-0.0015099998272930894,-0.3841011613473486,13.224842406462466,True
2024-09-03,136.94000244140625,0.0,0.0538,0.5307238458550532,3.15,O:AMD241004C00150000,15.4,O:AMD241004P00150000,0.45373823993211493,0.4483915824440165,0.45106800814270975,-0.07965583771234341,-0.4274599883403291,0.03646378582332334,28.150073612275207,-65.41399385310805,-0.0703566092253709,1.0568838794596942,24.675901491541566,0.28768265621848593,0.01816655716906335,14.10801685134162,-37.01824251529641,0.03308099459654457,0.5240255581428352,12.144068833764555,-0.715142644558815,0.018297228654259985,14.042056760933589,-28.395751337811646,-0.10343760382191547,0.532858321316859,12.53183265777701,False
2024-09-04,140.8699951171875,0.0,0.0533,0.521571868185875,4.36,O:AMD241004C00150000,13.02,O:AMD241004P00150000,0.4605591442834309,0.4750597370547325,0.46781911556422723,-0.05375275262164775,-0.27489038119501064,0.0385270026810385,31.218137152743196,-80.65501659224685,-0.048979513747915274,0.7856673773726119,11.505390591977168,0.3597075734660451,0.019510635553593912,15.567395723071613,-43.53129404994866,0.04043111470599592,0.40224247465953733,6.014545923847842,-0.6345979546610557,0.01901636712744459,15.650741429671584,-37.12372254229818,-0.08941062845391119,0.38342490271307467,5.490844668129325,False
2024-09-05,139.44000244140625,0.0,0.053,0.5210050930158602,3.5,O:AMD241004C00150000,13.55,O:AMD241004P00150000,0.4468910163122623,0.4573476309492546,0.4521275469332933,-0.06887754608256685,-0.3546907615335535,0.03943813756372913,28.88821435497723,-74.84344124565648,-0.055423400545152456,0.9379882855374234,17.3838774014177,0.32020296836447404,0.019885092859996678,14.39868282185248,-40.78875444148926,0.034290918908739816,0.47716756976809455,8.972359218052977,-0.6748937298980275,0.019553044703732453,14.489531533124751,-34.05468680416722,-0.08971431945389227,0.46082071576932887,8.41151818336472,False
2024-09-06,134.35000610351562,0.0,0.0528,0.49769013590177663,2.3,O:AMD241004C00150000,17.65,O:AMD241004P00150000,0.47434749644160057,0.5020805211777557,0.4883300747901202,-0.009360061111656437,-0.5175198152425111,0.03374342540243087,23.591770837013755,-67.87241021812008,-0.07101491296549337,1.073175774890697,28.569527922087183,0.23380329384756748,0.017068229427766212,11.598182029472374,-36.19696806125873,0.023104344409081542,0.5555778558758148,15.274271364893401,-0.7513231090900786,0.016675195974664655,11.993588807541382,-31.675442156861358,-0.09411925737457491,0.5175979190148821,13.295256557193781,False
2024-09-09,138.14999389648438,0.0,0.0525,0.5043351791847548,2.73,O:AMD241004C00150000,14.45,O:AMD241004P00150000,0.44224540027928955,0.4779477637307879,0.4602284859746694,-0.04410669321008537,-0.42291055809745476,0.03915529012865211,25.89939177422145,-75.0994948967499,-0.05700383846739694,1.0169827480227465,21.57726012570666,0.27948141882445415,0.02004762207738207,12.757952815862046,-39.30005500464276,0.02705264959487316,0.5367624709462271,11.898902960082264,-0.7023919769219089,0.01910766805127004,13.141438958359403,-35.799439892107145,-0.0840564880622701,0.48022027707651943,9.678357165624396,False
2024-09-10,142.83999633789062,0.0,0.0518,0.5139149466204277,4.25,O:AMD241004C00150000,10.85,O:AMD241004P00150000,0.45390645708374416,0.45349080694842564,0.45369864681065086,-0.06021629980977683,-0.2451274355833678,0.04387517994451956,29.010681209359063,-89.53884196258372,-0.03579571571503096,0.726057334916189,8.654043342512974,0.3775117286430404,0.021928901079683975,14.506239867554102,-48.66443309714966,0.03548126709777383,0.3627651062167805,4.321128385055766,-0.6226391642264082,0.021946278864835585,14.504441341804961,-40.87440886543406,-0.07127698281280478,0.3632922286994085,4.332914957457209,False
2024-09-11,149.86000061035156,0.0,0.0521,0.5303210221579138,7.45,O:AMD241004C00150000,6.79,O:AMD241004P00150000,0.46812155795914234,0.4504357434439705,0.45927837584018705,-0.07104264631772672,0.06478735661053292,0.04450209210383177,30.953873337747268,-105.13282189957434,-0.00305660451903466,0.06577119808169637,-0.2081419545548918,0.5326846059404259,0.02182130363697198,15.476016170103698,-57.46659139139339,0.04882650640131165,0.03360548716214086,-0.1072852511264072,-0.46789724932989296,0.02268078846685979,15.477857167643572,-47.666230508180945,-0.05188311092034631,0.03216571091955551,-0.10085670342848459,False
2024-09-12,150.77000427246094,0.0,0.0518,0.5298668311369462,7.35,O:AMD241004C00150000,6.12,O:AMD241004P00150000,0.4441495933001151,0.44631426336910235,0.44523193235397346,-0.08463489878297276,0.10426430044482138,0.04676838136460297,30.05283287250763,-105.48783362512984,0.0014285263641480236,-0.03351478299941061,0.1668596272762067,0.552150286484618,0.023440895885271637,15.026326142084223,-56.48875199232312,0.048189016541160375,-0.0170810406125836,0.08507034144663297,-0.44788598603979657,0.02332748547933133,15.026506730423405,-48.999081632806714,-0.04676049017701235,-0.01643374238682701,0.08178928582957373,False
2024-09-13,152.30999755859375,0.0,0.051500000000000004,0.5058408775308711,7.9,O:AMD241004C00150000,5.07,O:AMD241004P00150000,0.437299018194008,0.4330858576211413,0.43519256837666037,-0.07064830915421078,0.1787208955389301,0.048096510385435595,28.902309508180657,-106.38975128474641,0.008482725692383411,-0.21398705853517686,1.7963594222045116,0.5891350721188747,0.023934996128253127,14.453046650049918,-57.304850935723366,0.048709024640540347,-0.10551247701920148,0.8834430045330837,-0.4104141765799446,0.02416151425718247,14.449262858130737,-49.08490034902304,-0.040226298948156936,-0.10847458151597537,0.9129164176714281,False
2024-09-16,152.0800018310547,0.0,0.051100000000000007,0.5054825214170166,7.75,O:AMD241004C00150000,4.9,O:AMD241004P00150000,0.4528764807927589,0.4282197754165689,0.4405520692557097,-0.06493045216130683,0.1678983051135019,0.0494403109765708,27.9649361818428,-111.53946495707336,0.007157763638384648,-0.19198760800661718,1.4607285349862935,0.5827683799632954,0.02404423576305079,13.991441400792443,-61.160388657796936,0.04493189793994375,-0.08811583638764525,0.6600793966896288,-0.41487007484979355,0.025396075213520008,13.973494781050356,-50.37907629927643,-0.037774134301559105,-0.10387177161897194,0.8006491382966646,False
2024-09-17,150.82000732421875,0.0,0.050499999999999996,0.4793139719249187,6.54,O:AMD241004C00150000,5.33,O:AMD241004P00150000,0.4347619527503343,0.4347820690768249,0.43477201903164386,-0.04454195289327484,0.1041970344778338,0.05311579003793784,27.098543558209663,-114.38592027644464,0.0019835304579529298,-0.0586172278359869,0.26297290830074455,0.5520988120297394,0.026558506826071998,13.549270456592614,-60.96928862009004,0.03958167100643773,-0.029312045456136752,0.13150259723110733,-0.44790177755190563,0.026557283211865842,13.549273101617048,-53.416631656354596,-0.0375981405484848,-0.029305182379850147,0.13147031106963722,False
2024-09-18,148.2899932861328,0.0,0.049100000000000005,0.48141053649426,4.94,O:AMD241004C00150000,6.35,O:AMD241004P00150000,0.4314730558715469,0.43537394377379135,0.43342353137135514,-0.04798700512290488,-0.03925254455281507,0.056820896433046476,25.787913179000352,-116.51929814786405,-0.008147980746762158,0.2643999005446269,0.42111521488283743,0.4801158860534874,0.028537392960635354,12.893545952212643,-61.66697389932912,0.03155065786639874,0.13299426001609266,0.2145908534231836,-0.5193684306063024,0.028283503472411122,12.89436722678771,-54.852324248534934,-0.0396986386131609,0.13140564052853423,0.20652436145965386,False
2024-09-19,156.74000549316406,0.0,0.0489,0.5244401223631194,10.0,O:AMD241004C00150000,2.49,O:AMD241004P00150000,0.45438221163613124,0.41421564561053353,0.4344179851442575,-0.09002213721886193,0.42059548708986527,0.048179159857295734,22.403140825269084,-114.12301783393569,0.023324425735139688,-0.7329013232723799,13.351538488573567,0.7029630719469186,0.0232614690968805,11.334707575638843,-63.893146249944294,0.04373042830726057,-0.3336536519304022,5.8230646499069305,-0.2823675848570534,0.024917690760415234,11.068433249630242,-50.2298715839914,-0.020406002572120885,-0.3992476713419777,7.528473838666637,False
2024-09-20,155.9499969482422,0.0,0.0487,0.504555992283367,8.5,O:AMD241004C00150000,2.45,O:AMD241004P00150000,0.3905307912010333,0.4083569170778371,0.39946989352107054,-0.10508609876229646,0.4198527908163774,0.05519354009932578,21.26936697392514,-109.71794896108207,0.021637318034335315,-0.8124533783771649,13.973936809676378,0.7135443294375667,0.028051273448974685,10.572508999215444,-57.02926922910353,0.040784617459612704,-0.42349686359503,7.417140438014729,-0.29369153862118935,0.027142266650351098,10.696857974709697,-52.68867973197855,-0.01914729942527739,-0.3889565147821349,6.556796371661649,False
2024-09-23,156.75,0.0,0.048499999999999995,0.4993612476830908,8.75,O:AMD241004C00150000,1.84,O:AMD241004P00150000,0.37942350842501615,0.38994156226390114,0.38469672693908225,-0.11466452074400857,0.49442642856042684,0.056104855589691825,18.9369860748919,-105.23891565460119,0.023896908098873893,-0.9858021299038562,19.447595530357063,0.7498048035949036,0.028284527016953397,9.417382796224791,-55.3003921838798,0.03885067962982183,-0.5045422271577013,10.071769975835625,-0.2553783750344768,0.027820328572738428,9.51960327866711,-49.93852347072139,-0.01495377153094794,-0.481259902746155,9.375825554521438,False
2024-09-24,158.32000732421875,0.0,0.0478,0.48434862993147215,9.85,O:AMD241004C00150000,1.23,O:AMD241004P00150000,0.3917363672272703,0.3825695142209593,0.3871704940259457,-0.09717813590552643,0.598614366546096,0.051377339009088974,15.826820908659531,-100.51580411929058,0.02656908917332077,-1.1163001832421062,26.43013229285566,0.7967491873698164,0.025581100481629523,7.973962041558412,-54.75685794765162,0.03691788481903323,-0.5486137673987844,12.84575713945228,-0.19813482082372036,0.025796238527459454,7.852858867101118,-45.75894617163896,-0.010348795645712455,-0.5676864158433218,13.58437515340338,False
2024-09-25,162.02000427246094,0.0,0.0479,0.48964225575307657,12.95,O:AMD241004C00150000,0.62,O:AMD241004P00150000,0.4221536442607387,0.40164618430835486,0.41206622850894936,-0.07757602724412721,0.760736499347795,0.035871562923848695,10.776031264591591,-85.21412085382288,0.03046792524292951,-1.073658849979123,34.14715336768816,0.8748621395864136,0.018071938409788012,5.56301278848076,-48.44131871880611,0.03577643544266793,-0.526711441180959,16.351857491124516,-0.1141256402386186,0.017799624514060683,5.213018476110831,-36.77280213501677,-0.005308510199738424,-0.5469474087981641,17.79529587656365,False
2024-09-26,167.49000549316406,0.0,0.049,0.48538046358883086,18.05,O:AMD241004C00150000,0.24,O:AMD241004P00150000,0.49392742708706827,0.4453007971985727,0.4710954786658288,-0.014284984923002064,0.8844390295049994,0.018930768512547977,5.9598365902312,-65.51030762605379,0.03091540426432406,-0.7339681406180792,29.916571239585743,0.9332563411973014,0.010138684448453708,3.344823858098415,-41.46889946405946,0.032919311836587195,-0.3731986420188112,14.472302790738782,-0.04881731169230197,0.008792084064094268,2.615012732132785,-24.041408161994333,-0.002003907572263134,-0.36076949859926805,15.444268448846962,False
2024-09-27,164.35000610351562,0.0,0.049,0.49206577860795053,14.75,O:AMD241004C00150000,0.3,O:AMD241004P00150000,0.426674284923992,0.44285650184035247,0.43493634082078936,-0.057129437787161175,0.8760262183643863,0.024261682452853692,5.655569156392824,-68.32900409324803,0.025580340145838616,-0.829557586599217,29.551149887534073,0.9413709952617708,0.01184332005603143,2.708188239801649,-35.977211984585004,0.02777070016209219,-0.4129860905906949,14.975764181963779,-0.0653447768973845,0.012418362396822261,2.9473809165911753,-32.35179210866303,-0.0021903600162535746,-0.41657149600852206,14.575385705570296,False
2024-09-30,164.0800018310547,0.0,0.0493,0.48977817658264405,14.5,O:AMD241004C00150000,0.17,O:AMD241004P00150000,0.4886221425897126,0.43161585862088847,0.4622551213741303,-0.02752305520851378,0.8879360987436403,0.023499382426581956,4.646301283914159,-74.43139100375429,0.020797231223447,-0.7429242658387556,24.47637053430297,0.9333091064920649,0.012805150383522802,2.673797924781597,-47.98884327522578,0.02200593014319969,-0.3810069123417947,11.821418394714165,-0.045373007748424565,0.010694232043059157,1.9725033591325616,-26.442547728528506,-0.0012086989197526924,-0.3619173534969609,12.654952139588804,True
2024-10-01,159.75,0.0,0.0496,0.3983949489689247,10.0,O:AMD241101C00160000,9.49,O:AMD241101P00160000,0.5082610475680733,0.5063137981370522,0.5072873974263669,0.10889244845744217,0.07645042176638228,0.03244018717469632,38.33053373892365,-106.16163498280363,-0.006641747532719469,0.08969821196924316,-0.4154271980679275,0.5382688771905872,0.0161887915898647,19.165064634160228,-57.13197659209822,0.06935454055625727,0.04490673315036805,-0.20821850195616143,-0.46181845542420497,0.016251395584831626,19.165469104763417,-49.029658390705414,-0.07599628808897674,0.0447914788188751,-0.20720869611176607,False
2024-10-02,159.77999877929688,0.0,0.0492,0.3915718056473892,9.73,O:AMD241101C00160000,9.01,O:AMD241101P00160000,0.5053615916438875,0.4918036892668606,0.4985823955148459,0.1070105898674567,0.07447609941345446,0.0337561218954275,37.503860121206706,-106.7563381972115,-0.005971610967708776,0.08576907704760088,-0.37853595646976596,0.5375288017336757,0.016647424650505508,18.750646946576524,-58.017708617058815,0.06648570350263351,0.04331106087055675,-0.19263224589494563,-0.4630527023202212,0.017108697244921995,18.753213174630183,-48.7386295801527,-0.07245731447034229,0.04245801617704413,-0.18590371057482033,False
2024-10-03,162.85000610351562,0.0,0.0499,0.3887706416481331,11.43,O:AMD241101C00160000,8.17,O:AMD241101P00160000,0.5163677416138083,0.5302403855259497,0.5233047487556933,0.13453410710756025,0.1740975653434994,0.03166340966390105,36.612631723265835,-115.39425412081255,0.007293157982330073,-0.10260836081939506,1.0612635463405007,0.5874043870586719,0.01603837235529556,18.302638742383927,-60.90837091795414,0.07019067334811382,-0.05414345597641711,0.5621937329051951,-0.4133068217151725,0.015625037308605486,18.309992980881905,-54.4858832028584,-0.06289751536578375,-0.04846490484297795,0.49906981343530565,False
2024-10-04,170.89999389648438,0.0,0.0501,0.3775994645934651,16.4,O:AMD241101C00160000,4.9,O:AMD241101P00160000,0.5149173289731249,0.517036326413495,0.5159770817101003,0.13837761711663515,0.4200280532072025,0.027557923898111812,32.96012319198734,-109.67124665808353,0.04006570772179612,-0.5414214841376357,14.426288374078451,0.7103008421289869,0.01380086583291872,16.47241938890037,-58.696204938967504,0.08332572189246949,-0.2718949599076222,7.255618719092326,-0.29027278892178443,0.013757058065193091,16.487703803086973,-50.975041719116035,-0.04326001417067337,-0.2695265242300135,7.170669654986125,False
2024-10-07,170.97000122070312,0.0,0.05,0.37497090691577856,16.75,O:AMD241101C00160000,5.1,O:AMD241101P00160000,0.5482696866501527,0.5434471081689709,0.5458595086604356,0.1708886017446571,0.412552304575441,0.02687526843437546,32.33099176348016,-119.46974582050365,0.03670624175874896,-0.49541518009598584,12.618570306681065,0.7056788790641849,0.013390919703887524,16.180708366311062,-64.02633173694267,0.07833724037641009,-0.2453345909276877,6.22867459612103,-0.2931265744887439,0.013484348730487938,16.15028339716909,-55.44341408356099,-0.041630998617661126,-0.2500805891682982,6.389895710560035,False
2024-10-08,172.8000030517578,0.0,0.0496,0.36502813787192523,18.01,O:AMD241101C00160000,4.4,O:AMD241101P00160000,0.5614009430584306,0.5453583935064468,0.553396556353569,0.18836841848164376,0.46367044748007213,0.025790388559683325,30.435176942121764,-120.76519153873716,0.041223039099690224,-0.5604970989688738,16.012313241124517,0.7295880265602561,0.012762651687711126,15.281764779113551,-65.41429564566066,0.07718772372581299,-0.27203047270549185,7.683191917180972,-0.265917579080184,0.013027736871972197,15.153412163008213,-55.3508958930765,-0.03596468462612277,-0.288466626263382,8.329121323943543,False
2024-10-09,171.02000427246094,0.0,0.0493,0.3402174196937985,16.5,O:AMD241101C00160000,4.6,O:AMD241101P00160000,0.5639669466101729,0.5409558091045523,0.5524892402142287,0.21227182052043025,0.424042838896338,0.027814301926918177,30.308727345883963,-126.65307808638443,0.03468796579507496,-0.513982953394969,12.778396073574056,0.7090668427513447,0.013684860308015051,15.22776711584914,-68.81681448347342,0.07067454151212385,-0.24568983152993282,6.009555356690806,-0.2850240038550067,0.014129441618903126,15.080960230034822,-57.836263602911,-0.03598657571704889,-0.2682931218650362,6.76884071688325,False
2024-10-10,164.17999267578125,0.0,0.049800000000000004,0.37871667697359634,11.4,O:AMD241101C00160000,6.7,O:AMD241101P00160000,0.5451401957936504,0.5442013094060935,0.5446707534611225,0.16595407648752614,0.22019306214139,0.03405290663258916,31.742990494680914,-137.05360189663116,0.01146113989182869,-0.20050284833840298,2.3189561584881853,0.6100494688212426,0.017012362398566995,15.872039554680013,-72.55847744273441,0.05635423322091131,-0.099998732676213,1.156046776995518,-0.38985640667985255,0.017040544234022167,15.8709509400009,-64.49512445389674,-0.04489309332908262,-0.10050411566218997,1.162909381492667,False
2024-10-11,167.88999938964844,0.0,0.049699999999999994,0.3836968688620788,13.3,O:AMD241101C00160000,4.77,O:AMD241101P00160000,0.5320542558545885,0.5206581297938614,0.5263609433084726,0.14266407444639378,0.35600620223992274,0.03326266836340211,29.372042404352747,-131.94014497877683,0.024821357783797002,-0.454728940239371,8.609229185947445,0.6767078658100788,0.016479054221500512,14.710538719955103,-70.73069016161115,0.059709811415376006,-0.22187492227796748,4.167058578367126,-0.32070166357015606,0.016783614141901597,14.661503684397644,-61.20945481716567,-0.034888453631579004,-0.2328540179614035,4.44217060758032,False
2024-10-14,165.27000427246094,0.0,0.049699999999999994,0.3901525867290838,11.05,O:AMD241101C00160000,5.33,O:AMD241101P00160000,0.5154765860668638,0.5148726226720278,0.5151746048986912,0.12502201816960734,0.2739113161324278,0.03739183345759254,29.231199788151798,-136.96834923151152,0.01604962465971209,-0.3334192610033472,4.5501944528928,0.6369053148490157,0.018685836518310177,14.616286930870235,-72.49148699496898,0.05233963561458328,-0.1664701875098513,2.270958168144069,-0.3629939987165879,0.018705996939282363,14.614912857281565,-64.47686223654253,-0.036290010954871194,-0.16694907349349586,2.2792362847487313,False
2024-10-15,156.63999938964844,0.0,0.0493,0.4374703097590389,6.45,O:AMD241101C00160000,9.5,O:AMD241101P00160000,0.5474699019362589,0.5542876415305846,0.5508789820432662,0.11340867228422735,-0.0691258421032186,0.04055943796704151,28.280025564515707,-149.67511750138095,-0.013813981517585006,0.3057261613500323,0.9436442717401403,0.46491601591936216,0.020402904818273785,14.138404696448774,-78.29412396677697,0.034240784835238354,0.15417889747382446,0.48301298798088776,-0.5340418580225808,0.020156533148767728,14.141620868066934,-71.38099353460397,-0.04805476635282336,0.15154726387620784,0.4606312837592525,False
2024-10-16,156.1300048828125,0.0,0.049100000000000005,0.4322717618382924,6.3,O:AMD241101C00160000,10.02,O:AMD241101P00160000,0.5770617787276143,0.5936161813529867,0.5853404856771232,0.15306872383883074,-0.08723625999422496,0.03977698478321068,27.021419700318553,-164.60604716956584,-0.014257236999455556,0.32160171735010423,1.201136821873991,0.4550512628739131,0.02016242337489414,13.505743327798124,-85.01239216608357,0.030831978997349543,0.16406516544754843,0.6311353677333105,-0.5422875228681381,0.019614561408316543,13.515676372520431,-79.59365500348228,-0.0450892159968051,0.15753655190255578,0.5700014541406805,False
2024-10-17,156.25,0.0,0.0493,0.3821970176865368,6.22,O:AMD241101C00160000,9.21,O:AMD241101P00160000,0.593247526175637,0.5610754491435693,0.5771678458333016,0.1949708281467648,-0.09446836464506159,0.042081047562349774,25.863552422529995,-169.5024841425753,-0.013178472291019847,0.32880841050093745,1.2768214256519745,0.4554074837005184,0.02047074361378551,12.942010603298,-91.14730454945517,0.02834569891310579,0.15768183312697343,0.5765766501106999,-0.54987584834558,0.02161030394856426,12.921541819231996,-78.35517959312013,-0.04152417120412564,0.171126577373964,0.7002447755412747,False
2024-10-18,155.97000122070312,0.0,0.0492,0.3817890750036484,5.55,O:AMD241101C00160000,9.3,O:AMD241101P00160000,0.57899786872856,0.5816135006800842,0.5803057542681695,0.19851667926452116,-0.1160695372730135,0.04378410692145246,24.527473175064962,-177.71997383259136,-0.013076732488158445,0.35585790504655934,1.6141435956849355,0.44173253478158914,0.02193950673602676,12.262681108777645,-92.57750803895505,0.025137707932185824,0.17853841827472905,0.8130953311779213,-0.5578020720546026,0.021844600185425694,12.264792066287315,-85.14246579363632,-0.03821444042034427,0.17731948677183032,0.8010482645070143,False
2024-10-21,157.89999389648438,0.0,0.0492,0.38386936496152285,6.05,O:AMD241101C00160000,7.9,O:AMD241101P00160000,0.5783839542936516,0.5809819685736574,0.5796829764753582,0.1958136115138353,-0.03970870654824554,0.04606915951986415,23.779617029668017,-191.990126966693,-0.007221430186287597,0.21904480784199587,0.32543950306667235,0.48000337726538256,0.023085788284702074,11.889597146528315,-99.7058634686983,0.024908046550177067,0.10984257283279178,0.16436235640999908,-0.5197120838136281,0.02298337123516208,11.890019883139702,-92.2842634979947,-0.032129476736464664,0.1092022350092041,0.1610771466566733,False
2024-10-22,154.08999633789062,0.0,0.0489,0.39186430715423276,4.15,O:AMD241101C00160000,9.56,O:AMD241101P00160000,0.5918697116912788,0.567837304717462,0.5798683972537518,0.18800409009951907,-0.23410639162505964,0.04796236692672247,20.955255676008093,-188.9533156502476,-0.015804270802597418,0.5282846834087613,4.322769557526843,0.3861187680442183,0.023543552000651804,10.503557978862524,-100.6200910989283,0.01757048874727762,0.25526075339432025,2.028503634650971,-0.6202251596692779,0.024418814926070665,10.451697697145569,-88.3332245513193,-0.03337475954987504,0.2730239300144411,2.2942659228758724,False
2024-10-23,152.91000366210938,0.0,0.048799999999999996,0.38154704152723223,3.6,O:AMD241101C00160000,10.5,O:AMD241101P00160000,0.6221422446023589,0.6249604030333883,0.6235516492307187,0.24200460770348647,-0.2894516397412924,0.04686807618036645,18.980900066053906,-210.19239783378924,-0.0162111253591235,0.5674114554355534,5.366629225789222,0.3548744191478467,0.023477657568401783,9.48666909837016,-108.70943273797378,0.014073291314301713,0.28473465990915525,2.7008078379493803,-0.6443260588891391,0.02339041861196467,9.494230967683748,-101.48296509581547,-0.030284416673425216,0.2826767955263981,2.665821387839841,False
2024-10-24,153.44000244140625,0.0,0.0487,0.357645471209646,3.65,O:AMD241101C00160000,9.95,O:AMD241101P00160000,0.6572571405195983,0.6488518782959414,0.6530566784411669,0.29541120723152087,-0.27634132930396615,0.04847786134130305,17.746213050705357,-240.64846439394896,-0.01333376529596715,0.5214987959018644,4.3660226920064895,0.3629251038781167,0.02410800216138049,8.882279556801173,-125.13098796255795,0.012389816386929963,0.25803516565854306,2.142238900798838,-0.6392664331820829,0.024369859179922564,8.863933493904186,-115.517476431391,-0.025723581682897113,0.2634636302433213,2.2237837912076515,False
2024-10-25,156.22999572753906,0.0,0.0489,0.36162729597737253,4.53,O:AMD241101C00160000,8.1,O:AMD241101P00160000,0.6950204257406535,0.6898238919645584,0.6924224454402923,0.33079514946291977,-0.147369450534517,0.0514673963056535,17.25820676412717,-299.3958781945896,-0.007074112822892335,0.3208686648150363,1.3117500366688524,0.42673211689109447,0.025642215930599895,8.630807424085372,-154.2029693968663,0.01232903904736099,0.15946924850600253,0.6481765765143694,-0.5741015674256115,0.025825180375053602,8.627399340041798,-145.1929087977233,-0.019403151870253325,0.16139941630903373,0.663573460154483,False
2024-10-28,159.9199981689453,0.0,0.048799999999999996,0.3731538731229765,6.2,O:AMD241101C00160000,6.25,O:AMD241101P00160000,0.7690188995851407,0.7807149749466518,0.7748669247329235,0.401713051609947,0.041171426785477694,0.05104186122687989,16.05439111594215,-391.5742242803796,-0.0009310897625164349,0.04730344971226676,-0.04920131438900362,0.5204473962435886,0.02571399829447346,8.027339423670146,-198.21409689762797,0.012226975659413816,0.023630326500825957,-0.024412960652542802,-0.4792759694581109,0.02532786293240643,8.027051692272003,-193.36012738275164,-0.013158065421930251,0.023673123211440803,-0.02478835373646082,False
2024-10-29,166.25,0.0,0.048799999999999996,0.38689164903117385,10.3,O:AMD241101C00160000,3.9,O:AMD241101P00160000,0.9377700274671893,0.9291083986215981,0.9334406101465227,0.5465489611153489,0.3348953492706278,0.04290916354928656,13.178685764616379,-518.688726569448,0.004937660930505376,-0.2576618870842625,2.0232612838925137,0.6668897551143171,0.02136930395566403,6.59372372371039,-264.61048863803046,0.011972669260447212,-0.12753726814210967,0.997883397146745,-0.33199440584368933,0.02153985959362253,6.584962040905989,-254.0782379314176,-0.007035008329941837,-0.13012461894215283,1.0253778867457686,False
2024-10-30,148.60000610351562,0.0,0.0487,0.5459887920098265,0.16,O:AMD241101C00160000,11.22,O:AMD241101P00160000,0.512787099328671,1.0,0.36587112398147587,-0.18011766802835066,-0.7262575073225942,0.038906117197609044,5.393430273136858,-287.85776387347033,-0.00960297738070756,0.6165098343957902,10.22046882042172,0.05628799659738394,0.016689058213942832,1.4998092565025503,-48.8517729221257,0.0006511425903115791,0.3606556878041729,7.575769190000904,-0.7825455039199781,0.022217058983666216,3.893621016634308,-239.00599095134464,-0.01025411997101914,0.25585414659161737,2.6446996304208157,False
2024-10-31,144.07000732421875,0.0,0.047599999999999996,0.5476213709069728,0.01,O:AMD241101C00160000,15.83,O:AMD241101P00160000,0.6469529368087089,1.0,0.00010000000000000002,-0.5475213709069728,-0.9430726371384359,0.014280028702092103,1.0993441563812998,-125.01981443765513,-0.006030555993734186,0.240936202008056,4.082244787062839,0.00541201320675131,0.0026424928271642986,0.140809877772061,-11.51490599653425,3.0543999299024967e-05,0.06209164590084905,1.4360250534704226,-0.9484846503451873,0.011637535874927805,0.9585342786092389,-113.50490844112088,-0.006061099993033211,0.17884455610720695,2.646219733592416,True
2024-11-01,141.86000061035156,0.0,0.0475,0.5082608515996958,8.9,O:AMD241206C00140000,6.35,O:AMD241206P00140000,0.42906368444084936,0.4272419214293431,0.4281528369724751,-0.08010801462722072,0.15870804437335195,0.040879602362084086,34.94321794508271,-75.74868482589898,0.007206669912372454,-0.11943326206230764,1.0685897481156839,0.5792996283986054,0.020396885495781607,17.472095640116724,-41.26384798828159,0.0726978627363121,-0.05920218526092763,0.5293208991571278,-0.42059158402525343,0.020482716866302476,17.47112230496598,-34.484836837617394,-0.06549119282393964,-0.060231076801380005,0.5392688489585561,False
2024-11-04,140.7100067138672,0.0,0.0475,0.5071203100982066,7.91,O:AMD241206C00140000,6.51,O:AMD241206P00140000,0.41901600317091175,0.41563031562156927,0.4173231549233199,-0.08979715517488668,0.11039192828055588,0.04360747395983497,34.315232746648924,-75.23572310767885,0.0010602371138226097,-0.01896209791301843,0.11429160423707926,0.5551799181247872,0.021715414464679474,17.1577130869116,-41.07906597178275,0.0668660666730886,-0.008909567940094511,0.0536846149482126,-0.4447879898442313,0.021892059495155495,17.157519659737325,-34.156657135896104,-0.06580582955926599,-0.010052529972923918,0.06060698928886666,False
2024-11-05,141.66000366210938,0.0,0.0472,0.5052548423574258,8.0,O:AMD241206C00140000,5.95,O:AMD241206P00140000,0.40229537148961025,0.41493271408741855,0.40861469611525536,-0.09664014624217043,0.15236581426472673,0.04480244400246994,33.52233746752012,-75.40013038215987,0.00696766910930928,-0.13179700552084508,1.0841018965090639,0.5765989254213643,0.022743056131935297,16.75774786472567,-40.40979194410278,0.06724853711886715,-0.06975187409039056,0.5767325236644656,-0.42423311115663753,0.02205938787053464,16.76458960279445,-34.990338438057094,-0.06028086800955787,-0.062045131430454516,0.5073693728445983,False
2024-11-06,145.10000610351562,0.0,0.046799999999999994,0.519146643376392,9.63,O:AMD241206C00140000,3.75,O:AMD241206P00140000,0.3818261689467845,0.3684967350916637,0.375168924048543,-0.14397771932784903,0.3219902801753235,0.04552249246446681,31.38206222958857,-68.99216722457722,0.029107040302050635,-0.5941887763916945,10.582079232236515,0.6590163644022542,0.022407972887770952,15.726253130379156,-38.41501125489836,0.07507349710062876,-0.28528747610511634,5.012011552148394,-0.3370260842269307,0.023114519576695854,15.655809099209415,-30.577155969678856,-0.04596645679857812,-0.3089013002865782,5.570067680088121,False
2024-11-07,149.82000732421875,0.0,0.046900000000000004,0.5230416609173785,12.7,O:AMD241206C00140000,2.26,O:AMD241206P00140000,0.37155224816419724,0.3659750045977299,0.3687683608949185,-0.15427330002245998,0.5326511197195132,0.03841637490925341,26.497762422851466,-61.67105758430274,0.0540348288813592,-1.0307455263961787,32.40309039027287,0.7648884731755796,0.019128423035959345,13.294054143484724,-34.4155177084132,0.08491299721114659,-0.5086667912899436,15.88618625239163,-0.23223735345606644,0.01928795187329407,13.203708279366742,-27.25553987588954,-0.030878168329787386,-0.522078735106235,16.516904137881244,False
2024-11-08,147.9499969482422,0.0,0.047,0.5141014430791184,11.2,O:AMD241206C00140000,2.58,O:AMD241206P00140000,0.37443483722572407,0.36359847787278016,0.369029356583953,-0.1450720864951654,0.46424999355577823,0.042829743429131525,27.45282625719068,-66.4074287876982,0.04357601994428395,-0.9200717258293067,23.756268513734604,0.7296332159775557,0.021200766781289928,13.790728008273005,-37.078706588741326,0.07678510482318679,-0.44732142831951455,11.404881091585118,-0.2653832224217775,0.0216289766478416,13.662098248917674,-29.328722198956875,-0.03320908487890284,-0.47275029750979225,12.351387422149484,False
2024-11-11,147.35000610351562,0.0,0.047,0.5128080202398123,10.65,O:AMD241206C00140000,2.9,O:AMD241206P00140000,0.37696688463688166,0.3839318521578556,0.3804536844402551,-0.1323543357995572,0.43538700115053985,0.04391308172341019,27.347501406322568,-71.3771709691317,0.038154018581807336,-0.8378654022354148,19.529359004191136,0.7191522351634789,0.02210293668037044,13.639754592385446,-38.57772991035457,0.0718660570862387,-0.4264096829815747,10.01209500344753,-0.28376523401293907,0.021810145043039752,13.707746813937122,-32.79944105877712,-0.03371203850443136,-0.4114557192538401,9.517264000743605,False
2024-11-12,143.6300048828125,0.0,0.047,0.4883683687628688,7.95,O:AMD241206C00140000,3.85,O:AMD241206P00140000,0.37552698087858927,0.37547282167121415,0.37549989209175116,-0.11286847667111766,0.2651661598555103,0.052268264242025145,28.92079438986429,-77.25372149045222,0.018775583453431152,-0.4782192125133802,6.217654881249885,0.6325766049344542,0.02613239957644818,14.460481380745476,-41.908734504944775,0.059219272039634736,-0.23906925046908922,3.10814497962288,-0.36741044507894394,0.02613586466557696,14.460313009118815,-35.34498698550745,-0.040443688586203584,-0.23914996204429098,3.1095099016270047,False
2024-11-13,139.3000030517578,0.0,0.046900000000000004,0.4971777160337311,5.4,O:AMD241206C00140000,5.54,O:AMD241206P00140000,0.38278393949740425,0.3746221535295715,0.3787030047476292,-0.11847471128610193,0.024239169300740104,0.058212453056971744,28.854582445585194,-80.63596513540045,-0.005102350076246105,0.14316302069162756,-0.1573577501749111,0.5124116823869956,0.028791930943482546,14.426970117077184,-44.02523444022468,0.04450960839859115,0.07115331289436816,-0.080105273640413,-0.48817251308625553,0.029420522113489198,14.42761232850801,-36.61073069517577,-0.04961195847483726,0.0720097077972594,-0.0772524765344981,False
2024-11-14,138.83999633789062,0.0,0.047,0.49673908219787155,4.9,O:AMD241206C00140000,5.55,O:AMD241206P00140000,0.37623500857207187,0.3695820930969964,0.37290853092074394,-0.12383055127712761,-0.007828302600690507,0.06116131848048434,27.91214973196152,-81.42612275469921,-0.007325004129785248,0.22204944800240767,0.0762883501087582,0.4964551357245031,0.030308148184577,13.956201623268063,-44.359449617858196,0.04065258998470921,0.10994173100936062,0.034176858946336666,-0.5042834383251936,0.030853170295907336,13.955948108693457,-37.066673136841004,-0.04797759411449446,0.11210771699304706,0.042111491162421535,False
2024-11-15,134.89999389648438,0.0,0.047,0.5030973475149911,3.06,O:AMD241206C00140000,7.8,O:AMD241206P00140000,0.37971274586184867,0.3822089952051224,0.38096113301217555,-0.12213621450281559,-0.253067075979322,0.06040811477056364,24.927928752112297,-77.65632340917082,-0.026784968455363278,0.8263500625712803,8.776310390099109,0.3729507762886253,0.03028974181442826,12.45848762642077,-41.95823068559459,0.028125629431562747,0.4153980863730307,4.430282060899355,-0.6260178522679473,0.030118372956135377,12.469441125691528,-35.69809272357623,-0.054910597886926024,0.41095197619824964,4.346028329199754,False
2024-11-18,138.92999267578125,0.0,0.047,0.5155931663813599,4.5,O:AMD241206C00140000,5.24,O:AMD241206P00140000,0.3699982388761979,0.37268312668562364,0.37134064953327184,-0.14425251684808804,-0.011219907653438221,0.06561006472507347,26.125033171403498,-86.78054779069154,-0.006277100937841687,0.21826043176135068,0.10051825754607588,0.49424354715013247,0.03292345731582298,13.062449123884841,-46.51351540335008,0.0356473624364556,0.1095787831269257,0.05177810962657569,-0.5054634548035707,0.03268660740925049,13.062584047518657,-40.267032387341466,-0.04192446337429729,0.10868164863442499,0.04874014791950019,False
2024-11-19,139.38999938964844,0.0,0.0467,0.511884702760503,4.65,O:AMD241206C00140000,4.94,O:AMD241206P00140000,0.37862293082580395,0.3799589828204264,0.37929097516834737,-0.13259372759215565,0.01623642068768283,0.06643179162640139,25.255335862038013,-92.50162115191458,-0.00377970116243255,0.1383836136097082,-0.08915893827793983,0.5080719885170542,0.03327447562642366,12.62769771140614,-49.43038662673938,0.03413539699209385,0.06927614205488906,-0.04437995134489668,-0.4918355678293713,0.033157315999977725,12.627638150631872,-43.07123452517521,-0.0379150981545264,0.06910747155481912,-0.04477898693304314,False
2024-11-20,137.60000610351562,0.0,0.046799999999999994,0.5126405898305183,3.75,O:AMD241206C00140000,5.85,O:AMD241206P00140000,0.3912532097178648,0.39223518198379964,0.391744206559658,-0.12089638327086027,-0.1061713677368239,0.06722975470623767,23.745485118908213,-96.53965253605097,-0.011528181356478862,0.4419868728559184,1.7712303709065034,0.44680581168247335,0.033655776911625655,11.872307737517206,-51.475110922152446,0.027490705911711686,0.22143115595968826,0.8891902385444023,-0.5529771794192972,0.03357397779461201,11.87317738139101,-45.06454161389853,-0.03901888726819055,0.22055571689623016,0.8820401323621012,False
2024-11-21,137.49000549316406,0.0,0.0472,0.5119573052731646,3.08,O:AMD241206C00140000,4.97,O:AMD241206P00140000,0.3545926767757895,0.32510484166547793,0.3398646528780461,-0.1720926523951185,-0.1512286913950472,0.08039717839232995,22.505233150131694,-86.25553183819576,-0.012589951179242529,0.6051756868200515,3.3294547240622316,0.4288333941635553,0.03854150232196529,11.276979845652576,-48.44123617053602,0.02439219694091972,0.28057735751755924,1.445470314397329,-0.5800620855586025,0.04185567607036465,11.228253304479116,-37.81429566765974,-0.03698214812016225,0.3245983293024923,1.8839844096649023,False
2024-11-22,138.35000610351562,0.0,0.0472,0.5065275900360872,3.05,O:AMD241206C00140000,4.41,O:AMD241206P00140000,0.3351492776028616,0.33258361954197896,0.3338664605617523,-0.17266112947433487,-0.09301778802614519,0.08612511951761884,21.84007699559364,-90.91552839769273,-0.008067068071886,0.4352134838616753,1.4015574365473964,0.4537702516752042,0.042900643489565654,10.920937422163936,-48.93703235267631,0.02370203059081679,0.2162557134790265,0.6922029430720636,-0.5467880397013494,0.043224476028053176,10.919139573429707,-41.97849604501641,-0.03176909866270279,0.2189577703826488,0.7093544934753327,False
2024-11-25,141.1300048828125,0.0,0.047400000000000005,0.5039827200398317,4.2,O:AMD241206C00140000,2.79,O:AMD241206P00140000,0.3281307383411041,0.3239981220004887,0.3260646026730537,-0.17791811736677798,0.14971118562509833,0.09013157770067716,20.904705668764684,-96.09820143645115,0.005049550127957776,-0.3056252954932063,1.5386700015593608,0.5745398654737104,0.04478705430977896,10.45394225697565,-51.66797726352625,0.027458862149883995,-0.1504298553260469,0.7540561274114141,-0.42482867984861206,0.0453445233908982,10.450763411789033,-44.430224172924895,-0.02240931202192622,-0.1551954401671594,0.7846138741479467,False
2024-11-26,137.72000122070312,0.0,0.047400000000000005,0.47809242756703707,2.28,O:AMD241206C00140000,4.5,O:AMD241206P00140000,0.32542655200473325,0.34118339985676094,0.3333107346415519,-0.14478169292548515,-0.1753705356187828,0.09523831768987753,19.10334356972608,-98.821332221913,-0.009819692183966392,0.6569273245934535,3.5765023127162108,0.40972934423175744,0.04867469693237092,9.53761357945676,-51.45134673121874,0.01718981771039858,0.3418620031082236,1.9146382310148031,-0.5850998798505402,0.04656362075750661,9.56572999026932,-47.36998549069426,-0.027009509894364972,0.3150653214852298,1.6618640817014079,False
2024-11-27,136.24000549316406,0.0,0.047599999999999996,0.311696868322993,1.37,O:AMD241206C00140000,5.02,O:AMD241206P00140000,0.305382613339755,0.3146523282568118,0.31002615235447883,-0.001670715968514147,-0.3656161712869911,0.10123929865167842,16.179658876664742,-87.61745107120672,-0.01561154144014702,1.2122292226151874,13.09603401363539,0.3143835092426235,0.05118669915917613,8.059502528312905,-46.27574768250798,0.011517114173937557,0.6210757297332342,6.8180661633562725,-0.6799996805296146,0.05005259949250229,8.120156348351838,-41.34170338869873,-0.027128655614084576,0.5911534928819531,6.277967850279116,False
2024-11-29,137.17999267578125,0.0,0.047599999999999996,0.29773980169111103,1.45,O:AMD241206C00140000,4.2,O:AMD241206P00140000,0.3306702757497943,0.33936189743053335,0.33502082560062413,0.0372810239095131,-0.30173125784831184,0.11434575546018855,14.301314515800318,-118.50174456646859,-0.009333629313826527,0.9609348399624169,7.200570510628083,0.34704688423316393,0.0577895142841797,7.135020348797893,-61.65246200285179,0.009158311316916294,0.4912043913057972,3.7330851753888115,-0.6487781420814758,0.056556241176008853,7.166294167002425,-56.849282563616796,-0.01849194063074282,0.4697304486566197,3.467485335239271,True
2024-12-02,142.05999755859375,0.0,0.0475,0.3219832839115594,10.5,O:AMD250103C00135000,2.73,O:AMD250103P00135000,0.34623120958630693,0.3394310776769868,0.3428357362538577,0.020852452342298322,0.4364023075349396,0.0449352855030188,29.606767801148088,-55.60592094743594,0.04644315308855067,-0.9293513431423591,23.53349464261958,0.7166214696324655,0.022305514923833782,14.843378880962199,-31.317919478347907,0.0869554706918323,-0.45568122943602496,11.443717257611238,-0.28021916209752595,0.022629770579185016,14.763388920185887,-24.288001469088034,-0.04051231760328164,-0.47367011370633416,12.089777385008343,False
2024-12-03,141.97999572753906,0.0,0.0466,0.32049185258305707,10.38,O:AMD250103C00135000,2.71,O:AMD250103P00135000,0.35106265541934106,0.34299847090186847,0.34703687878251077,0.026545026199453703,0.4339554823403947,0.04546753228942594,29.027382211722184,-57.44782873540586,0.04428686282375089,-0.9148872044014109,22.52602428658316,0.715133678698142,0.02254072220628124,14.55908471321402,-32.24802612418607,0.08319672868500692,-0.447057527828647,10.900411509160367,-0.2811781963577473,0.0229268100831447,14.468297498508164,-25.199802611219788,-0.038909865861256034,-0.467829676572764,11.625612777422793,False
2024-12-04,143.99000549316406,0.0,0.04650000000000001,0.32342867117116975,11.71,O:AMD250103C00135000,1.99,O:AMD250103P00135000,0.34890819810629237,0.3348388157412263,0.3419066059052944,0.01847793473412468,0.5340889048642988,0.042057820939743085,26.019525287214528,-53.89514590381053,0.05517762760299563,-1.124349019316076,34.903274035507394,0.7630915859194747,0.020794367933060085,13.132388877119428,-30.80714459997946,0.0857018395342585,-0.5424817531358525,16.531527894621075,-0.22900268105517585,0.021263453006682996,12.887136410095101,-23.08800130383107,-0.030524211931262864,-0.5818672661802233,18.371746140886316,False
2024-12-05,141.36000061035156,0.0,0.045899999999999996,0.31804434057155806,9.65,O:AMD250103C00135000,2.59,O:AMD250103P00135000,0.3494902566409563,0.33627460951668475,0.3428984372049571,0.024854096633399048,0.42000163581937633,0.04894005258697756,27.93577603897113,-59.64082157363936,0.03927619291314641,-0.9078439423363902,20.514128774431548,0.7070031772411656,0.024117013283082855,14.035582003848099,-33.57619634287499,0.07524330797194305,-0.43672625246800373,9.706517320011189,-0.28700154142178924,0.02482303930389471,13.900194035123032,-26.064625230764374,-0.03596711505879664,-0.4711176898683864,10.80761145442036,False
2024-12-06,138.58999633789062,0.0,0.045700000000000005,0.2981063473407382,7.55,O:AMD250103C00135000,3.39,O:AMD250103P00135000,0.342964096829603,0.33739943630632313,0.34018286616504195,0.042076518824303744,0.28088372626295854,0.05631468499662648,29.20112718710027,-63.86168742349932,0.02221244015409246,-0.5800803269477537,8.146146795783698,0.6396349899829966,0.02794889317386669,14.611893344145711,-35.27766866260955,0.0643627070788335,-0.28465942823635515,3.973085870090205,-0.35875126372003807,0.02836579182275979,14.589233842954558,-28.584018760889766,-0.04215026692474104,-0.29542089871139854,4.173060925693494,False
2024-12-09,130.8699951171875,0.0,0.045599999999999995,0.349929382007406,3.75,O:AMD250103C00135000,7.32,O:AMD250103P00135000,0.3706848652408326,0.36377172661409507,0.36722944591641427,0.01730006390900829,-0.17696185966211514,0.05897398435770338,27.963669044486895,-66.53961483729462,-0.02580757763842377,0.6876754683339219,5.527644930283497,0.41270740768349196,0.02922958210354273,13.991384554222645,-36.68588691491509,0.03789521079916462,0.33860581401553513,2.6840397369062163,-0.5896692673456071,0.02974440225416065,13.97228449026425,-29.853727922379534,-0.06370278843758839,0.3490696543183867,2.8436051933772806,False
2024-12-10,127.73999786376953,0.0,0.0453,0.35561016835360754,2.41,O:AMD250103C00135000,9.4,O:AMD250103P00135000,0.3659401477136759,0.3795779436449905,0.37277591721713543,0.017165748863527897,-0.36358860680674854,0.056079756968682844,24.358697320273976,-60.92628572886605,-0.041610577040560696,1.0960618371408803,17.701141908911666,0.3144702890336325,0.02841405434360456,12.119062891213161,-32.7545093143698,0.02697173860669657,0.5636211581983954,9.298090236536575,-0.678058895840381,0.027665702625078285,12.239634429060812,-28.171776414496254,-0.06858231564725727,0.5324406789424849,8.403051672375089,False
2024-12-11,130.14999389648438,0.0,0.0449,0.3598340263383732,3.2,O:AMD250103C00135000,6.85,O:AMD250103P00135000,0.37325540605440427,0.31116394029846395,0.3424091075390578,-0.017424918799315403,-0.26312834282269115,0.06560236718458581,25.47243812732345,-62.69483242140444,-0.02988232490516702,0.948047758206246,10.959930276387462,0.3829735414386224,0.03024777334454888,12.90138101472771,-37.78574439344113,0.03146619322907857,0.40350416094446995,4.060379637587124,-0.6461018842613135,0.03535459384003694,12.571057112595742,-24.909088027963314,-0.06134851813424559,0.544543597261776,6.8995506388003385,False
2024-12-12,130.60000610351562,0.0,0.0443,0.34784854488634537,3.32,O:AMD250103C00135000,6.9,O:AMD250103P00135000,0.38119566093293933,0.34622221136784087,0.3637541920602322,0.015905647173886817,-0.2249421465687022,0.06411738004064879,25.202221455307246,-70.4482353288166,-0.025141235374482745,0.7976743417096479,7.540284194612816,0.39447874323565785,0.03068328306425592,12.666470367955514,-40.158890339803094,0.030602492872561327,0.3672554267522255,3.234909294908978,-0.61942088980436,0.03343409697639288,12.53575108735173,-30.289344989013504,-0.05574372824704407,0.43041891495742246,4.305374899703838,False
2024-12-13,126.91000366210938,0.0,0.0443,0.3592360241705809,2.25,O:AMD250103C00135000,9.77,O:AMD250103P00135000,0.41140755329018613,0.3911469769330364,0.4013236244916916,0.042087600321110696,-0.42153999941410664,0.055046718772009236,21.168110506408617,-68.4660494498971,-0.03899859694605043,1.1144051231990875,19.19628484368937,0.29487073867123,0.02708079589676975,10.681103329336345,-38.470128993200845,0.020935741978940367,0.5362905444809064,8.953644731357503,-0.7164107380853366,0.027965922875239486,10.487007177072273,-29.995920456696247,-0.059934338924990796,0.5781145787181811,10.242640112331866,False
2024-12-16,126.69000244140625,0.0,0.0443,0.3477544669467153,2.08,O:AMD250103C00135000,10.12,O:AMD250103P00135000,0.41602080299489547,0.4221240296369723,0.4190766358941794,0.07132216894746407,-0.430581754690215,0.054234151001688546,20.26561671841963,-73.47934537221268,-0.03708355752940462,1.0813517104509929,18.372167479747997,0.283059280702604,0.027239532197718515,10.104780330187104,-39.330678040136284,0.018767100535153108,0.5464719693309967,9.363048846393443,-0.713641035392819,0.026994618803970027,10.160836388232523,-34.14866733207639,-0.05585065806455773,0.5348797411199963,9.009118633354554,False
2024-12-17,125.0199966430664,0.0,0.0446,0.3268855961484414,1.52,O:AMD250103C00135000,11.35,O:AMD250103P00135000,0.4179711437806125,0.43629702570869755,0.4271918197333813,0.10030622358493985,-0.528270037860914,0.050778001774628365,17.484741495365732,-68.88534753160079,-0.04070976740793858,1.1779056697037316,24.090895671149486,0.23047010054946054,0.025613523585718685,8.632118712645768,-36.18690304603305,0.014079913712748793,0.6052920569853795,12.672428132630252,-0.7587401384103745,0.025164478188909677,8.852622782719965,-32.69844448556774,-0.05478968112068738,0.572613612718352,11.418467538519234,False
2024-12-18,121.41000366210938,0.0,0.0444,0.33580112647834726,1.0,O:AMD250103C00135000,13.8,O:AMD250103P00135000,0.460375653014933,0.37267826732092446,0.41953419787287716,0.0837330713945299,-0.7297945444868676,0.038915583126742516,11.41966543535914,-46.08792078096407,-0.049240170627970495,1.2353993900707172,36.63659703378234,0.1623471997086346,0.020138747217666397,6.507803755937024,-32.289110730777125,0.00890979719578975,0.5790748406079057,15.109588045148799,-0.8921417441955023,0.01877683590907612,4.911861679422116,-13.798810050186942,-0.058149967823760244,0.6563245494628116,21.52700898863354,False
2024-12-19,118.87999725341797,0.0,0.044199999999999996,0.3389366219341288,0.61,O:AMD250103C00135000,16.45,O:AMD250103P00135000,0.4730502422899925,0.4688281896040811,0.4709469513177872,0.13201032938365836,-0.7788890630278944,0.03226681454160238,9.374239733306204,-45.72327095021559,-0.04786498517492943,1.0594614611924542,32.19828245219988,0.11167376422658204,0.01617807056060584,4.7211055671270845,-26.14149430507353,0.0055287120884868965,0.5289993822109348,15.998946542881264,-0.8905628272544764,0.016088743980996544,4.653134166179121,-19.581776645142064,-0.05339369726341633,0.5304620789815193,16.199335909318613,False
2024-12-20,119.20999908447266,0.0,0.0443,0.3400492432117947,0.31,O:AMD250103C00135000,15.9,O:AMD250103P00135000,0.41237885248622336,0.4232958446118085,0.41791458224058164,0.07786533902878695,-0.8477562741836118,0.02884551888309759,6.798249655949841,-30.609231190268623,-0.04653612090050963,1.0376938558919298,35.284688121629756,0.07328902787527036,0.014202415038810626,3.30280865683455,-17.534612966080093,0.003343962280124157,0.5173256353804764,17.834494386651482,-0.9210453020588821,0.01464310384428696,3.4954409991152913,-13.07461822418853,-0.04988008318063379,0.5203682205114535,17.450193734978278,False
2024-12-23,124.5999984741211,0.0,0.0444,0.38515008460514844,0.59,O:AMD250103C00135000,10.93,O:AMD250103P00135000,0.3694507387097937,0.3978245798315,0.38394544795751573,-0.0012046366476327064,-0.7054490230486958,0.05093563268117034,10.837412672331194,-53.88635519545875,-0.03550676685551284,1.3449247341445978,33.26077905067178,0.13773141673893557,0.0253018758677978,5.183072725993232,-27.544227907275616,0.005918333684110678,0.6913452560455445,17.75362017997673,-0.8431804397876315,0.02563375681337254,5.654339946337962,-26.342127288183132,-0.04142510053962352,0.6535794780990531,15.507158870695052,False
2024-12-24,126.29000091552734,0.0,0.0444,0.38018589154676713,0.55,O:AMD250103C00135000,9.36,O:AMD250103P00135000,0.33678077850601135,0.38898411058169263,0.36383882642388354,-0.016347065122883586,-0.6728429082879359,0.060281352744040353,11.077400183158296,-59.43541616372524,-0.0301216925408536,1.420390009061879,31.563921987544724,0.1450349379905997,0.030081315316603092,5.129458228985563,-27.99700216968302,0.005640146810037129,0.7567321839702342,18.014763562199644,-0.8178778462785357,0.030200037427437265,5.947941954172735,-31.43841399404222,-0.03576183935089073,0.663657825091645,13.54915842534508,False
2024-12-26,125.05999755859375,0.0,0.044500000000000005,0.3740764044846374,0.29,O:AMD250103C00135000,9.36,O:AMD250103P00135000,0.35998603932065915,1.0,0.00010000000000000002,-0.3739764044846374,-0.5679418863480994,0.042708247329558274,10.252003361496708,-168.77781118837308,-0.020271700894428063,0.8414927954213299,17.9212537447897,0.09175517455438059,0.023714009702204615,3.178909712155291,-24.529353584178242,0.002663071882323614,0.6340559454173806,16.273495281613634,-0.65969706090248,0.018994237627353656,7.073093649341416,-144.24845760419484,-0.022934772776751676,0.2074368500039493,1.6477584631760627,False
2024-12-27,125.19000244140625,0.0,0.0444,0.3738244257036881,0.21,O:AMD250103C00135000,9.83,O:AMD250103P00135000,0.36141029049883605,0.3299248523769103,0.3465051127314568,-0.027319312972231335,-0.8680295381059506,0.041867651283920324,4.512964701696912,-34.232194782637166,-0.023553297617995378,1.1477813793780283,30.540937434503633,0.07505039529188919,0.022222560783460903,2.497487804875287,-23.153807212687415,0.0018225315813135143,0.5839276980311916,14.819284247929884,-0.9430799333978398,0.019645090500459424,2.015476896821626,-11.078387569949749,-0.02537582919930889,0.5638536813468368,15.721653186573748,False
2024-12-30,122.44000244140625,0.0,0.0443,0.3767379772025467,0.08,O:AMD250103C00135000,12.38,O:AMD250103P00135000,0.41188334357094375,1.0,0.00010000000000000002,-0.3766379772025467,-0.7273576724582119,0.03165285222699746,5.922250397706401,-161.07167292898586,-0.016452948828196753,0.5949038755967055,12.373333136273983,0.03271191293681396,0.011503478959800783,1.1274818042473456,-14.802204152290305,0.000623055031721678,0.336138333806541,9.55308121082873,-0.7600695853950259,0.020149373267196673,4.794768593459056,-146.26946877669556,-0.01707600385991843,0.2587655417901646,2.820251925445253,False
2024-12-31,120.79000091552734,0.0,0.044000000000000004,0.34486978624296855,0.03,O:AMD250103C00135000,14.12,O:AMD250103P00135000,0.45831802091360885,1.0,0.3743717517852784,0.029501965542309827,-0.8171625257888067,0.02511491323711436,3.795789674182051,-143.50234388157403,-0.013571666790763165,0.4466795258011983,8.528001824420787,0.014311002513387117,0.006021043943637639,0.4793154342893829,-9.301253396242535,0.000202217381749303,0.17764433967144436,5.124126066408442,-0.8314735283021938,0.01909386929347672,3.3164742398926683,-134.2010904853315,-0.013773884172512468,0.26903518612975397,3.4038757580123455,True
2025-01-02,120.62999725341797,0.0,0.044500000000000005,0.3446668670051348,8.4,O:AMD250207C00120000,7.0,O:AMD250207P00120000,0.5073763801789138,0.49298054734531155,0.5001783492863178,0.15551148228118294,0.11253488409377765,0.040767584959454053,30.607878189903445,-74.11046447091303,-0.0018828511215222138,0.030201812349492138,-0.16563315629510666,0.5563762815623211,0.020089660789908516,15.303342302923658,-40.241072561876116,0.06057965881884404,0.016491103890711206,-0.09060059018697335,-0.44384139746854345,0.020677924169545534,15.304535886979785,-33.86939190903691,-0.062462509940366256,0.01371070845878093,-0.0750325661081333,False
2025-01-03,125.37000274658203,0.0,0.0444,0.37610792625864403,10.55,O:AMD250207C00120000,5.0,O:AMD250207P00120000,0.4699637473529685,0.4937913941320457,0.4818916049778462,0.10578367871920219,0.3060723899175445,0.03882788303521953,29.158613660085752,-71.83387326919447,0.022641167028388358,-0.3710079913281882,5.7709246479378615,0.6552430694891036,0.019848285696056366,14.54501251509179,-37.630511526633185,0.07102958871183308,-0.1971094576406786,3.1095947388049474,-0.3491706795715591,0.018979597339163167,14.613601144993963,-34.203361742561285,-0.048388421683444725,-0.17389853368750957,2.661329909132914,False
2025-01-06,129.5500030517578,0.0,0.0443,0.3988612014894001,14.1,O:AMD250207C00120000,3.63,O:AMD250207P00120000,0.5291429723621854,0.4982098024391289,0.5137354631066322,0.11487426161723213,0.44436717549158133,0.032677209266035914,26.811814690732533,-74.08758919185681,0.03794073232479561,-0.5634195235420698,13.294900468034744,0.7178333138802699,0.015971498544958763,13.50841065972787,-41.02143512855176,0.075138388575088,-0.26379379174375533,6.079167526914025,-0.2734661383886886,0.016705710721077148,13.303404031004664,-33.066154063305056,-0.037197656250292394,-0.29962573179831453,7.215732941120717,False
2025-01-07,127.33000183105469,0.0,0.044199999999999996,0.3976840145761118,12.15,O:AMD250207C00120000,4.28,O:AMD250207P00120000,0.5125453522592242,0.508370923202451,0.510458801996708,0.11277478742059621,0.374266784987495,0.036077276893250874,27.250632527774034,-77.58466076164689,0.028499364270175243,-0.46288040937859354,8.684891458314931,0.6866503435595881,0.017976878655253364,13.63437932765003,-41.61081801824298,0.06870902216519302,-0.2292639587681925,4.289473040685236,-0.3123835585720931,0.01810039823799751,13.616253200124003,-35.973842743403914,-0.04020965789501778,-0.23361645061040104,4.3954184176296955,False
2025-01-08,121.83999633789062,0.0,0.0441,0.3779703241535024,8.11,O:AMD250207C00120000,6.13,O:AMD250207P00120000,0.485340475720545,0.5081657881467309,0.49675465086996556,0.11878432671646316,0.16114779687366654,0.043726471820509476,28.13586619061229,-80.28605595662904,0.0047092632373343865,-0.08924357802647138,0.6537917674259053,0.5810819335360307,0.02235975562609048,14.06421376878562,-41.85856114486197,0.054728510094800634,-0.04931058449223684,0.36331098134337725,-0.4199341366623641,0.021366716194418996,14.071652421826668,-38.427494811767076,-0.05001924685746625,-0.039932993534234545,0.29048078608252803,False
2025-01-10,116.04000091552734,0.0,0.044199999999999996,0.4035895104811645,5.27,O:AMD250207C00120000,8.89,O:AMD250207P00120000,0.5213157395984053,0.5275182974148527,0.5244173330277204,0.12082782254655594,-0.10306262170886399,0.04615423182529067,25.865362120712128,-84.3003177832197,-0.020729671997978906,0.4183523992681939,1.7716831304945786,0.4478200069279707,0.02320868729489884,12.929934248835583,-44.52956338952494,0.03705955080469291,0.2109466605077797,0.9045509396587472,-0.5508826286368347,0.022945544530391833,12.935427871876543,-39.770754393694766,-0.05778922280267182,0.2074057387604142,0.8671321908358313,False
2025-01-13,117.31999969482422,0.0,0.044199999999999996,0.3985028345928442,5.6,O:AMD250207C00120000,7.95,O:AMD250207P00120000,0.5151030085832369,0.5205017172199442,0.5178024422883987,0.11929960769555448,-0.0512943564175492,0.0477353542122087,25.650137531795963,-87.2137868521502,-0.01475354062324636,0.3175702055599561,0.6582134833863471,0.47392421944726904,0.023990448646226268,12.824180522036173,-46.01674647352933,0.03769900779117242,0.1598597212363008,0.3368406318453391,-0.5252185758648182,0.023744905565982438,12.825957009759788,-41.19704037862088,-0.05245254841441878,0.1577104843236553,0.32137285154100803,False
2025-01-14,116.08999633789062,0.0,0.044199999999999996,0.39770775397731206,4.85,O:AMD250207C00120000,8.46,O:AMD250207P00120000,0.5147599213891244,0.5211511973253835,0.517955976176262,0.12024822219894993,-0.11709322221013502,0.04911581710688823,24.488354039483568,-87.59816787727172,-0.01921667981254821,0.43540501762683237,1.989902275220934,0.44075772823099163,0.024703048049897383,12.24099803774586,-46.15546260052685,0.03308397361159441,0.21968151125925414,1.0159013826165595,-0.5578509504411266,0.024412769056990843,12.24735600173771,-41.44270527674486,-0.05230065342414262,0.21572350636757823,0.9740008926043746,False
2025-01-15,119.95999908447266,0.0,0.044000000000000004,0.4109904755861304,6.45,O:AMD250207C00120000,6.1,O:AMD250207P00120000,0.5071408378098053,0.5043681083803506,0.5057544426143171,0.09476396702818674,0.06832572429824013,0.05044831761045142,24.76876953501546,-92.65499061346478,-0.0029369835312529347,0.07170884670458952,-0.1915626857781878,0.5342125697865051,0.02515474435493646,12.384251979217586,-49.08593451358928,0.03888017339295749,0.0359404643419035,-0.09615089683703777,-0.465886845488265,0.02529357325551496,12.384517555797872,-43.569056099875496,-0.041817156924210425,0.03576838236268603,-0.09541178894115004,False
2025-01-16,118.44000244140625,0.0,0.0443,0.4125527867412395,5.65,O:AMD250207C00120000,6.6,O:AMD250207P00120000,0.5219934534744157,0.4990655188581726,0.5105297875791788,0.09797700083793925,-0.012425349380217832,0.05238714216020146,23.809114706324266,-95.11487282504113,-0.008712164070428137,0.2254844573462061,0.10534150163521565,0.4950790826285136,0.02560671336977607,11.90515773275375,-51.28584492429333,0.03364264619378483,0.10994304325931743,0.04047369952349862,-0.5075044320087314,0.026780428790425387,11.903956973570518,-43.8290279007478,-0.042354810264212964,0.11554141408688866,0.06486780211171703,False
2025-01-17,121.45999908447266,0.0,0.0443,0.4226655817403534,6.95,O:AMD250207C00120000,5.15,O:AMD250207P00120000,0.5133475555011234,0.5112850784145502,0.5123163474738598,0.08965076573350639,0.1431182767620186,0.05170855640142255,23.262485992868644,-100.3431570425185,0.0031447296217178983,-0.08481740039693836,0.4532836076205635,0.571515405641601,0.025802755784152403,11.631476712971168,-52.923572501382125,0.03718229800356598,-0.042046066724898246,0.22456379686434724,-0.42839712887958237,0.025905800617270144,11.631009279897476,-47.41958454113637,-0.034037568381848085,-0.04277133367204011,0.22871981075621628,False
2025-01-21,122.27999877929688,0.0,0.044199999999999996,0.4103613845803745,7.15,O:AMD250207C00120000,4.52,O:AMD250207P00120000,0.5278574824704416,0.5207388782350514,0.5242985469102859,0.11393716232991136,0.18715151831319776,0.05328226451852004,21.54741765539324,-109.99247363668033,0.00578545780164514,-0.17414635193264838,1.1451605216568557,0.5932658811733396,0.026465311916408777,10.77574639955088,-58.02085102125661,0.033735284362451094,-0.08530936314632628,0.5590506768945555,-0.4061143628601418,0.026816952602111265,10.771671255842362,-51.971622615423726,-0.027949826560805954,-0.0888369887863221,0.5861098447623003,False
2025-01-22,123.75,0.0,0.044199999999999996,0.40404191137083184,8.15,O:AMD250207C00120000,4.09,O:AMD250207P00120000,0.5603921474411941,0.5547351752309482,0.5575641431450844,0.15352223177425256,0.2593939539609087,0.05016744831380168,20.397511741468907,-120.29359404701057,0.009457143715553534,-0.2836682229220554,2.5360569810760065,0.6292958258322361,0.02496529605634941,10.202342103228581,-63.113641045004606,0.033202551641304374,-0.14002691307420698,1.2478040999562678,-0.3699018718713274,0.02520215225745227,10.195169638240326,-57.179953002005966,-0.02374540792575084,-0.14364130984784845,1.2882528811197385,False
2025-01-23,123.04000091552734,0.0,0.044500000000000005,0.4050426171254081,7.61,O:AMD250207C00120000,4.4,O:AMD250207P00120000,0.5763202819719561,0.58270155974036,0.579511323681474,0.17446870655606583,0.2229893022411472,0.05145536609955016,19.70445976584061,-131.48554345968307,0.00673383505836881,-0.214480460694725,1.5615991950427088,0.6118367888732342,0.025862828560738547,9.849738948054553,-68.0342550596279,0.029538666257708384,-0.10883481024754217,0.7948699285938505,-0.388847486632087,0.02559253753881162,9.85472081778606,-63.451288400055184,-0.022804831199339574,-0.10564565044718284,0.7667292664488584,False
2025-01-24,122.83999633789062,0.0,0.044500000000000005,0.37131625048723316,7.5,O:AMD250207C00120000,4.4,O:AMD250207P00120000,0.6069651581242502,0.6018365367540238,0.6044010383963585,0.23308478790912535,0.21218403330465863,0.05202985678994844,18.829953140899953,-144.0290112724291,0.0056209070928976215,-0.18939030377782107,1.2473838338507863,0.6058492006208213,0.025908972823772396,9.416575788582064,-74.9937728521299,0.026556553010148868,-0.09358254227274211,0.6149017280057509,-0.39366516731616263,0.026120883966176043,9.41337735231789,-69.03523842029922,-0.020935645917251246,-0.09580776150507897,0.6324821058450355,False
2025-01-27,115.01000213623047,0.0,0.0444,0.4294615534012768,4.2,O:AMD250207C00120000,8.9,O:AMD250207P00120000,0.7136705475868216,0.7018203970059085,0.7077477022409442,0.2782861488396674,-0.18876898729825076,0.050413296885191916,16.85418128298019,-165.45405017159985,-0.012432257725866388,0.40827380455334106,2.1197653254029567,0.4068249098371639,0.025014402116519348,8.433368801617803,-86.15200568760604,0.01521033348194428,0.201484597777654,1.0322744755824933,-0.5955938971354147,0.025398894768672572,8.420812481362386,-79.30204448399381,-0.02764259120781067,0.20678920677568702,1.0874908498204634,False
2025-01-28,114.16999816894531,0.0,0.0444,0.4291404478648853,3.45,O:AMD250207C00120000,9.19,O:AMD250207P00120000,0.7040025570414413,0.7142509660681079,0.7091293880283834,0.2799889401634981,-0.25092780073003096,0.05255569850334378,15.421182657511668,-170.40335722465198,-0.013107436999962065,0.4770593419742506,3.104453482629742,0.3733139149480448,0.026440634281655134,7.702638927370262,-87.14637409314204,0.01243531713843278,0.24124279404943771,1.5855255985741727,-0.6242417156780757,0.026115064221688647,7.7185437301414055,-83.25698313150995,-0.025542754138394845,0.2358165479248129,1.518927884055569,False
2025-01-29,117.3499984741211,0.0,0.0443,0.44378239073501763,4.9,O:AMD250207C00120000,7.27,O:AMD250207P00120000,0.7702013385776183,0.7531395981492344,0.7616715930163861,0.31788920228136847,-0.08184954454974996,0.053284354111943606,15.523058768703514,-211.85819373993547,-0.006048623313339078,0.23940527697112735,0.48137151721254245,0.4600962166056139,0.02635082212198849,7.763581460080568,-109.80616344981398,0.013636747310171575,0.11779391112365244,0.23082603884166022,-0.5419457611553639,0.026933531989955115,7.759477308622945,-102.0520302901215,-0.019685370623510653,0.1216113658474749,0.2505454783708822,False
2025-01-30,118.86000061035156,0.0,0.0437,0.44110144762656206,5.0,O:AMD250207C00120000,6.24,O:AMD250207P00120000,0.7479212135048731,0.7786468150289331,0.7632842948555947,0.3221828472290326,-0.01065348994787424,0.0570135713795694,14.63224338746101,-233.99334907622614,-0.0029776842432627463,0.1371225623744371,0.033727389262599466,0.4936204285813364,0.02907954440460182,7.315863863927951,-117.25093971598976,0.012778982010109437,0.07007926946951723,0.02055420092371574,-0.5042739185292107,0.02793402697496758,7.31637952353306,-116.74240936023638,-0.015756666253372183,0.06704329290491985,0.013173188338883724,False
2025-01-31,115.94999694824219,0.0,0.0437,0.4468858673617811,3.6,O:AMD250207C00120000,7.5,O:AMD250207P00120000,0.806761403773746,0.799496530796965,0.803129676449299,0.3562438090875179,-0.18909823133955028,0.05911203567247324,12.66379925569506,-254.85794176235498,-0.006552765743400565,0.3402216015890569,1.3295787016596363,0.4060687820703389,0.029433610940958855,6.334314240874745,-130.679298828214,0.008627713103538139,0.16888390803507844,0.6555667326155347,-0.5951670134098892,0.029678424731514382,6.329485014820315,-124.17864293414097,-0.015180478846938704,0.17133769355397846,0.6740119690441015,True
2025-02-03,114.2699966430664,0.0,0.0437,0.44919136838882806,7.15,O:AMD250307C00116000,8.33,O:AMD250307P00116000,0.5491208505058179,0.5442703488953834,0.5466956008106469,0.09750423242181888,0.01592567909825293,0.04137889354244377,28.131378220448806,-80.14437433957579,-0.013009688288482375,0.21706019718107367,-0.15277393113917512,0.5082260477981003,0.0205973917325846,14.065503832233995,-42.7746445020359,0.0484999893102919,0.10811181427505082,-0.0786181213505512,-0.4923003686998474,0.02078150180985917,14.06587438821481,-37.369729837539886,-0.06150967759877427,0.10894838290602284,-0.07415580978862392,False
2025-02-04,119.5,0.0,0.0436,0.4576556591171037,9.55,O:AMD250307C00116000,5.6,O:AMD250307P00116000,0.5231623363115536,0.5239368662537086,0.5235495923936367,0.06589393327653303,0.22985320149990063,0.04044947226828209,27.601556320181572,-79.70220630662061,0.011242123981050324,-0.19570168865816467,2.0643400580807567,0.614964494891107,0.02023911040716704,13.800378437777846,-42.33986524658261,0.058356345801912825,-0.09807819408854306,1.0349183876775472,-0.3851112933912064,0.020210361861115047,13.801177882403724,-37.362341060038,-0.0471142218208625,-0.09762349456962162,1.0294216704032093,False
2025-02-05,112.01000213623047,0.0,0.0435,0.4853977581418826,3.7,O:AMD250307C00116000,7.83,O:AMD250307P00116000,0.39440837594558315,0.4391332603810737,0.41680718331336986,-0.06859057482851272,-0.15267544700280844,0.05692974789893044,25.91768385325452,-60.62984965262772,-0.024995472110660527,0.595802442934477,3.8246999330248554,0.4170288246523757,0.029899600176105788,12.916571766978649,-31.048037505826393,0.037549634519206745,0.32262518128581635,2.2369224295114405,-0.5697042716551841,0.02703014772282465,13.001112086275871,-29.581812146801326,-0.06254510662986727,0.27317726164866074,1.5877775035134152,False
2025-02-06,110.16000366210938,0.0,0.0437,0.4852275920879403,2.74,O:AMD250307C00116000,8.54,O:AMD250307P00116000,0.38400413423722185,0.41608425991035397,0.4000988102853298,-0.08512878180261052,-0.2801327982546812,0.058880405366581685,23.788409851986447,-55.27261207999325,-0.03511619173468206,0.8887695318974924,10.17221815040226,0.3528215867894948,0.03042012100937163,11.813088965920644,-28.796392358849257,0.03010568941066833,0.4726261684168279,5.676936013656267,-0.632954385044176,0.028460284357210056,11.975320886065804,-26.476219721144,-0.0652218811453504,0.41614336348066455,4.495282136745994,False
2025-02-07,107.55999755859375,0.0,0.0437,0.4705608958575437,1.85,O:AMD250307C00116000,10.0,O:AMD250307P00116000,0.3867141440763937,0.3977490642992858,0.3922479598283768,-0.07831293602916689,-0.44956145511330503,0.056174616502951163,20.228519162182145,-47.35909485030909,-0.047781610328908666,1.204632607985613,21.803975344820657,0.27189664580686757,0.02831547969501543,10.0541417152338,-25.692066841161264,0.021742224253314704,0.6143578024153623,11.30154188517984,-0.7214581009201726,0.027859136807935732,10.174377446948347,-21.667028009147828,-0.06952383458222337,0.5902748055702506,10.502433459640816,False
2025-02-10,110.4800033569336,0.0,0.0438,0.4570810012287046,2.44,O:AMD250307C00116000,7.7,O:AMD250307P00116000,0.3680655237245845,0.37899090578125566,0.37353595764338976,-0.08354504358531484,-0.3049171816046994,0.06521656595567409,22.414387043718317,-53.60493956512249,-0.03304435609913511,0.9785449511406761,11.640960576057054,0.34486945141195113,0.032992738210531884,11.175421653070202,-28.839549885647415,0.02688739622397729,0.5007109011089225,6.063844224894363,-0.6497866330166505,0.0322238277451422,11.238965390648115,-24.76538967947508,-0.059931752323112396,0.47783405003175355,5.57711635116269,False
2025-02-11,111.0999984741211,0.0,0.0438,0.4554254986490818,2.53,O:AMD250307C00116000,7.05,O:AMD250307P00116000,0.3670491480513932,0.36545900477177645,0.3662542434811592,-0.08917125516792257,-0.2811645827377378,0.06876450513245129,22.204712276736373,-55.140207482764055,-0.02915527479509969,0.9349483909812913,9.994556091846658,0.3597893816000237,0.03431991899062281,11.106329265706846,-30.17596673360009,0.026744714104834005,0.4658288214305699,4.965891646856515,-0.6409539643377615,0.03444458614182848,11.09838301102953,-24.964240749163967,-0.055899988899933695,0.4691195695507214,5.0286644449901425,False
2025-02-12,111.72000122070312,0.0,0.0438,0.4551776238145805,2.73,O:AMD250307C00116000,7.5,O:AMD250307P00116000,0.37562874966805915,0.4502091273297259,0.41309107913076887,-0.04208654468381162,-0.2142697186820806,0.0646111597085989,22.299321928157788,-66.80699148459897,-0.023049985117312204,0.7147951180832761,5.745090880394818,0.37969961343155195,0.03492427896984692,11.045783264741507,-32.49067871152392,0.026775027844970302,0.4092452544980675,3.6369971205306486,-0.5939693321136326,0.029686880738751975,11.25353866341628,-34.31631277307505,-0.049825012962282506,0.3055498635852086,2.1080937598641687,False
2025-02-13,111.80999755859375,0.0,0.0437,0.43639663210064356,2.64,O:AMD250307C00116000,5.9,O:AMD250307P00116000,0.3762722326266874,0.3187830098199534,0.34770578826367854,-0.08869084383696502,-0.2714837653974211,0.07712589394234351,21.1513421280914,-56.24669115358766,-0.024694983584941765,0.9493692418581179,9.420475870764355,0.3777658396628805,0.035852300366452275,10.707791704915502,-33.459159439642534,0.02514158578439809,0.4102611527824439,3.598776796520476,-0.6492496050603016,0.04127359357589124,10.443550423175896,-22.787531713945132,-0.049836569369339855,0.539108089075674,5.821699074243878,False
2025-02-14,113.0999984741211,0.0,0.0437,0.4378474099187627,2.85,O:AMD250307C00116000,5.6,O:AMD250307P00116000,0.36082958582825314,0.3748793901866167,0.36785866068899636,-0.06998874922976633,-0.1650310412328635,0.07694365649766322,21.543497912432787,-65.3855098132377,-0.016139887209297304,0.6330278360722441,3.642223347497259,0.41526226891199747,0.03916091302524922,10.758974171731579,-34.53798831085075,0.0262596202263732,0.32640534853280234,1.9276917949579069,-0.580293310144861,0.03778274347241399,10.784523740701209,-30.847521502386954,-0.0423995074356705,0.3066224875394417,1.7145315525393519,False
2025-02-18,114.27999877929688,0.0,0.0438,0.4284933897906968,3.2,O:AMD250307C00116000,4.87,O:AMD250307P00116000,0.3729782332946448,0.3935398996707501,0.3832616976618767,-0.04523169212882011,-0.08142889592887226,0.07984310060865452,20.601864555936913,-75.76903128477687,-0.008963651732363628,0.39242684471695466,1.043467916305695,0.45727048890633415,0.04097172777498492,10.295585075407693,-39.36743484235692,0.025307115947710974,0.20421479610106336,0.5688262262965623,-0.5386993848352064,0.038871372833669586,10.306279480529218,-36.40159644241996,-0.0342707676800746,0.18821204861589128,0.4746416900091327,False
2025-02-19,114.69000244140625,0.0,0.0438,0.42771536148885325,3.2,O:AMD250307C00116000,4.2,O:AMD250307P00116000,0.3699267001243165,0.3630656468084915,0.3664963454425335,-0.06121901604631974,-0.06054275616888821,0.08674394739344413,19.91144842053103,-75.99525905801227,-0.006830308977532975,0.33853061772475745,0.6436786054330084,0.47030921672156595,0.042970805119459644,9.956827853574383,-40.89701466794959,0.024161792959053456,0.1669280432345805,0.31121342155480125,-0.5308519728904542,0.04377314227398449,9.954620566956649,-35.09824439006268,-0.03099210193658643,0.17160257449017693,0.3324651838782071,False
2025-02-20,114.16999816894531,0.0,0.0437,0.4241035274036358,2.71,O:AMD250307C00116000,4.7,O:AMD250307P00116000,0.36062211588122467,0.40104046249446995,0.38084711502790447,-0.04325641237573136,-0.10864079663935244,0.08725060187269193,18.854221362445564,-81.38780178705672,-0.008648758535208915,0.4506513717981202,1.478781010125011,0.44114603558218957,0.045872152486104135,9.412340049775192,-40.96269210430644,0.020802065984968893,0.2444535166855047,0.8633651924415096,-0.549786832221542,0.041378449386587794,9.441881312670372,-40.425109682750275,-0.029450824520177808,0.20619785511261554,0.6154158176835014,False
2025-02-21,110.83999633789062,0.0,0.0436,0.4336609636161294,1.57,O:AMD250307C00116000,6.2,O:AMD250307P00116000,0.38944714347508846,0.3456379739439802,0.3677755163669587,-0.06588544724917067,-0.42654329620326115,0.08404161931139566,15.024592433289925,-67.26795540535826,-0.021844467217905478,1.1836571996989065,14.813814684143752,0.29964070978303214,0.04041244006960223,7.672838568600114,-39.03047863000516,0.01255641872025146,0.5380697939368567,6.242422218491221,-0.7261840059862933,0.04362917924179343,7.351753864689812,-28.23747677535311,-0.03440088593815694,0.6455874057620498,8.571392465652531,False
2025-02-24,108.11000061035156,0.0,0.0436,0.43904880137928565,0.89,O:AMD250307C00116000,8.15,O:AMD250307P00116000,0.4103505017190888,0.32248802611350674,0.3690256016790868,-0.07002319970019882,-0.6664851619485694,0.06624352745202981,10.133839658365332,-49.206118319724794,-0.028962039737517875,1.4125755892411953,28.527295787094562,0.19780494582280822,0.03317174873231747,5.681945242453752,-33.535815740412474,0.007319533147726558,0.6282784957135906,10.904260491374899,-0.8642901077713776,0.03307177871971234,4.451894415911581,-15.670302579312324,-0.03628157288524443,0.7842970935276046,17.623035295719664,False
2025-02-25,103.95999908447266,0.0,0.0434,0.4025262747679408,0.39,O:AMD250307C00116000,12.15,O:AMD250307P00116000,0.45939785250175563,0.41924531751792693,0.44019559170007705,0.037669316932136265,-0.8208192747835048,0.039616673620514783,5.98291291543603,-37.315341034976576,-0.031070593985717668,1.0433639295089738,26.01720220484327,0.10009082929390717,0.02063768323121454,3.252908767909259,-23.971144217640244,0.0031795055624630805,0.5209928768367398,12.362420032941612,-0.9209101040774119,0.01897899038930024,2.7300041475267713,-13.344196817336332,-0.03425009954818075,0.522371052672234,13.654782171901656,False
2025-02-26,104.73999786376953,0.0,0.0435,0.40469595868618996,0.35,O:AMD250307C00116000,11.35,O:AMD250307P00116000,0.45297235617781434,0.40899307926851836,0.43208571240901955,0.02738975372282959,-0.8289206058378903,0.04134490559079668,5.443918875467441,-38.163747892338534,-0.027366984023526435,1.0398789247773548,24.911925739892553,0.09701175256797356,0.02170667812398617,2.9963165004292582,-24.857252778888036,0.0027252807657583587,0.5207445157733606,11.80640420983183,-0.9259323584058639,0.019638227466810508,2.4476023750381826,-13.3064951134505,-0.030092264789284794,0.5191344090039942,13.10552153006072,False
2025-02-27,99.51000213623047,0.0,0.0438,0.41750942727745166,0.11,O:AMD250307C00116000,14.62,O:AMD250307P00116000,0.5325731778838321,1.0,0.00010000000000000002,-0.4174094272774517,-0.7835475460901904,0.02662252543298204,5.235715790286889,-94.10851954813381,-0.02282438294920304,0.5553933742996291,11.565135446168863,0.03498712542519058,0.00944623509835778,1.1861024992558626,-13.413088642767754,0.0008027545061431605,0.27475102112809746,7.6446592013072046,-0.818534671515381,0.01717629033462426,4.049613291031027,-80.69543090536607,-0.0236271374553462,0.2806423531715316,3.920476244861658,False
2025-02-28,99.86000061035156,0.0,0.0438,0.41263790008651874,0.06,O:AMD250307C00116000,16.38,O:AMD250307P00116000,0.5185637276899591,0.7189249645852706,0.6409542624473572,0.22831636236083847,-0.8996262460402515,0.021751718944436286,2.8022010318206987,-42.298252646421595,-0.021086642356878557,0.5229221043228234,12.20774801207573,0.022606079564947677,0.00736236663024458,0.7553916302264353,-9.967559239446507,0.0004360006188796295,0.21496236285912446,6.05548942071086,-0.9222323256051992,0.014389352314191707,2.0468094015942633,-32.33069340697509,-0.021522642975758188,0.3079597414636989,6.152258591364871,True
2025-03-03,98.2300033569336,0.0,0.0438,0.409409672163746,4.7,O:AMD250404C00100000,6.2,O:AMD250404P00100000,0.43966435522779596,0.4517654071798679,0.44571506344676015,0.03630539128301413,-0.02452994032688094,0.05903459677311988,24.175926702469113,-55.988838579922,-0.012675786781576368,0.3011985125629949,0.28108897174177916,0.48682402109952183,0.02991591896703304,12.087114176056664,-29.788622384034213,0.04106735735889343,0.15300647522377034,0.1532184704537385,-0.5113539614264028,0.02911867780608684,12.08881252641245,-26.200216195887787,-0.053743144140469795,0.14819203733922456,0.12787050128804064,False
2025-03-04,100.75,0.0,0.043899999999999995,0.4253765855195168,6.05,O:AMD250404C00100000,4.8,O:AMD250404P00100000,0.45223762670413115,0.443895409494967,0.4480665875196458,0.022690002000128995,0.12119829669500015,0.057833188284918034,24.00487744884213,-58.9827281723671,0.0012419346435115358,-0.030165681603012747,0.14002339515636716,0.5605362900002747,0.028648108691425724,12.002730472898369,-31.950087980108034,0.046021933254092734,-0.013693506179310925,0.06349010939056579,-0.43933799330527457,0.02918507959349231,12.00214697594376,-27.032640192259066,-0.0447799986105812,-0.016472175423701822,0.07653328576580137,False
2025-03-05,101.66999816894531,0.0,0.0438,0.3842048179097426,6.4,O:AMD250404C00100000,4.45,O:AMD250404P00100000,0.448040908038698,0.4567292552689829,0.4523854433357716,0.06818062542602898,0.17363106298298714,0.05732157304646178,23.3988680898386,-60.92297297258586,0.005939187969132981,-0.14759795699551553,0.9727448763484783,0.5871360238983774,0.028930837701136934,11.697322108353557,-32.35022471646468,0.04652661136677527,-0.076307811679696,0.504729165637242,-0.41350496091539024,0.028390735345324842,11.701545981485046,-28.57274825612118,-0.04058742339764229,-0.07129014531581952,0.4680157107112362,False
2025-03-06,98.8499984741211,0.0,0.0438,0.3348107592802756,5.06,O:AMD250404C00100000,5.59,O:AMD250404P00100000,0.4766826979496337,0.4542235253794789,0.4654529890835286,0.13064222980325302,0.006565637950834091,0.06010553823178452,22.767187822035453,-63.144268861881145,-0.008334155582148763,0.2163328130459327,-0.05037450425551301,0.5044968251121407,0.029326959698208647,11.383308842428201,-34.520014778808566,0.03734125866044495,0.10572421825701121,-0.034006791219356625,-0.4979311871613066,0.030778578533575875,11.383878979607251,-28.624254083072582,-0.04567541424259371,0.11060859478892147,-0.016367713036156382,False
2025-03-07,100.30999755859375,0.0,0.0438,0.34017216878063467,5.5,O:AMD250404C00100000,4.75,O:AMD250404P00100000,0.4599579360512077,0.4516547732974802,0.45580634047389035,0.11563417169325568,0.09185927872059696,0.06153834819813778,22.397937091094576,-64.27210184099992,-0.0008219015680975897,0.022633802163232707,-0.07380643359105196,0.5459766530959635,0.030488500762168483,11.198815250019232,-34.60908982946391,0.03910072757071838,0.012127398854824802,-0.039583909210154984,-0.4541173743753666,0.031049847435969294,11.199121841075343,-29.66301201153601,-0.03992262913881597,0.010506403308407903,-0.034222524380896985,False
2025-03-10,96.62999725341797,0.0,0.0437,0.3528750683060366,3.85,O:AMD250404C00100000,7.2,O:AMD250404P00100000,0.4868759885805888,0.5164203130835867,0.5016581394135953,0.14878307110755867,-0.12417958257050171,0.05926424270849334,20.91267054943623,-68.56609504950114,-0.01737857070363854,0.46254060105154704,1.9225619981518298,0.4344980899904955,0.03046464552990801,10.442187344439377,-35.38180434766751,0.02875299347640893,0.2413832150313606,1.0563429120560075,-0.5586776725609972,0.02879959717858533,10.47048320499685,-33.18429070183364,-0.04613156418004747,0.22115738602018647,0.8662190860958223,False
2025-03-11,96.76000213623047,0.0,0.0437,0.33291702220170927,3.7,O:AMD250404C00100000,6.58,O:AMD250404P00100000,0.48056868861864593,0.47581522081976785,0.47819224886298184,0.14527522666127257,-0.13451413574035803,0.06360403729277771,20.339508916454868,-67.06539416200829,-0.01663970575828237,0.4888408164091741,2.1415552093105217,0.4333238334142882,0.031651912005564636,10.172299150275657,-35.89000097773885,0.027306010747745604,0.24257433618555124,1.0533540232650258,-0.5678379691546462,0.03195212528721307,10.167209766179212,-31.17539318426944,-0.04394571650602797,0.24626648022362282,1.0882011860454959,False
2025-03-12,100.79000091552734,0.0,0.0436,0.3723926419598643,5.4,O:AMD250404C00100000,4.2,O:AMD250404P00100000,0.46612354661983424,0.4548608596169807,0.460492342543602,0.08809970058373767,0.11939240944520335,0.06545487189897897,20.652987553655763,-70.59603447959351,0.0016416880148378554,-0.05246249336031266,0.2063173636425496,0.5595486174014109,0.03232905212281251,10.327074083855322,-37.90142050853193,0.03440267445328946,-0.02433851410496453,0.09545961777237237,-0.4401562079562076,0.033125819776166465,10.325913469800442,-32.694613971061585,-0.03276098643845161,-0.028123979255348132,0.11085774587017723,False
2025-03-13,98.11000061035156,0.0,0.0437,0.378198133272477,3.85,O:AMD250404C00100000,5.45,O:AMD250404P00100000,0.4640602050197738,0.46274547746719585,0.46340281102657316,0.08520467775409618,-0.06476923797937584,0.0694184883711744,19.659794932873325,-71.0603382748704,-0.009939371414405446,0.3398475214537715,0.682757734086344,0.4677270824263464,0.03466079949196663,9.830121874376868,-37.76101731235213,0.026691240852270984,0.16958767623030363,0.3395235983994561,-0.5324963204057223,0.034757688879207764,9.829673058496455,-33.29932096251827,-0.03663061226667643,0.17025984522346788,0.34323413568688793,False
2025-03-14,100.97000122070312,0.0,0.0437,0.39802876733394255,4.8,O:AMD250404C00100000,3.52,O:AMD250404P00100000,0.42569701744442917,0.4205124884698701,0.4231048143923284,0.025076047058385842,0.13525068073683721,0.07545194703164759,19.37214362738621,-69.08337093071853,0.003176346070892483,-0.12473888928789216,0.5234288310438062,0.5674636834894713,0.03749747706836573,9.686750122232336,-36.93252388561525,0.031248100484902733,-0.06102187373730317,0.2554283635683221,-0.4322130027526341,0.03795446996328186,9.685393505153876,-32.150847045103276,-0.02807175441401025,-0.06371701555058899,0.26800046747548406,False
2025-03-17,104.58999633789062,0.0,0.0437,0.42000475880281657,6.9,O:AMD250404C00100000,2.0,O:AMD250404P00100000,0.41985375732370384,0.41194630669029725,0.4159043372988702,-0.00410042150394635,0.40501208241721653,0.06756988501284497,17.07732019681051,-65.3856650384009,0.01858900678712118,-0.7223225570183472,9.467939364323476,0.701078323951144,0.03353779751530346,8.557371235001153,-35.238406749384254,0.03690321074145813,-0.354310306688373,4.607483398515903,-0.29606624153392747,0.03403208749754151,8.51994896180936,-30.14725828901664,-0.01831420395433695,-0.36801225032997426,4.8604559658075726,False
2025-03-18,103.51000213623047,0.0,0.0437,0.4172804897397525,6.05,O:AMD250404C00100000,2.24,O:AMD250404P00100000,0.4238009466291559,0.4150385226867243,0.4194231003701687,0.0021426106304162085,0.3353292509224505,0.0736670678965328,17.07612197987578,-70.57257543530352,0.013629329731396137,-0.5858288229117182,5.97129788697975,0.6663815736346574,0.03650517832694875,8.551136585163679,-37.874643903504044,0.032462422834766406,-0.2863824134744168,2.8947515885788975,-0.33105232271220697,0.03716188956958404,8.5249853947121,-32.69793153179947,-0.01883309310337027,-0.29944640943730144,3.076546298400852,False
2025-03-19,106.2300033569336,0.0,0.0437,0.4307464560826249,8.0,O:AMD250404C00100000,1.25,O:AMD250404P00100000,0.44412591938423485,0.40021868009400585,0.4224344148695469,-0.008312041213077992,0.5322335732830247,0.06269323868334008,14.202050335722365,-65.09996284705355,0.022518654417394514,-0.923503322344736,15.614973261842792,0.7560096293841261,0.030466591785736876,7.2711832305003945,-37.06785641012399,0.03443376450826183,-0.42135714832345433,6.774066211187876,-0.2237760561011014,0.0322266468976032,6.930867105221971,-28.032106436929567,-0.011915110090867313,-0.5021461740212817,8.840907050654916,False
2025-03-20,107.13999938964844,0.0,0.0436,0.4328235431406128,8.4,O:AMD250404C00100000,1.0,O:AMD250404P00100000,0.41908021816499813,0.40771941120572586,0.4134261000871659,-0.019397443053446872,0.6123114617420193,0.059373603473954525,12.297934601378724,-60.69233302926596,0.02453307722263725,-1.0334009912876265,19.98799482554024,0.8032210194200959,0.029552838050662934,6.205714316083682,-33.17559552054496,0.033897940271215884,-0.5064810186148889,9.672816699826251,-0.1909095576780766,0.029820765423291592,6.092220285295042,-27.516737508721,-0.009364863048578635,-0.5269199726727376,10.315178125713992,False
2025-03-21,106.44000244140625,0.0,0.0436,0.4218665604383978,7.83,O:AMD250404C00100000,0.98,O:AMD250404P00100000,0.4391960074631602,0.40029300670672363,0.420009223139286,-0.0018573372991118053,0.5821185719359678,0.06459244463646799,12.178451232103525,-66.80801211518053,0.021091548499227116,-0.9965902697527499,17.178337796986682,0.7813835373477096,0.03168045411286382,6.2554562725097655,-37.90172418996933,0.0298970101678432,-0.46308151064924574,7.628037350475169,-0.19926496541174177,0.032911990523604176,5.922994959593759,-28.906287925211206,-0.008805461668616083,-0.5335087591035041,9.550300446511514,False
2025-03-24,113.8499984741211,0.0,0.0435,0.4822142601475998,14.55,O:AMD250404C00100000,0.23,O:AMD250404P00100000,0.5498888002237636,0.445737103097897,0.5030476926207543,0.0208334324731545,0.8510093728426052,0.02575945194493648,5.999944159924635,-46.28434478594196,0.02932407707128337,-0.7471229723395971,23.45462614192503,0.9057628317506565,0.014201175577013173,3.6149908147743246,-31.68264418744018,0.03163253464740283,-0.3700746815179779,10.471384133042564,-0.05475345890805128,0.011558276367923307,2.38495334515031,-14.601700598501784,-0.002308457576119461,-0.37704829082161917,12.983242008882465,False
2025-03-25,114.80999755859375,0.0,0.0436,0.4568566759386738,15.0,O:AMD250404C00100000,0.15,O:AMD250404P00100000,0.37935088590861293,0.45451713847725617,0.4227320655822755,-0.0341246103563983,0.9430769386593819,0.014767062049006395,2.6294372751714845,-21.812857002635702,0.029563384452396722,-0.5486466008047388,21.405489652773554,0.9820290070150997,0.0056967630320693165,0.9043116353918758,-9.664818073715361,0.031030713618372,-0.236563121717141,10.15057528019671,-0.03895206835571774,0.009070299016937079,1.7251256397796089,-12.148038928920341,-0.0014673291659752785,-0.3120834790875978,11.254914372576845,False
2025-03-26,110.19000244140625,0.0,0.0436,0.4844930740573041,10.75,O:AMD250404C00100000,0.4,O:AMD250404P00100000,0.47842371848448423,0.4662441521905886,0.47239503335952765,-0.012098040697776424,0.802056619316347,0.040150318807146826,6.396762137608871,-57.7665785802772,0.021452394677948017,-0.8912831953775087,21.077473323069555,0.8983140750717522,0.020219186868953222,3.2625582394390316,-31.94299043778639,0.024509786145918318,-0.4427187259695471,10.342062677513216,-0.09625745575540523,0.019931131938193607,3.1342038981698392,-25.823588142490813,-0.003057391467970302,-0.4485644694079615,10.73541064555634,False
2025-03-27,106.6500015258789,0.0,0.0437,0.46231532211472576,7.18,O:AMD250404C00100000,0.65,O:AMD250404P00100000,0.3868471143132186,0.4461655654663942,0.4175998854517937,-0.04471543666293204,0.70750449114567,0.06670923781645499,7.526224423692233,-69.13280424713471,0.01610127501434579,-1.0876763600538453,18.98069183992084,0.8698865055801409,0.03324985181430466,3.4833853202410623,-32.03872019804609,0.020379380273205697,-0.5833773116487775,10.80856739917348,-0.16238201443447087,0.03345938600215033,4.042839103451171,-37.09408404908863,-0.0042781052588599065,-0.5042990484050678,8.17212444074736,False
2025-03-28,103.22000122070312,0.0,0.0438,0.4796963958028429,4.73,O:AMD250404C00100000,1.33,O:AMD250404P00100000,0.4851139825540167,0.4667401349344673,0.4759478885829449,-0.0037485072198980007,0.3965133915200769,0.10078100790443766,10.136603254063033,-123.10981829682018,0.006918276340620527,-0.6630822003581948,5.010697905233046,0.6952126611654992,0.04964629250395201,5.0912895594011545,-65.17627251927466,0.013299573756776007,-0.3193003992008088,2.3708139465364297,-0.29869926964542226,0.05113471540048565,5.045313694661878,-57.93354577754551,-0.00638129741615548,-0.34378180115738594,2.639883958696617,False
2025-03-31,102.73999786376953,0.0,0.0438,0.4755264481862447,4.1,O:AMD250404C00100000,1.26,O:AMD250404P00100000,0.47965519467205203,0.4729882298438288,0.47632421349287035,0.0007977653066256751,0.37731685418762684,0.11465967278061448,9.150248370941863,-138.75614392212282,0.005302465522730324,-0.6412473454872398,4.0845396510369785,0.6875897194100891,0.057013910577671606,4.5819309256076215,-72.1436114821173,0.010562375603705152,-0.3163014922232558,2.0021927801372943,-0.3102728652224622,0.057645762202942874,4.568317445334241,-66.61253244000552,-0.005259910080974828,-0.32494585326398406,2.0823468708996846,True
2025-04-01,102.77999877929688,0.0,0.0438,0.46772263030860184,5.65,O:AMD250502C00103000,6.1,O:AMD250502P00103000,0.4491187828677667,0.5010452889106534,0.4750785387039185,0.007355908395316635,0.06754521789364776,0.054055826529107565,24.6859676450742,-64.03674206385826,-0.004387982520200492,0.09821589977627702,-0.2587172178170416,0.5324959028629361,0.028512325270244707,12.346343814208756,-32.526519911304746,0.04479517260568649,0.0479294216799505,-0.12135958749396657,-0.4649506849692884,0.02554350125886286,12.339623830865445,-31.510222152553514,-0.04918315512588698,0.050286478096326526,-0.13735763032307502,False
2025-04-02,102.95999908447266,0.0,0.0438,0.46683876830102294,5.9,O:AMD250502C00103000,5.2,O:AMD250502P00103000,0.4726451690934855,0.4439375629915214,0.45829047825038427,-0.008548290050638674,0.07417604344475703,0.05703798320167633,24.167800341667554,-63.282749695030624,-0.003023109601849594,0.07325683504309388,-0.20759211398955033,0.5376144020139074,0.02762225444358257,12.082409334484497,-34.872724544537384,0.04317306045481053,0.03800401300868371,-0.10916870142312059,-0.4634383585691504,0.029415728758093763,12.085391007183057,-28.41002515049324,-0.04619617005666012,0.03525282203441017,-0.09842341256642974,False
2025-04-03,93.80000305175781,0.0,0.0436,0.5584909367911666,2.61,O:AMD250502C00103000,11.25,O:AMD250502P00103000,0.5333111167306548,0.5135561272454119,0.5234661500632763,-0.03502478672789022,-0.3967859403408023,0.049188579544762426,18.873377049710925,-57.05409847101633,-0.04256543534571844,0.8937797002984105,12.588820242145825,0.30601953734489706,0.024292006541804904,9.498794342508464,-31.532601732594667,0.02174552794737344,0.43486555628866325,5.971954434437986,-0.7028054776856993,0.024896573002957518,9.374582707202459,-25.52149673842166,-0.06431096329309188,0.45891414400974717,6.616865807707838,False
2025-04-04,85.76000213623047,0.0,0.0436,0.6279901625941481,1.3,O:AMD250502C00103000,17.17,O:AMD250502P00103000,0.6218316672872556,0.412183533283409,0.5327924993276596,-0.09519766326648849,-0.7577916354122634,0.030307856235855433,9.384403934518268,-28.92742392480328,-0.06623667640616926,0.9724336716748414,28.87032346431733,0.1740463429901245,0.01709864585879131,6.206311561962545,-24.907573680513188,0.010814456148123956,0.45998353369951844,10.427527080626021,-0.9318379784023878,0.01320921037706412,3.1780923725557226,-4.01985024429009,-0.07705113255429322,0.5124501379753229,18.44279638369131,False
2025-04-07,83.63999938964844,0.0,0.0436,0.6219068937946535,1.05,O:AMD250502C00103000,19.7,O:AMD250502P00103000,0.6541417346732463,0.5773768146001713,0.6175048219561576,-0.004402071838495836,-0.7408735628178537,0.029696227850668708,9.66248339279003,-36.07510552856749,-0.062365738987934224,0.8860518555516927,23.079944911470804,0.14661556995154423,0.015284784325022834,5.273661804795189,-23.36598923490635,0.008454190374759613,0.432010206490711,10.42826290476783,-0.8874891327693979,0.014411443525645875,4.38882158799484,-12.70911629366114,-0.07081992936269384,0.45404164906098177,12.651682006702975,False
2025-04-08,78.20999908447266,0.0,0.0436,0.6545191746011347,0.51,O:AMD250502C00103000,26.0,O:AMD250502P00103000,0.6900937860492574,0.9290571241443273,0.8232521520256997,0.16873297742456494,-0.7512964669434845,0.02342446740710294,8.399873106688762,-45.55496751244349,-0.06090635427986948,0.6747450823376218,16.70534989012678,0.08322031038182726,0.010617663206014599,3.201353172741007,-15.726179113589986,0.004284757427694593,0.3480322804341612,10.066295682764757,-0.8345167773253117,0.01280680420108834,5.198519933947756,-29.828788398853504,-0.06519111170756407,0.3267128019034606,6.6390542073620225,False
2025-04-09,96.83999633789062,0.0,0.0436,1.0877700435526938,3.0,O:AMD250502C00103000,10.69,O:AMD250502P00103000,0.5261925476586721,0.7165815690709469,0.6223258813977242,-0.46544416215496964,-0.2291196145872364,0.04983089109514627,19.18913707907681,-87.08717196120568,-0.024203374001533204,0.5756498977936464,4.457040989594564,0.35891002068275124,0.028237675293027082,9.400079837719092,-38.04505413459872,0.021423268512116983,0.35373190882804123,3.2152136603427985,-0.5880296352699876,0.021593215802119183,9.78905724135772,-49.042117826606955,-0.04562664251365019,0.2219179889656052,1.2418273292517652,False
2025-04-10,88.69999694824219,0.0,0.0436,1.1249376778083229,1.17,O:AMD250502C00103000,10.69,O:AMD250502P00103000,0.5831217757996622,0.7165815690709469,0.00010000000000000002,-1.1248376778083229,-0.5874161836186034,0.03914810432454252,12.682910576638479,-62.43908131828159,-0.04400684819016828,0.8653230199653097,16.13400454404643,0.1774947541935643,0.019956716973410227,5.8131965835276675,-27.33010391868706,0.00925319628907819,0.47810318036493377,9.883832770520682,-0.7649109378121677,0.019191387351132298,6.869713993110811,-35.10897739959453,-0.05326004447924647,0.38721983960037587,6.250171773525748,False
2025-04-11,93.4000015258789,0.0,0.0437,1.1370365207278657,2.0,O:AMD250502C00103000,11.5,O:AMD250502P00103000,0.5707817198345447,0.5928515417432584,0.5818632649660114,-0.5551732557618543,-0.45157974568658954,0.05026882118118625,15.183876197795115,-71.78632713396829,-0.03314139817629961,0.8502472098338067,11.635588600251744,0.26952042064037607,0.025398829059109642,7.527802836629552,-37.105220073650166,0.013793576011349262,0.4361150145961838,6.10447605226968,-0.7211001663269656,0.024869992122076613,7.656073361165564,-34.681107060318126,-0.04693497418764887,0.41413219523762296,5.531112547982063,False
2025-04-14,94.5,0.0,0.0434,1.129701984454826,1.95,O:AMD250502C00103000,9.25,O:AMD250502P00103000,0.543809094542113,0.40714353361674704,0.47823110914826406,-0.6514708753065619,-0.5172322939769156,0.059007247757806754,13.796577017572378,-57.13610726799334,-0.03337691765601028,1.0843704463472281,17.592988685492482,0.2779120725683374,0.02768987190699497,7.470652318707309,-37.61864884090096,0.013507050476504388,0.44236055211385455,5.804008651807423,-0.795144366545253,0.031317375850811784,6.325924698865069,-19.517458427092382,-0.04688396813251467,0.6420098942333736,11.788980033685059,False
2025-04-15,95.29000091552734,0.0,0.0435,1.130002582805702,1.43,O:AMD250502C00103000,8.72,O:AMD250502P00103000,0.4616015016443576,0.43376138625868527,0.4478004064857961,-0.682202176319906,-0.5115491054028367,0.06478754406733005,13.580296886738278,-56.3952238985495,-0.030382606801121242,1.1147058390699855,16.74323276000993,0.2519783412839675,0.03194091690528559,6.906405371737324,-31.881419859119088,0.011648937017117073,0.5344572948746352,7.730158020343929,-0.7635274466868043,0.03284662716204446,6.673891515000954,-24.51380403943042,-0.042031543818238315,0.5802485441953503,9.013074739666004,False
2025-04-16,88.29000091552734,0.0,0.0435,1.1522728726107745,0.39,O:AMD250502C00103000,17.09,O:AMD250502P00103000,0.5011732553360664,0.9397643134839242,0.7518782051086428,-0.4003946675021317,-0.6476608817788194,0.034904928059573,9.418584240639793,-75.17921134639657,-0.03555332373581041,0.7636080590291876,15.726318061308067,0.09086619935241746,0.016937914992211665,3.1510230785300295,-16.913706277857344,0.003634560392388299,0.47148842261883184,12.131018619145596,-0.7385270811312369,0.017967013067361332,6.2675611621097636,-58.26550506853923,-0.03918788412819871,0.2921196364103558,3.5952994421624704,False
2025-04-17,87.5,0.0,0.0436,1.1508365572812418,0.28,O:AMD250502C00103000,15.98,O:AMD250502P00103000,0.5070444259916943,0.63295621237904,0.5762864564180374,-0.5745501008632043,-0.8045227303598697,0.03238046247748682,6.233566081399621,-37.83869088854545,-0.03782591777664181,0.8381439737815791,20.095829008945675,0.0709722417574131,0.014639534039767957,2.4807415291513064,-14.666607170483404,0.0025885231226790172,0.4213865344612009,11.313183980916593,-0.8754949721172828,0.01774092843771886,3.752824552248315,-23.172083718062044,-0.04041444089932082,0.41675743932037823,8.782645028029082,False
2025-04-21,85.55999755859375,0.0,0.0435,1.1519556719786685,0.2,O:AMD250502C00103000,18.88,O:AMD250502P00103000,0.5811648912906621,1.0115706093984858,0.8381637732744216,-0.31379189870424695,-0.7543307128118011,0.02818313821304734,6.167514759314211,-73.24237959458783,-0.029864476409482133,0.606257305617989,12.390017559247383,0.05261425906421252,0.011429452247214792,1.7366339360141323,-14.316912317547624,0.0015363128132433004,0.31968697574074806,8.374066329136127,-0.8069449718760136,0.016753685965832547,4.430880823300079,-58.925467277040205,-0.031400789222725434,0.2865703298772409,4.015951230111255,False
2025-04-22,86.26000213623047,0.0,0.0433,1.1167832526801598,0.14,O:AMD250502C00103000,16.92,O:AMD250502P00103000,0.5551538079308935,0.6575698677402552,0.6120069260120393,-0.5047763266681204,-0.8837244245037041,0.02440082157943539,3.5367342839111524,-30.373869149712377,-0.029615895474770976,0.6284321104244263,15.237345297671954,0.04183768282976448,0.01047447195528633,1.3735796143793875,-12.160334442173411,0.0011012440032604487,0.29438773066350093,7.826302867615648,-0.9255621073334687,0.013926349624149063,2.163154669531765,-18.213534707538965,-0.030717139478031424,0.3340443797609253,7.411042430056307,False
2025-04-23,90.38999938964844,0.0,0.0433,1.1348014226784733,0.24,O:AMD250502C00103000,11.5,O:AMD250502P00103000,0.5158232658796729,1.0,0.00010000000000000002,-1.1347014226784733,-0.683994583570538,0.03845757717832317,6.790876935278517,-100.93379034680927,-0.021267264068038968,0.6808969482546291,11.87241560973812,0.07185758113366535,0.017629483120648767,2.0638530540296536,-19.433352058007067,0.0017375574207815789,0.41114789761590725,9.056133514739201,-0.7558521647042034,0.020828094057674402,4.727023881248863,-81.5004382888022,-0.023004821488820548,0.26974905063872184,2.816282094998918,False
2025-04-24,94.47000122070312,0.0,0.0434,1.1446817512191128,0.44,O:AMD250502C00103000,9.57,O:AMD250502P00103000,0.47666129117814887,0.6647870320875174,0.5780294474959373,-0.5666523037231754,-0.6523101706334398,0.06084753918807874,7.3757306118382715,-87.6518267164107,-0.01705565300381383,0.9237435939900595,13.18673822232364,0.1303975396678722,0.03050994177320747,3.0902229632823577,-31.448316680588672,0.0028282513646668028,0.5328326049482734,8.734235428046702,-0.782707710301312,0.030337597414871267,4.285507648555914,-56.20351003582203,-0.019883904368480636,0.390910989041786,4.452502794276938,False
2025-04-25,96.6500015258789,0.0,0.0434,1.1443338770274571,0.55,O:AMD250502C00103000,7.23,O:AMD250502P00103000,0.4539701565960523,0.564003536057522,0.511271053481102,-0.6330628235463551,-0.6023533892549694,0.08032761105603295,7.558314246393389,-94.96753435166795,-0.013094733331470458,1.0103816116684778,11.86139584833973,0.17114111741716387,0.04112053489307609,3.4598657942060953,-40.275030827068775,0.0031727756467280787,0.567435895177886,7.336249153718571,-0.7734945066721333,0.039207076162956864,4.098448452187293,-54.69250352459917,-0.016267508978198536,0.44294571649059183,4.52514669462116,False
2025-04-28,96.38999938964844,0.0,0.0435,1.139006085199197,0.37,O:AMD250502C00103000,7.5,O:AMD250502P00103000,0.4595511001018142,0.6454776745936677,0.559497144329548,-0.579508940869649,-0.6436500523157238,0.07677510214193714,6.243614720076192,-108.49309489476624,-0.011097052087279333,0.9388982055530904,10.99123569064891,0.1346446112058053,0.0388343347976991,2.631922434956712,-38.64780492521027,0.0020013323796741296,0.5482863977598628,7.35552835731085,-0.7782946635215291,0.03794076734423805,3.61169228511948,-69.84528996955596,-0.013098384466953463,0.3906118077932277,3.6357073333380607,False
2025-04-29,96.05999755859375,0.0,0.0435,1.1389640902447904,0.23,O:AMD250502C00103000,7.0,O:AMD250502P00103000,0.4821158762715987,0.4073157557165847,0.4478896897792817,-0.6910744004655087,-0.8391610429910473,0.06309575232411169,3.1054938197936837,-55.02218048838683,-0.010457119969165115,0.9594031208101591,14.197048408918437,0.09853673253314654,0.03435878350251865,1.8196801960946531,-37.248203480984046,0.0010994569388768896,0.48346731949801625,6.536385339275663,-0.9376977755241939,0.028736968821593035,1.2858136236990303,-17.773977007402785,-0.011556576908042005,0.47593580131214286,7.660663069642774,False
2025-04-30,97.3499984741211,0.0,0.0435,1.140125069246387,0.3,O:AMD250502C00103000,7.8,O:AMD250502P00103000,0.5456101348588938,1.248122423819193,0.9338425637722017,-0.20628250547418525,-0.5437740082203559,0.07788836428986087,4.957299038678277,-306.20959038899474,-0.004844158640517272,0.6170273030218476,5.087832460185968,0.12939411972863907,0.04456200961620354,1.8287256223891992,-63.39448621253545,0.0009759140760431741,0.455209764356067,4.458164886622286,-0.6731681279489949,0.03332635467365733,3.1285734162890777,-242.8151041764593,-0.005820072716560446,0.1618175386657806,0.6296675735636825,True
2025-05-01,96.6500015258789,0.0,0.0438,1.140341587160055,7.37,O:AMD250606C00097000,6.63,O:AMD250606P00097000,0.5926993470309373,0.5397605516674838,0.5662248610198498,-0.5741167261402053,0.07641659891431529,0.045280939189386,24.656242464400542,-67.3667256984042,-0.006824314506214353,0.12053425895782058,-0.3590106310210802,0.5398039510785522,0.02157339465428812,12.323369622859339,-37.35889507017048,0.04622434008257281,0.06057133638777762,-0.1879290915882183,-0.4633873521642369,0.023707544535097876,12.332872841541203,-30.007830628233712,-0.053048654588787165,0.05996292257004295,-0.17108153943286195,False
2025-05-02,98.80000305175781,0.0,0.0438,1.0937564056124143,7.55,O:AMD250606C00097000,5.45,O:AMD250606P00097000,0.5202114784321161,0.5301620842503538,0.5251870885252952,-0.5685693170871191,0.1742395419269125,0.04765566357752718,24.2350089057527,-64.33332840968076,0.004181415946543497,-0.08118447241514276,0.5562261870039753,0.5873216397431985,0.024050843158378625,12.116121526532455,-33.97775451578623,0.050076765673602586,-0.042518409033029655,0.29196343896081806,-0.413082097816286,0.023604820419148558,12.118887379220247,-30.355573893894533,-0.04589534972705909,-0.0386660633821131,0.2642627480431572,False
2025-05-05,100.58999633789062,0.0,0.0438,1.0407308764424323,9.15,O:AMD250606C00097000,4.65,O:AMD250606P00097000,0.5751943637586409,0.5321341161502324,0.5536847900032997,-0.4870460864391326,0.2532239121500969,0.044127675859450786,23.51001097469459,-68.85372240487553,0.011115992757942707,-0.20889952709362716,2.0985098482910263,0.624373187805043,0.02124790962349257,11.7774458971257,-37.915302136725536,0.05110066349979596,-0.09199875119534982,0.9052806582709223,-0.37114927565494615,0.022879766235958218,11.732565077568891,-30.93842026814999,-0.03998467074185325,-0.11690077589827734,1.193229190020104,False
2025-05-06,98.62000274658203,0.0,0.0437,1.0386230945596928,7.65,O:AMD250606C00097000,5.15,O:AMD250606P00097000,0.5615389398178062,0.5190824887658738,0.5403145870029925,-0.4983085075567003,0.16454810864352576,0.048580612234571455,23.264791778669423,-69.01369804750031,0.0031284882264482616,-0.06484365053898511,0.4020404178183462,0.5815917214089511,0.023344770399068907,11.636618606797253,-37.96940454880135,0.0453671140771041,-0.025262628628999466,0.15502623305314314,-0.41704361276542534,0.025235841835502544,11.62817317187217,-31.044293498698963,-0.04223862585065584,-0.03958102190998565,0.24701418476520304,False
2025-05-07,100.36000061035156,0.0,0.0437,1.0001103529977282,7.05,O:AMD250606C00097000,4.28,O:AMD250606P00097000,0.4278952724166509,0.5138942326671245,0.4710318240880966,-0.5290785289096316,0.26912556246908104,0.05426988247699191,22.2969281908673,-60.85407093666191,0.013688401408753013,-0.33401525355277106,3.450998930965051,0.6415974618162289,0.02943945787987881,11.076709020084143,-29.651180417302715,0.050059360178908274,-0.20628602954001826,2.218847422086292,-0.37247189934714786,0.024830424597113102,11.220219170783157,-31.202890519359194,-0.03637095877015526,-0.12772922401275283,1.2321515088787593,False
2025-05-08,101.69999694824219,0.0,0.0437,0.5492109572605606,9.62,O:AMD250606C00097000,2.7,O:AMD250606P00097000,0.5959775880536227,0.4214954907686658,0.5096215178132057,-0.039589439447354824,0.33310702511718693,0.04993101475209724,21.326860559218158,-66.27486835502935,0.01796415286487995,-0.4327726344733025,5.719993541030243,0.6488485161527974,0.02119470556639004,10.887243837978883,-41.39459682398303,0.0469732434271758,-0.130775893553758,1.46745265707043,-0.31574149103561044,0.0287363091857072,10.439616721239275,-24.88027153104632,-0.02900909056229585,-0.30199674091954454,4.2525408839598136,False
2025-05-09,102.83999633789062,0.0,0.0437,0.44261261700578197,8.6,O:AMD250606C00097000,2.41,O:AMD250606P00097000,0.43803146958682376,0.4365943301351181,0.43731301679611206,-0.005299600209669908,0.4274477716931788,0.05370632036352731,19.713800881980468,-55.75282229763944,0.02614978355203653,-0.6863383851166422,11.220818884497707,0.7134772959643274,0.026820019287512025,9.860931875231111,-30.04283433849004,0.051407938495348846,-0.34202430327767797,5.584485899819782,-0.2860295242711486,0.026886301076015282,9.852869006749359,-25.709987959149398,-0.025258154943312315,-0.3443140818389643,5.636332984677925,False
2025-05-12,108.12000274658203,0.0,0.0438,0.44041714252285313,12.32,O:AMD250606C00097000,1.13,O:AMD250606P00097000,0.3966001753321334,0.43280880466021404,0.4150844568014146,-0.02533268572143854,0.7016871739588142,0.03770510441838459,13.780802697884667,-40.70271060598846,0.047059998584828885,-1.0378000245377788,32.133836101162984,0.8602361341875052,0.01888191131984586,6.600305106634521,-20.893532433749584,0.060836743278975404,-0.5451417208969268,17.50131484748096,-0.15854896022869103,0.018823193098538728,7.180497591250145,-19.80917817223887,-0.01377674469414652,-0.49265830364085195,14.632521253682022,False
2025-05-13,112.45999908447266,0.0,0.043899999999999995,0.45514908931676146,16.47,O:AMD250606C00097000,0.6,O:AMD250606P00097000,0.46548264983716137,0.44477378223533487,0.4553093817949295,0.00016029247816806702,0.8072757181474105,0.02495556857405817,10.263382915983627,-35.96027079856902,0.05265444751698201,-0.8858552620629416,34.703001361909244,0.8990496723830319,0.012630849570583465,5.311340894967943,-21.02192903996981,0.060455089523636596,-0.4372448936716687,16.771129207351706,-0.0917739542356214,0.012324719003474705,4.952042021015685,-14.938341758599213,-0.007800642006654586,-0.4486103683912729,17.931872154557542,False
2025-05-14,117.72000122070312,0.0,0.043899999999999995,0.4743048505064708,21.23,O:AMD250606C00097000,0.42,O:AMD250606P00097000,0.4443255836146049,0.5075338991031387,0.47855641503334057,0.0042515645268697555,0.9011387341774016,0.013879955922137689,6.217552441844975,-25.882868151606665,0.05695813091609504,-0.6467995315494042,32.745997711345694,0.9608734855713076,0.006230178794418604,2.5879192837998963,-12.556339531114364,0.061985256912885915,-0.3134548912101734,16.876700574272526,-0.05973475139390594,0.0076497771277190835,3.629633158045079,-13.326528620492299,-0.005027125996790871,-0.3333446403392307,15.869297137073172,False
2025-05-15,114.98999786376953,0.0,0.0437,0.3796194195386577,18.9,O:AMD250606C00097000,0.54,O:AMD250606P00097000,0.5286367951646522,0.5055493342131029,0.5173194303989411,0.13770001086028344,0.8361715409962848,0.02018687465422193,8.766807674629664,-39.08294526869167,0.0487056277542267,-0.7381805077587502,29.79603934151352,0.9138227646195385,0.010264314496817277,4.555404142475933,-22.730301569385258,0.05471776365172323,-0.36624759716147337,14.48186735833047,-0.07765122362325372,0.009922560157404654,4.211403532153732,-16.35264369930641,-0.006012135897496526,-0.3719329105972769,15.31417198318305,False
2025-05-16,117.16999816894531,0.0,0.0437,0.3704823340493362,20.71,O:AMD250606C00097000,0.36,O:AMD250606P00097000,0.4878837757103422,0.5117736296921044,0.500179898929596,0.1296975648802598,0.8971751707991785,0.014738216695071598,6.024941831634624,-29.004738492249732,0.05003096019033511,-0.6357900044023275,29.662423566256436,0.9523886878695047,0.007111147969730008,2.835173600203858,-15.590692028801437,0.054096060008210774,-0.31497466696456927,15.022962999239718,-0.05521351707032618,0.00762706872534159,3.1897682314307665,-13.414046463448296,-0.004065099817875669,-0.32081533743775814,14.639460567016716,False
2025-05-19,114.73999786376953,0.0,0.0437,0.3686083750125456,20.71,O:AMD250606C00097000,0.42,O:AMD250606P00097000,0.4878837757103422,0.5026191203482497,0.7369516834437849,0.3683433084312393,0.8709831044319615,0.01881316655793558,6.816370958789935,-33.943862495883224,0.04509534476675963,-0.7129243653310331,29.273955880279203,0.9381187180442071,0.009248749750147087,3.30032397683907,-18.39375175044102,0.04960820041256625,-0.35622563684313485,14.828274556499837,-0.06713561361224563,0.009564416807788492,3.5160469819508644,-15.550110745442206,-0.0045128556458066205,-0.3566987284878982,14.445681323779366,False
2025-05-20,113.51000213623047,0.0,0.0436,0.3792215201946657,17.15,O:AMD250606C00097000,0.37,O:AMD250606P00097000,0.49710410846223313,0.48174536650110766,0.4895483924150467,0.11032687222038101,0.8637200638325981,0.02083448200663119,6.779418629023693,-35.686197462394276,0.041538542134113635,-0.740495891708341,28.448339839677246,0.9290157656500259,0.010589631866935931,3.4989625202476793,-20.70829479879635,0.04555291905023179,-0.37009726777976043,14.011845947641127,-0.06529570181742772,0.010244850139695259,3.2804561087760145,-14.97790266359793,-0.004014376916118154,-0.37039862392858053,14.436493892036117,False
2025-05-21,112.05999755859375,0.0,0.0435,0.36850543344279074,15.35,O:AMD250606C00097000,0.46,O:AMD250606P00097000,0.353505003837952,0.496544836860194,0.43926056078672415,0.07075512734393341,0.8936117996205994,0.019320373780325008,5.131066785429345,-28.172537631690435,0.040156255278006814,-0.7100620711498561,28.579965746061454,0.9735860254996633,0.007079650674765726,1.4965434048667563,-9.633000684216299,0.04464287982884411,-0.32186596809165796,15.240324003289395,-0.07997422587906389,0.012240723105559282,3.634523380562589,-18.539536947474136,-0.004486624550837292,-0.3881961030581981,13.339641742772057,False
2025-05-22,110.70999908447266,0.0,0.0437,0.3539776449318677,15.7,O:AMD250606C00097000,0.51,O:AMD250606P00097000,0.7572027682941449,0.5002336683697572,0.6423658682703972,0.28838822333852954,0.7321280685152545,0.028959258262769662,9.788562392593168,-76.59914867951171,0.02830487602164419,-0.6660052162243435,18.081530442791795,0.8229915082973984,0.014824639932957934,6.0056799669044345,-55.385310973170434,0.03291854287426473,-0.26356131622128603,5.650185486023875,-0.09086343978214395,0.014134618329811728,3.7828824256887335,-21.213837706341277,-0.0046136668526205425,-0.40244390000305746,12.431344956767921,False
2025-05-23,110.30999755859375,0.0,0.0436,0.35176825502916104,14.11,O:AMD250606C00097000,0.47,O:AMD250606P00097000,0.5459632012153103,0.5028482038346311,0.5250933947086334,0.17332513967947233,0.8064739583399662,0.02967026496086561,7.520165210529845,-53.063346181601105,0.029516722371250446,-0.7798376114592505,22.326381748634397,0.8948194571892572,0.015175436723788174,4.00067966662645,-31.209673261851258,0.033570449261083,-0.3814270366179054,10.498546639515801,-0.088345498849291,0.014494828237077439,3.5194855439033947,-21.853672919749844,-0.004053726889832552,-0.3984105748413451,11.827835109118594,False
2025-05-27,114.55999755859375,0.0,0.0435,0.36701978196521584,17.95,O:AMD250606C00097000,0.2,O:AMD250606P00097000,0.5883449381646617,0.5595024814834473,0.5744101960182191,0.20739041405300324,0.9092491469959355,0.016260711426836202,3.892356869923421,-38.98548784032994,0.02730589843174851,-0.5273131603782032,18.213373109897695,0.9508177083969495,0.008475867713533859,2.0776463666778313,-23.209812223653937,0.028881166461149913,-0.26781485421505286,9.035281906287429,-0.04156856140101395,0.007784843713302344,1.8147105032455895,-15.775675616676,-0.0015752680294014018,-0.25949830616315034,9.178091203610268,False
2025-05-28,112.86000061035156,0.0,0.0435,0.3742782856053561,17.95,O:AMD250606C00097000,0.25,O:AMD250606P00097000,0.5883449381646617,0.5817217373221163,0.8629282648921015,0.4886499792867454,0.8935265336626026,0.019701185821340183,4.078220793302979,-46.618826524011,0.023431322594960915,-0.5620679511936375,17.067074375884545,0.9458325421540815,0.009931363161166381,2.067371287005834,-25.830905537210935,0.025140560414481043,-0.28164528828744856,8.506712514274824,-0.05230600849147893,0.009769822660173802,2.010849506297145,-20.78792098680006,-0.001709237819520127,-0.2804226629061889,8.560361861609719,False
2025-05-29,113.02999877929688,0.0,0.0434,0.3745258664635751,15.9,O:AMD250606C00097000,0.15,O:AMD250606P00097000,1.0,0.5710595855304622,0.00010000000000000002,-0.3744258664635751,0.8222098535138372,0.020883991243877388,5.3023579625851225,-102.02299967968467,0.01792996924232199,-0.445230979142056,11.335828963454762,0.8588188376140304,0.01283474584712024,3.9041404121004146,-85.44131889038113,0.018950901010930592,-0.2061037919288337,3.8643345372253712,-0.0366089841001932,0.008049245396757146,1.3982175504847076,-16.581680789303544,-0.0010209317686086044,-0.23912718721322226,7.471494426229392,False
2025-05-30,110.7300033569336,0.0,0.0433,0.38427578422205344,14.07,O:AMD250606C00097000,0.14,O:AMD250606P00097000,0.6237608177141512,0.5502029423150867,0.5899485883712768,0.2056728041492234,0.9012961324746002,0.0220504596395849,3.1686713275245166,-51.05395492505872,0.01698224678065549,-0.538607593585047,13.909616817209663,0.940670623899845,0.012136748084142534,1.8417069113994577,-32.850289124034305,0.017875091536150512,-0.27875782852031256,6.7845473208716855,-0.03937449142524485,0.009913711555442366,1.3269644161250587,-18.20366580102441,-0.0008928447554950213,-0.2598497650647344,7.125069496337977,True
2025-06-02,114.62999725341797,0.0,0.0433,0.3937040360069397,8.4,O:AMD250711C00111000,4.8,O:AMD250711P00111000,0.39966747481136794,0.43929747003646596,0.41951208565533166,0.02580804964839195,0.26076872135137297,0.04637240487193228,29.353426996266535,-54.229273430767556,0.01920895303794272,-0.34492302581157386,4.480166917838365,0.6337822203527825,0.02421210485371413,14.632730489084123,-28.191580250924495,0.07393901472900133,-0.19424207743829447,2.582400180746797,-0.37301349900140957,0.022160300018218154,14.72069650718241,-26.03769317984306,-0.05473006169105861,-0.15068094837327942,1.8977667370915678,False
2025-06-03,117.30999755859375,0.0,0.0433,0.395979029726698,9.7,O:AMD250711C00111000,3.23,O:AMD250711P00111000,0.3720507023922743,0.3995753473229956,0.385865694385767,-0.010113335340931007,0.40539462401276816,0.04594523716919764,27.077632764982976,-48.52325743936025,0.03847426928133872,-0.726113031755241,15.14246206843804,0.7076824974527939,0.02361621711616569,13.435072169837058,-25.66805561635223,0.08146470227605196,-0.3902689419631996,8.34197441778979,-0.3022878734400257,0.022329020053031952,13.642560595145918,-22.855201823008024,-0.04299043299471324,-0.3358440897920414,6.8004876506482494,False
2025-06-04,118.58000183105469,0.0,0.0432,0.3823509139533252,10.05,O:AMD250711C00111000,2.88,O:AMD250711P00111000,0.3342960730064383,0.4076598488533905,0.371590201702714,-0.010760712250611204,0.4828163111407382,0.04515731860333811,25.075462945176046,-45.471186562651695,0.04748824184906978,-0.9312912276602571,23.793790836582048,0.7582536974145024,0.02405314187570827,12.11404595085813,-22.34861019732159,0.08556827660123108,-0.5520168173312313,15.013265267706494,-0.27543738627376424,0.02110417672762984,12.961416994317915,-23.1225763653301,-0.0380800347521613,-0.37927441032902576,8.780525568875555,False
2025-06-05,115.69000244140625,0.0,0.0426,0.39923993669797275,8.35,O:AMD250711C00111000,3.85,O:AMD250711P00111000,0.37074839721873454,0.4207016481074242,0.3958244173109531,-0.003415519387019672,0.329217830147177,0.04973541135716049,27.083789904861966,-53.06879732702225,0.026709027813910415,-0.5535710465308791,8.801666447675627,0.6714646476577659,0.0262390743968291,13.433595304989018,-27.089723754964957,0.07153275455944423,-0.3167709545139568,5.226037370725051,-0.34224681751058894,0.023496336960331394,13.65019459987295,-25.979073572057292,-0.044823726745533816,-0.23680009201692223,3.5756290769505763,False
2025-06-06,116.19000244140625,0.0,0.042800000000000005,0.39874973040106043,9.44,O:AMD250711C00111000,3.85,O:AMD250711P00111000,0.43592952256019624,0.4207016481074242,0.4385724595695734,0.03982272916851298,0.3384435340378038,0.046263310462854805,26.53129873744429,-58.401694488007635,0.02609730550444659,-0.5129749215183751,8.222457941169415,0.6672701809159377,0.022774960203876926,13.296915171995838,-32.12870743260312,0.06754972614057592,-0.24594616973061814,3.891812551609605,-0.3288266468781339,0.02348835025897788,13.234383565448452,-26.272987055404517,-0.04145242063612933,-0.267028751787757,4.33064538955981,False
2025-06-09,121.7300033569336,0.0,0.0429,0.42409285281702774,12.85,O:AMD250711C00111000,1.86,O:AMD250711P00111000,0.3892981661187408,0.4076660279614576,0.398546663737297,-0.02554618907973072,0.6020975765411587,0.037288273111307134,20.965114631290668,-46.387126121976564,0.05579365715576843,-1.0123437014740522,32.17710556661414,0.8056954724654175,0.01881141146595471,10.334981646978688,-24.77904606987026,0.08116886911226807,-0.5243602691085172,16.982900448026626,-0.2035978959242588,0.018476861645352425,10.630132984311977,-21.608080052106306,-0.025375211956499645,-0.4879834323655351,15.19420511858751,False
2025-06-10,123.23999786376953,0.0,0.0429,0.39372501739365395,14.27,O:AMD250711C00111000,1.54,O:AMD250711P00111000,0.41842200093478277,0.412602551548385,0.41551984696090233,0.021794829567248375,0.6462182270093517,0.03355260857948662,19.325704989770347,-46.730713447174,0.05825747845522464,-1.0015997437707544,34.58221077637304,0.8216519611398201,0.01674616523294836,9.713160017459234,-25.996634560466095,0.07939598716347293,-0.4958441953961764,17.015323851051953,-0.17543373413046837,0.016806443346538268,9.612544972311113,-20.734078886707906,-0.02113850870824829,-0.5057555483745779,17.566886925321086,False
2025-06-11,121.13999938964844,0.0,0.043,0.3817445700164732,11.8,O:AMD250711C00111000,1.94,O:AMD250711P00111000,0.3502113491579236,0.42074659798083563,0.38651141881942747,0.004766848802954249,0.6113894068241168,0.03990313315502271,19.64784991869478,-46.20646693805482,0.05266355841782708,-1.0752446573500674,33.62156134490256,0.8245422848940185,0.020598321440998494,9.241858639753362,-22.32456980632341,0.07689964847434982,-0.6114520655911617,20.415340755719143,-0.21315287806990169,0.01930481171402422,10.405991278941421,-23.881897131731403,-0.024236090056522747,-0.4637925917589055,13.206220589183415,False
2025-06-12,118.5,0.0,0.0418,0.3565988211038938,11.8,O:AMD250711C00111000,2.25,O:AMD250711P00111000,0.3502113491579236,0.4008214935727878,0.47425251923501505,0.11765369813112125,0.5109660431128359,0.048987827055708436,21.468112714972555,-50.49454253366466,0.0405896866288626,-0.981763874923907,23.411325208625705,0.7678347947059638,0.025479076969863786,10.441655521580227,-25.343094274499563,0.06783047584868811,-0.5496563509266221,13.758551923494121,-0.25686875159312794,0.023508750085844653,11.026457193392329,-25.151448259165093,-0.027240789219825506,-0.4321075239972849,9.652773285131582,False
2025-06-13,116.16000366210938,0.0,0.042300000000000004,0.35375386007954773,8.2,O:AMD250711C00111000,2.87,O:AMD250711P00111000,0.38868057810789364,0.4061452142203762,0.3974308013737202,0.04367694129417249,0.37728685954484187,0.05437718626471652,23.13294136666459,-59.308767013130534,0.025996542052694104,-0.6766584303941475,10.903599733584755,0.691595220262116,0.02767433216049972,11.518944299628831,-31.257636806671854,0.05725055818916247,-0.35398966352830336,5.796413643697937,-0.3143083607172741,0.026702854104216803,11.613997067035758,-28.051130206458684,-0.03125401613646837,-0.32266876686584417,5.1071860898868175,False
2025-06-16,126.38999938964844,0.0,0.0424,0.4676757112382903,17.4,O:AMD250711C00111000,0.78,O:AMD250711P00111000,0.5269941073343045,0.41085281357206493,0.47274787521362305,0.005072163975332722,0.7310488686462371,0.026379315439418634,14.919520352434994,-50.31781740311623,0.05595746250706434,-0.900275785530678,35.287717314279234,0.8393367479887042,0.01333958018231285,8.46693848781973,-33.35047415481012,0.06686474802595378,-0.39213059995909855,13.496336359036464,-0.10828787934246709,0.013039735257105781,6.452581864615263,-16.967343248306108,-0.010907285518889443,-0.5081451855715795,21.79138095524277,False
2025-06-17,127.0999984741211,0.0,0.042300000000000004,0.45830209012894413,17.52,O:AMD250711C00111000,0.81,O:AMD250711P00111000,0.479893818614145,0.4386780137385146,0.45987224682569505,0.001570156696750924,0.7660773874423419,0.025140442381408102,13.330850538259842,-46.311823504547746,0.05645602483927165,-0.9123034737232385,36.98639809996777,0.8736304485710266,0.012724281272345817,7.045981063118767,-27.625088841018798,0.06679887762880228,-0.4389141464440154,17.052240066263643,-0.10755306112868468,0.012416161109062285,6.2848694751410745,-18.68673466352895,-0.010342852789530628,-0.47338932727922317,19.93415803370413,False
2025-06-18,126.79000091552734,0.0,0.042,0.4553450459179843,17.52,O:AMD250711C00111000,0.68,O:AMD250711P00111000,0.5332802177248075,0.4235824098674557,0.48216958714127545,0.026824541223291143,0.7545476529625404,0.025541300592753703,13.290066898063003,-51.13319868840061,0.05226089918130147,-0.876593317907501,34.12768446773293,0.8531289102651689,0.013090747095821269,7.570739394699464,-33.730932081148836,0.06115157382265561,-0.3929169986277406,13.585563646452876,-0.09858125730262846,0.012450553496932434,5.719327503363539,-17.40226660725177,-0.008890674641354134,-0.4836763192797603,20.54212082128005,False
2025-06-20,128.24000549316406,0.0,0.042,0.45023809860832154,18.04,O:AMD250711C00111000,0.54,O:AMD250711P00111000,0.44446071208741256,0.44814063498824763,0.44630762319564826,-0.003930475412673273,0.8394773890303299,0.021345396923000862,9.32557413090265,-38.70309610431019,0.053020586297997926,-0.8644737495880411,37.95632870561097,0.9205340093874633,0.010636770502982222,4.627867763940822,-21.478395404843848,0.05952933715505513,-0.4327137015215585,19.07127029633668,-0.08105662035713346,0.01070862642001864,4.697706366961828,-17.224700699466347,-0.0065087508570572,-0.4317600480664826,18.885058409274286,False
2025-06-23,129.5800018310547,0.0,0.042,0.4445702122879581,19.33,O:AMD250711C00111000,0.37,O:AMD250711P00111000,0.4758388444795748,0.4450814746570572,0.4609968110322953,0.016426598744337162,0.8668444439751233,0.01832770053587529,7.881959719745766,-36.63051768649642,0.05145872479863114,-0.7797783224526011,35.80469743878804,0.9274164533645288,0.009499349545342838,4.216549656544604,-22.293057326803677,0.05602479206951438,-0.39012886918586626,17.358596665497455,-0.060572009389405546,0.008828350990532452,3.665410063201162,-14.337460359692743,-0.004566067270883238,-0.3896494532667349,18.44610077329058,False
2025-06-24,138.42999267578125,0.0,0.0421,0.4900472355500968,19.33,O:AMD250711C00111000,0.18,O:AMD250711P00111000,0.4758388444795748,0.5270119624629641,0.00010000000000000002,-0.48994723555009684,0.9556430747148182,0.006623963681609075,3.3076249097147032,-20.62695367562616,0.0538278709526218,-0.39391562813429704,24.91069646047539,0.9828891708998696,0.0028336631277915783,1.332942190852922,-10.706714789955361,0.05586643443037673,-0.17902370109133073,11.918602521665504,-0.02724609618505136,0.0037903005538174966,1.9746827188617813,-9.9202388856708,-0.002038563477754923,-0.21489192704296634,12.992093938809886,False
2025-06-25,143.39999389648438,0.0,0.0421,0.4882375947808687,19.33,O:AMD250711C00111000,0.11,O:AMD250711P00111000,0.4758388444795748,0.5712349201528812,0.00010000000000000002,-0.4881375947808687,0.9779565584830873,0.003365359457813704,1.78244918200652,-14.716276400911461,0.05118061228860862,-0.2257516601171185,16.100565045829953,0.9944204291453052,0.0010705984340456417,0.49884482012633385,-7.121285919562196,0.05235724036121556,-0.08153759880648569,6.47490620540798,-0.016463870662217883,0.0022947610237680624,1.2836043618801862,-7.594990481349265,-0.0011766280726069316,-0.1442140613106328,9.625658840421972,False
2025-06-26,143.67999267578125,0.0,0.041100000000000005,0.4796827330424154,19.33,O:AMD250711C00111000,0.1,O:AMD250711P00111000,0.4758388444795748,0.5915360921458278,0.00010000000000000002,-0.4795827330424154,0.9809149593566511,0.0029639152641214024,1.4960248037939583,-14.115913607455273,0.04711725454982464,-0.19421266091530975,13.546161260341586,0.996133361231402,0.0008045752590499804,0.3449938114455912,-6.4107626519979055,0.048115364810495845,-0.06192856780422552,4.951489347101651,-0.015218401874750875,0.002159340005071422,1.151030992348367,-7.705150955457366,-0.0009981102606712036,-0.13228409311108422,8.594671913239935,False
2025-06-27,143.80999755859375,0.0,0.04190000000000001,0.4798713746077176,34.56,O:AMD250711C00111000,0.1,O:AMD250711P00111000,1.0971434380760106,0.6219362193595418,0.9274542189598085,0.4475828443520909,0.8883302419030733,0.007586165358543122,5.993589582171451,-80.19623217751284,0.03694078171401036,-0.2943451406928643,14.083557938360933,0.9035016762990304,0.005439784627159178,4.898044566628378,-71.70671478641948,0.03784625946934488,-0.1688040222462283,6.295123755563405,-0.01517143439595714,0.0021463807313839437,1.0955450155430735,-8.489517391093361,-0.0009054777553345237,-0.12554111844663604,7.788434182797529,False
2025-06-30,141.89999389648438,0.0,0.042800000000000005,0.4740686973631032,30.85,O:AMD250711C00111000,0.07,O:AMD250711P00111000,1.0,0.5958576817517229,0.00010000000000000002,-0.4739686973631032,0.9073647556216058,0.007549268885165139,4.852713494117992,-67.26410885027552,0.03448471770235675,-0.294779416164638,13.67114596406807,0.9195620937365057,0.005566738257774378,4.003202174573017,-60.25455334780636,0.035127861346663056,-0.181100064556705,6.809432017434057,-0.01219733811489987,0.00198253062739076,0.8495113195449755,-7.00955550246916,-0.0006431436443063056,-0.11367935160793302,6.861713946634013,True
2025-07-01,136.11000061035156,0.0,0.0432,0.5025244277486415,7.35,O:AMD250801C00136000,6.15,O:AMD250801P00136000,0.42941378665756663,0.3954211553735746,0.41241662669479856,-0.09010780105384292,0.08005004006893623,0.04689170462970816,32.64377916027217,-73.64027271537229,-0.0023770217039427097,0.04613603461295525,-0.19090184980599076,0.5404192227631216,0.022477279061261974,16.320260563894173,-41.25256501203773,0.060426531627897094,0.02610115004393508,-0.10892718013034966,-0.46036918269418536,0.024414425568446186,16.323518596377994,-32.38770770333456,-0.0628035533318398,0.020034884569020167,-0.0819746696756411,False
2025-07-02,138.52000427246094,0.0,0.0433,0.5007850179814284,8.3,O:AMD250801C00136000,5.3,O:AMD250801P00136000,0.4135460473173787,0.4156356998539699,0.4145908954173328,-0.08619412256409559,0.1912101312689195,0.045665027303801786,31.713773012199724,-75.86155744652567,0.011250056365348718,-0.2233266484249803,2.2118776594750527,0.5957217322353774,0.022888390959226193,15.855731024577755,-40.76785522226797,0.06479469411419565,-0.11250648561600606,1.1156658276389557,-0.4045116009664579,0.02277663634457559,15.858041987621968,-35.0937022242577,-0.053544637748846935,-0.11082016280897425,1.0962118318360972,False
2025-07-03,137.91000366210938,0.0,0.0435,0.5028832009983204,7.7,O:AMD250801C00136000,5.44,O:AMD250801P00136000,0.40850545861652154,0.41764693274048476,0.4130766555279494,-0.08980654547037098,0.16398728974389365,0.047495508130051906,31.091436636543463,-77.47114927716804,0.007896239774266449,-0.1659724334722103,1.3679785126078243,0.582372800047788,0.024005753294889257,15.54259378690803,-41.25416044001468,0.06051252915608609,-0.08605297855424979,0.7124696603220126,-0.41838551030389437,0.023489754835162652,15.548842849635431,-36.21698883715336,-0.05261628938181964,-0.07991945491796053,0.6555088522858117,False
2025-07-07,134.8000030517578,0.0,0.0437,0.5013658248864036,6.05,O:AMD250801C00136000,6.6,O:AMD250801P00136000,0.43376851520056564,0.4200449494141401,0.4269066853702068,-0.07445913951619676,0.008856895120868624,0.050503977442474354,29.531064606429673,-83.10372744660697,-0.00863752855963814,0.19837329607700854,-0.0813275822384745,0.5051088878359654,0.02484562892706584,14.765252722626615,-45.184375589308296,0.046775194952912796,0.09775724412627752,-0.04633866898208724,-0.4962519927150968,0.025658348515408515,14.765811883803057,-37.91935185729867,-0.055412723512550936,0.10061605195073103,-0.03498891325638726,False
2025-07-08,137.82000732421875,0.0,0.0436,0.5036454139524071,7.3,O:AMD250801C00136000,5.07,O:AMD250801P00136000,0.41965748603213765,0.42055290180142135,0.42010518181920053,-0.0835402321332066,0.1602990543991175,0.050518393905168324,28.794106271464486,-85.09977431725453,0.006944583465251231,-0.16746830567875548,1.247745430979112,0.5801870155043566,0.025285625743095095,14.396773824465772,-45.46003348350362,0.051900984804447894,-0.08402232607872887,0.6263156017449186,-0.41988796110523907,0.025232768162073226,14.397332446998714,-39.639740833750906,-0.044956401339196664,-0.08344597960002663,0.6214298292341933,False
2025-07-09,138.41000366210938,0.0,0.0436,0.48260225197877565,6.95,O:AMD250801C00136000,3.88,O:AMD250801P00136000,0.3826697003978282,0.3638761266617089,0.37327794203758236,-0.1093243099411933,0.20523205102055764,0.057516002925729726,27.729043140605057,-77.48386052423507,0.011856939359790444,-0.33771940807936063,3.1613462274641533,0.6010317740720219,0.02806475699162917,13.879336439042273,-42.689388066605346,0.05143094328793611,-0.1580230965341745,1.4543998049830034,-0.39579972305146427,0.02945124593410055,13.849706701562782,-34.79447245762973,-0.03957400392814567,-0.17969631154518612,1.7069464224811497,False
2025-07-10,144.16000366210938,0.0,0.0436,0.4978778471981242,10.8,O:AMD250801C00136000,2.3,O:AMD250801P00136000,0.39227250155403715,0.3953678969121094,0.393821324568987,-0.10405652262913723,0.4937652214709214,0.04471939602585175,23.23799970422636,-74.60155871282657,0.036876949927282715,-0.9185921832630424,22.180536595167233,0.7475934479771276,0.022414541272966597,11.601836247855871,-40.06779148962738,0.0615702058400963,-0.46254437247788,11.205777020558978,-0.2538282265062062,0.022304854752885156,11.636163456370491,-34.533767223199185,-0.02469325591281359,-0.4560478107851623,10.974759574608255,False
2025-07-11,146.4199981689453,0.0,0.0437,0.48924020289101333,13.0,O:AMD250801C00136000,1.69,O:AMD250801P00136000,0.45030630172262787,0.39882856980504755,0.4249909090667963,-0.06424929382421701,0.5714271612972031,0.03848692466278113,20.817276420614455,-77.40523721713623,0.04105854994691881,-0.948748946655846,26.991016909299468,0.7735449473780289,0.01871218425774066,10.752860766989382,-45.05494916066789,0.05968002963017227,-0.42828309162590295,11.483366075903511,-0.20211778608082587,0.01977474040504047,10.06441565362507,-32.350288056468344,-0.018621479683253464,-0.520465855029943,15.507650833395957,False
2025-07-14,146.24000549316406,0.0,0.0437,0.47682588946607485,12.21,O:AMD250801C00136000,1.53,O:AMD250801P00136000,0.4033998763884922,0.39192320147506615,0.39768798255622384,-0.07913790690985101,0.6032220140448911,0.04065151948024048,19.20514444361875,-71.99803302759881,0.04137510591529017,-1.0562038701150132,30.860715797561205,0.7985810305823214,0.02021977627662225,9.691075813874727,-39.7543144693676,0.05809694127727515,-0.5167809381013804,14.901684641837608,-0.19535901653743037,0.020431743203618232,9.514068629744022,-32.243718558231215,-0.016721835361984978,-0.5394229320136328,15.959031155723597,False
2025-07-15,155.61000061035156,0.0,0.0436,0.49754159833672923,20.4,O:AMD250801C00136000,0.71,O:AMD250801P00136000,0.4231924802240142,0.46623025352863723,0.445664998048544,-0.05187660028818525,0.8404810207183201,0.01879934480116377,10.46394009593212,-50.07869032400557,0.05657953483772089,-0.8675649349759311,43.24147039270532,0.9296010744171236,0.009016201191924018,4.766277857471825,-24.967425558937734,0.06409991701772288,-0.43870657638811145,22.836766731198626,-0.08912005369880349,0.00978314360923975,5.697662238460295,-25.111264765067837,-0.007520382180001989,-0.4288583585878196,20.40470366150669,False
2025-07-16,160.0800018310547,0.0,0.0436,0.42093151296853587,24.55,O:AMD250801C00136000,0.48,O:AMD250801P00136000,0.41836136586611383,0.505590989562809,0.46738730150461205,0.04645578853607618,0.9077483886804374,0.01167300348588728,6.680754687816661,-38.42193411857316,0.05727731605814403,-0.6426514938190209,38.015803390641636,0.9681330392499202,0.004894382320957939,2.4986436902212943,-16.662720871202406,0.0621089231884913,-0.30137987240461267,19.51910881160702,-0.060384650569482834,0.006778621164929341,4.182110997595367,-21.75921324737076,-0.0048316071303472685,-0.3412716214144082,18.496694579034614,False
2025-07-17,160.41000366210938,0.0,0.0436,0.4218587732633518,25.0,O:AMD250801C00136000,0.38,O:AMD250801P00136000,0.49170308903378884,0.5059813315121534,0.49897308442592625,0.07711431116257444,0.9019136105279425,0.012142405489639005,6.805533083247035,-44.10861586216231,0.05207363576367575,-0.6307016350383079,34.970795542515134,0.9532089831710454,0.005935227928730357,3.2778975842983242,-24.038516340283223,0.05583122306720049,-0.3131037270592204,17.595290698601275,-0.05129537264310291,0.006207177560908649,3.5276354989487104,-20.07009952187909,-0.00375758730352474,-0.31759790797908755,17.375504843913856,False
2025-07-18,156.99000549316406,0.0,0.0435,0.4355528544061042,21.95,O:AMD250801C00136000,0.43,O:AMD250801P00136000,0.5575794373744508,0.490331376409277,0.5260327169418334,0.0904798625357292,0.8513234975484482,0.01703162596531834,8.761636302172588,-63.14522820995656,0.04415447641134535,-0.7134982535119887,32.3615652657241,0.913601586403415,0.009033606942786716,4.926192833431041,-39.89319207458743,0.04820488812223623,-0.3537581304144335,15.082059674284674,-0.062278088854966884,0.007998019022531624,3.8354434687415475,-23.252036135369128,-0.004050411710890879,-0.35974012309755526,17.27950559143943,False
2025-07-21,157.0,0.0,0.0435,0.43730062664996194,23.85,O:AMD250801C00136000,0.29,O:AMD250801P00136000,0.8908142565800755,0.47416802831717086,0.7217985562503338,0.2844979296003719,0.7800121077047885,0.016741455279107288,10.526089789516686,-118.27504794595124,0.03511496461058992,-0.5542316006652315,22.627552631102276,0.8280131802048425,0.009645678059333666,7.5641685034999755,-98.95320900349353,0.03791002474720009,-0.22265384371309208,6.251718767836705,-0.04800107250005403,0.0070957772197736205,2.96192128601671,-19.32183894245772,-0.0027950601366101674,-0.33157775695213937,16.375833863265573,False
2025-07-22,154.72000122070312,0.0,0.0437,0.4462482626080015,17.8,O:AMD250801C00136000,0.34,O:AMD250801P00136000,1.0,0.4788890496438703,0.00010000000000000002,-0.4461482626080015,0.7359144863202702,0.019140681188501513,11.058299287215775,-151.84527431431576,0.02892800979863109,-0.5435551709911596,19.74766611288893,0.7940833198102726,0.01033403228465467,7.853299864386373,-128.07971089581687,0.03189305169976761,-0.183034260010642,4.14088307495106,-0.05816883349000235,0.008806648903846843,3.204999422829402,-23.765563418498875,-0.0029650419011365203,-0.3605209109805176,15.60678303793787,False
2025-07-23,158.64999389648438,0.0,0.0437,0.3939044948545788,23.1,O:AMD250801C00136000,0.24,O:AMD250801P00136000,0.5646540512377972,0.5457892780429999,0.5554468536138535,0.1615423587592747,0.9152743118823196,0.012287541753347052,4.7723943390324814,-53.05961766091575,0.033852295553816476,-0.5299571566193235,24.16122347874132,0.9551363474374801,0.006333090105598,2.50020566126683,-31.024017417824215,0.03567565991424083,-0.2683889003651961,12.041864177828518,-0.039862035555160547,0.005954451647749052,2.2721886777656515,-22.03560024309153,-0.00182336436042435,-0.26156825625412744,12.1193593009128,False
2025-07-24,162.1199951171875,0.0,0.0437,0.3833174476983798,26.12,O:AMD250801C00136000,0.13,O:AMD250801P00136000,1.0,0.5870851458024055,0.00010000000000000002,-0.3832174476983798,0.8662687695622429,0.011259402012908596,6.088590726142083,-120.97868060838306,0.02681313831074422,-0.378464245976883,14.991549050584496,0.8892300172400793,0.007554404368150738,4.727419054829718,-104.3654368176719,0.02773039482536693,-0.20185541118722022,6.1727845823171785,-0.02296124767783647,0.0037049976447578576,1.361171671312365,-16.613243790711145,-0.0009172565146227108,-0.17660883478966277,8.818764468267316,False
2025-07-25,166.47000122070312,0.0,0.0437,0.3895871073631419,30.55,O:AMD250801C00136000,0.1,O:AMD250801P00136000,1.0,0.6927104873279467,0.5928495205879213,0.2032624132247794,0.9180998194867841,0.007970192635614992,3.9525606594368803,-97.4083932497195,0.02409538144510882,-0.2956449286838804,12.236207874570326,0.9347051255172021,0.005426298871859424,2.983631195708438,-80.61963497264719,0.024663692023512356,-0.1744363346553955,6.183670844761489,-0.016605306030417988,0.002543893763755568,0.9689294637284422,-16.788758277072308,-0.0005683105784035371,-0.12120859402848495,6.0525370298088355,False
2025-07-28,173.66000366210938,0.0,0.044000000000000004,0.4083112829727307,37.0,O:AMD250801C00136000,0.02,O:AMD250801P00136000,1.0,0.7437650858116053,0.00010000000000000002,-0.40821128297273074,0.973845522454552,0.0031320412035315964,1.4125398288211917,-48.23325373886569,0.020818022233902677,-0.13964191515990867,6.706292126257882,0.9777184718926364,0.0024247662774542766,1.160723950116778,-42.36403355411477,0.02092795499796631,-0.09988404011367945,4.389880900459292,-0.003872949438084361,0.0007072749260773196,0.25181587870441363,-5.86922018475092,-0.00010993276406363303,-0.03975787504622922,2.3164112257985905,False
2025-07-29,177.44000244140625,0.0,0.044000000000000004,0.4009362530850277,44.24,O:AMD250801C00136000,0.01,O:AMD250801P00136000,2.2634505173720982,0.8626690686864028,1.8526453743100166,1.4517091212249889,0.8834356106411395,0.004796867734209655,3.8704415173323383,-365.6773155836844,0.01339366867964155,-0.10217833170889622,3.0424019501533897,0.8854339616234895,0.004417534288436547,3.747785418899639,-361.24926929687155,0.013437071941925713,-0.08173043750636323,1.9029003604734083,-0.0019983509823500167,0.00037933344577310716,0.12265609843269965,-4.428046286812854,-4.3403262284162574e-05,-0.020447894202532988,1.1395015896799814,False
2025-07-30,179.50999450683594,0.0,0.0441,0.35012564383693434,42.73,O:AMD250801C00136000,0.01,O:AMD250801P00136000,1.0,1.0968956195582404,0.00010000000000000002,-0.35002564383693435,0.9973146165698599,0.0005133402051132968,0.13986559612838378,-15.378203700206853,0.010750547268519005,-0.023695023127133112,1.1318797915499728,0.9992225978955754,0.00016703890400200885,0.04271932225089881,-8.680511722764754,0.010778523595288716,-0.008214664869397285,0.4156853395381518,-0.0019079813257155687,0.000346301301111288,0.09714627387748496,-6.6976919774421,-2.79763267697108e-05,-0.015480358257735827,0.7161944520118209,False
2025-07-31,176.30999755859375,0.0,0.0449,0.3676349173335595,41.09,O:AMD250801C00136000,0.01,O:AMD250801P00136000,2.726716563468172,1.4603751337239026,2.0,1.6323650826664404,0.9429471589442862,0.004073692737826502,1.3076293987782097,-443.3645824902538,0.004966309971878967,-0.07054921535530076,1.4267708567232043,0.9450014228439492,0.0036731816989812446,1.2354800761488707,-430.1052940363219,0.00498107930771763,-0.058193203380806934,1.0329556406729397,-0.0020542638996630114,0.000400511038845257,0.07214932262933901,-13.259288453931921,-1.4769335838662508e-05,-0.012356011974493823,0.39381521605026454,True
2025-08-01,171.6999969482422,0.0,0.0449,0.38832434441537433,11.48,O:AMD250905C00172500,11.53,O:AMD250905P00172500,0.5334454644289999,0.5342206005377351,0.533833025187254,0.14550868077187962,0.06608189806962406,0.027542408473063978,43.00185304188095,-115.17357816247761,-0.011571168951499816,0.12694345361465426,-0.5692331450299596,0.5330163494214686,0.013781272918538066,21.50103682923218,-61.400684968506354,0.07940367615975116,0.06347330092546082,-0.28441124236563303,-0.4669344513518445,0.013761135554525912,21.500816212648772,-53.772893193971264,-0.09097484511125098,0.06347015268919343,-0.28482190266432655,False
2025-08-04,176.77999877929688,0.0,0.044800000000000006,0.3717969227567734,13.45,O:AMD250905C00172500,8.54,O:AMD250905P00172500,0.5019063534744698,0.5068730233584638,0.5043898625046015,0.1325929397478281,0.20721562145817995,0.02801304534198761,42.05263814295077,-112.01333307782929,0.013944359341360305,-0.1635929706133218,2.34461991612348,0.6038109222876802,0.01407354398631856,21.02340816860461,-59.57632408632745,0.08884923248089736,-0.08317616800101035,1.1944346529953451,-0.39659530082950023,0.013939501355669048,21.029229974346155,-52.43700899150183,-0.07490487313953706,-0.08041680261231145,1.150185263128135,False
2025-08-05,174.30999755859375,0.0,0.0449,0.3830204899411691,12.35,O:AMD250905C00172500,9.8,O:AMD250905P00172500,0.5302175525333646,0.5285492296788273,0.5293834033191204,0.14636291337795126,0.13566256716293024,0.028206292816861968,41.40827455987997,-120.15538135771216,0.0013666214393714404,-0.01622665342365378,0.14599731554433734,0.5678245160363651,0.014080965237124531,20.704198169932635,-64.02843905701732,0.07906477262270638,-0.007900621704460658,0.07107752136221629,-0.43216194887343484,0.014125327579737435,20.704076389947335,-56.126942300694836,-0.07769815118333494,-0.008326031719193123,0.07491979418212105,False
2025-08-06,163.1199951171875,0.0,0.044800000000000006,0.46900407671668637,4.58,O:AMD250905C00172500,13.3,O:AMD250905P00172500,0.41620655054371514,0.41694726431150086,0.41657694208323964,-0.052427134633446726,-0.28184751381444056,0.03723395075698256,36.030523142423355,-83.10271724629018,-0.055746398083272475,0.8685921255405618,15.109731952220642,0.35891539873081485,0.01863063532367594,18.01246358245848,-45.35451071929983,0.04711341737880896,0.4349026430442204,7.574424977684042,-0.6407629125452554,0.01860331543330662,18.018059559964875,-37.74820652699035,-0.10285981546208144,0.43368948249634137,7.535306974536601,False
2025-08-07,172.39999389648438,0.0,0.0449,0.48612634609753436,8.7,O:AMD250905C00172500,8.2,O:AMD250905P00172500,0.42528191146674715,0.4275178887848043,0.4263998924165964,-0.05972645368093793,0.06951289266429916,0.03745648090329139,39.55799924702859,-100.98443199232537,-0.004096648107461756,0.06684441374925076,-0.2901945867726716,0.5347190803146367,0.018777498097105976,19.77916184159007,-54.218820452807016,0.06957130515214502,0.03329693629855478,-0.14439706585843812,-0.4652061876503375,0.018678982806185417,19.778837405438523,-46.765611539518346,-0.07366795325960677,0.033547477450695994,-0.1457975209142335,False
2025-08-08,172.75999450683594,0.0,0.044800000000000006,0.4862032037223887,8.5,O:AMD250905C00172500,7.6,O:AMD250905P00172500,0.41621588950046556,0.4147786807877735,0.4154972877308727,-0.07070591599151599,0.08105988420292265,0.03925240660782232,38.632160469137645,-101.03090858352937,-0.001663567341570707,0.029198354597810172,-0.14462136272034976,0.5405404333117148,0.019592206902548693,19.316028271049365,-54.452511247817505,0.06736806530924934,0.014742012645022494,-0.07303693477411344,-0.4594805491087921,0.019660199705273624,19.31613219808828,-46.57839733571186,-0.06903163265082005,0.014456341952787676,-0.07158442794623632,False
2025-08-11,172.27999877929688,0.0,0.0446,0.4866558013640057,8.15,O:AMD250905C00172500,7.9,O:AMD250905P00172500,0.4229494890968918,0.42874682151329385,0.42584810020625596,-0.06080770115774975,0.060827897534900144,0.039493857851188634,37.63456705879462,-106.03327314333873,-0.004200032851266661,0.07588455251127313,-0.2739417631430552,0.5303039622792323,0.019881759096259315,18.81768056990304,-56.491462070953894,0.06273827593286901,0.03771614539103184,-0.13565828912398406,-0.4694760647443321,0.01961209875492932,18.816886488891583,-49.541811072384846,-0.06693830878413567,0.0381684071202413,-0.13828347401907115,False
2025-08-12,174.9499969482422,0.0,0.0444,0.44179209502336836,9.19,O:AMD250905C00172500,6.2,O:AMD250905P00172500,0.41106205289501546,0.41140209172586395,0.4112320734128355,-0.03056002161053284,0.16799197614590122,0.04057252906181767,36.47697608631453,-105.62512635204756,0.010000139795753267,-0.19391894214800048,1.923384165886451,0.5840124730570744,0.020294469801459124,18.238324536956714,-56.608026207519444,0.06641641455647895,-0.0970818764031761,0.9630977568260103,-0.41602049691117315,0.020278059260358552,18.238651549357815,-49.017100144528115,-0.056416274760725686,-0.0968370657448244,0.9602864090604407,False
2025-08-13,184.4199981689453,0.0,0.0444,0.4673989472909322,16.0,O:AMD250905C00172500,3.4,O:AMD250905P00172500,0.4526571881498681,0.44198718407698195,0.4473335466474296,-0.020065400643502596,0.4901397958867937,0.02997086097683953,30.757029506048582,-105.13051075648431,0.04789114541347633,-0.7794494398528112,24.611926145996172,0.7429911198194811,0.01487064743317583,15.444139144381822,-57.18830580870441,0.08164210937552344,-0.3810977229952939,11.912747533368327,-0.2528513239326874,0.015100213543663702,15.312890361666758,-47.942204947779906,-0.033750963962047104,-0.39835171685751736,12.699178612627843,False
2025-08-14,180.9499969482422,0.0,0.044800000000000006,0.4764171374481969,13.02,O:AMD250905C00172500,4.11,O:AMD250905P00172500,0.4367632013894015,0.43864381174569106,0.43770370570719247,-0.038713431741004445,0.3931325224289616,0.03502280078746263,31.868814952330382,-112.26873371244517,0.034290367450016096,-0.6455520192795892,15.145394309217021,0.6968697667024936,0.0175411943963121,15.92728694275457,-59.847986552884755,0.07179592517977045,-0.32420776357014935,7.6190686052075485,-0.303737244273532,0.017481606391150525,15.941528009575812,-52.42074715956041,-0.03750555772975435,-0.32134425570943986,7.526325704009472,False
2025-08-15,177.50999450683594,0.0,0.044800000000000006,0.47469771779337994,10.5,O:AMD250905C00172500,4.65,O:AMD250905P00172500,0.4380703899835873,0.41462450795462996,0.42636162814795975,-0.04833608964542019,0.27598830855460765,0.040627811304462955,32.4656309143995,-117.79356137655145,0.02014326377111865,-0.43870909868108077,6.717294435415831,0.6354269215303344,0.01980444516001957,16.27207429595073,-64.46063642931543,0.06088966032758649,-0.20531692203758226,3.0789114017107067,-0.35943861297572677,0.02082336614444338,16.19355661844877,-53.332924947236016,-0.04074639655646784,-0.23339217664349854,3.6383830337051246,False
2025-08-18,176.13999938964844,0.0,0.0447,0.4769141903902901,8.84,O:AMD250905C00172500,4.85,O:AMD250905P00172500,0.40378711567777126,0.40869155525012346,0.4062397485882044,-0.07067444180208571,0.2296398296261607,0.04533653440397141,31.743795223050363,-117.25656317912865,0.014865977472328283,-0.36922072604729667,4.474800991490817,0.6152725814997954,0.02279726718244158,15.866411809412998,-62.109048758311324,0.05529672896102298,-0.18731916393126097,2.279303127987104,-0.38563275187363466,0.022539267221529834,15.877383413637363,-55.14751442081733,-0.0404307514886947,-0.1819015621160357,2.1954978635037126,False
2025-08-19,166.5500030517578,0.0,0.0446,0.5191062395761756,4.09,O:AMD250905C00172500,9.73,O:AMD250905P00172500,0.4233530940787349,0.4293270256711357,0.426341244378686,-0.09276499519748965,-0.22843753343395712,0.04743307783413365,28.93680833857229,-117.26065444628172,-0.02675641010227378,0.6947196313148996,7.6307683055567095,0.3847437581636747,0.0238640217926583,14.457009839743677,-61.996505065814986,0.030946744573490594,0.3513447189047838,3.8947919223188925,-0.6131812915976318,0.02356905604147535,14.479798498828616,-55.26414938046673,-0.057703154675764375,0.3433749124101157,3.735976383237817,False
2025-08-20,165.1999969482422,0.0,0.044500000000000005,0.5145623050476671,3.4,O:AMD250905C00172500,10.15,O:AMD250905P00172500,0.426979588092751,0.4130394170597182,0.42002102426886556,-0.09454128077880153,-0.31301039135786746,0.0485964883643189,26.519723886222103,-114.05700828074455,-0.03107586461766084,0.8666564659249942,12.596313701866075,0.34651398750422946,0.023975361984687384,13.303718965974436,-62.040435544712466,0.02564005222772474,0.42171356080155387,6.001215654906215,-0.6595243788620969,0.02462112637963152,13.216004920247665,-52.01657273603209,-0.05671591684538558,0.4449429051234403,6.59509804695986,False
2025-08-21,163.7100067138672,0.0,0.0449,0.5108275921405786,2.6,O:AMD250905C00172500,10.75,O:AMD250905P00172500,0.42071408769816254,0.3949693437547989,0.4079122904986143,-0.10291530164196427,-0.41676285989633566,0.04922713449007556,23.47234548096214,-106.02952154398983,-0.03560955382971962,1.0680628330291133,20.08250304357029,0.2984851324087875,0.024106800821089312,11.865040673136894,-59.25598136787968,0.020195041005433914,0.5084608826712722,9.195798225204632,-0.7152479923051231,0.02512033366898625,11.607304807825248,-46.77354017611016,-0.055804594835153536,0.5596019503578411,10.886704818365658,False
2025-08-22,167.75999450683594,0.0,0.0447,0.5094748567150047,3.55,O:AMD250905C00172500,8.4,O:AMD250905P00172500,0.4061277688177639,0.438451551368734,0.42231890684366236,-0.08715594987134234,-0.2116876589532814,0.05460385761165089,25.717792199020614,-134.73790424202258,-0.01883441289808231,0.6441587264260651,5.799068943176401,0.3889626143325183,0.028248013394226557,12.812292986590569,-68.32128810960957,0.02448506589039199,0.34260574426610346,3.229004111083941,-0.6006502732857997,0.026355844217424332,12.905499212430044,-66.416616132413,-0.0433194787884743,0.3015529821599617,2.5700648320924606,False
2025-08-25,163.36000061035156,0.0,0.044500000000000005,0.49230468732794996,1.81,O:AMD250905C00172500,10.4,O:AMD250905P00172500,0.3996475031762098,0.3712161125116279,0.3855695933163167,-0.10673509401163328,-0.5097318363927715,0.052867080146113195,19.408245851704656,-100.55393287887199,-0.03409992610865777,1.2460258363201802,26.60354732808306,0.2539810010082436,0.02597159605711848,9.892570750680282,-57.1153517803949,0.014171548742757641,0.5913591497742557,12.086079831856798,-0.7637128374010151,0.026895484088994715,9.515675101024373,-43.43858109847709,-0.04827147485141541,0.6546666865459244,14.51746749622626,False
2025-08-26,166.6199951171875,0.0,0.044199999999999996,0.4911568564227142,2.72,O:AMD250905C00172500,8.33,O:AMD250905P00172500,0.4190916203551176,0.4165086909492209,0.41780056425631046,-0.07335629216640377,-0.3180656469188432,0.059146789019445,21.77910982077279,-140.4836530035541,-0.020332094138591345,0.8503355914757724,10.345921339443716,0.34151625831877874,0.029500122420744422,10.89623538691121,-74.31761279749779,0.017201091204290492,0.423002184193472,5.127718154724832,-0.659581905237622,0.029646666598700577,10.882874433861577,-66.16604020605632,-0.03753318534288184,0.4273334072823004,5.2182031847188854,False
2025-08-27,167.1300048828125,0.0,0.044199999999999996,0.4887660257010633,2.73,O:AMD250905C00172500,7.92,O:AMD250905P00172500,0.4327502829325596,0.4358176860461119,0.4342844178140164,-0.05448160788704692,-0.29885939176558307,0.06127506614235756,20.6471201559021,-158.72274935293026,-0.016832881001404523,0.7785924562980259,8.323545870398501,0.34997325075665664,0.030726789722482446,10.317177439710704,-82.8303437847695,0.015489175307726047,0.3915870260476116,4.203731188683026,-0.6488326425222397,0.03054827641987511,10.329942716191399,-75.89240556816077,-0.03232205630913057,0.3870054302504143,4.119814681715475,False
2025-08-28,168.5800018310547,0.0,0.044199999999999996,0.4872375225242105,2.2,O:AMD250905C00172500,5.85,O:AMD250905P00172500,0.36019258307609625,0.3510464311040688,0.355624167406559,-0.1316133551176515,-0.2903696879436116,0.08048597671642238,19.364585890556782,-142.09929554930775,-0.013571552982194481,0.8945766683624469,8.667643431790259,0.3568601249888521,0.03980779963004899,9.702100221102231,-75.94892437710458,0.013799876315250257,0.43743942018189463,4.174502886258068,-0.6472298129324637,0.040678177086373384,9.662485669454552,-66.15037117220318,-0.027371429297444738,0.45713724818055224,4.49314054553219,False
2025-08-29,162.6300048828125,0.0,0.0441,0.4943328615648232,0.58,O:AMD250905C00172500,10.4,O:AMD250905P00172500,0.3694951944158704,0.3888597571778074,0.3793234580755234,-0.11500940348929978,-0.7110080063090819,0.05232917494700523,10.41378651771284,-93.99967023959682,-0.02512127689241364,1.335469013767682,32.46888476867993,0.13802952654769263,0.02604321899377593,5.049801080560243,-47.98447369460189,0.004338837812782452,0.6808718133276475,16.988866573999207,-0.8490375328567745,0.026285955953229297,5.363985437152596,-46.015196544994936,-0.02946011470519609,0.6545972004400343,15.480018194680724,True
2025-09-02,162.32000732421875,0.0,0.044000000000000004,0.47986194516894115,8.0,O:AMD251003C00162500,8.0,O:AMD251003P00162500,0.3975802509679913,0.42175793057870425,0.40966851314604286,-0.0701934320228983,0.06805329785525294,0.03960654165970244,38.9844982639108,-87.27369417871037,-0.0045211320815581185,0.07437651755376015,-0.31161372464432213,0.5335766035224269,0.020389554461620638,19.494133773797945,-45.91801249835012,0.07174736660361627,0.03584422420307858,-0.14811371719708186,-0.4655233056671739,0.019216987198081802,19.490364490112857,-41.355681680360256,-0.0762684986851744,0.038532293350681576,-0.1635000074472403,False
2025-09-03,162.1300048828125,0.0,0.0435,0.47842011288510816,7.7,O:AMD251003C00162500,7.81,O:AMD251003P00162500,0.3969687721608309,0.4156432540984218,0.40630566802918916,-0.072114444855919,0.05793739595628533,0.04090678193252084,38.12126363843892,-88.44291296073888,-0.0053398973664961075,0.0927568949684107,-0.32299918673809996,0.5285355283848446,0.020925043893893776,19.062139931296105,-46.73132701710562,0.06808778934726217,0.04581233551679009,-0.15710991153751006,-0.4705981324285593,0.019981738038627062,19.059123707142813,-41.71158594363325,-0.07342768671375828,0.04694455945162061,-0.1658892752005899,False
2025-09-04,161.7899932861328,0.0,0.0433,0.4206781630615783,7.19,O:AMD251003C00162500,7.45,O:AMD251003P00162500,0.38927709344872896,0.39654716074458896,0.39291207137554884,-0.027766091686029448,0.03981241668669411,0.04342898877398651,37.218590967528336,-87.38678481276511,-0.006832291142963243,0.12880258729880853,-0.30028541644480045,0.5196721117480129,0.021916023216235606,18.609841260437857,-46.79554895791424,0.06407312289225088,0.06453066926208893,-0.1486771526830592,-0.47985969506131876,0.021512965557750903,18.608749707090478,-40.591235854850865,-0.07090541403521412,0.0642719180367196,-0.15160826376174125,False
2025-09-05,151.13999938964844,0.0,0.0429,0.4257630676475085,2.75,O:AMD251003C00162500,13.8,O:AMD251003P00162500,0.3889946201606227,0.40569353352037113,0.39737721947729593,-0.028385848170212558,-0.4253726669058314,0.040295208457943044,29.0194450118486,-69.1874886548809,-0.06415938461628608,1.155367296734794,27.634299443938097,0.2824925311097315,0.020411028443186225,14.394506165792457,-36.9898083977025,0.031703111888496074,0.595353293033893,14.587425720688739,-0.7078651980155629,0.01988418001475682,14.624938846056143,-32.1976802571784,-0.09586249650478215,0.560014003700901,13.046873723249359,False
2025-09-08,151.41000366210938,0.0,0.0426,0.4256863811242554,2.76,O:AMD251003C00162500,13.73,O:AMD251003P00162500,0.394916987651032,0.4229734762413949,0.40903143095374106,-0.016654950170514327,-0.4144664378777786,0.040465727836738845,28.581613211982905,-74.16889245693967,-0.05974773542305769,1.1072618094226916,25.162172471644098,0.28501010488141465,0.02067811170465962,14.114935333973484,-38.6866893798112,0.030455326962413896,0.5815459877632855,13.733464763456507,-0.6994765427591932,0.019787616132079223,14.466677878009419,-35.482203077128474,-0.09020306238547159,0.5257158216594061,11.428707708187593,False
2025-09-09,155.82000732421875,0.0,0.0425,0.44379541715575765,3.93,O:AMD251003C00162500,10.6,O:AMD251003P00162500,0.38768560336911945,0.4181430881002349,0.402951226747036,-0.04084419040872167,-0.24211560138042104,0.04539640634038273,31.681907296575094,-87.15113599354898,-0.03732603912885974,0.7871464839984261,10.137544877942666,0.3729611144811045,0.023446229027183137,15.76416899642225,-45.083643735514144,0.03870343113578258,0.4175463086952666,5.63425947610391,-0.6150767158615256,0.021950177313199593,15.917738300152845,-42.06749225803483,-0.07602947026464232,0.36960017530315953,4.503285401838757,False
2025-09-10,159.5399932861328,0.0,0.042300000000000004,0.44978985106810676,5.65,O:AMD251003C00162500,8.1,O:AMD251003P00162500,0.409907677624877,0.4070544441244464,0.40848112878501414,-0.041308722283092625,-0.0743586432418823,0.04693404754659966,32.91866809010486,-98.58000936532082,-0.017278730815110693,0.38785072409199406,1.500017733654243,0.46309733073163156,0.023386590808310778,16.460403961044392,-52.895236126501544,0.04602989149237138,0.19294372557120756,0.7406156619056471,-0.5374559739735139,0.02354745673828888,16.458264129060467,-45.68477323881927,-0.06330862230748208,0.1949069985207865,0.759402071748596,False
2025-09-11,155.6699981689453,0.0,0.042199999999999994,0.39801458005624596,3.8,O:AMD251003C00162500,9.85,O:AMD251003P00162500,0.4074645014949747,0.38397854706776624,0.3957494980186223,-0.002265082037623656,-0.27683435823246194,0.04830808909576056,29.39122705643976,-89.21042750561836,-0.036028447008978746,0.8607312703299168,11.982598020399703,0.3666302157017851,0.023552466374670813,14.765748049189936,-49.62821488879535,0.03382433333776754,0.4096929438159136,5.476613340148458,-0.643464573934247,0.024755622721089745,14.625479007249826,-39.582212616823,-0.06985278034674629,0.4510383265140032,6.505984680251245,False
2025-09-12,158.57000732421875,0.0,0.0424,0.40678284720782126,4.8,O:AMD251003C00162500,8.5,O:AMD251003P00162500,0.4107474093004385,0.42254462765731066,0.416647868064046,0.00986502085622476,-0.1312368577354029,0.048838040089264886,30.4491418602195,-105.12138341920547,-0.02030370803113849,0.5043078024601784,3.225334976811699,0.4328946682767925,0.024749487120096034,15.215066232472791,-55.20320220800819,0.03800244685670518,0.25777581996355087,1.6854627233132675,-0.5641315260121954,0.024088552969168855,15.234075627746707,-49.918181211197286,-0.05830615488784367,0.24653198249662753,1.5398722534984313,False
2025-09-15,161.16000366210938,0.0,0.042199999999999994,0.41141142065849173,5.8,O:AMD251003C00162500,6.9,O:AMD251003P00162500,0.41255603611592406,0.4218299749901235,0.41719304448962224,0.005781623831130511,-0.008940592234983724,0.050350991532122746,30.306339877762596,-113.19560990308207,-0.00785603659851742,0.20950919596625836,0.08929698976389963,0.4950440258368806,0.025454970086977807,15.152963208212002,-59.38502866342141,0.04110072056487616,0.10603657437385212,0.05003879510506366,-0.5039846180718643,0.02489602144514494,15.153376669550594,-53.81058123966066,-0.04895675716339358,0.10347262159240624,0.03925819465883596,False
2025-09-16,160.4600067138672,0.0,0.042,0.4112350833844922,5.3,O:AMD251003C00162500,7.05,O:AMD251003P00162500,0.4179948573510085,0.42224725332751084,0.4201210954636336,0.008886012079141359,-0.04942146281422405,0.0520120649541587,29.02311030649431,-117.32869985817891,-0.010461991560108491,0.29837065064055335,0.6740421723628471,0.4749720822003813,0.02613636288943446,14.510838669522752,-61.766654248759465,0.03658263117000177,0.15023026710306064,0.3437126253260958,-0.5243935450146053,0.02587570206472424,14.512271636971557,-55.56204560941944,-0.04704462273011026,0.14814038353749273,0.3303295470367514,False
2025-09-17,159.16000366210938,0.0,0.0417,0.3668274141367268,4.58,O:AMD251003C00162500,7.15,O:AMD251003P00162500,0.4268273294768062,0.3940771658584166,0.41046598341763024,0.04363856928090343,-0.13124509809174162,0.055292255540933796,27.334608144081646,-116.45297350048003,-0.015532842996627532,0.48983053029436174,2.8223810155202766,0.43837802211430094,0.026589551750412315,13.690263949341734,-64.073994139099,0.031043927431000023,0.22923416862306514,1.2347165514088874,-0.5696231202060426,0.028702703790521485,13.644344194739912,-52.37897936138103,-0.046576770427627555,0.26059636167129663,1.5876644641113893,False
2025-09-18,157.9199981689453,0.0,0.042,0.36675971643989674,3.9,O:AMD251003C00162500,8.1,O:AMD251003P00162500,0.43424562846379383,0.4277866446574011,0.4310171737670899,0.06425745732719318,-0.19904488356378808,0.054354097692719136,25.501747779511806,-124.0809408180398,-0.01895892238600177,0.6136422639067034,5.105010481757236,0.40146834833235506,0.02699098325702887,12.759115412760837,-65.96393603801825,0.025972170205114484,0.30302675426583087,2.4949897425027103,-0.6005132318961431,0.027363114435690266,12.74263236675097,-58.11700478002157,-0.04493109259111625,0.3106155096408725,2.6100207392545256,False
2025-09-19,157.38999938964844,0.0,0.04190000000000001,0.36587051940196713,3.3,O:AMD251003C00162500,8.65,O:AMD251003P00162500,0.42353409229270067,0.4661553443732345,0.4449034675806761,0.07903294817870898,-0.23446895726564987,0.05482141311603088,23.92376838510534,-132.08233083277452,-0.01938613850830622,0.6660336177106868,6.259280735620917,0.3756934686677694,0.02857261021199824,11.895755181918307,-65.82134274348633,0.022154918573141093,0.35939105345632594,3.5698052291833253,-0.6101624259334193,0.026248802904032635,12.028013203187033,-66.26098808928818,-0.04154105708144731,0.30664256425436087,2.6894755064375913,False
2025-09-22,159.7899932861328,0.0,0.0417,0.3582429065945708,4.05,O:AMD251003C00162500,6.6,O:AMD251003P00162500,0.4277146648587782,0.43458072235260364,0.4311481782257558,0.07290527163118499,-0.1171815644409514,0.060624976613235335,23.833738492036193,-142.63745283520666,-0.010490871926885144,0.419026082420103,1.8653945918868717,0.44069002514649547,0.030545710429612204,11.913668099405946,-74.10664741911383,0.023702805771222878,0.21219927629747468,0.95618396209847,-0.5578715895874469,0.03007926618362313,11.920070392630247,-68.53080541609283,-0.03419367769810802,0.20682680612262833,0.9092106297884018,False
2025-09-23,160.89999389648438,0.0,0.0416,0.3479172116382447,4.5,O:AMD251003C00162500,5.94,O:AMD251003P00162500,0.44963707254642094,0.454408868410085,0.4520230652153493,0.10410585357710461,-0.052778124910801416,0.06143829307832405,22.823863724050142,-161.7038159568604,-0.006010158722544713,0.2584509735406312,0.49051092580570255,0.47330263100524955,0.03087971549860244,11.411346783032077,-83.7935144833206,0.02274742553648719,0.13020864334455087,0.2499904990989689,-0.526080755916051,0.030558577579721604,11.412516941018064,-77.9103014735398,-0.028757584259031903,0.12824233019608028,0.24052042670673363,False
2025-09-24,160.8800048828125,0.0,0.0418,0.3394369979628247,4.1,O:AMD251003C00162500,5.42,O:AMD251003P00162500,0.44513507866963636,0.434681703687582,0.43990878849029547,0.10047179052747074,-0.06708310860772931,0.06741369523052901,21.3182485459981,-167.9566360528398,-0.005642314122323817,0.2847046274076546,0.6428450365119096,0.4672023185960233,0.03331167464421406,10.660803214458085,-88.38940936810178,0.01973986424916376,0.13977962654986448,0.30847350748482466,-0.5342854272037526,0.03410202058631496,10.657445331540014,-79.56722668473802,-0.025382178371487575,0.14492500085779014,0.334371529027085,False
2025-09-25,161.27000427246094,0.0,0.0424,0.33933029813335175,3.86,O:AMD251003C00162500,5.0,O:AMD251003P00162500,0.4390635310904296,0.4465289372870809,0.442796369934082,0.10346607180073025,-0.049654455253490826,0.07227622517339297,19.816487305976757,-183.5528978998222,-0.004016136716875521,0.2348956582077046,0.3640810124059729,0.4747344199540506,0.03644027387013767,9.907564369234729,-94.43355201571364,0.017309624270065237,0.11890188876434767,0.1875113413092572,-0.5243888752075414,0.03583595130325529,9.90892293674203,-89.11934588410857,-0.021325760986940757,0.11599376944335694,0.1765696710967157,False
2025-09-26,159.4600067138672,0.0,0.042199999999999994,0.33871924853326685,2.33,O:AMD251003C00162500,5.16,O:AMD251003P00162500,0.39785843189437176,0.38922693925100005,0.393545130455494,0.05482588192222715,-0.23421126993262226,0.08635473273547875,17.143688776483483,-168.12870441123047,-0.008896295769031599,0.6853862764336334,4.587073077522302,0.3843730551311511,0.042753697478263325,8.581738290393876,-88.52898875039644,0.011698835307905357,0.33616263663726115,2.220015869526759,-0.6185843250637734,0.043601035257215426,8.561950486089607,-79.59971566083404,-0.020595131076936956,0.3492236397963722,2.367057207995542,False
2025-09-29,161.36000061035156,0.0,0.042199999999999994,0.31908395844542875,2.81,O:AMD251003C00162500,3.85,O:AMD251003P00162500,0.40563876506286506,0.40673078354302783,0.40618473625183105,0.0871007778064023,-0.07877776953897075,0.09615411115878958,16.14142783291939,-205.7091947918807,-0.003074854117601661,0.29334870920152206,0.5897701980188572,0.46053102991305817,0.04814072348792254,8.070552907672278,-106.13982144024851,0.0113494106774376,0.14699852402158178,0.2961383453831878,-0.5393087994520289,0.04801338767086704,8.070874925247114,-99.5693733516322,-0.014424264795039261,0.14635018517994028,0.2936318526356694,False
2025-09-30,161.7899932861328,0.0,0.042,0.3191714823386874,2.6,O:AMD251003C00162500,3.17,O:AMD251003P00162500,0.4115310447451195,0.40316722769678465,0.40734935277700424,0.08817787043831682,-0.05187258891955998,0.11073561501688878,14.055059917254951,-239.86865069307353,-0.0016860078348845172,0.2140702320617229,0.24592062317306534,0.47451124212902956,0.05480344218745004,7.028043936941167,-124.59003625161456,0.008829901271220263,0.10529137046891131,0.118833582036656,-0.5263838310485895,0.05593217282943873,7.027015980313785,-115.27861444145897,-0.01051590910610478,0.1087788615928116,0.12708704113640934,True
2025-10-01,164.00999450683594,0.0,0.0417,0.3227838049841509,11.19,O:AMD251107C00165000,11.4,O:AMD251107P00165000,0.5286465989093169,0.5265647771433812,0.5276056644707918,0.20482185948664094,0.06167329731585636,0.028085385377204564,42.70630575514587,-104.62954357532382,-0.013366031620742777,0.14372883513483453,-0.5970156150883847,0.5309114530579084,0.014014783582281188,21.352842157485274,-55.84222997044443,0.08130512624960842,0.07183666955254384,-0.2991181247093214,-0.4692381557420521,0.014070601794923374,21.353463597660596,-48.7873136048794,-0.0946711578703512,0.07189216558229068,-0.2978974903790633,False
2025-10-02,169.72999572753906,0.0,0.042300000000000004,0.3443753353416632,15.07,O:AMD251107C00165000,8.65,O:AMD251107P00165000,0.5686647598472115,0.5222913689494305,0.545491408780217,0.20111607343855376,0.21603775411116777,0.02588549964754666,41.89476149592279,-111.30070370398083,0.013359137465839915,-0.1403221940141008,2.1024803290007106,0.606402795470105,0.012407489538260742,20.971536049453263,-61.510388835916814,0.09064378337269939,-0.059050398051555104,0.8690808494672412,-0.39036504135893724,0.013478010109285921,20.92322544646953,-49.790314868064016,-0.07728464590685948,-0.08127179596254569,1.2333994795334693,False
2025-10-03,164.6699981689453,0.0,0.0424,0.2637101390325502,11.4,O:AMD251107C00165000,11.06,O:AMD251107P00165000,0.5434014506089404,0.544498418948075,0.5439499309301377,0.28023979189758746,0.07848873728329442,0.028144222199482736,41.18282784530275,-112.49874262519381,-0.009459583110382905,0.10626534120470997,-0.5430571041605906,0.5392152262023344,0.014086402290166894,20.591562851778935,-59.676450005971546,0.07677834356290815,0.05311411715155683,-0.27123144892281054,-0.46072648891904,0.014057819909315842,20.59126499352381,-52.82229261922227,-0.08623792667329105,0.05315122405315314,-0.2718256552377801,False
2025-10-06,203.7100067138672,0.0,0.042199999999999994,0.8663943980550558,43.75,O:AMD251107C00165000,2.65,O:AMD251107P00165000,0.7740813652792168,0.6492631547081164,0.7142588860839605,-0.15213551197109532,0.7251940583853491,0.009798104426262898,27.54940821150744,-107.96578008001799,0.09650408238336461,-0.5396034934629423,37.45065376716345,0.8457781569023073,0.004880370479974115,14.930516483488839,-66.10106616896672,0.12242235621048383,-0.2391915834944162,15.315165402059764,-0.12058409851695817,0.004917733946288782,12.6188917280186,-41.864713911051275,-0.02591827382711922,-0.3004119099685261,22.13548836510369,False
2025-10-07,211.50999450683594,0.0,0.042,0.868816045177675,47.74,O:AMD251107C00165000,1.73,O:AMD251107P00165000,0.5079259860703967,0.6511797650965248,0.5885279230952263,-0.2802881220824487,0.8735124819251441,0.006499380095333074,15.642789234758089,-56.927435335106594,0.12347588356483005,-0.5600343918207344,55.47682472221058,0.9572844427469998,0.0028002785945149115,5.807520562989049,-22.658602007926223,0.14122659627851752,-0.28031242121241684,30.808260268699744,-0.08377196082185567,0.003699101500818162,9.83526867176904,-34.268833327180374,-0.01775071271368748,-0.27972197060831755,24.668564453510836,False
2025-10-08,235.55999755859375,0.0,0.042,0.9347385245159401,69.58,O:AMD251107C00165000,1.21,O:AMD251107P00165000,1.0,0.7886662922020583,0.00010000000000000002,-0.9346385245159401,0.8654347651916703,0.004089918703976837,17.936742997386073,-99.64713440151436,0.11206328285662755,-0.3500571321761806,36.99533344713054,0.9138858353039416,0.0022576502169053664,10.936588681338367,-68.55826037275854,0.12308347916860665,-0.16807178728627478,15.968536159895539,-0.048451070112271344,0.0018322684870714706,7.000154316047705,-31.088874028755832,-0.011020196311979109,-0.18198534488990586,21.026797287235002,False
2025-10-09,232.88999938964844,0.0,0.042,0.92751181953313,68.95,O:AMD251107C00165000,1.05,O:AMD251107P00165000,0.6572155290006378,0.7639229731223262,0.7162372441351413,-0.21127457539798866,0.9275585967258816,0.0032689163486886337,10.61032007792509,-52.0977424140264,0.12168260085446202,-0.3483165661477143,42.20602633028655,0.9731818512242102,0.0014027798069772399,4.166944879441218,-23.05464677053093,0.13141193394801937,-0.1641001892807652,21.289875163229617,-0.0456232544983286,0.001866136541711394,6.4433751984838725,-29.043095643495466,-0.009729333093557353,-0.18421637686694908,20.916151167056928,False
2025-10-10,214.89999389648438,0.0,0.04190000000000001,0.9920343545591732,53.24,O:AMD251107C00165000,2.18,O:AMD251107P00165000,0.8339302850243824,0.7753759890109626,0.8053879239171744,-0.18664643064199882,0.8044076429264546,0.007079685580813309,20.89033217165243,-111.01456207494462,0.09321206155173042,-0.45769275103130114,35.92126610551025,0.8954986100702926,0.003589229680094521,10.970672676207366,-63.46988086883616,0.11047829034794919,-0.22194190588477963,16.880606199181887,-0.09109096714383802,0.0034904559007187886,9.919659495445067,-47.54468120610847,-0.017266228796218766,-0.2357508451465215,19.04065990632836,False
2025-10-13,216.4199981689453,0.0,0.04190000000000001,0.9926604870063545,52.81,O:AMD251107C00165000,1.5,O:AMD251107P00165000,0.6447079705162193,0.732650729595204,0.6916078098893166,-0.30105267711703787,0.8778729321370519,0.005853459392299233,14.300147900304676,-71.55376322848628,0.1022978535296698,-0.47154663196846586,43.48742057035595,0.9493678357411358,0.0027190701377071123,6.190579253026249,-32.863525989445904,0.11509490159453531,-0.2361896375316079,23.001107367805446,-0.07149490360408395,0.003134389254592121,8.109568647278426,-38.69023723904038,-0.012797048064865509,-0.23535699443685795,20.4863132025505,False
2025-10-14,218.08999633789062,0.0,0.04190000000000001,0.990216973765837,57.4,O:AMD251107C00165000,1.38,O:AMD251107P00165000,1.003868097653869,0.7517259759649295,0.8906387475848199,-0.09957822618101708,0.815695319066228,0.00631721094792378,19.027468692026687,-125.45120794032269,0.0850821351057096,-0.40371696877713276,32.03358597857004,0.8820035702651681,0.003378361315995456,11.521955752692891,-86.6203295305981,0.09639725386367301,-0.18052479814611058,12.46952002432977,-0.06630825119894002,0.002938849631928324,7.505512939333796,-38.83087840972459,-0.011315118757963413,-0.22319217063102217,19.564065954240267,False
2025-10-15,238.60000610351562,0.0,0.042,1.0215762489105946,57.4,O:AMD251107C00165000,0.85,O:AMD251107P00165000,1.003868097653869,0.8542499892428411,0.00010000000000000002,-1.0214762489105946,0.9030871763403738,0.003440553347372326,12.386036691961323,-92.4236170398683,0.09362149813957915,-0.3016407451798246,31.19880684877344,0.9401290481855458,0.00191157719357574,7.369835170015492,-61.070441519238095,0.1001571824420332,-0.15342535445676259,14.793184885969712,-0.037041871845171936,0.001528976153796586,5.016201521945832,-31.353175520630213,-0.006535684302454048,-0.148215390723062,16.40562196280373,False
2025-10-16,234.55999755859375,0.0,0.042,1.0256476507144476,73.39,O:AMD251107C00165000,0.86,O:AMD251107P00165000,1.188718113747033,0.8510566028744706,1.0455348910927775,0.019887240378329896,0.8695412526355317,0.004020634592724455,14.707592315324685,-129.80439925368293,0.08235529783827739,-0.2966068608301824,27.254213031527545,0.9087447529930629,0.0023352499804458753,9.697049140372226,-96.6457184748869,0.08873978859900808,-0.1426503064675279,11.239259134815153,-0.039203500357531174,0.0016853846122785797,5.01054317495246,-33.15868077879603,-0.006384490760730686,-0.1539565543626545,16.01495389671239,False
2025-10-17,233.0800018310547,0.0,0.0418,1.0266609237686033,65.27,O:AMD251107C00165000,0.75,O:AMD251107P00165000,1.0,0.8432568957824622,0.00010000000000000002,-1.0265609237686033,0.9027892081676016,0.003781022882686387,11.383175714839476,-95.4761710323715,0.08305761090547589,-0.3072864422842557,29.153092368775027,0.9391952402417576,0.0021167677595835322,6.845007937870181,-63.71674899967639,0.08855494306172923,-0.15697379939455974,13.818579050393945,-0.03640603207415605,0.0016642551231028546,4.538167776969295,-31.759422032695113,-0.005497332156253332,-0.15031264288969598,15.334513318381084,False
2025-10-20,240.55999755859375,0.0,0.0415,1.027011860290961,78.4,O:AMD251107C00165000,0.49,O:AMD251107P00165000,1.2170168926145655,0.8635916737476658,1.0743418060064318,0.04732994571547078,0.9039621540864753,0.00315559303842158,11.00476279715862,-115.85717935756709,0.0769817408778353,-0.2499732993032662,24.117454496315183,0.9286495874212745,0.001974539212563799,7.725679465919969,-90.63787336558899,0.08055330137936162,-0.13199260909108743,10.97017651634601,-0.02468743333479917,0.0011810538258577813,3.2790833312386507,-25.219305991978104,-0.003571560501526318,-0.11798069021217877,13.147277979969171,False
2025-10-21,238.02999877929688,0.0,0.0412,1.0323716316231961,75.02,O:AMD251107C00165000,0.45,O:AMD251107P00165000,1.1188254518836052,0.8631174117636653,1.0122232823729516,-0.020148349250244557,0.9187011044147235,0.003109031774514225,9.263829820194356,-98.80143118063212,0.07387736094884412,-0.2524079903460283,24.048345535830617,0.9426573743085176,0.0019005813087060877,6.215198328357004,-73.55127621601379,0.07705117212410202,-0.1359779065327366,11.596719585222905,-0.02395626989379407,0.001208450465808137,3.0486314918373534,-25.250154964618332,-0.003173811175257904,-0.11643008381329169,12.451625950607712,False
2025-10-22,230.22999572753906,0.0,0.041100000000000005,1.047871752738859,64.33,O:AMD251107C00165000,0.47,O:AMD251107P00165000,1.0,0.8390246685737092,0.00010000000000000002,-1.047771752738859,0.9226634080443679,0.0035466914438053825,8.345418417980042,-88.25179448211821,0.06917117540472185,-0.2775985446588869,24.7534354693863,0.9499827444975795,0.0020534115764450126,5.182991805930014,-60.66940304382918,0.07239009479277048,-0.1471602222351761,12.159781713841307,-0.027319336453211607,0.0014932798673603696,3.1624266120500293,-27.582391438289044,-0.003218919388048623,-0.13043832242371076,12.593653755544993,False
2025-10-23,234.99000549316406,0.0,0.0412,1.0458185082314209,70.85,O:AMD251107C00165000,0.32,O:AMD251107P00165000,0.9484347565198152,0.86115705333954,0.9084744264960289,-0.13734408173539192,0.9513459959208793,0.0025473934614334308,5.5883640805571195,-64.66891705814925,0.066518047971461,-0.22240085531275997,21.542837085296426,0.9707950063747337,0.001429035832661725,3.2669426208001884,-41.97151960111146,0.06865271280508269,-0.11888261416080419,11.046495918419575,-0.019449010453854387,0.0011183576287717059,2.321421459756931,-22.69739745703779,-0.0021346648336216783,-0.10351824115195578,10.496341166876853,False
2025-10-24,252.9199981689453,0.0,0.041100000000000005,1.0562726493774846,87.35,O:AMD251107C00165000,0.19,O:AMD251107P00165000,1.0,0.9757727135905897,0.00010000000000000002,-1.0561726493774846,0.9771974615447295,0.0011994595479632962,3.0095550320254594,-44.00400102892159,0.0629156557481881,-0.12566253958290083,14.41395744488672,0.9878374103962567,0.0006272043414148418,1.592116543296043,-26.695380137871766,0.06405893187677775,-0.0648676034816693,7.359872107302944,-0.010639948851527192,0.0005722552065484545,1.4174384887294167,-17.30862089104983,-0.0011432761285896508,-0.06079493610123154,7.054085337583775,False
2025-10-27,259.6700134277344,0.0,0.0409,1.0550979190487104,91.51,O:AMD251107C00165000,0.17,O:AMD251107P00165000,1.0,1.0646688221339478,0.00010000000000000002,-1.0549979190487104,0.9847233479170904,0.000825271114671137,2.060523134006018,-36.50267146583365,0.05732807543816179,-0.09015263511176494,10.725514527763195,0.9938207315251238,0.0003556390458649873,0.856436180334462,-18.65888951875826,0.058232474625181545,-0.04036286448373027,4.95526149393619,-0.009097383608033471,0.0004696320688061496,1.2040869536715562,-17.84378194707539,-0.0009043991870197539,-0.04978977062803468,5.7702530338270055,False
2025-10-28,258.010009765625,0.0,0.0407,1.058240041210926,95.42,O:AMD251107C00165000,0.11,O:AMD251107P00165000,1.7593000323109216,1.0551660182371954,1.5264235308527945,0.4681834896418684,0.9371556202040552,0.0017810889069436887,6.055085677585089,-164.3120367451367,0.046433501816113776,-0.12209185666100877,10.552092610727176,0.9437473751108945,0.0014001225909946852,5.20557286963133,-150.26779532176712,0.0470083395138555,-0.08197292825667234,5.980501306254886,-0.0065917549068392756,0.00038096631594900345,0.8495128079537598,-14.044241423369593,-0.0005748376977417293,-0.04011892840433644,4.57159130447229,False
2025-10-29,264.3299865722656,0.0,0.0403,1.0573338187502208,97.02,O:AMD251107C00165000,0.13,O:AMD251107P00165000,1.0,1.2037428668663506,0.00010000000000000002,-1.0572338187502208,0.9911885534018539,0.0004980527886600444,1.1128208963741404,-29.740094301165175,0.04509242940212001,-0.0522704423637889,5.970104184781965,0.9982361295414995,0.00012838521590469087,0.2491755254859359,-11.107482410372707,0.04564600876499766,-0.015559119688672988,1.9998665277607124,-0.007047576139645684,0.00036966757275535357,0.8636453708882044,-18.632611890792468,-0.0005535793628776528,-0.03671132267511591,3.970237657021253,False
2025-10-30,254.83999633789062,0.0,0.0405,1.0791534396639362,96.09,O:AMD251107C00165000,0.08,O:AMD251107P00165000,2.6526555348400156,1.1443676785402195,2.0,0.9208465603360638,0.8924792633423163,0.0020481592382125043,7.611396287867057,-410.33977822037167,0.031254621952809335,-0.08946432333109253,6.0664570408177285,0.8977814361457138,0.0017096008794857656,7.012316022220383,-396.0008121011284,0.03159538521419045,-0.057794071589513565,2.8839759590874317,-0.005302172803397509,0.00033855835872673856,0.5990802656466746,-14.338966119243276,-0.0003407632613811148,-0.03167025174157897,3.182481081730297,False
2025-10-31,256.1199951171875,0.0,0.0406,1.063710381356385,91.61,O:AMD251107C00165000,0.08,O:AMD251107P00165000,1.5469911793986413,1.2655463016795314,1.4388908574581145,0.37518047610172944,0.9782037912224171,0.0010685338736292598,2.0307010222004696,-81.76331526120819,0.03151737107767852,-0.0793107004541545,6.535092284260482,0.9834340050558221,0.0007388809148549586,1.4877114986380433,-64.50405423071399,0.03179903027241533,-0.05098243455034781,3.91855806617485,-0.005230213833405051,0.00032965295877430127,0.5429895235624264,-17.259261030494194,-0.00028165919473681166,-0.0283282659038067,2.616534218085632,True
2025-11-03,259.6499938964844,0.0,0.0406,0.7066257398132472,22.6,O:AMD251205C00255000,17.13,O:AMD251205P00255000,0.6225617553788138,0.6278094745269517,0.6251856288641691,-0.0814401109490781,0.16646839441685712,0.0155794792991352,62.537660059895984,-205.40448859014492,0.0033271596136138365,-0.021524009229585868,0.3624973235302765,0.5832624286606295,0.007822314189774401,31.26835457805662,-107.43009889138732,0.12270865337312488,-0.0113575882072538,0.19134139989253388,-0.41679403424377237,0.007757165109360799,31.26930548183936,-97.97438969875762,-0.11938149375951104,-0.01016642102233207,0.17115592363774268,False
2025-11-04,250.0500030517578,0.0,0.04019999999999999,0.7214225047569729,16.75,O:AMD251205C00255000,20.32,O:AMD251205P00255000,0.6161085507921047,0.6013058119320631,0.6087071394562722,-0.1127153653007007,0.004221214355633607,0.01735394816791634,60.27309199964161,-199.54226164674472,-0.03287036360167894,0.234143123543066,-0.09312401937448028,0.5029769739885044,0.008571369668782716,30.136199748027956,-106.09838243815996,0.09950182774833954,0.11568888455972236,-0.06521554835258427,-0.4987557596328708,0.008782578499133624,30.136892251613652,-93.44387920858476,-0.1323721913500185,0.11845423898334363,-0.027908471021896017,False
2025-11-05,256.3299865722656,0.0,0.04,0.6116609044207737,18.0,O:AMD251205C00255000,15.44,O:AMD251205P00255000,0.5613188765920266,0.5499266432431308,0.5556226487234235,-0.056038255697350214,0.10742651105724665,0.018790355652820116,59.8811554119707,-190.31778384355692,-0.00515373035676385,0.04142195673341565,-0.42370815013031293,0.5538312729822839,0.009298481881447392,29.93937059652018,-101.20841830649164,0.10822215797105328,0.021482869270557824,-0.22021743390964682,-0.4464047619250372,0.009491873771372724,29.94178481545052,-89.10936553706527,-0.11337588832781713,0.019939087462857826,-0.20349071622066608,False
2025-11-06,237.6999969482422,0.0,0.04019999999999999,0.669338968447106,9.46,O:AMD251205C00255000,24.25,O:AMD251205P00255000,0.5795015645946869,0.5152466014872965,0.5475377127289771,-0.12180125571812894,-0.2704426382435051,0.02005913328270767,51.550821996584155,-165.46777839015323,-0.08166184523762184,0.6949036055882295,16.616850096733685,0.375890806771355,0.009543188131744757,26.0390541400376,-93.7495832819271,0.06657436968536075,0.31666439009990877,6.872656954321749,-0.6463334450148601,0.010515945150962911,25.511767856546555,-71.71819510822611,-0.14823621492298258,0.37823921548832073,9.744193142411936,False
2025-11-07,233.5399932861328,0.0,0.0401,0.6063112167861945,7.05,O:AMD251205C00255000,27.9,O:AMD251205P00255000,0.5552954517931282,0.5637712212542227,0.5595378820672632,-0.0467733347189313,-0.3535633354275586,0.019510061350441622,47.251838744296435,-161.8556698968381,-0.09327077696982122,0.7911847809233776,23.881047789894627,0.32154196803701995,0.009808026099773099,23.575326216405706,-85.20353061497784,0.05400230877505998,0.3999712936505778,12.194181641978538,-0.6751053034645785,0.009702035250668524,23.676512527890726,-76.65213928186026,-0.1472730857448812,0.39121348727279975,11.686866147916088,False
2025-11-10,243.97999572753906,0.0,0.0404,0.6226338488021157,10.5,O:AMD251205C00255000,20.43,O:AMD251205P00255000,0.5529290960657862,0.5409288167579447,0.5469312359914185,-0.07570261281069723,-0.1576004393168003,0.02135205689118088,52.40629880399761,-187.2763602785546,-0.05231133871874018,0.49926343813075835,6.65231074881593,0.4226973492287827,0.010567032376809024,26.223096964282313,-99.89690692806332,0.06983985125867972,0.2455232119776467,3.207398611166694,-0.580297788545583,0.010785024514371857,26.183201839715295,-87.37945335049129,-0.1221511899774199,0.25374022615311165,3.4449121376492364,False
2025-11-11,237.52000427246094,0.0,0.0404,0.6336506312547315,7.17,O:AMD251205C00255000,22.8,O:AMD251205P00255000,0.5337262359167104,0.4853674187819525,0.5096880034700035,-0.123962627784728,-0.33508418563749454,0.022488503472301427,46.09770832923418,-160.08774880041778,-0.07825656943160843,0.814016059689362,22.490131188820698,0.3422716895094944,0.010842110534285123,23.31872126650642,-90.11539877119128,0.05294740939616967,0.3777943779813805,9.743335370201965,-0.6773558751469889,0.011646392938016305,22.778987062727758,-69.97235002922649,-0.1312039788277781,0.4362216817079815,12.746795818618734,False
2025-11-12,258.8900146484375,0.0,0.0403,0.6261833807358906,16.2,O:AMD251205C00255000,11.9,O:AMD251205P00255000,0.5189756179389251,0.5297111893312616,0.524343754772842,-0.10183962596304863,0.1579235819633149,0.02218757148140476,52.596835404659586,-204.92310195712875,0.008624692603685591,-0.0940969439355841,1.260803553888504,0.579214228447029,0.011205928068064667,26.295035761975136,-106.53475389607114,0.09023005005884885,-0.04904540713745856,0.6591969696080953,-0.42129064648371406,0.010981643413340092,26.301799642684447,-98.38834806105761,-0.08160535745516326,-0.045051536798125534,0.6016065842804089,False
2025-11-13,247.9600067138672,0.0,0.0405,0.6440127585265858,10.95,O:AMD251205C00255000,18.2,O:AMD251205P00255000,0.5514313445999238,0.5863241915445583,0.5688848237067461,-0.0751279348198397,-0.08430690422464715,0.022342486045680947,49.571868946571186,-220.05592500530565,-0.031780787642900876,0.34801857121685753,2.309043777584801,0.4548146093146047,0.011504814064836675,24.765880537967078,-111.67032335131978,0.0646513229074376,0.18146923417228922,1.2869571671479159,-0.5391215135392519,0.010837671980844272,24.805988408604108,-108.38560165398586,-0.09643211055033847,0.16654933704456834,1.022086610436885,False
2025-11-14,246.80999755859375,0.0,0.0404,0.6437003754291148,9.58,O:AMD251205C00255000,16.73,O:AMD251205P00255000,0.5341904233583373,0.516128351698986,0.5251633968636393,-0.11853697856547551,-0.1365802399653867,0.02486744032383422,47.33873088292732,-206.4055890824274,-0.0357258146978622,0.4495192600927752,4.66002747863962,0.43373881435611406,0.012230937688818054,23.690382093808505,-110.24130347656026,0.0580184974477932,0.2188797342408774,2.1992491251324147,-0.5703190543215008,0.012636502635016165,23.648348789118813,-96.16428560586715,-0.0937443121456554,0.23063952585189781,2.4607783535072056,False
2025-11-17,240.52000427246094,0.0,0.0404,0.6423893794453227,6.76,O:AMD251205C00255000,21.92,O:AMD251205P00255000,0.5377830688171144,0.5967114246844453,0.5673794048637151,-0.07500997458160763,-0.2771335802798107,0.023343939205694338,42.462562374595606,-213.03070424397623,-0.052964538840525745,0.6474542093626008,13.095883454687137,0.35192975965115914,0.012173426246246953,21.040199559042694,-104.98216813719237,0.043270081830501635,0.34980533183935614,7.538018561305778,-0.6290633399309699,0.011170512959447385,21.422362815552912,-108.04853610678386,-0.09623462067102738,0.29764887752324465,5.5578648933813595,False
2025-11-18,230.2899932861328,0.0,0.04019999999999999,0.6596639101491689,4.42,O:AMD251205C00255000,26.7,O:AMD251205P00255000,0.5980819148149006,0.4762586839851367,0.53948320338428,-0.1201807067648889,-0.5552281725240513,0.02118697232645119,31.008452113019388,-156.46814204993495,-0.08201529355543058,0.9898717412064302,40.465478984643354,0.2523443551161081,0.010208423208838415,16.703684642348406,-98.98625164020054,0.027698449920288356,0.4287513820434019,14.96107750797926,-0.8075725276401594,0.010978549117612776,14.304767470670983,-57.481890409734405,-0.10971374347571894,0.5611203591630283,25.504401476664096,False
2025-11-19,223.5500030517578,0.0,0.0401,0.6575297217518442,2.37,O:AMD251205C00255000,33.4,O:AMD251205P00255000,0.5779438556030647,0.5833604354459262,0.5806587153255941,-0.07687100642625011,-0.6631523944085345,0.017760616740602468,24.541695311712918,-142.25126251665648,-0.08762748561609916,0.9419018155402369,44.13092896241561,0.1671483280456907,0.008878481637068747,12.211089580361806,-75.50524399919438,0.016664766307004978,0.472794628434918,22.26834032065555,-0.8303007224542251,0.00888213510353372,12.330605731351111,-66.74601851746209,-0.10429225192310414,0.4691071871053189,21.86258864176006,False
2025-11-20,206.02000427246094,0.0,0.0404,0.7070866667052729,0.6,O:AMD251205C00255000,49.07,O:AMD251205P00255000,0.612587855794393,0.5997316571186575,0.6062546501636507,-0.10083201654162222,-0.8919121117614722,0.008406628406715147,9.442937247306505,-56.15530024498352,-0.1018904407870372,0.627243280560456,43.38545747793093,0.056060356060189796,0.004282929362178097,4.860939576708572,-34.5511639780552,0.004779567569261834,0.3164795903176952,21.642232373108186,-0.947972467821662,0.004123699044537049,4.581997670597933,-21.60413626692832,-0.10667000835629903,0.3107636902427608,21.743225104822745,False
2025-11-21,203.77999877929688,0.0,0.0403,0.637406853885311,0.4,O:AMD251205C00255000,50.02,O:AMD251205P00255000,0.6204271592490251,1.0,0.00010000000000000002,-0.637306853885311,-0.8046758456828714,0.00934284789154571,13.213388331133931,-140.63514506257354,-0.08658194607040375,0.5531096555448961,30.585013496071,0.04097520450988276,0.003489121268413012,3.5672162257894713,-28.20667471349696,0.003154732986113235,0.26388028455922813,18.633207012690917,-0.8456510501927542,0.005853726623132699,9.64617210534446,-112.42847034907658,-0.08973667905651699,0.289229370985668,11.95180648338008,False
2025-11-24,215.0500030517578,0.0,0.0403,0.6666628335880009,0.49,O:AMD251205C00255000,39.82,O:AMD251205P00255000,0.5409402304908417,0.4728979619595592,0.5104213721513746,-0.15624146143662632,-0.9129191217904199,0.008811317737114483,7.44780670295361,-44.055621231547235,-0.08451187854537061,0.6456674273156968,44.97623772552197,0.05462217734500622,0.005032593931075702,4.496370046909623,-34.505381219674646,0.004020178358834906,0.34847995184187097,22.68255497924819,-0.9675412991354261,0.0037787238060387803,2.9514366560439877,-9.550240011872587,-0.08853205690420551,0.2971874754738258,22.293682746273777,False
2025-11-25,206.1300048828125,0.0,0.0404,0.6767157760811473,0.29,O:AMD251205C00255000,50.1,O:AMD251205P00255000,0.6278072872568197,0.8930979572513716,0.7871542846918107,0.1104385086106634,-0.8609588552279194,0.008787927793093987,9.436038122137957,-112.14761035256943,-0.0723363342958831,0.5181337816143871,28.71581395140454,0.03328173840603717,0.003215324615901465,2.722845825460207,-27.188846349952325,0.002085830127030108,0.22985729442427136,15.487738741746526,-0.8942405936339566,0.005572603177192522,6.71319229667775,-84.9587640026171,-0.0744221644229132,0.28827648719011567,13.228075209658016,False
2025-11-26,214.24000549316406,0.0,0.0406,0.6887879513191427,0.18,O:AMD251205C00255000,41.45,O:AMD251205P00255000,0.5231119548914432,0.7276096873889819,0.6470722541093825,-0.041715697209760205,-0.8879525816197484,0.009284320514541146,7.766518874444957,-84.33504809929494,-0.06440693498996782,0.5558177130838982,31.941239010620986,0.02612113884260362,0.0032460618021937265,2.164960964843379,-20.6052027594145,0.0015044980358686383,0.23509424005531226,16.294699709710898,-0.914073720462352,0.00603825871234742,5.601557909601578,-63.72984533988044,-0.06591143302583645,0.32072347302858595,15.646539300910089,False
2025-11-28,217.52999877929688,0.0,0.0405,0.68681676811885,0.14,O:AMD251205C00255000,38.55,O:AMD251205P00255000,0.5508691935427698,0.8604635382471536,0.745052860891819,0.05823609277296904,-0.8704465910308673,0.010184615948760283,7.2962163936139195,-136.0408165715338,-0.04524568370721978,0.49589911298716677,23.620276525925227,0.022803826138958455,0.0032050253535987738,1.6576305173870982,-23.206298083906788,0.0009564516413037638,0.20393346543773327,12.49126987179693,-0.8932504171698258,0.00697959059516151,5.638585876226822,-112.83451848762704,-0.04620213534852354,0.2919656475494335,11.129006654128295,True
2025-12-01,219.75999450683594,0.0,0.0398,0.68827964116778,13.75,O:AMD260102C00220000,12.75,O:AMD260102P00220000,0.49834368370768073,0.4832096422117348,0.490776335708797,-0.19750330545898298,0.07453541537262354,0.023872907982850335,53.875756762098675,-138.41210297226104,-0.009638188121072741,0.09371363764450742,-0.5946366945987707,0.5376223264938842,0.011751415508334834,26.935628437867916,-74.62683717299831,0.09942655192100763,0.04729785196192705,-0.30295369127701643,-0.46308691112126066,0.012121492474515501,26.94012832423076,-63.785265799262746,-0.10906474004208037,0.046415785682580375,-0.2916830033217542,False
2025-12-02,215.24000549316406,0.0,0.039,0.6854927258632095,11.0,O:AMD260102C00220000,15.06,O:AMD260102P00220000,0.4928641944181804,0.496017528859377,0.4944408844515682,-0.19105184141164133,-0.038219979754347766,0.024788184091113746,51.82364756643591,-139.03631288951715,-0.03129320551596475,0.3180156736132936,0.9910013760036966,0.4806393107841581,0.012433240527628488,25.911042593644268,-73.56647546179558,0.08438153101382913,0.15963323681858735,0.5039544556664312,-0.5188592905385059,0.012354943563485257,25.912604972791637,-65.46983742772156,-0.11567473652979388,0.15838243679470623,0.48704692033726554,False
2025-12-03,217.60000610351562,0.0,0.0383,0.6801391470161999,11.5,O:AMD260102C00220000,13.05,O:AMD260102P00220000,0.4786911351444142,0.474182896688967,0.4764370096430184,-0.20370213737318155,0.012938536147602653,0.026044567627665306,51.292380249965994,-139.12829409660768,-0.018974628492733556,0.20856823626515514,-0.21742888229472046,0.5067043323508107,0.012960548328841746,25.645945037715805,-74.09325111907981,0.08621805745510676,0.10385396911438648,-0.11221708558804248,-0.49376579620320804,0.013084019298823562,25.64643521225019,-65.03504297752787,-0.10519268594784031,0.10471426715076865,-0.10521179670667799,False
2025-12-04,215.97999572753906,0.0,0.0383,0.6700930943069028,10.2,O:AMD260102C00220000,14.1,O:AMD260102P00220000,0.47056671510462944,0.49394557814830353,0.48225714198648933,-0.18783595232041345,-0.03190646722741569,0.026530245438204432,49.70630064852091,-142.6329984727348,-0.02599263221288174,0.2964801456073132,0.7417624933505355,0.4823151495826565,0.013584353111111152,24.848831848181273,-73.75726629905483,0.0783086866218246,0.15260894211355358,0.42192622953886066,-0.5142216168100722,0.01294589232709328,24.85746880033964,-68.87573217367999,-0.10430131883470634,0.14387120349375962,0.3198362638116748,False
2025-12-05,217.97000122070312,0.0,0.0382,0.6263668785570986,10.7,O:AMD260102C00220000,12.27,O:AMD260102P00220000,0.4629699758398327,0.47137941951395773,0.467174642765522,-0.1591922357915766,0.014681981526989185,0.027810627563116835,48.98665164161162,-143.42231278970127,-0.015690292435429576,0.1933298513363556,-0.21837251731715204,0.5069345691296688,0.014030726765674595,24.49378507958756,-75.25351603959984,0.07920359416826184,0.09739534196455073,-0.103963508855854,-0.49225258760267965,0.013779900797442242,24.492866562024062,-68.16879675010142,-0.09489388660369141,0.09593450937180488,-0.11440900846129805,False
2025-12-08,221.11000061035156,0.0,0.0382,0.6272069138406604,12.05,O:AMD260102C00220000,10.4,O:AMD260102P00220000,0.4627655545016148,0.46662419273741407,0.4646948559105397,-0.1625120579301207,0.10012131886101383,0.028058048395813953,48.060433672967164,-148.0940259753037,-0.00023537013432971265,0.0030345935717880036,-0.02318055842857701,0.5500577285666896,0.014087282938568342,24.03023922429351,-77.93129025934897,0.08261476306678876,0.0010786877441534175,-0.008239221044378579,-0.4499364097056757,0.013970765457245609,24.030194448673658,-70.16273571595474,-0.08285013320111848,0.001955905827634586,-0.014941337384198434,False
2025-12-09,221.6199951171875,0.0,0.0381,0.6029257117561903,12.1,O:AMD260102C00220000,9.85,O:AMD260102P00220000,0.46626635226858665,0.4648937179501662,0.4655800300315023,-0.13734568172468797,0.1137477748871405,0.0286390298106513,46.77798984879179,-152.57644754334942,0.002327700939345173,-0.03157984023303249,0.26757029050597514,0.5568630507543955,0.01429846254859307,23.389086741483318,-80.57979579396091,0.0795085618493809,-0.015587857708648614,0.1320474453166743,-0.44311527586725497,0.01434056726205823,23.388903107308476,-71.9966517493885,-0.07718086091003573,-0.01599198252438387,0.13552284518930083,False
2025-12-10,221.4199981689453,0.0,0.0379,0.5971509196785026,11.6,O:AMD260102C00220000,9.25,O:AMD260102P00220000,0.46347973282981636,0.4472824494234044,0.45538126140236856,-0.14176965827613408,0.10752663158036024,0.03019905108679182,45.46877868321749,-153.57743850459954,0.0019958449067402906,-0.029422338224751897,0.2288069840864227,0.5536445127821491,0.014831604002630751,22.735312902302688,-82.3068528007189,0.07487283488531749,-0.01236323788991192,0.09589669141805436,-0.44611788120178886,0.01536744708416107,22.7334657809148,-71.27058570388064,-0.0728769899785772,-0.01705910033483998,0.13291029266836835,False
2025-12-11,221.42999267578125,0.0,0.0377,0.4869288656766145,10.65,O:AMD260102C00220000,9.5,O:AMD260102P00220000,0.43524530171084524,0.4717843866905331,0.453515848505497,-0.0334130171711175,0.1073138406587667,0.03129706646222498,44.11477578346992,-157.68971011083397,0.002293652667359092,-0.03640773423076182,0.27455186705727924,0.5539854816348283,0.016277172235090523,22.054914778251696,-79.81758838334056,0.07112317532755429,-0.02367251675156809,0.17928315765621783,-0.4466716409760616,0.01501989422713446,22.059861005218227,-77.8721217274934,-0.0688295226601952,-0.012735217479193733,0.09526870940106141,False
2025-12-12,210.77999877929688,0.0,0.037599999999999995,0.49292433682874565,5.57,O:AMD260102C00220000,14.34,O:AMD260102P00220000,0.443869600690095,0.446015254845723,0.4449426258742809,-0.04798171095446474,-0.25064836288823494,0.033135823263748934,38.989612534988616,-142.98934540100367,-0.04329860810929278,0.7294038456746957,11.984274067298285,0.3742845597621886,0.01660239628410576,19.488377877801735,-75.41940334069923,0.04364386848201513,0.36611735959666203,6.034749453566998,-0.6249329226504236,0.016533426979643173,19.50123465718688,-67.56994206030446,-0.08694247659130791,0.3632864860780337,5.949524613731287,False
2025-12-15,207.5800018310547,0.0,0.0377,0.4934972756476412,3.93,O:AMD260102C00220000,16.0,O:AMD260102P00220000,0.4296713825831985,0.4360682191055557,0.4328733484059573,-0.06062392724168386,-0.38154227618538616,0.033280083694704005,34.48447280833227,-130.6105523253921,-0.05507252577177083,0.9771243470888633,23.812719969773898,0.30766633748987293,0.016726249177234594,17.204161449083923,-68.78878630862329,0.033297432721945304,0.49408923639965335,12.14702829910852,-0.6892086136752591,0.01655383451746941,17.280311359248344,-61.8217660167688,-0.08836995849371614,0.48303511068921,11.665691670665378,False
2025-12-16,209.1699981689453,0.0,0.037599999999999995,0.4920800729191106,3.88,O:AMD260102C00220000,14.5,O:AMD260102P00220000,0.41377490438051256,0.42646785128620535,0.42013367141485225,-0.07194640150425835,-0.35526261365522926,0.03594904726921329,34.08239286852144,-135.30462416046265,-0.04781641441352649,0.9506101133310194,20.83328933047103,0.31935306193875446,0.018176386208281572,16.97513690849151,-70.44341831132512,0.03245825523621795,0.48659037001436706,10.8537016518413,-0.6746156755939837,0.01777266106093172,17.107255960029928,-64.86120584913752,-0.08027466964974445,0.46401974331665236,9.979587678629729,False
2025-12-17,198.11000061035156,0.0,0.0373,0.5033663682866358,1.37,O:AMD260102C00220000,22.94,O:AMD260102P00220000,0.43227045765621824,0.43925286430856136,0.43577803552746774,-0.06758833275916809,-0.699778602557916,0.024764352411079604,20.168531887774712,-86.21022774258157,-0.07759197113326649,1.21092534683443,54.237174265983214,0.14799686500377007,0.012365134039980085,9.989595160597228,-46.38369443595819,0.01330936143629859,0.6090723777109877,27.517453346393555,-0.8477754675616861,0.012399218371099521,10.178936727177486,-39.826533306623375,-0.09090133256956508,0.6018529691234423,26.719720919589655,False
2025-12-18,201.05999755859375,0.0,0.0371,0.5018752044527576,1.36,O:AMD260102C00220000,19.93,O:AMD260102P00220000,0.4051351962180176,0.4037510770867878,0.4044437716305256,-0.09743143282223199,-0.6846065578601832,0.028371708931513872,20.248207086741182,-87.90785558336057,-0.06937725878458831,1.2972501808487706,54.71013511170977,0.1581456084985568,0.014188106891723146,10.143034817508811,-48.19937186500199,0.013285885406539855,0.6477043513646805,27.26548857249158,-0.84275216635874,0.014183602039790726,10.10517226923237,-39.70848371835857,-0.08266314419112816,0.6495458294840901,27.444646539218187,False
2025-12-19,213.42999267578125,0.0,0.0371,0.4747356968705367,4.1,O:AMD260102C00220000,10.28,O:AMD260102P00220000,0.39348901466423086,0.3893565742913591,0.39142354960441594,-0.08331214726612074,-0.25933727635969606,0.04539006691904297,32.114918966546185,-155.8020439970611,-0.02767077499762008,0.7892136553098024,11.106369651933417,0.3711466719980213,0.02259144726657,16.068932422494704,-82.45587280712006,0.02980707598657939,0.3911199416865068,5.467900082501116,-0.6304839483577174,0.022798619652472978,16.045986544051484,-73.34617118994106,-0.05747785098419947,0.3980937136232956,5.638469569432299,False
2025-12-22,214.9499969482422,0.0,0.037200000000000004,0.4724590652612852,3.85,O:AMD260102C00220000,8.5,O:AMD260102P00220000,0.3618541202661442,0.3549104877242497,0.3583840224832297,-0.11407504277805552,-0.22774164025719829,0.05256293987918549,31.081825212686347,-153.66950466003755,-0.021893951742240143,0.7626415747889499,8.968071930082935,0.38745285876351526,0.02605318451901008,15.556474902556035,-81.7633508223823,0.028368925288859047,0.3750154783359121,4.356311617163047,-0.6151944990207135,0.026509755360175413,15.525350310130312,-71.90615383765525,-0.05026287703109919,0.38762609645303786,4.611760312919889,False
2025-12-23,214.89999389648438,0.0,0.0371,0.43030354033419954,3.25,O:AMD260102C00220000,8.07,O:AMD260102P00220000,0.3447233620779838,0.3432670225810781,0.34399528663754464,-0.0863082536966549,-0.2607286137543076,0.057313261167897825,28.90467266631443,-154.10471343742148,-0.02138113571569431,0.8648775617740742,11.021663627609339,0.36995057976496565,0.028603926778174686,14.456349088775147,-81.31816306384776,0.024207103915394584,0.4308704385196779,5.477032173769372,-0.6306791935192733,0.028709334389723135,14.448323577539282,-72.78655037357373,-0.04558823963108889,0.4340071232543963,5.544631453839966,False
2025-12-24,215.0399932861328,0.0,0.037200000000000004,0.4010217100671296,2.8,O:AMD260102C00220000,7.46,O:AMD260102P00220000,0.33209266902975504,0.3266427617067536,0.32936951497197153,-0.07165219509515808,-0.287990786625957,0.06314238415239912,26.712399705120507,-155.68388328300694,-0.02005264911736498,0.9596964586762664,12.699205038046964,0.35731203431017045,0.031350881328961834,13.373498016025168,-82.69648494878581,0.020565660405309303,0.4730440741827052,6.199242991150546,-0.6453028209361275,0.031791502823437276,13.338901689095339,-72.98739833422114,-0.040618309522674284,0.48665238449356113,6.499962046896418,False
2025-12-26,214.99000549316406,0.0,0.037000000000000005,0.37655270372044053,2.16,O:AMD260102C00220000,7.0,O:AMD260102P00220000,0.3389448998069151,0.3381643272573479,0.33855466789305216,-0.037998035827388366,-0.3428228534120423,0.07052401764580138,21.896330301309135,-183.74431693248295,-0.016441168082983557,1.0497022591836898,14.108185763039275,0.3287934150987314,0.035230225951121734,10.950918253958745,-96.0718088679936,0.013596686134561992,0.523831720292294,7.031386133489757,-0.6716162685107737,0.03529379169467965,10.945412047350388,-87.67250806448934,-0.03003785421754555,0.5258705388913958,7.076799629549518,False
2025-12-29,215.61000061035156,0.0,0.0369,0.3725826348740974,1.7,O:AMD260102C00220000,6.1,O:AMD260102P00220000,0.31217437384766433,0.3264565214937599,0.31933432311117643,-0.05324831176292094,-0.3591902466021973,0.08252582409659641,19.437533693216167,-192.38878314536132,-0.0135309538554178,1.136582042352701,14.419105165878268,0.3163495083594872,0.04196756345297886,9.667368141009892,-97.51814432227903,0.010556844077852926,0.5896885574006603,7.65573532010276,-0.6755397549616845,0.04055826064361755,9.770165552206274,-94.87063882308229,-0.024087797933270726,0.5468934849520408,6.763369845775508,False
2025-12-30,215.33999633789062,0.0,0.0365,0.3705426331944227,0.91,O:AMD260102C00220000,5.25,O:AMD260102P00220000,0.2717060407981138,0.2402640270844117,0.25625770272016524,-0.11428493047425747,-0.5401106248949261,0.10101130234738116,14.250976952770266,-149.07561527778137,-0.01457945476034873,1.8250533299143699,31.89839728898817,0.24424938005352398,0.049162241942276294,7.373965315253684,-86.03570178531655,0.006153173881697369,0.8343741935086226,13.57970042412549,-0.78436000494845,0.05184906040510487,6.877011637516581,-63.039913492464805,-0.0207326286420461,0.9906791364057472,18.318696864862684,False
2025-12-31,214.16000366210938,0.0,0.0374,0.36364940599592227,0.33,O:AMD260102C00220000,6.02,O:AMD260102P00220000,0.26422248690391953,0.2421870323177747,0.25353795956373215,-0.11011144643219012,-0.7575673919178094,0.08323331111997834,7.677159642749141,-116.48340272700185,-0.013380209160905758,1.8931862209391586,42.32624206829604,0.13165764205626224,0.04233341685960259,4.071545431215469,-68.81719410214046,0.0022115715162630083,0.9224680460725985,19.686802375874766,-0.8892250339740717,0.04089989426037574,3.605614211533672,-47.666208624861376,-0.015591780677168767,0.9707181748665601,22.63943969242127,True
2026-01-02,223.47000122070312,0.0,0.037200000000000004,0.393715675981765,20.83,O:AMD260206C00215000,10.5,O:AMD260206P00215000,0.5742880666289761,0.534126743307732,0.5542260625198483,0.1605103865380833,0.25866637049151997,0.019393367067200237,53.18169960448554,-149.54225798935707,0.02626406163638885,-0.21286992941138883,4.955206012366312,0.6272041704491704,0.009363358083422774,26.640314960478324,-81.54716844669768,0.11838424279355567,-0.09462280383034252,2.1609397397358014,-0.36853779995765046,0.010030008983777462,26.541384644007213,-67.99508954265939,-0.09212018115716682,-0.11824712558104629,2.7942662726305105,False
2026-01-05,221.0800018310547,0.0,0.0371,0.39487587310947075,18.3,O:AMD260206C00215000,11.56,O:AMD260206P00215000,0.5465308092274086,0.5502777291642578,0.5484043507322669,0.15352847762279614,0.2130509746848851,0.02056018803002697,52.48468548497752,-151.7495350859017,0.016420295117564127,-0.1417293730412334,2.6135258686484786,0.6066582439621798,0.010314253925027234,26.23989471553845,-79.58670439880744,0.1103047673199839,-0.07174774776534038,1.324715307114249,-0.3936072692772947,0.010245934104999736,26.244790769439067,-72.16283068709426,-0.09388447220241977,-0.06998162527589304,1.2888105615342298,False
2026-01-06,214.35000610351562,0.0,0.037000000000000005,0.409372745970434,14.0,O:AMD260206C00215000,13.7,O:AMD260206P00215000,0.5411614547751001,0.5324154080243605,0.5367883141219617,0.1274155681515277,0.06633738927824129,0.022875689091265933,51.489967185838026,-150.9160028807887,-0.012303704153821704,0.11691716268145262,-0.6302116120611017,0.5334243363486686,0.011344052362233152,25.743605627004115,-80.03266321324148,0.09157971128167938,0.058481438941414755,-0.317663243571934,-0.4670869470704273,0.011531636729032782,25.746361558833915,-70.88333966754725,-0.10388341543550109,0.058435723740037866,-0.3125483684891677,False
2026-01-07,210.02000427246094,0.0,0.037000000000000005,0.41106325946166755,11.41,O:AMD260206C00215000,15.9,O:AMD260206P00215000,0.5381853716415695,0.5464089362229185,0.5422972959756851,0.13123403651401755,-0.03668220807378403,0.02368622819430472,49.459755945167785,-152.32081563670607,-0.030567775592077268,0.30311591191950693,0.8653370918396137,0.48103576553627664,0.011932058844716719,24.728099613928478,-79.53610605753026,0.0782371800686102,0.15295245063406834,0.45135378011209354,-0.5177179736100607,0.011754169349588,24.731656331239304,-72.78470957917582,-0.10880495566068747,0.15016346128543862,0.41398331172752023,False
2026-01-08,204.67999267578125,0.0,0.037000000000000005,0.4187008883664109,8.45,O:AMD260206C00215000,18.14,O:AMD260206P00215000,0.5269163879511033,0.5283043726419416,0.5276104326039552,0.10890954423754434,-0.17924053019554276,0.024945702290509866,45.94919624067435,-143.1184118554712,-0.05273079200635568,0.5584423510256743,7.475911533211852,0.41018595801828595,0.012487848985501942,22.97200402556429,-75.41970608955822,0.06292238240240923,0.27977655123526785,3.7536124869389007,-0.5894264882138287,0.012457853305007925,22.97719221511006,-67.69870576591299,-0.11565317440876491,0.27866579979040645,3.7222990462729517,False
2026-01-09,203.1699981689453,0.0,0.037000000000000005,0.418770541517797,7.65,O:AMD260206C00215000,18.38,O:AMD260206P00215000,0.5315336047020349,0.5100702889851597,0.5208161408543588,0.10204559933656177,-0.23009988241148516,0.02565411939870508,43.75398046407396,-140.87409111028694,-0.05776142276842457,0.6451151085716528,10.811571912145943,0.3884095888505924,0.012596692679729586,21.934910618569283,-76.08933278425827,0.05655807575839353,0.3123406741953821,5.067628263183203,-0.6185094712620776,0.01305742671897549,21.819069845504675,-64.78475832602865,-0.1143194985268181,0.3327744343762707,5.743943648962741,False
2026-01-12,207.69000244140625,0.0,0.0371,0.42888212403469433,9.53,O:AMD260206C00215000,15.89,O:AMD260206P00215000,0.545637215619421,0.5301237209441718,0.5378827496871352,0.1090006256524409,-0.11249956326177507,0.025757234227431237,45.04873626837543,-158.88013989057055,-0.03678236733339037,0.4247918107030684,3.4292310134304564,0.44539723977126394,0.012700491134425356,22.537655841840248,-84.62942733057791,0.06256017946405908,0.20796015317183195,1.6283192210511654,-0.557896803033039,0.01305674309300588,22.51108042653518,-74.25071255999265,-0.09934254679744944,0.21683165753123645,1.800911792379291,False
2026-01-13,220.97000122070312,0.0,0.037200000000000004,0.4556719978530865,16.4,O:AMD260206C00215000,9.55,O:AMD260206P00215000,0.5548450772851096,0.5411907622462037,0.5480194729834795,0.09234747513039304,0.219299687282265,0.023719701641168642,45.32915786030729,-174.72664877774545,0.016077608690329537,-0.18488500406738165,3.0405287273933284,0.6090190169412855,0.01171752844766576,22.674950845631425,-92.46370148517343,0.08441066636924793,-0.08890425116113972,1.4531154431033881,-0.38971932965902045,0.01200217319350288,22.65420701467587,-82.26294729257202,-0.0683330576789184,-0.09598075290624193,1.5874132842899402,False
2026-01-14,223.60000610351562,0.0,0.037200000000000004,0.45166008993391044,18.0,O:AMD260206C00215000,9.44,O:AMD260206P00215000,0.5698577922931696,0.5964331854164687,0.5831561144724489,0.13149602453853843,0.2747027620220076,0.022159522412560854,43.563183671929906,-189.55711035941144,0.02292540347226784,-0.2575158772384006,5.259395993855961,0.6390600121297282,0.011314499201287447,21.746723371937183,-96.49663908726035,0.08425376922286665,-0.13663569301048134,2.824528493531528,-0.3643572501077206,0.010845023211273407,21.81646029999272,-93.06047127215109,-0.06132836575059881,-0.12088018422791925,2.4348675003244327,False
2026-01-15,227.9199981689453,0.0,0.0375,0.4547634688248551,20.58,O:AMD260206C00215000,7.1,O:AMD260206P00215000,0.5742931954093003,0.5718928908909608,0.5730932376384735,0.11832976881361845,0.37785180279599806,0.021470289273780526,40.58315082695315,-185.34776833312048,0.03710475060406131,-0.4295990854665646,12.158680933448547,0.6886681114679021,0.010716523360653,20.298871432631618,-96.91713824013658,0.08659126013001604,-0.2137906847582756,6.041787049452893,-0.310816308671904,0.010753765913127527,20.284279394321533,-88.4306300929839,-0.049486509525954736,-0.21580840070828902,6.116893883995655,False
2026-01-16,231.8300018310547,0.0,0.0375,0.40208485637078717,23.38,O:AMD260206C00215000,5.78,O:AMD260206P00215000,0.5957477745422856,0.5802088131329396,0.5879930577576159,0.18590820138682873,0.459955331713223,0.019887491275993777,37.40393219870941,-187.65313719805357,0.04611395559123801,-0.5279841842109829,18.30381123866935,0.7279271561890739,0.009850130634663608,18.773031743074075,-99.39710758493077,0.08653294878106398,-0.256953245652445,8.815357360954607,-0.2679718244758509,0.010037360641330166,18.63090045563534,-88.25602961312282,-0.04041899318982597,-0.271030938558538,9.488453877714743,False
2026-01-20,231.9199981689453,0.0,0.0375,0.4021741181943924,23.28,O:AMD260206C00215000,6.1,O:AMD260206P00215000,0.632930532168232,0.6418391239481178,0.637389248484373,0.23521513028998053,0.457509405435062,0.01974205559991469,34.91387790620999,-218.56869442704814,0.03958065659206635,-0.4828448417877789,15.491946720193232,0.7298299849110729,0.009920504542879897,17.4224415403686,-112.35330014963827,0.07530826166408038,-0.2448455733214644,7.89705798234468,-0.27232057947601085,0.00982155105703479,17.491436365841388,-106.21539427740987,-0.03572760507201402,-0.23799926846631453,7.594888737848552,False
2026-01-21,249.8000030517578,0.0,0.0375,0.4325845240349053,37.7,O:AMD260206C00215000,2.37,O:AMD260206P00215000,0.6614403936406347,0.6486409356440401,0.6550758040308953,0.22249127999598994,0.7430163686805775,0.01175286291226589,22.876133075554755,-162.81481911081482,0.0693026148399592,-0.6346665770641553,39.221679801324996,0.8694773042455601,0.005883492265151328,11.563558030606167,-87.04142469135397,0.08547401583522628,-0.314166854534706,19.2477508878641,-0.1264609355649826,0.005869370647114564,11.312575044948586,-75.77339441946087,-0.01617140099526708,-0.32049972252944936,19.97392891346089,False
2026-01-22,253.72999572753906,0.0,0.0379,0.4333678722304162,41.34,O:AMD260206C00215000,1.78,O:AMD260206P00215000,0.7110332772842909,0.6627538534414289,0.687467520660162,0.25409964842974586,0.7842664466172333,0.0101715245002981,19.642758781986135,-160.71665032360562,0.06803933109697943,-0.5903288579491115,38.802074678826344,0.8850032300475539,0.005149493383852983,10.289403534824865,-90.74642497665866,0.07997343347488353,-0.28712710985925965,18.27086910542637,-0.10073678343032055,0.005022031116445115,9.35335524716127,-69.97022534694696,-0.011934102377904099,-0.3032017480898519,20.531205573399973,False
2026-01-23,259.67999267578125,0.0,0.0378,0.43506353900628947,44.6,O:AMD260206C00215000,1.18,O:AMD260206P00215000,1.0,0.683113168241437,0.5393954101324081,0.10433187112611864,0.7830328331568903,0.008272273916940704,18.87016300469351,-215.43312401873618,0.060676831287064865,-0.46078102032220425,30.79032997682162,0.8542784831390118,0.004420783824719597,11.829754126770954,-155.57867867931205,0.06848677964640558,-0.1956985964582175,10.679783552086562,-0.07124564998212146,0.003851490092221108,7.0404088779225535,-59.854445339424124,-0.007809948359340716,-0.2650824238639867,20.11054642473506,False
2026-01-26,251.30999755859375,0.0,0.0377,0.4592760268316986,37.85,O:AMD260206C00215000,1.57,O:AMD260206P00215000,0.6368997254025156,0.6776804816678873,0.657796381610632,0.19852035477893343,0.8163198061564285,0.010547947775036256,15.647289023872649,-150.45750097036054,0.05918904589007362,-0.6038759235449815,38.17355232101039,0.9143218555616939,0.005175086350404679,7.434472561204296,-73.52588347640422,0.06854579403177792,-0.306610853176448,19.918633088637105,-0.09800204940526536,0.005372861424631577,8.212816462668354,-76.93161749395632,-0.009356748141704296,-0.2972650703685336,18.254919232373283,False
2026-01-27,252.02999877929688,0.0,0.0377,0.4586518040206992,38.22,O:AMD260206C00215000,1.43,O:AMD260206P00215000,0.6350713954650161,0.7088046952645619,0.6737385156393052,0.21508671161860599,0.8378171531066614,0.009907319332730468,13.456010514863333,-149.63831331719473,0.054446049547538365,-0.5686365851942727,35.80940653970471,0.9294263921010408,0.00473781744826932,6.067290590391058,-68.07739218941323,0.06222962935449893,-0.28899893473214594,19.096905767813794,-0.09160923899437945,0.0051695018844611475,7.3887199244722765,-81.56092112778151,-0.0077835798069605675,-0.27963765046212674,16.71250077189092,False
2026-01-28,252.74000549316406,0.0,0.037599999999999995,0.4586624387915677,39.85,O:AMD260206C00215000,1.5,O:AMD260206P00215000,0.8289705870331581,0.776673431760052,0.8034499757945538,0.3447875370029861,0.8007736093869251,0.010337285807151972,14.733009762024555,-219.29240041694453,0.044732646232008975,-0.5008465182695307,27.11934992461586,0.8938335545525784,0.005249124211060191,7.720962650365738,-122.20387883875942,0.05168263819099806,-0.24521486642856727,12.882417129196378,-0.0930599451656533,0.005088161596091782,7.012047111658816,-97.0885215781851,-0.006949991958989083,-0.2556316518409635,14.23693279541948,False
2026-01-29,252.17999267578125,0.0,0.037200000000000004,0.45894302793107244,37.4,O:AMD260206C00215000,1.4,O:AMD260206P00215000,0.415381623785403,0.8146989822494176,0.68998831346035,0.2310452855292775,0.9040389233413201,0.006130759951430316,6.9615880341578,-120.89658077614638,0.04504298311115122,-0.3380291540862827,22.056318680781445,0.9943687600423904,0.0009943698930189693,0.6254134421211326,-13.392478800067359,0.0507999777677418,-0.09558569849199051,9.426754601465566,-0.09032983670107031,0.005136390058411347,6.336174592036667,-107.50410197607901,-0.005756994656590578,-0.24244345559429217,12.629564079315879,False
2026-01-30,236.72999572753906,0.0,0.037200000000000004,0.5198612798086216,24.8,O:AMD260206C00215000,2.93,O:AMD260206P00215000,0.8197382052806135,0.8218319271110845,0.8207855371385813,0.30092425732995964,0.6302680069552308,0.01949680780989473,17.793803465963705,-372.56240948205135,0.024101853689229416,-0.507988023953166,15.194037033576699,0.8153998996207337,0.009752123241304884,8.888948737964247,-189.88073597814113,0.03337889181616111,-0.25446280673082433,7.619480834179847,-0.1851318926655029,0.009744684568589845,8.904854727999457,-182.68167350391022,-0.009277038126931694,-0.2535252172223417,7.574556199396852,True
2026-02-02,246.27000427246094,0.0,0.037200000000000004,0.5169030522867077,25.19,O:AMD260306C00235000,12.2,O:AMD260306P00235000,0.62709803598476,0.5958018336627414,0.6114624350056053,0.09455938271889752,0.2823037174764138,0.016093159863214662,56.80273019074743,-183.54594297372603,0.030602797818141153,-0.21167684585659835,5.821853444595256,0.6394988191028258,0.007853514148186417,28.446786142637805,-98.57588635181688,0.12599940658351125,-0.09764390733755429,2.6501811392466297,-0.357195101626412,0.008239645715028245,28.355944048109627,-84.97005662190917,-0.0953966087653701,-0.11403293851904404,3.1716723053486255,False
2026-02-03,242.11000061035156,0.0,0.037200000000000004,0.5199165145500749,21.68,O:AMD260306C00235000,13.05,O:AMD260306P00235000,0.6085811990944593,0.5828359376053257,0.5957121885359289,0.07579567398585396,0.21634331824004394,0.01764239823598408,56.20133704465674,-184.06884389213783,0.01610810559350309,-0.12222093333977457,2.4559846403038765,0.6073864001225124,0.008635530419676907,28.116438169083995,-98.40318966114216,0.11442894441272845,-0.0559979192425945,1.1161853400361266,-0.3910430818824685,0.009006867816307173,28.084898875572748,-85.66565423099567,-0.09832083881922536,-0.06622301409718008,1.33979930026775,False
2026-02-04,200.19000244140625,0.0,0.037200000000000004,0.8131918300710089,3.75,O:AMD260306C00235000,35.8,O:AMD260306P00235000,0.5885008672718146,0.4559650890289186,0.526567939889431,-0.28662389018157797,-0.6568663328419738,0.016303445468952044,29.816940938814113,-84.33790317212635,-0.1493276825816218,1.0712311720126464,61.5772767861619,0.20714421494626212,0.008212766669647974,16.909995863848312,-58.398342126102925,0.032928588083648375,0.4810490736305551,23.22897174187486,-0.8640105477882359,0.00809067879930407,12.9069450749658,-25.939561046023417,-0.18225627066527017,0.5901820983820912,38.34830504428704,False
2026-02-05,192.5,0.0,0.037200000000000004,0.8211068121164515,2.07,O:AMD260306C00235000,44.03,O:AMD260306P00235000,0.5772923138989983,0.592417462562588,0.5849207111537459,-0.23618610096270565,-0.7193470874964567,0.013715983146077294,24.77310465631951,-80.08543191350122,-0.15381192861921986,0.951042195838216,57.0298919395775,0.1367299554949854,0.006827278616870171,12.17092604364625,-43.059211559480474,0.020208763693990363,0.4787085441064748,29.132433477647904,-0.8560770429914422,0.0068887045292071215,12.602178612673262,-37.02622035402076,-0.1740206923132102,0.4723336517317412,27.8974584619296,False
2026-02-06,208.44000244140625,0.0,0.037200000000000004,0.8702830773958281,4.15,O:AMD260306C00235000,30.66,O:AMD260306P00235000,0.5340185441780619,0.5684995122038131,0.5514104500859975,-0.31887262730983057,-0.5010384975987026,0.019613721627289103,37.26673123989678,-124.31604973385616,-0.11051306798628034,0.958184620121002,38.11284846690215,0.24122636934551173,0.009941139465888614,18.305605517261423,-63.30193826491236,0.036612083345484145,0.4978311984908806,20.532394796246308,-0.7422648669442142,0.009672582161400491,18.961125722635355,-61.0141114689438,-0.1471251513317645,0.4603534216301214,17.580453670655846,False
2026-02-09,216.0,0.0,0.037200000000000004,0.877523991346619,5.69,O:AMD260306C00235000,24.3,O:AMD260306P00235000,0.520834370215369,0.5336189134441948,0.5272387268230319,-0.3502852645235871,-0.37633886792355636,0.022623726099737607,41.954457062620826,-142.55439763978666,-0.08390098071263039,0.8527280574847342,24.823462717322823,0.3091055790298049,0.011406252703067644,20.897926020482387,-74.4525374301124,0.046049972076917085,0.43391284326634866,12.826248934525275,-0.6854444469533613,0.011217473396669963,21.056531042138438,-68.10186020967424,-0.12995095278954746,0.41881521421838563,11.997213782797548,False
2026-02-10,213.57000732421875,0.0,0.037200000000000004,0.8766477267347014,4.51,O:AMD260306C00235000,22.9,O:AMD260306P00235000,0.5113031587717837,0.37207524422226135,0.44511246081739664,-0.43153526591730473,-0.5416810520473683,0.024031480882037125,34.2733079496205,-102.34547411296361,-0.10221201875224761,1.1978762723003225,52.96787712638074,0.27027821818318537,0.011335264345692587,18.882635845697838,-69.5627950194732,0.038009515026399925,0.48436329933816874,16.91916248109656,-0.8119592702305536,0.01269621653634454,15.390672103922665,-32.782679093490415,-0.14022153377864754,0.7135129729621538,36.04871464528418,False
2026-02-11,213.5800018310547,0.0,0.0371,0.8464902560478889,4.44,O:AMD260306C00235000,27.29,O:AMD260306P00235000,0.5226053495275426,0.6286730482023195,0.5765777893543245,-0.2699124666935644,-0.41899579810407567,0.021523724414733686,37.928834379836736,-157.85974422959117,-0.08177480541851731,0.8423243751023912,26.23209469395453,0.2683518403934138,0.011370248080338775,18.285773826478277,-72.79027339488407,0.03566936395095532,0.47529399085076945,16.28916185258926,-0.6873476384974895,0.01015347633439491,19.64306055335846,-85.0694708347071,-0.11744416936947262,0.3670303842516217,9.942932841365272,False
2026-02-12,205.94000244140625,0.0,0.037200000000000004,0.8542820876111816,3.0,O:AMD260306C00235000,24.83,O:AMD260306P00235000,0.5597326569789193,1.0,0.00010000000000000002,-0.8541820876111816,-0.4531380379471574,0.016710730267658624,33.63889343308188,-209.79500583481902,-0.08602363597974176,0.7290217176980829,26.44701383501719,0.19803879267228758,0.009581622585559156,14.441775027415177,-65.06339209365382,0.023989910759634345,0.4920816967908856,21.670297517288617,-0.651176830619445,0.00712910768209947,19.197118405666703,-144.7316137411652,-0.1100135467393761,0.23694002090719735,4.776716317728575,False
2026-02-13,207.32000732421875,0.0,0.037200000000000004,0.8511469052397624,2.73,O:AMD260306C00235000,29.53,O:AMD260306P00235000,0.5397053647783563,0.5130705919325315,0.5265420727670193,-0.3246048324727432,-0.6290490375204443,0.020077247047791708,27.037084071338192,-113.56735261457067,-0.09683003039644637,1.0393568057106917,47.084256383675154,0.19239584756811595,0.010017223745858369,13.831754074908162,-64.0888630967951,0.02211756459938836,0.5070733930971218,22.29091137572871,-0.8214448850885603,0.01006002330193334,13.20532999643003,-49.47848951777557,-0.11894759499583474,0.5322834126135699,24.793345007946442,False
2026-02-17,203.0800018310547,0.0,0.037200000000000004,0.849639541097319,1.57,O:AMD260306C00235000,33.33,O:AMD260306P00235000,0.539026716349904,0.5674379697548997,0.5534712968409061,-0.29616824425641286,-0.7216049809295275,0.0173646869875818,20.442829397827417,-102.96156669519752,-0.09360182662817722,0.9690590671804624,48.493890588117225,0.13231216733318424,0.008612767338380218,9.877115571872027,-52.54328724732111,0.013051564182373814,0.49179770034723314,25.30494719915892,-0.8539171482627117,0.00875191964920158,10.565713825955388,-50.41827944787641,-0.10665339081055103,0.47726136683322934,23.1889433889583,False
2026-02-18,200.1199951171875,0.0,0.0371,0.850004164465995,0.89,O:AMD260306C00235000,34.57,O:AMD260306P00235000,0.5186067285689924,0.3461768533457969,0.4546778425574304,-0.39532632190856465,-0.8916662835017526,0.010230260891871052,9.090273885650163,-37.82926367836273,-0.10185726300025306,0.7454382204712623,53.03026983612988,0.08890613196903874,0.007105455328150778,7.027352406852275,-38.89359883650472,0.008048521283586694,0.4532429922077022,26.671516355930965,-0.9805724154707913,0.003124805563720274,2.0629214787978882,1.0643351581419909,-0.10990578428383976,0.2921952282635601,26.358753480198917,False
2026-02-19,203.3699951171875,0.0,0.037200000000000004,0.7969830769593383,0.96,O:AMD260306C00235000,33.18,O:AMD260306P00235000,0.5088206433200116,0.6205572106431451,0.5687178794443607,-0.22826519751497765,-0.7519950282110673,0.016847196080332097,17.257585536000153,-106.28740633179972,-0.08165894751467358,0.914050343463336,45.431699325052335,0.0982830516615919,0.008015390321416483,7.363008457494854,-43.62172488065906,0.008305796075465175,0.4760172659454128,26.119531196307168,-0.8502780798726592,0.008831805758915613,9.894577078505298,-62.66568145114066,-0.08996474359013876,0.4380330775179232,19.312168128745167,False
2026-02-20,200.14999389648438,0.0,0.037200000000000004,0.7918775018219519,0.56,O:AMD260306C00235000,35.95,O:AMD260306P00235000,0.5111152650004307,0.6454778406124069,0.5856201962888241,-0.20625730553312782,-0.8141452750458811,0.014044554425699098,13.076255974321473,-90.33244394003864,-0.07915125866320823,0.8063105388854639,43.122223341050244,0.06537661136526965,0.006249880726278231,5.078099459581014,-33.16916107758211,0.004970289034020462,0.40192892277974834,24.216355191720393,-0.8795218864111507,0.007794673699420866,7.998156514740458,-57.16328286245653,-0.08412154769722868,0.40438161610571555,18.905868149329848,False
2026-02-23,196.60000610351562,0.0,0.037200000000000004,0.7818710053991297,0.36,O:AMD260306C00235000,39.62,O:AMD260306P00235000,0.5379504970051407,0.7489979454608612,0.66116780936718,-0.12070319603194968,-0.8356459568874891,0.011921014857300223,10.933634295876544,-96.56879373634531,-0.0729528572230208,0.6690414029097611,35.377767248541545,0.04541301891531468,0.004777420143960703,3.5476827159189,-27.037424555840275,0.0030600713556892616,0.31820740290465743,19.992765586847973,-0.8810589758028038,0.00714359471333952,7.385951579957643,-69.53136918050504,-0.07601292857871007,0.3508340000051037,15.38500166169357,False
2026-02-24,213.83999633789062,0.0,0.037200000000000004,0.8544210606355508,2.0,O:AMD260306C00235000,22.9,O:AMD260306P00235000,0.5494563079522133,0.5511702443717529,0.550313839060068,-0.30410722157548276,-0.6325476077115643,0.025352195757093923,20.253159734760793,-169.58521071259497,-0.050845707338597584,0.9652701224037279,33.14608466048739,0.18331259336671735,0.01267805935942467,10.112377351020754,-88.89569879335059,0.011809385490231129,0.4833875761167626,16.62749847462571,-0.8158602010782816,0.012674136397669254,10.14078238374004,-80.6895119192444,-0.06265509282882871,0.4818825462869653,16.518586185861682,False
2026-02-25,210.86000061035156,0.0,0.0371,0.8540361853263801,1.19,O:AMD260306C00235000,23.59,O:AMD260306P00235000,0.5469547149235189,1.0,0.42406452039480214,-0.429971664931578,-0.5837570299351182,0.020634075165206277,19.36614328310833,-282.64437806671805,-0.04277368857879076,0.7180656925944526,23.59076147215153,0.12878624112003229,0.010934164441389053,7.38623086020594,-73.68214196234987,0.007212740800326356,0.4700714054644267,18.702934332672715,-0.7125432710551505,0.009699910723817224,11.979912422902391,-208.96223610436817,-0.04998642937911712,0.24799428713002597,4.887827139478815,False
2026-02-26,203.67999267578125,0.0,0.0374,0.8581854711335554,0.3,O:AMD260306C00235000,33.39,O:AMD260306P00235000,0.5307780235484211,0.8827464148973396,0.7422946150600912,-0.11589085607346417,-0.7902607549484149,0.014625310710539074,10.77427292645426,-170.4022881232761,-0.04634531066186916,0.6298676079786764,26.49006622886887,0.04507343301725421,0.00568959137757662,2.9829190020203593,-33.580757711600604,0.002114418215911111,0.3176698232611477,16.918930706147794,-0.835334187965669,0.008935719332962454,7.791353924433901,-136.8215304116755,-0.048459728877780266,0.3121977847175287,9.571135522721075,False
2026-02-27,200.2100067138672,0.0,0.0374,0.8581812125820462,0.13,O:AMD260306C00235000,34.96,O:AMD260306P00235000,0.5555562733006797,0.6562454893454251,0.6130230151891711,-0.24515819739287503,-0.9306084649429773,0.00871976282535796,4.274419438372233,-58.534204442115936,-0.04392998551869339,0.4653858194687883,23.86093727612267,0.02281615669356428,0.0034544833040208033,1.5263431358319772,-21.53481356477798,0.0008805600961911042,0.20234718165781132,11.405973663282017,-0.9534246216365416,0.005265279521337157,2.7480763025402553,-36.99939087733796,-0.0448105456148845,0.26303863781097697,12.454963612840654,True
2026-03-02,198.6199951171875,0.0,0.0374,0.8365459496958607,13.95,O:AMD260410C00200000,14.5,O:AMD260410P00200000,0.5286212498527295,0.5297008887821772,0.5291610593095422,-0.30738489038631855,0.059912087529241154,0.022315379862944254,53.60867888766856,-122.63346254122521,-0.019045935815752688,0.15689793794704793,-0.7945511730083279,0.5299136954964472,0.011169161631045407,26.804553900954918,-64.97852116034954,0.10506913542654833,0.0784719836886031,-0.3968294563993726,-0.470001607967206,0.011146218231898847,26.80412498671364,-57.65494138087568,-0.12411507124230102,0.07842595425844483,-0.39772171660895533,False
2026-03-03,190.9499969482422,0.0,0.0375,0.8237317606559975,9.8,O:AMD260410C00200000,17.67,O:AMD260410P00200000,0.5216997204352211,0.5078027132678747,0.5147536979436875,-0.30897806271231,-0.1269932214103413,0.02404733736781755,50.140219375159,-114.20547053625008,-0.05746595026751321,0.507326801705796,5.164301946707474,0.43826553098614385,0.011869960782243066,25.088037500144594,-61.66865474308402,0.08209644644924514,0.24876961599262962,2.4601287553683773,-0.5652587523964852,0.012177376585574483,25.052181875014405,-52.536815793166056,-0.13956239671675835,0.25855718571316644,2.704173191339097,False
2026-03-04,202.07000732421875,0.0,0.0375,0.8593574551001284,15.04,O:AMD260410C00200000,12.45,O:AMD260410P00200000,0.5180250142180234,0.52886483538164,0.523444931870699,-0.33591252322942944,0.13437994309137935,0.022720283643089846,52.024162721577994,-127.06905938456812,-0.00035983276638952566,0.003148214099409064,-0.03524174076963651,0.5671813670362901,0.01147781029878593,26.012177671109978,-66.61702849912237,0.10668251034769664,0.00027395975163771577,-0.003066036540713681,-0.4328014239449107,0.011242473344303916,26.011985050468017,-60.45203088544575,-0.10704234311408617,0.0028742543477713483,-0.032175704228922825,False
2026-03-05,199.4499969482422,0.0,0.0375,0.598435028997723,13.4,O:AMD260410C00200000,14.88,O:AMD260410P00200000,0.5208292902242401,0.5877379169589868,0.5542756511047482,-0.04415937789297486,0.07592813135043353,0.022449527876044498,50.88416945897067,-136.1856559135669,-0.013553154574636572,0.11848602979212564,-0.7237881082027928,0.5359810043645786,0.011907567598677588,25.454192888084805,-67.75316598266738,0.09646970840497993,0.05872548706925113,-0.33978198656541475,-0.4600528730141451,0.01054196027736691,25.429976570885863,-68.43248993089954,-0.1100228629796165,0.0597605427228745,-0.3840061216373781,False
2026-03-06,192.42999267578125,0.0,0.0375,0.5957658842763955,11.0,O:AMD260410C00200000,17.5,O:AMD260410P00200000,0.5759426793102617,0.5623301720003255,0.5691376539677382,-0.026628230308657352,-0.08353521926224644,0.02300647069409435,48.094023724322575,-136.28422368413487,-0.0442209143162737,0.39624317692134275,2.520329803261541,0.4595806051289543,0.011369768599903483,24.05558278715991,-72.7312604541043,0.07682251237985692,0.19494844779400936,1.1991874330339578,-0.5431158243912008,0.011636702094190866,24.038440937162665,-63.55296323003058,-0.12104342669613062,0.2012947291273334,1.3211423702275833,False
2026-03-09,202.67999267578125,0.0,0.0375,0.549129126251026,14.75,O:AMD260410C00200000,11.6,O:AMD260410P00200000,0.5252726423761044,0.5351791155756378,0.5302259622499346,-0.018903164001091377,0.14676948264787015,0.023652058317789375,49.05966413595587,-136.6941371005388,0.0032354644458075232,-0.03163388389133631,0.3660819154205909,0.5734630206578002,0.011936068290548397,24.528926271457582,-71.4484435966031,0.09664712459690056,-0.017242357658881633,0.19973239583866864,-0.42669353800993004,0.011715990027240976,24.530737864498285,-65.24569350393571,-0.09341166015109303,-0.014391526232454677,0.16634951958192223,False
2026-03-10,203.22999572753906,0.0,0.0375,0.5316895339554905,14.7,O:AMD260410C00200000,11.0,O:AMD260410P00200000,0.5219080080324533,0.5307973915416221,0.526352867282927,-0.005336666672563495,0.1599199316709935,0.024193587322423205,48.00089474736164,-138.66556010007199,0.00620683022601666,-0.06356067813459151,0.7875522861780568,0.5801011625801682,0.012198061229446713,23.998698018168575,-72.48560805069953,0.0941849605647732,-0.03331187426067216,0.41345588373014847,-0.4201812309091747,0.011995526092976492,24.00219672919307,-66.17995204937246,-0.08797813033875654,-0.030248803873919355,0.3740964024479083,False
2026-03-11,204.8300018310547,0.0,0.0375,0.5318597105214378,15.33,O:AMD260410C00200000,9.68,O:AMD260410P00200000,0.520907752591691,0.5137939707032506,0.5173511682853102,-0.01450854223612752,0.20047743724664258,0.02467541848827659,46.7561754563435,-139.14117655664108,0.014015216842973341,-0.15100414902156278,2.321111786774024,0.5999702093685022,0.012255062945914231,23.382214760580716,-73.79162097178443,0.0939032452316519,-0.0736926063657941,1.1295677821548613,-0.39949277212185963,0.012420355542362359,23.373960695762783,-65.34955558485665,-0.07988802838867856,-0.07731154265576867,1.1915440046191628,False
2026-03-12,197.74000549316406,0.0,0.037599999999999995,0.5445438959244061,11.07,O:AMD260410C00200000,12.72,O:AMD260410P00200000,0.5195503942972973,0.5202395803344763,0.5198949971288442,-0.02464889879556187,0.016113582100132695,0.026880177111423757,45.53605494724273,-141.2691009645451,-0.0171697501558392,0.19929283131846728,-0.2297608967120341,0.5080224536035908,0.01344902018602493,22.768067060701863,-74.33587655265978,0.07448863563851985,0.09970236564416166,-0.1144552724716122,-0.4919088715034581,0.013431156925398825,22.767987886540872,-66.93322441188529,-0.09165838579435905,0.09959046567430563,-0.11530562424042189,False
2026-03-13,193.38999938964844,0.0,0.0375,0.5357754645668587,8.45,O:AMD260410C00200000,15.07,O:AMD260410P00200000,0.5079578715475099,0.5360175870184031,0.5219948829740286,-0.013780581592830021,-0.10733072270828403,0.027820646484457333,43.07478063540202,-139.9959114328252,-0.03514022888813197,0.4275489357124367,3.1498532872168545,0.44333843757354663,0.014269985853539063,21.51536490791926,-71.75033423086715,0.061339063628377245,0.22204841498298694,1.724022532455238,-0.5506691602818307,0.013550660630918268,21.559415727482765,-68.24557720195806,-0.09647929251650922,0.20550052072944974,1.4258307547616165,False
2026-03-16,196.5800018310547,0.0,0.0375,0.5391507050024391,9.4,O:AMD260410C00200000,12.3,O:AMD260410P00200000,0.4968084091951968,0.4988846637221005,0.49784655336439615,-0.04130415163804296,-0.029625983807166467,0.029670921779998596,43.03842622716435,-141.0595933992347,-0.020752128693259222,0.27841830345373675,0.5581576680618159,0.4850424920320792,0.01486619659221666,21.518923402873078,-74.11987755158523,0.06480331053429776,0.1395595772948405,0.282505218574508,-0.5146684758392457,0.014804725187781937,21.519502824291273,-66.93971584764948,-0.08555543922755698,0.13885872615889627,0.2756524494873079,False
2026-03-17,196.30999755859375,0.0,0.0374,0.5347836031061779,7.95,O:AMD260410C00200000,11.55,O:AMD260410P00200000,0.4478952389711005,0.4691377916873151,0.4585181566089391,-0.07626544649723882,-0.05498047059298794,0.03310546681907984,41.7620179454922,-132.90800821244883,-0.021638011462771292,0.332694108338138,1.2061765900138295,0.47074420734209177,0.016931106835389648,20.87462083641712,-68.6063741185645,0.060329852995748695,0.17153615313754478,0.6605804041351606,-0.5257246779350797,0.01617435998369019,20.887397109075078,-64.30163409388433,-0.08196786445851999,0.16115795520059323,0.5455961858786689,False
2026-03-18,199.4600067138672,0.0,0.0373,0.5356470069910624,10.21,O:AMD260410C00200000,9.96,O:AMD260410P00200000,0.49520827828999325,0.4812771228440103,0.4882425199449063,-0.047404487046156074,0.049380024730159455,0.031490537444155066,41.25599939696217,-148.90965320214656,-0.006962349956684738,0.10583038963981992,-0.3395273582692864,0.5250585939407367,0.015519734390827863,20.62681719488836,-79.23352259091534,0.0637622714854794,0.05287776933875153,-0.172181171550722,-0.4756785692105773,0.015970803053327202,20.62918220207381,-69.67613061123123,-0.07072462144216414,0.05295262030106839,-0.16734618671856438,False
2026-03-19,205.27000427246094,0.0,0.0373,0.5426221888518733,13.3,O:AMD260410C00200000,7.52,O:AMD260410P00200000,0.5002928701403144,0.4984283802289772,0.49936067405045037,-0.04326151480142293,0.22698919636890091,0.029633024457327906,39.58760756916977,-156.63827654714936,0.01636449098948621,-0.2492389678039656,3.718410355640745,0.613378423366355,0.014790148997453968,19.795536993972995,-82.19086794325487,0.07149726449844074,-0.12398508000255792,1.847783753689613,-0.38638922699745404,0.014842875459873938,19.792070575196774,-74.4474086038945,-0.05513277350895453,-0.12525388780140767,1.870626601951132,False
2026-03-20,201.3300018310547,0.0,0.0373,0.544134738743214,10.91,O:AMD260410C00200000,9.2,O:AMD260410P00200000,0.5128151873578637,0.5160874965529404,0.51445133869946,-0.029683400043754027,0.10600729339536663,0.031296120150546454,38.84526869030836,-167.91157717643728,0.0007336003413063522,-0.0119011042128687,0.07789779930798675,0.5530133809292274,0.015697775637954606,19.422570631141756,-87.41156055663097,0.05977868154469004,-0.006295196406495135,0.041211914806854336,-0.44700608753386073,0.01559834451259185,19.4226980591666,-80.5000166198063,-0.05904508120338369,-0.0056059078063735645,0.036685884501132415,False
2026-03-23,202.67999267578125,0.0,0.0373,0.5399686355382298,11.85,O:AMD260410C00200000,7.74,O:AMD260410P00200000,0.5412058137423555,0.4869490992177058,0.5140863977074623,-0.025882237830767485,0.14904049939471775,0.03200839459506919,37.44947821130156,-173.66947582147145,0.00589862629206455,-0.102821839055982,0.9263909141504617,0.5731400732948072,0.01517020011812032,18.7371277492461,-95.1566954010149,0.05795223658754903,-0.04117154073012553,0.3626369559924508,-0.42409957390008945,0.01683819447694887,18.71235046205546,-78.51278042045654,-0.05205361029548448,-0.06165029832585647,0.5637539581580109,False
2026-03-24,205.3699951171875,0.0,0.0374,0.4385317537935526,12.0,O:AMD260410C00200000,6.85,O:AMD260410P00200000,0.481261962009766,0.5153791367768018,0.498338028690219,0.0598062748966664,0.24193555681455758,0.03277096883326611,35.492467924018776,-172.58955682983884,0.01590761720562843,-0.2983653897718916,4.294966208892862,0.623505435939406,0.016912766750719944,17.709772968709164,-86.94817111587868,0.05986670668045253,-0.1620342908103017,2.378551990297867,-0.3815698791248484,0.01585820208254617,17.782694955309612,-85.64138571396018,-0.0439590894748241,-0.13633109896158987,1.9164142185949944,False
2026-03-25,220.27000427246094,0.0,0.0373,0.5083262303810892,23.59,O:AMD260410C00200000,2.99,O:AMD260410P00200000,0.5533295729428774,0.5552329267189815,0.554281760275364,0.04595552989427487,0.6174952590883659,0.02045313376217192,26.19274607935621,-156.52280059011966,0.05211223017029461,-0.7396369558079993,31.04738927564492,0.8090995765199095,0.010232589321499376,13.08159959323767,-81.77128981722504,0.0736335081794699,-0.370773309331643,15.586736803188641,-0.1916043174315436,0.010220544440672547,13.111146486118539,-74.75151077289462,-0.02152127800917529,-0.3688636464763563,15.46065247245628,False
2026-03-26,203.77000427246094,0.0,0.0374,0.5649964013595471,11.22,O:AMD260410C00200000,6.95,O:AMD260410P00200000,0.5370292819766849,0.5265042382966371,0.531767529502511,-0.033228871857036046,0.1883895513566084,0.03425999259286778,33.01717104620147,-201.86918249341588,0.008825378433851304,-0.18563204094411906,1.8839414988859682,0.5937064623482876,0.01696561384497161,16.51354057591153,-105.6868360056665,0.04791092270088414,-0.09020529614336201,0.9105029381245878,-0.4053169109916792,0.017294378747896168,16.503630470289938,-96.18234648774937,-0.03908554426703283,-0.09542674480075707,0.9734385607613804,False
2026-03-27,201.99000549316406,0.0,0.0374,0.5623173510173051,9.8,O:AMD260410C00200000,7.4,O:AMD260410P00200000,0.5395876033220993,0.5324328897499322,0.5360103335946798,-0.02630701742262531,0.12713288998804473,0.03652551185520232,31.696363838810534,-214.3858722963664,0.003364909978986891,-0.0782595661010073,0.5039191851434105,0.5634264885521456,0.018141907847906886,15.84908305596517,-111.6446499668262,0.04127242838001667,-0.03808609874809787,0.24468015526536466,-0.4362935985641009,0.01838360400729544,15.847280782845363,-102.7412223295402,-0.03790751840102978,-0.040173467352909435,0.25923902987804587,False
2026-03-30,196.0399932861328,0.0,0.0374,0.5719771218041878,6.1,O:AMD260410C00200000,10.1,O:AMD260410P00200000,0.5235743635249827,0.5445314724629905,0.5340561738193034,-0.037920947984884434,-0.10701090369228888,0.03997770094850264,29.29351617086861,-217.6322269242524,-0.0132780060147784,0.3487998188633876,1.7401754165616068,0.4446681467039129,0.020368630264039112,14.637655606045577,-110.32673753855518,0.028954550176568592,0.17966739011089441,0.9261891032480881,-0.5516790503962018,0.019609070684463534,14.655860564823033,-107.30548938569721,-0.04223255619134699,0.16913242875249324,0.8139863133135186,False
2026-03-31,203.42999267578125,0.0,0.0374,0.5678404608686146,9.0,O:AMD260410C00200000,5.5,O:AMD260410P00200000,0.48966318795387015,0.5016016293181902,0.49563384156823165,-0.07220661930038297,0.19755687205673755,0.043051503385049227,28.028960015985504,-219.76201386052117,0.008155235884301715,-0.2526559248265742,2.2916904349437095,0.5995322493151203,0.02177450215272678,14.007644234963326,-112.2544970327551,0.03586121939272011,-0.13013842300712677,1.1893264921825262,-0.4019753772583827,0.021277001232322446,14.02131578102218,-107.50751682776608,-0.027705983508418398,-0.12251750181944739,1.1023639427611835,True
