Date,Stock_Close,Stock_Dividends,r,RV,K,Expiry,Call_Close,Call_Sym,Put_Close,Put_Sym,Call_imp_vol,Put_imp_vol,Straddle_imp_vol,VRP,Straddle_Delta,Straddle_Gamma,Straddle_Vega,Straddle_Theta,Straddle_Rho,Straddle_Vanna,Straddle_Volga,Call_Delta,Call_Gamma,Call_Vega,Call_Theta,Call_Rho,Call_Vanna,Call_Volga,Put_Delta,Put_Gamma,Put_Vega,Put_Theta,Put_Rho,Put_Vanna,Put_Volga,Force_Close
2024-05-01,378.8900146484375,0.0,0.0547,0.11313627906267884,379.0,2024-06-07,9.05,O:DIA240607C00379000,5.5,O:DIA240607P00379000,0.16121478692014846,0.1317135116749762,0.14647385049909356,0.03333757143641472,0.1124049293562539,0.043926398423673255,97.96640625001275,-68.50268320922649,0.03004189856822964,-0.5166005821559445,9.205961856706042,0.5524866872012899,0.01978016521232304,49.04834202077239,-47.85622575777509,0.214587523935818,-0.19423221956968723,3.1784387586659677,-0.440081757845036,0.02414623321135021,48.918064229240365,-20.646457451451397,-0.18454562536758837,-0.32236836258625734,6.027523098040073,False
2024-05-02,382.2300109863281,0.0,0.055099999999999996,0.10979851253362337,379.0,2024-06-07,7.55,O:DIA240607C00379000,5.5,O:DIA240607P00379000,0.0892600103281582,0.1317135116749762,0.12655822249948984,0.016759709965866468,0.33360804282546863,0.05514100052527443,89.0086808797487,-54.345864183475356,0.11957192862438457,-2.776873219387805,156.69819966401667,0.6944860424307544,0.03198675063870948,43.037737314563735,-32.82721462673514,0.26609081739413215,-1.8847960333210634,117.69489959721956,-0.36087799960528577,0.02315424988656495,45.97094356518496,-21.51864955674021,-0.14651888876974759,-0.8920771860667417,39.003300066797124,False
2024-05-03,386.7699890136719,0.0,0.055099999999999996,0.11511648167758085,379.0,2024-06-07,7.55,O:DIA240607C00379000,2.24,O:DIA240607P00379000,0.0892600103281582,0.12295676597864193,0.00010000000000000002,-0.11501648167758084,0.5770775331500027,0.0448716063331045,69.9763112364081,-49.585169368740196,0.20840670946472475,-4.2735840917297105,434.7023604770893,0.8238989840524786,0.023800608737775012,31.527533937150384,-31.141823768438734,0.30533441765310676,-2.615888982113244,296.4675940845194,-0.24682145090247598,0.021070997595329485,38.44877729925771,-18.44334560030146,-0.096927708188382,-1.6576951096164663,138.2347663925699,False
2024-05-06,388.45001220703125,0.0,0.055099999999999996,0.11624090389205088,379.0,2024-06-07,7.55,O:DIA240607C00379000,1.91,O:DIA240607P00379000,0.0892600103281582,0.12655260083093506,0.00010000000000000002,-0.11614090389205088,0.6475993334002332,0.039727586257533025,61.32012233907807,-48.703390728654654,0.22616253497702554,-4.345679546308162,507.19229012847575,0.8639733226358994,0.020396420544482406,26.163260806139686,-30.08155372208033,0.30802965760548134,-2.6181998063915275,344.73273071102454,-0.2163739892356662,0.01933116571305062,35.15686153293838,-18.62183700657432,-0.0818671226284558,-1.727479739916634,162.4595594174512,False
2024-05-07,388.739990234375,0.0,0.055099999999999996,0.11625088241051697,379.0,2024-06-07,7.55,O:DIA240607C00379000,1.5,O:DIA240607P00379000,0.0892600103281582,0.11821287633610286,0.00010000000000000002,-0.11615088241051696,0.6806798299487359,0.0395456000715088,56.550847151844906,-46.5651274591734,0.22890063565353272,-4.524812256369751,544.7695648026634,0.8730540364317726,0.019849821212237367,24.437640196079798,-29.97180678147032,0.29852450805194186,-2.596911805685712,347.9730309859663,-0.1923742064830367,0.01969577885927143,32.11320695576511,-16.59332067770308,-0.06962387239840914,-1.9279004506840394,196.79653381669698,False
2024-05-08,390.4800109863281,0.0,0.055099999999999996,0.1094003996458189,379.0,2024-06-07,7.55,O:DIA240607C00379000,1.28,O:DIA240607P00379000,0.0892600103281582,0.12339600426687794,0.00010000000000000002,-0.10930039964581889,0.7413848125036236,0.03358915228543782,47.87467675724409,-45.22681502269127,0.23961651886861957,-4.295231700330484,579.6686017216828,0.9077520542212175,0.016059798681400086,19.081687686064424,-28.52815363021965,0.297447781258315,-2.409991324311971,368.98518905216787,-0.16636724171759387,0.01752935360403774,28.79298907117966,-16.698661392471617,-0.05783126238969544,-1.8852403760185126,210.68341266951495,False
2024-05-09,394.0,0.0,0.055099999999999996,0.11315981937737642,379.0,2024-06-07,7.55,O:DIA240607C00379000,0.89,O:DIA240607P00379000,0.0892600103281582,0.13015472666032324,0.00010000000000000002,-0.11305981937737641,0.8350079318258968,0.022831903549057092,33.520499707353295,-40.686926523667594,0.25931521774649785,-3.5176481979766825,575.0378525146125,0.95519383493097,0.009304135948784435,10.7434601652339,-25.55789323412132,0.2995179225993302,-1.769027373066491,341.53575470436704,-0.12018590310507316,0.013527767600272658,22.777039542119397,-15.129033289546273,-0.04020270485283233,-1.7486208249101916,233.5020978102454,False
2024-05-10,395.17999267578125,0.0,0.055099999999999996,0.10157737282850246,379.0,2024-06-07,7.55,O:DIA240607C00379000,0.71,O:DIA240607P00379000,0.0892600103281582,0.1305482841267087,0.00010000000000000002,-0.10147737282850246,0.8664343911996482,0.01945833256449588,27.766223046441823,-38.582922989594294,0.2569264876052549,-3.1546580095307113,541.868479531247,0.9677684116692897,0.007265911112496976,8.038339893062403,-24.603253108733117,0.28927186654732145,-1.4753020426678112,303.68182885709905,-0.10133402046964157,0.012192421451998902,19.72788315337942,-13.979669880861175,-0.03234537894206656,-1.6793559668629001,238.18665067414798,False
2024-05-13,394.4599914550781,0.0,0.055,0.09738126115367306,379.0,2024-06-07,7.55,O:DIA240607C00379000,0.74,O:DIA240607P00379000,0.0892600103281582,0.13116274695814634,0.00010000000000000002,-0.09728126115367305,0.8581788740351557,0.02094557295597886,28.30689847307956,-39.93328384179346,0.24173278355906627,-3.2410522311081165,531.7862001736714,0.9650622905998207,0.007980679767208763,8.357103860621066,-24.940198805786686,0.27407895023013606,-1.5457433948468677,303.4918233524394,-0.10688341656466505,0.012964893188770098,19.949794612458494,-14.993085036006777,-0.032346166671069786,-1.6953088362612485,228.294376821232,False
2024-05-14,395.5799865722656,0.0,0.055,0.09738676997467535,379.0,2024-06-07,7.55,O:DIA240607C00379000,0.54,O:DIA240607P00379000,0.0892600103281582,0.12912377348378914,0.00010000000000000002,-0.09728676997467535,0.8906012357659883,0.017460184202842736,22.501657256376404,-37.00128868591715,0.23829346284520325,-2.859269449619632,493.725123230936,0.9756626415176819,0.006055252410242193,6.04129121570335,-24.003689089223307,0.26271388409168395,-1.2467993341787365,259.86524962995475,-0.08506140575169363,0.011404931792600543,16.460366040673055,-12.997599596693846,-0.02442042124648069,-1.6124701154408956,233.85987360098122,False
2024-05-15,399.2799987792969,0.0,0.054900000000000004,0.09943158130659215,379.0,2024-06-07,7.55,O:DIA240607C00379000,0.35,O:DIA240607P00379000,0.0892600103281582,0.13739892643483595,0.00010000000000000002,-0.09933158130659214,0.9354438172218528,0.010313559166372572,14.046127504763401,-32.80860998152117,0.23708865081541067,-1.8575403935549066,354.6009472904112,0.9922348520127013,0.0023067007107557694,2.214377570695204,-22.02362967234094,0.2526217426064188,-0.5733056385466931,143.86732732140038,-0.05679103479084857,0.008006858455616802,11.831749934068197,-10.784980309180229,-0.01553309179100813,-1.2842347550082134,210.73361996901082,False
2024-05-16,399.2099914550781,0.0,0.055099999999999996,0.09981366943665919,379.0,2024-06-07,21.77,O:DIA240607C00379000,0.35,O:DIA240607P00379000,0.12996885456508397,0.13739892643483595,0.13570761442184448,0.03589394498518529,0.9035928563356618,0.014862343495291497,20.13086555550081,-39.8964895509109,0.21501083670420817,-2.4344200220696957,407.3270210626697,0.9563250267619496,0.007077613979857064,9.307829300814767,-29.36285558010602,0.2285742893726446,-1.193791113264932,205.2911063973271,-0.05273217042628786,0.007784729515434433,10.823036254686045,-10.53363397080488,-0.01356345266843642,-1.2406289088047635,202.03591466534257,False
2024-05-17,399.95001220703125,0.594,0.055,0.09944513187862833,379.0,2024-06-07,21.77,O:DIA240607C00379000,0.23,O:DIA240607P00379000,0.12996885456508397,0.13663701302622566,0.00010000000000000002,-0.09934513187862833,0.9233869580821682,0.012762820255452879,16.220104520866162,-37.266608116057974,0.20637734776534292,-2.1638650435534212,373.98096636581533,0.9653053465923956,0.006049182759847283,7.485798697888044,-28.176539964379913,0.21649357395365518,-1.0531333965065375,186.60392990021575,-0.041918388510227444,0.006713637495605596,8.734305822978117,-9.090068151678063,-0.010116226188312268,-1.1107316470468838,187.37703646559962,False
2024-05-20,398.1000061035156,0.0,0.055,0.10132866395847735,379.0,2024-06-07,21.77,O:DIA240607C00379000,0.23,O:DIA240607P00379000,0.12996885456508397,0.13663701302622566,0.18034097653329373,0.07901231257481638,0.9065393562909357,0.015592046125682369,18.320350175129224,-40.725427470080405,0.18897022423870405,-2.4075493886421677,379.0897216844797,0.9572879816843091,0.007451983827182861,8.527526123690043,-29.809206136274803,0.20034738296107452,-1.1813089217939463,190.65997772317652,-0.050748625393373326,0.008140062298499508,9.792824051439181,-10.916221333805606,-0.011377158722370469,-1.2262404668482212,188.42974396130316,False
2024-05-21,398.7799987792969,0.0,0.055,0.09966579311227612,379.0,2024-06-07,21.77,O:DIA240607C00379000,0.23,O:DIA240607P00379000,0.12996885456508397,0.13663701302622566,0.17093791992664342,0.0712721268143673,0.926306285199571,0.013319530883720813,14.585505678655187,-38.031549376128,0.17961591080012107,-2.1203309287842567,343.57181358819366,0.9666923801749778,0.006301893857852444,6.719236423908406,-28.51105231094712,0.18802954970045047,-1.030127232725681,171.14208049649062,-0.040386094975406794,0.007017637025868369,7.866269254746781,-9.520497065180876,-0.008413638900329387,-1.0902036960585757,172.42973309170304,False
2024-05-22,396.6600036621094,0.0,0.054900000000000004,0.10221486336105422,379.0,2024-06-07,21.77,O:DIA240607C00379000,0.26,O:DIA240607P00379000,0.12996885456508397,0.1367571968417233,0.22728563159406184,0.1250707682330076,0.9048712835313663,0.017135357861883055,17.14097100082632,-42.701097950847355,0.1618166243053709,-2.4315901326428513,351.41410912059575,0.9565673573716821,0.008188209871960887,7.97344100686835,-30.67701854916912,0.17170508375242563,-1.1934122801167628,176.86676448018986,-0.051696073840315826,0.00894714798992217,9.167529993957968,-12.02407940167824,-0.009888459447054746,-1.2381778525260885,174.5473446404059,False
2024-05-23,390.6600036621094,0.0,0.055099999999999996,0.11224125097750773,379.0,2024-06-07,21.77,O:DIA240607C00379000,0.54,O:DIA240607P00379000,0.12996885456508397,0.12734500176287128,0.3094943565025926,0.19725310552508488,0.7813914706537847,0.03564585346830172,30.553005755190465,-61.09848705555345,0.12727167832241978,-3.501141110280666,351.60083619573044,0.8883989427053375,0.017910271976314722,15.507133163939748,-41.484516020630835,0.14575496934062837,-1.7408996864783401,173.0758874026535,-0.10700747205155281,0.017735581491986997,15.045872591250717,-19.61397103492261,-0.018483291018208597,-1.7602414238023256,178.52494879307693,False
2024-05-24,390.6400146484375,0.0,0.0556,0.11197667310604471,379.0,2024-06-07,21.77,O:DIA240607C00379000,0.36,O:DIA240607P00379000,0.12996885456508397,0.11921548814067712,0.3219119460985065,0.20993527299246179,0.8133293329004075,0.034314341748758415,25.923738900664887,-57.75027538646803,0.12078734478281591,-3.460595674504378,356.3566585757487,0.8973436235019675,0.017686929600251932,13.920173649373574,-41.56430967196407,0.13395375101744747,-1.7075953026713304,168.30115262123715,-0.08401429060155996,0.016627412148506486,12.003565251291313,-16.185965714503965,-0.013166406234631558,-1.7530003718330478,188.05550595451157,False
2024-05-28,388.6000061035156,0.0,0.055,0.113624212272865,379.0,2024-06-07,21.77,O:DIA240607C00379000,0.62,O:DIA240607P00379000,0.12996885456508397,0.1351825654778021,0.3816266153976321,0.2680024031247671,0.7477285892199435,0.0451195289166239,28.679480417020656,-75.2671703200423,0.08861617272240457,-3.5032019639563066,277.8356444722075,0.8784312487776313,0.022433722531322885,13.977699124789467,-46.79284223985122,0.10493714234204368,-1.7769850079981642,143.604912348778,-0.1307026595576879,0.022685806385301016,14.701781292231189,-28.474328080191082,-0.016320969619639115,-1.7262169559581424,134.23073212342948,False
2024-05-29,384.5799865722656,0.0,0.055,0.10651883988606846,379.0,2024-06-07,6.75,O:DIA240607C00379000,1.51,O:DIA240607P00379000,0.10182917294194375,0.15085999960701166,0.12776873230636115,0.021249892420292696,0.5750395080850517,0.07186651559169152,36.773470002894456,-97.32702082648115,0.05913574619385318,-3.6739588143381514,199.72385484098072,0.8313940359944085,0.038566417885600716,16.134383601955875,-46.787429782018606,0.08694097422194204,-2.330376732028047,143.34809696577602,-0.25635452790935687,0.033300097706090805,20.63908640093858,-50.53959104446255,-0.02780522802808886,-1.3435820823101046,56.37575787520469,False
2024-05-30,381.4800109863281,0.0,0.0548,0.11099065786024065,379.0,2024-06-07,4.44,O:DIA240607C00379000,1.6,O:DIA240607P00379000,0.11525390545408008,0.12154280518068451,0.11840602602660658,0.0074153681663659265,0.33849404471417643,0.10407428514569038,42.67104100511877,-112.85481257154905,0.029306836165802527,-2.572050779361258,66.37573455006257,0.6732862442205693,0.053165395930843504,21.231417265441447,-65.21888628406647,0.06009648662909675,-1.34951210144171,35.667758993674845,-0.33479219950639283,0.050908889214846875,21.439623739677323,-47.63592628748257,-0.030789650463294224,-1.222538677919548,30.707975556387733,False
2024-05-31,387.5299987792969,0.0,0.0548,0.12051249227282257,379.0,2024-06-07,8.05,O:DIA240607C00379000,0.24,O:DIA240607P00379000,1.0,0.11909251488307886,0.00010000000000000002,-0.12041249227282257,0.5125856609371535,0.030139703026261337,29.351623183043202,-567.6535300713085,0.03415260287777363,-1.776034893710243,133.37741950850557,0.5933449756595367,0.007107380595866087,21.17823142597404,-544.8523164396046,0.04040987611899943,-0.03697327321737915,0.4766292260587777,-0.08075931472238318,0.023032322430395248,8.17339175706916,-22.801213631703988,-0.006257273241225806,-1.739061620492864,132.9007902824468,True
2024-06-03,386.239990234375,0.0,0.054900000000000004,0.11373045865800119,388.0,2024-07-05,3.95,O:DIA240705C00388000,5.77,O:DIA240705P00388000,0.08029585862554062,0.12413939584914803,0.10221818413585423,-0.011512274522146954,0.03066271499778228,0.06859206398221071,95.03450550708067,-51.11674221076134,0.002022063563145521,-0.07081986940302626,0.33849478255019877,0.51592079816982,0.04164935851342994,47.51455202875065,-30.752940698041932,0.18601832766364015,-0.07515320150567462,0.3575857231456274,-0.48525808317203767,0.02694270546878076,47.519953478330024,-20.363801512719405,-0.18399626410049463,0.004333332102648352,-0.019090940595428627,False
2024-06-04,387.510009765625,0.0,0.0548,0.11325102100070773,388.0,2024-07-05,4.85,O:DIA240705C00388000,4.65,O:DIA240705P00388000,0.08766294070252584,0.11459418374420396,0.1011420164808631,-0.012109004519844632,0.11119502282205529,0.06791725446884045,92.49020067719727,-53.094940323120525,0.03065679526715326,-0.8883071157947772,14.987977289662423,0.5613458228601479,0.03841244904494402,46.151006624527,-33.818287013878304,0.19411007467713734,-0.5751537468419226,10.395080840054055,-0.4501508000380926,0.02950480542389642,46.33919405267027,-19.276653309242217,-0.16345327940998408,-0.3131533689528546,4.592896449608368,False
2024-06-05,388.5299987792969,0.0,0.0548,0.11363443799339712,388.0,2024-07-05,5.55,O:DIA240705C00388000,4.0,O:DIA240705P00388000,0.09316197873034869,0.11176543701088301,0.10248117648065092,-0.011153261512746204,0.17405447951383135,0.06672887113153783,89.39444047061056,-55.66058410394828,0.05070073443201778,-1.4661924701869686,37.57125494592657,0.5937316473947424,0.036267937083849074,44.527961285911786,-36.09578388909778,0.19654429512798285,-0.8727875454976085,23.761621573406785,-0.41967716788091103,0.03046093404768876,44.866479184698775,-19.564800214850496,-0.14584356069596507,-0.5934049246893601,13.809633372519784,False
2024-06-06,389.3299865722656,0.0,0.0548,0.11269090931458675,388.0,2024-07-05,5.75,O:DIA240705C00388000,3.85,O:DIA240705P00388000,0.08984555062862233,0.11765930921951684,0.10381968086212875,-0.008871228452457997,0.22543619768470313,0.06674893050368795,86.01963167687533,-57.90289342597682,0.06514089318123467,-1.96104021478863,65.20208802656965,0.6258865588371663,0.0375244403871876,42.585844345744654,-35.99525882939078,0.1982720046231962,-1.2443008290314386,44.88778870617851,-0.40045036115246313,0.029224490116500346,43.43378733113068,-21.907634596586043,-0.13313111144196152,-0.7167393857571914,20.31429932039114,False
2024-06-07,388.489990234375,0.0,0.0547,0.10753518314344235,388.0,2024-07-05,5.2,O:DIA240705C00388000,3.6,O:DIA240705P00388000,0.0923715483554432,0.1057496852518675,0.09906972620636223,-0.008465456937080118,0.17073219801550032,0.07221319925141578,85.31043822009161,-56.39729632254633,0.04565694439661444,-1.4913190464731394,35.492154888030484,0.5903074583143628,0.03844641150779576,42.538596319422304,-37.01477391117645,0.17787979263160686,-0.85128426825789,21.273720567807707,-0.4195752602988625,0.03376678774362002,42.77184190066931,-19.382522411369884,-0.13222284823499242,-0.6400347782152493,14.218434320222778,False
2024-06-10,389.2900085449219,0.0,0.0547,0.10716150396755415,388.0,2024-07-05,4.85,O:DIA240705C00388000,3.5,O:DIA240705P00388000,0.07535818734361452,0.11312721303495166,0.09440503173172474,-0.012756472235829416,0.24503297510059008,0.07818201988706061,81.10021819840617,-55.62927915074186,0.06562455914456429,-2.4921198190290945,89.18657438324897,0.644334326083018,0.046247828619857954,39.82184386978181,-33.35598379933165,0.18546330915977186,-1.7271685890942907,68.32298029609615,-0.3993013509824279,0.031934191267202656,41.27837432862435,-22.273295351410205,-0.11983875001520757,-0.7649512299348039,20.863594087152816,False
2024-06-11,387.9700012207031,0.0,0.0546,0.10751784990935116,388.0,2024-07-05,4.55,O:DIA240705C00388000,4.07,O:DIA240705P00388000,0.09115998888242809,0.11562538394686857,0.10340658172518014,-0.004111268184171027,0.12247017204660893,0.07456147725670226,81.74645268450286,-61.303695173459914,0.027781966284587567,-0.994248732186463,16.283372671766298,0.5671345212507352,0.04160673156952865,40.778957710445475,-37.78713779789501,0.153915129215679,-0.6243472587075015,10.946154787350707,-0.44466434920412623,0.03295474568717361,40.967494974057374,-23.51655737556491,-0.12613316293109142,-0.36990147347896146,5.3372178844155895,False
2024-06-12,387.69000244140625,0.0,0.0547,0.10665551991741382,388.0,2024-07-05,3.5,O:DIA240705C00388000,3.9,O:DIA240705P00388000,0.07245078153405433,0.11061762427050428,0.09156465480625631,-0.015090865111157509,0.11052277715012537,0.0895418454661602,79.54815182136463,-55.944461375259216,0.02391372173149893,-1.0926195572980124,16.441717331098282,0.5647525093574863,0.05396183444940639,39.641252139609385,-33.071937395977244,0.14534251307290086,-0.7836047620206008,12.86390492033904,-0.45422973220736096,0.03558001101675381,39.90689968175524,-22.872523979281972,-0.12142879134140193,-0.3090147952774116,3.57781241075924,False
2024-06-13,386.8800048828125,0.0,0.0547,0.09943351535283465,388.0,2024-07-05,3.2,O:DIA240705C00388000,4.4,O:DIA240705P00388000,0.07937736510631989,0.11604768169239327,0.09771325192302466,-0.0017202634298099928,0.029373161856600327,0.08675983272561227,77.72853919985724,-60.01786304630985,0.0023897707952413305,-0.11415362409184922,0.42712807348547377,0.5155993148059919,0.051516364437646164,38.86099325720939,-35.028126674108,0.12461908916172497,-0.09597360966834051,0.36592662098424344,-0.48622615294939153,0.03524346828796611,38.867545942647844,-24.989736372201847,-0.12222931836648364,-0.018180014423508705,0.061201452501230325,False
2024-06-14,386.4599914550781,0.0,0.0547,0.09931811904574814,388.0,2024-07-05,2.85,O:DIA240705C00388000,4.35,O:DIA240705P00388000,0.07939078683731317,0.11186437008175926,0.09562874330729243,-0.003689375738455708,-0.016081577032809102,0.09109622781484457,75.21247784103045,-59.68378439626357,-0.007985051263502116,0.3785114362170724,0.7839631673388537,0.4890140873135761,0.0532752322803178,37.600641661084595,-35.25676461356804,0.11079427381227229,0.2356377373489142,0.6118933315409262,-0.5050956643463852,0.037820995534526766,37.61183617994585,-24.42701978269553,-0.1187793250757744,0.14287369886815823,0.1720698357979276,False
2024-06-17,388.5799865722656,0.0,0.0545,0.10180045121906167,388.0,2024-07-05,4.0,O:DIA240705C00388000,3.06,O:DIA240705P00388000,0.08348510195177175,0.10625416034991653,0.09489787789583207,-0.006902573323229605,0.1712304046142077,0.09093487888488441,71.36891350057931,-64.21498752341387,0.03304261573652606,-1.6404438566180324,33.361389777455884,0.5946860711222655,0.05069781068759343,35.50475662055607,-39.05309328762089,0.12615728085077657,-1.0212560665357395,22.412736151608126,-0.42345566650805777,0.04023706819729098,35.86415688002324,-25.161894235792985,-0.09311466511425051,-0.6191877900822929,10.948653625847756,False
2024-06-18,389.1400146484375,0.0,0.054000000000000006,0.10154530008964388,388.0,2024-07-05,4.07,O:DIA240705C00388000,2.85,O:DIA240705P00388000,0.08027967645717755,0.10974598858504032,0.0950948017954826,-0.006450498294161278,0.2221554239408946,0.09331294576678538,67.71393872218897,-66.76233063467664,0.04102715650974495,-2.202728935800256,57.36876001397819,0.6265757210166402,0.05337044074958567,33.47040721739054,-38.98997440760866,0.12368348842508009,-1.4366676980784339,40.98867434313807,-0.40442029707574556,0.03994250501719971,34.24353150479843,-27.77235622706798,-0.08265633191533514,-0.7660612377218222,16.380085670840117,False
2024-06-20,392.07000732421875,0.0,0.0542,0.10571116382814677,388.0,2024-07-05,6.04,O:DIA240705C00388000,1.82,O:DIA240705P00388000,0.08891038791204524,0.11718036723603527,0.10339266473650932,-0.0023184990916374493,0.46125071350400704,0.07893980714676145,53.9264847489647,-73.46644421526616,0.07550826495397206,-3.8967680411219527,202.77976153424356,0.7575382834962703,0.04292198575588014,25.606587010222547,-41.848935024443946,0.12700985888676405,-2.390230662967448,136.74371071464742,-0.29628756999226324,0.03601782139088131,28.31989773874215,-31.617509190822222,-0.051501593932791995,-1.506537378154505,66.03605081959613,False
2024-06-21,391.3399963378906,0.874,0.0542,0.1044694060797473,388.0,2024-07-05,5.83,O:DIA240705C00388000,1.46,O:DIA240705P00388000,0.10784767055729114,0.10059169516469839,0.10423653490394355,-0.00023287117580375605,0.4020716653549138,0.08551832054848861,54.11665201873805,-79.2203456872262,0.059546319066492666,-3.381177530335428,139.31885801034483,0.6949130478027176,0.04166813237190435,27.310065179422214,-51.53467510720171,0.10560209110407458,-1.5862864093648366,63.04590716676549,-0.2928413824478038,0.04385018817658426,26.806586839315838,-27.685670580024492,-0.04605577203758191,-1.7948911209705916,76.27295084357934,False
2024-06-24,393.9800109863281,0.0,0.0542,0.09244008505147325,388.0,2024-07-05,8.35,O:DIA240705C00388000,0.81,O:DIA240705P00388000,0.14072996977026758,0.10427511211129824,0.12326245905607938,0.030822374004606135,0.5574626824803782,0.06535674343051517,43.96364910259234,-87.77106923397653,0.07516755491717411,-3.6830271019772516,218.46363019415304,0.7457493790924304,0.03059865808495122,23.87147858278109,-62.5040053229485,0.1019501244885297,-1.4457140052857662,71.1693183917826,-0.18828669661205222,0.034758085345563954,20.092170519811248,-25.267063911028032,-0.026782569571355594,-2.2373130966914854,147.29431180237046,False
2024-06-25,391.0199890136719,0.0,0.054299999999999994,0.09666346987054268,388.0,2024-07-05,5.2,O:DIA240705C00388000,1.26,O:DIA240705P00388000,0.10853593610963592,0.09814265451184025,0.10337394981384278,0.006710479943300096,0.40045607066325484,0.09670144659160038,48.41485349078259,-87.00462060905676,0.047659151857525034,-3.421060500842401,125.72461191899694,0.6913711833278747,0.04656528841565014,24.531449942359043,-56.33216558827611,0.08417141349499518,-1.5585157516722143,54.26248074583293,-0.2909151126646199,0.05013615817595023,23.883403548423548,-30.67245502078064,-0.03651226163747015,-1.8625447491701868,71.46213117316401,False
2024-06-26,391.239990234375,0.0,0.054400000000000004,0.09462541653074363,388.0,2024-07-05,4.15,O:DIA240705C00388000,1.03,O:DIA240705P00388000,0.059304006122465024,0.09615625217528743,0.07902327255308628,-0.015602143977657357,0.573908634355244,0.11508721729355431,37.240269179643214,-65.91392758175641,0.06093222458349327,-6.110032879275066,347.06029651035163,0.8411432974949724,0.06262504739648196,15.79123430616683,-34.5333781226077,0.09026080430490266,-4.0398101812468425,263.2033326024404,-0.26723466313972843,0.05246216989707236,21.449034873476382,-31.380549459148718,-0.02932857972140939,-2.070222698028224,83.85696390791124,False
2024-06-27,391.55999755859375,0.0,0.0548,0.0857647169697427,388.0,2024-07-05,4.76,O:DIA240705C00388000,0.84,O:DIA240705P00388000,0.0892548428796379,0.09717665779279772,0.09326008375585079,0.007495366786108099,0.5369695035223826,0.10826739037566535,36.80984686072003,-83.34029160170854,0.04872756606863415,-4.712767990069942,209.61100486329224,0.7778034557554463,0.05521949232923779,17.991672753912734,-50.15158263480863,0.07138017124682579,-2.5056456606903854,115.78142187379386,-0.2408339522330637,0.05304789804642756,18.818174106807295,-33.1887089668999,-0.02265260517819164,-2.207122329379556,93.82958298949836,False
2024-06-28,391.1300048828125,0.0,0.0547,0.0794288320869874,388.0,2024-07-05,4.2,O:DIA240705C00388000,0.7,O:DIA240705P00388000,0.08802060679825431,0.09104128044362712,0.0895376021951437,0.010108770108156306,0.5343777659248969,0.1239626193517176,33.68346003646565,-87.17213818063043,0.04049824964195861,-4.897941875437175,196.98342905501767,0.7708867257116909,0.06247991264396382,16.693081057315112,-53.29048112963898,0.0589914541253391,-2.510702285037753,102.60546526666256,-0.23650895978679398,0.061482706707753784,16.990378979150535,-33.88165705099145,-0.018493204483380484,-2.387239590399421,94.37796378835509,True
2024-07-01,391.4599914550781,0.0,0.0548,0.057753842674531486,391.0,2024-08-02,6.3,O:DIA240802C00391000,3.6,O:DIA240802P00391000,0.10309531256932729,0.09874354113250065,0.10092041749209166,0.04316657481756017,0.17490240629983478,0.06389359514876317,94.06414312287261,-53.04818166781228,0.05577837569105276,-1.466181073741598,39.17697778887755,0.585857610022671,0.0312868909141463,47.07461676857123,-37.70173659437754,0.21241887144130203,-0.6995660927930827,18.33094625388009,-0.4109552037228362,0.03260670423461686,46.989526354301375,-15.346445073434735,-0.15664049575024927,-0.7666149809485151,20.846031534997465,False
2024-07-02,393.2900085449219,0.0,0.0548,0.05768399701822435,391.0,2024-08-02,6.3,O:DIA240802C00391000,3.65,O:DIA240802P00391000,0.10309531256932729,0.11693907400110469,0.09910214951187371,0.04141815249364936,0.26917554455294135,0.05772418832606743,89.33731362448577,-59.06947301322573,0.08665335899277662,-2.140389260298666,88.13148277244586,0.6419413766378266,0.030484445142801325,44.36804946118194,-38.4951174297661,0.2237909295315126,-1.2043575569742742,52.03781032888079,-0.37276583208488523,0.027239743183266107,44.96926416330383,-20.57435558345963,-0.137137570538736,-0.9360317033243921,36.093672443565076,False
2024-07-03,392.8299865722656,0.0,0.054900000000000004,0.05741730241533372,391.0,2024-08-02,6.9,O:DIA240802C00391000,3.65,O:DIA240802P00391000,0.10472757484499245,0.11693907400110469,0.10982737964391709,0.05241007722858337,0.2405179782890775,0.05934172526576595,88.35930257779059,-60.70527908671268,0.07319587742544123,-1.889301346192935,67.5147970975957,0.6259932812341942,0.03116893765171088,43.97587113463231,-39.49846666701718,0.20865859165691478,-1.0502894318686278,39.16347552506403,-0.38547530294511667,0.02817278761405507,44.38343144315828,-21.206812419695495,-0.13546271423147355,-0.8390119143243073,28.351321572531678,False
2024-07-05,393.70001220703125,0.0,0.0548,0.057248740082892643,391.0,2024-08-02,6.95,O:DIA240802C00391000,3.65,O:DIA240802P00391000,0.10016268710391904,0.11693907400110469,0.11353052046447992,0.05628178038158728,0.29947036902596025,0.061843028318522196,82.15553683349361,-62.131901746152565,0.08548307457607184,-2.4429236693555083,105.35975036884044,0.6598734724196772,0.03298704510212833,40.645240034796004,-39.503911936415676,0.20066840805296682,-1.4045652031106015,64.20124836595191,-0.36040310339371695,0.028855983216393863,41.51029679869762,-22.62798980973689,-0.11518533347689498,-1.0383584662449066,41.158502002888525,False
2024-07-08,393.4599914550781,0.0,0.0548,0.05717198547994114,391.0,2024-08-02,6.32,O:DIA240802C00391000,2.86,O:DIA240802P00391000,0.09223867036789148,0.10758796608609902,0.09995588375478981,0.04278389827484867,0.30717407477792347,0.06868777855124672,79.70022922787626,-58.97340329027744,0.08420370904402881,-2.743807042782416,118.38038475913169,0.6640086012826242,0.036600520598648975,39.4052886583532,-38.0745000346066,0.19221728385509657,-1.5741916408613918,72.01361221582559,-0.3568345265047007,0.03208725795259774,40.29494056952306,-20.898903255670838,-0.10801357481106776,-1.169615401921024,46.36677254330609,False
2024-07-09,392.94000244140625,0.0,0.0545,0.056725289050553164,391.0,2024-08-02,6.2,O:DIA240802C00391000,3.1,O:DIA240802P00391000,0.10185168847501005,0.11089051329687336,0.10638037697672845,0.04965508792617528,0.25540986446036673,0.06783935425995472,79.45497459668513,-64.13515013477976,0.0650433948318684,-2.12240347899518,72.85777081291072,0.632484809239297,0.035221428249355355,39.56395026599859,-41.41449370685493,0.1730918446333155,-1.1511650633762434,40.91510288496628,-0.3770749447789302,0.03261792601059935,39.89102433068655,-22.720656427924844,-0.10804844980144711,-0.9712384156189364,31.942667927944434,False
2024-07-10,397.260009765625,0.0,0.0546,0.06764051521407514,391.0,2024-08-02,6.7,O:DIA240802C00391000,2.15,O:DIA240802P00391000,1.0,0.12515360149651242,0.07265397047251462,0.005013455258439478,0.3130675078129683,0.02930600154983149,74.3091583560223,-334.5150573121498,0.05235303845359088,-1.5209160561143915,97.92006703957068,0.5812921919255295,0.003785886328730551,40.30562394843442,-308.90836094497115,0.12568573649759646,0.0213014617767857,-0.4510103299092684,-0.2682246841125612,0.02552011522110094,34.003534407587864,-25.606696367178643,-0.07333269804400558,-1.5422175178911772,98.37107736947995,False
2024-07-11,397.6300048828125,0.0,0.0548,0.06560973935306474,391.0,2024-08-02,6.7,O:DIA240802C00391000,1.77,O:DIA240802P00391000,1.0,0.11952329884587716,0.05959366632699966,-0.006016073026065084,0.3363631909616672,0.03017422744587146,70.65606058898524,-342.6520498343057,0.05612151450948549,-1.7166177355436552,119.34214357449974,0.5818101468405715,0.003897706893966458,39.127933900237,-318.42164305138004,0.11921172039177058,0.017749276380635733,-0.3672782415608757,-0.2454469558789043,0.026276520551905002,31.528126688748248,-24.230406782925687,-0.06309020588228509,-1.7343670119242909,119.70942181606063,False
2024-07-12,400.32000732421875,0.0,0.0547,0.06798230942671842,391.0,2024-08-02,6.7,O:DIA240802C00391000,0.83,O:DIA240802P00391000,1.0,0.10763150561040812,0.00010000000000000002,-0.06788230942671841,0.44116514447089095,0.026207616019269957,60.755246372089445,-346.46557466956364,0.07851080402084337,-2.1838304550279974,220.95250058818053,0.5916869621144645,0.003976317901766927,37.930311437969685,-329.17089808948646,0.114872051128897,0.004694641733668977,-0.10632387680134735,-0.15052181764357353,0.022231298117503028,22.824934934119764,-17.29467658007716,-0.03636124710805362,-2.1885250967616665,221.05882446498188,False
2024-07-15,402.3599853515625,0.0,0.0548,0.06757565520879871,391.0,2024-08-02,14.0,O:DIA240802C00391000,0.82,O:DIA240802P00391000,0.15141618902926382,0.12402139791410638,0.13836841153204443,0.07079275632324572,0.6814379823695106,0.036988570273032526,45.801690843738854,-71.526825246334,0.14409076478010832,-3.402347399573374,326.6288076140261,0.8174323689664322,0.018435933506868663,25.10698173309602,-51.47106519345151,0.1749455977795706,-1.521002959946516,130.63398847680884,-0.13599438659692165,0.01855263676616386,20.694709110642833,-20.055760052882498,-0.030854832999462286,-1.881344439626858,195.99481913721723,False
2024-07-16,409.6600036621094,0.0,0.0548,0.08755303258006066,391.0,2024-08-02,14.0,O:DIA240802C00391000,0.38,O:DIA240802P00391000,0.15141618902926382,0.14461862703920986,0.00010000000000000002,-0.08745303258006065,0.8631335974356616,0.01913864988555053,24.540345692772792,-53.49401070683069,0.1717775043637208,-2.588979058837335,358.5164570670717,0.9271636312093039,0.00982527196479643,12.879732180532448,-38.60772378103607,0.18550516588405963,-1.298704365493371,175.81847801014953,-0.06403003377364225,0.0093133779207541,11.660613512240344,-14.886286925794623,-0.01372766152033883,-1.2902746933439642,182.69797905692218,False
2024-07-17,411.92999267578125,0.0,0.0547,0.0875746987755256,391.0,2024-08-02,14.0,O:DIA240802C00391000,0.39,O:DIA240802P00391000,0.15141618902926382,0.16376671152658864,0.00010000000000000002,-0.08747469877552559,0.8923085272464357,0.015378506838015558,19.62908241321879,-51.47628058743268,0.16426800147628456,-2.17521479710776,314.8969004733523,0.9528890386089314,0.007225287458151139,8.840055162250104,-34.31037134530389,0.17633701557240258,-1.0654755455167833,160.2847425869914,-0.06058051136249565,0.00815321937986442,10.789027250968685,-17.165909242128794,-0.012069014096118023,-1.1097392515909763,154.61215788636085,False
2024-07-18,406.7200012207031,0.0,0.0548,0.10358181381755384,391.0,2024-08-02,17.76,O:DIA240802C00391000,0.75,O:DIA240802P00391000,0.18558076042091068,0.1649857697163926,0.1756770568802953,0.07209524306274147,0.7545132839660657,0.027202125069345627,34.466110100141584,-85.31590671399722,0.12587389212432,-2.602887081955583,258.0600495421797,0.8638327035556197,0.013849495950635213,18.558809858453376,-57.73134138679616,0.14560946113852674,-1.246213543634904,116.24346950739995,-0.10931941958955405,0.013352629118710413,15.90730024168821,-27.584565327201066,-0.019735569014206738,-1.3566735383206792,141.81658003477975,False
2024-07-19,402.95001220703125,0.194,0.0548,0.10919818841209164,391.0,2024-08-02,14.7,O:DIA240802C00391000,1.24,O:DIA240802P00391000,0.20157792498599986,0.17090095576046785,0.18671847384274004,0.0775202854306484,0.6277890041332203,0.03581148025169942,42.90445437280847,-114.19257199556243,0.09405856622179404,-2.468950166942743,178.7576310439239,0.7950148521878354,0.017558919401707986,22.805655594649224,-74.67335902498934,0.12129017634676958,-1.1047111833181866,73.06314339511324,-0.16722584805461516,0.018252560849991432,20.098798778159246,-39.51921297057309,-0.027231610124975544,-1.3642389836245565,105.69448764881066,False
2024-07-22,404.1499938964844,0.0,0.054900000000000004,0.10863537090583641,391.0,2024-08-02,14.7,O:DIA240802C00391000,0.53,O:DIA240802P00391000,0.20157792498599986,0.14588133371725043,0.15495656800270077,0.04632119709686436,0.7266541861337135,0.03236303623270976,32.959041408901484,-97.85375658519773,0.09920232922256567,-2.653505407871685,230.0660764969126,0.826093941468095,0.016676498722911517,19.60988138202727,-72.82570067352094,0.11374467797665788,-1.1472846931355156,82.26726303918801,-0.09943975533438154,0.015686537509798242,13.349160026874216,-25.02805591167679,-0.014542348754092216,-1.5062207147361695,147.79881345772458,False
2024-07-23,403.489990234375,0.0,0.054900000000000004,0.10747106772270035,391.0,2024-08-02,14.7,O:DIA240802C00391000,0.5,O:DIA240802P00391000,0.20157792498599986,0.14642132822114032,0.1813666019767523,0.07389553425405196,0.7275250186611505,0.034260502919157464,30.96279030902067,-102.68227761241951,0.08841549104280708,-2.6528036004929847,216.7064307866103,0.8268973004046658,0.017664898977429903,18.403867807062937,-75.94840040301719,0.10130302151590503,-1.150655118025508,77.92235597811265,-0.09937228174351531,0.01659560394172756,12.558922501957731,-26.73387720940233,-0.012887530473097954,-1.5021484824674767,138.78407480849765,False
2024-07-24,398.6700134277344,0.0,0.055,0.11324243596801592,391.0,2024-08-02,10.0,O:DIA240802C00391000,1.18,O:DIA240802P00391000,0.18183369859541398,0.1538744969450502,0.16818176015317438,0.054939324185158456,0.5567866509066283,0.05337741077626111,39.43723373273863,-131.2179695465779,0.058553928220368076,-2.6336461878919355,135.7535267852768,0.760087585106199,0.02572528139635094,20.651858815540308,-83.7099967102298,0.0813955910445949,-1.1559742823278871,54.27183355341957,-0.20330093419957074,0.027652129379910167,18.78537491719832,-47.5079728363481,-0.02284166282422682,-1.4776719055640481,81.48169323185721,False
2024-07-25,399.489990234375,0.0,0.054900000000000004,0.1132912456143129,391.0,2024-08-02,10.1,O:DIA240802C00391000,1.03,O:DIA240802P00391000,0.16986849744705168,0.16567183245574216,0.16778034294247623,0.05448909732816333,0.6283091516083095,0.05176657883395587,32.99980835136502,-129.4471827729369,0.05711267067623183,-2.7682403209894386,152.47403114959155,0.8112504160481092,0.025810424705461216,16.65982785779968,-76.66743294562986,0.07475867161540281,-1.36239641514747,74.11500118938125,-0.18294126443979974,0.025956154128494655,16.339980493565342,-52.77974982730705,-0.01764600093917098,-1.4058439058419687,78.35902996021032,False
2024-07-26,405.9700012207031,0.0,0.054900000000000004,0.12538737292487825,391.0,2024-08-02,10.1,O:DIA240802C00391000,0.29,O:DIA240802P00391000,0.16986849744705168,0.18148190980715712,0.00010000000000000002,-0.12528737292487827,0.8845957203717834,0.022933669140705975,13.195513232249786,-77.41531060955529,0.06809926706436974,-2.031695436316798,183.0675163338532,0.9482077053750635,0.010919279613411976,6.065466131492045,-46.240840788926626,0.07328072691147952,-1.001429612249135,93.2134114516678,-0.06361198500328014,0.012014389527293999,7.130047100757741,-31.174469820628673,-0.0051814598471097905,-1.0302658240676625,89.85410488218541,False
2024-07-29,405.510009765625,0.0,0.055,0.1253982783461936,391.0,2024-08-02,10.1,O:DIA240802C00391000,0.14,O:DIA240802P00391000,0.16986849744705168,0.16986039051581056,0.00010000000000000002,-0.12529827834619361,0.9205920715201326,0.0197400806257107,8.75213510234369,-66.53010480278373,0.05685365943208251,-1.7474764862245107,156.60472565525643,0.9602924940921324,0.009870520658117308,4.376384947107945,-44.01034648346082,0.05943126558206204,-0.873759657848641,78.30243623753064,-0.039700422571999794,0.00986955996759339,4.375750155235744,-22.5197583193229,-0.0025776061499795328,-0.8737168283758696,78.30228941772579,False
2024-07-30,407.4100036621094,0.0,0.055,0.1257359114008523,391.0,2024-08-02,15.48,O:DIA240802C00391000,0.1,O:DIA240802P00391000,1.0,0.202532449215502,0.00010000000000000002,-0.1256359114008523,0.6404317162466231,0.015428638367620212,19.026803895550103,-714.5056803739748,0.027841367934427146,-0.7264627254112695,53.64924565367619,0.6690740351851795,0.00815608432802219,16.116316902516505,-690.3953260908993,0.029242459275337827,-0.1190082005293945,2.313693077148528,-0.0286423189385564,0.0072725540395980216,2.910486993033597,-24.110354283075427,-0.001401091340910683,-0.607454524881875,51.33555257652766,False
2024-07-31,408.489990234375,0.0,0.054900000000000004,0.1253756728163515,391.0,2024-08-02,15.48,O:DIA240802C00391000,0.02,O:DIA240802P00391000,1.0,0.20668579076774707,0.00010000000000000002,-0.12527567281635152,0.6976327453389666,0.012382619685061914,13.340685764391626,-814.9322642884515,0.02065202559887122,-0.40890396866176015,25.26828727104927,0.7056212751516775,0.00947205442135301,12.544012477024799,-804.7388678124639,0.020912599762774497,-0.15564909594079057,3.062308452432512,-0.00798852981271092,0.0029105652637089036,0.7966732873668282,-10.193396475987619,-0.0002605741639032765,-0.2532548727209696,22.20597881861676,True
2024-08-01,403.2300109863281,0.0,0.0555,0.13567494773537178,403.0,2024-09-06,7.55,O:DIA240906C00403000,5.95,O:DIA240906P00403000,0.1204225441394472,0.13871157374393625,0.12957433493286372,-0.006100612802508065,0.13723724712923469,0.04706725101705928,101.80575218788078,-66.2532684593482,0.04316637275234217,-0.8052415795236079,18.184573658497104,0.5722592259270131,0.02515706877099572,50.82136642512605,-42.046363077574455,0.2302878747181351,-0.46740623918315255,11.025865357644367,-0.4350219787977784,0.021910182246063562,50.984385762754734,-24.206905381773748,-0.18712150196579294,-0.33783534034045537,7.158708300852736,False
2024-08-02,397.1300048828125,0.0,0.0554,0.14763419341228562,403.0,2024-09-06,7.55,O:DIA240906C00403000,9.92,O:DIA240906P00403000,0.1204225441394472,0.15871488662940764,0.17179934278428555,0.024165149371999928,-0.1512229548725318,0.04567870475840281,97.95400171326888,-64.84211455952158,-0.07376684407997616,1.360829561768184,33.78470160508422,0.41177572020939524,0.02583469270136945,48.67612171704634,-38.359706678124354,0.15788361880127644,0.8431306953683056,23.515939043644483,-0.562998675081927,0.019844012057033365,49.27787999622254,-26.482407881397226,-0.2316504628812526,0.5176988663998784,10.268762561439736,False
2024-08-05,386.80999755859375,0.0,0.0552,0.1750431410353811,403.0,2024-09-06,7.55,O:DIA240906C00403000,16.0,O:DIA240906P00403000,0.1204225441394472,0.1392712888796212,0.21202069167792803,0.03697755064254693,-0.6183163663129175,0.03506887866901901,64.81962123939402,-30.216425743176888,-0.24426784605621998,3.8418117613749585,404.62991112633034,0.17276919465187357,0.017786361771517788,30.521157605016747,-22.91266092476648,0.06239863385371676,2.081670599170214,234.39862391056408,-0.7910855609647911,0.017282516897501224,34.29846363437728,-7.303764818410407,-0.30666647990993673,1.760141162204745,170.23128721576626,False
2024-08-06,389.9599914550781,0.0,0.055,0.17786634757597383,403.0,2024-09-06,2.73,O:DIA240906C00403000,16.0,O:DIA240906P00403000,0.14441201103135046,0.1392712888796212,0.17239570213928823,-0.0054706454366856005,-0.47077190127694823,0.03917778424821981,77.11319905644615,-48.93615702799453,-0.1824174318216934,3.102584279005261,230.11669748965903,0.26860008625301157,0.019384002003107432,38.85206990842198,-36.34763945909166,0.09310736542941767,1.5087548170272478,109.67923331486199,-0.7393719875299598,0.019793782245112378,38.26112914802416,-12.588517568902873,-0.27552479725111106,1.5938294619780131,120.43746417479704,False
2024-08-07,387.7699890136719,0.0,0.055,0.17357238675923914,403.0,2024-09-06,2.73,O:DIA240906C00403000,11.9,O:DIA240906P00403000,0.14441201103135046,1.0,0.09700563116073607,-0.07656675559850307,-0.2656486429216301,0.021419552419793788,79.69086632941725,-281.05544718526795,-0.13823362195226654,1.7727022910773542,146.585188088266,0.22094883510715696,0.017939549329873863,34.00833525603157,-32.72695886967333,0.0730017116000537,1.6682914494190082,146.98715382974927,-0.48659747802878706,0.003480003089919926,45.682531073385675,-248.3284883155946,-0.21123533355232024,0.1044108416583461,-0.40196574148327197,False
2024-08-08,394.5199890136719,0.0,0.0555,0.185628302001468,403.0,2024-09-06,3.7,O:DIA240906C00403000,12.4,O:DIA240906P00403000,0.14143162790266908,0.18973346568912763,0.16579921341389417,-0.019829088587573818,-0.2595945637517518,0.04074914426465387,85.88482652329485,-78.97720436368718,-0.09876270369946025,1.7904874232986,70.50059038944865,0.34930609312645405,0.022978967183187784,42.15351785089204,-43.21405100811265,0.1117568633522125,1.120147807574036,49.39499612336903,-0.6089006568782058,0.017770177081466085,43.73130867240281,-35.763153355574524,-0.21051956705167274,0.6703396157245639,21.105594266079617,False
2024-08-09,395.1499938964844,0.0,0.0554,0.18390780940105295,403.0,2024-09-06,3.05,O:DIA240906C00403000,12.4,O:DIA240906P00403000,0.12448896848187249,0.18973346568912763,0.1637380686506629,-0.020169740750390047,-0.26421975254684577,0.04464425485759271,83.64095308362519,-76.63927405301064,-0.09470765925489968,1.9658211368747693,80.22918276322034,0.33797626617543114,0.026379283811048492,40.695583778058214,-39.14652595288533,0.10357247580664936,1.3304503592652717,61.907600121848276,-0.6021960187222769,0.018264971046544218,42.945369305566985,-37.492748100125304,-0.19828013506154904,0.6353707776094976,18.321582641372064,False
2024-08-12,393.7699890136719,0.0,0.0553,0.18291271367045783,403.0,2024-09-06,3.05,O:DIA240906C00403000,12.4,O:DIA240906P00403000,0.12448896848187249,0.18973346568912763,0.16292873764783142,-0.019983976022626415,-0.3375339225626044,0.04399797280400028,78.03907119695839,-73.8672706213671,-0.11155200650337263,2.3638368998990553,120.91153717942055,0.2950301069011265,0.025634981865089404,37.30801735725523,-37.088284248717756,0.08573609282353567,1.58801610046149,92.50396330231649,-0.6325640294637309,0.01836299093891088,40.731053839703165,-36.77898637264934,-0.1972880993269083,0.7758207994375653,28.40757387710405,False
2024-08-13,397.7900085449219,0.0,0.0548,0.1738337966509798,403.0,2024-09-06,3.25,O:DIA240906C00403000,7.85,O:DIA240906P00403000,0.11389878064238627,0.1373903612017365,0.1256850581139326,-0.04814873853704721,-0.20238957072361258,0.05825004886154721,82.05218931883873,-67.19267378307441,-0.06543467790538368,1.8094801519782018,50.227147305389984,0.38833685354075226,0.031646760752078784,40.74065846976483,-40.7693925677168,0.10801894306305992,1.0567763618114747,31.868787236468023,-0.5907264242643648,0.026603288109468423,41.3115308490739,-26.423281215357612,-0.1734536209684436,0.7527037901667271,18.35836006892196,False
2024-08-14,400.0899963378906,0.0,0.054900000000000004,0.17396357392729397,403.0,2024-09-06,4.35,O:DIA240906C00403000,7.1,O:DIA240906P00403000,0.12107957713672136,0.15326534740065106,0.1371816231876612,-0.03678195073963278,-0.06616731936837883,0.05654737925725119,82.61959850278367,-81.92794531273182,-0.02558289696763122,0.7039149555175094,6.273593317932695,0.4613819546407012,0.03155848443866221,41.26204989657679,-46.924526184813324,0.12159338004855708,0.4210814607472453,4.2423664830756636,-0.52754927400908,0.02498889481858898,41.357548606206876,-35.0034191279185,-0.1471762770161883,0.2828334947702641,2.0312268348570317,False
2024-08-15,405.8800048828125,0.0,0.0553,0.1773096840382493,403.0,2024-09-06,5.82,O:DIA240906C00403000,3.22,O:DIA240906P00403000,0.07959224700197398,0.12518429797774888,0.10283813084959985,-0.07447155318864944,0.34335212664850434,0.07163669119986461,73.60055858350643,-67.10363244427488,0.08274270656547239,-3.215186177788003,159.1865477167615,0.7054586378128246,0.04235677708349069,35.2621207831777,-37.6141965005195,0.1781025748318041,-2.2530758943737426,124.46872750474735,-0.36210651116432024,0.02927991411637392,38.33843780032872,-29.48943594375538,-0.09535986826633172,-0.9621102834142606,34.71782021201417,False
2024-08-16,406.739990234375,0.327,0.0553,0.1740286526308227,403.0,2024-09-06,5.82,O:DIA240906C00403000,3.01,O:DIA240906P00403000,0.07959224700197398,0.13093355257356784,0.0992228130817413,-0.0748058395490814,0.4021770602667061,0.06900992843955966,68.37133014985042,-69.9515227069885,0.09183212017407265,-3.6252739855325213,209.78681988083838,0.7437437470517644,0.04076010020254746,31.947028898900804,-37.739769485353506,0.17631951948795735,-2.5705213405702367,167.06237789122684,-0.3415666867850583,0.02824982823701221,36.42430125094961,-32.21175322163499,-0.0844873993138847,-1.0547526449622846,42.72444198961152,False
2024-08-19,409.1099853515625,0.0,0.055099999999999996,0.17485297322587667,403.0,2024-09-06,5.82,O:DIA240906C00403000,1.56,O:DIA240906P00403000,0.07959224700197398,0.11180813018024345,0.0357122329711914,-0.13914074025468526,0.5932699341207717,0.061282028853187495,54.02741181194935,-60.27541086791607,0.12951902259832923,-4.861490693111097,407.12183280126726,0.8351336750935747,0.03232637337371426,23.92408873994892,-35.52128330499415,0.18535728455746844,-2.97968149883356,280.04220187523725,-0.24186374097280305,0.028955655479473236,30.10332307200043,-24.754127562921923,-0.055838261959139206,-1.8818091942775375,127.07963092603002,False
2024-08-20,408.55999755859375,0.0,0.0548,0.17480557851744416,403.0,2024-09-06,5.82,O:DIA240906C00403000,1.56,O:DIA240906P00403000,0.07959224700197398,0.11180813018024345,0.062187173157930375,-0.11261840535951378,0.5686186380290779,0.06611909932801543,53.87488356997404,-63.072926013556554,0.11519667577699541,-4.789816486661707,366.37126064758985,0.8220961346756288,0.035266675788142625,24.170731105966567,-36.6457749956968,0.16944438802941833,-2.9626938768967785,253.86090722600667,-0.25347749664655095,0.030852423539872803,29.70415246400747,-26.42715101785976,-0.05424771225242291,-1.8271226097649276,112.51035342158316,False
2024-08-21,408.989990234375,0.0,0.0545,0.1683202567880062,403.0,2024-09-06,8.35,O:DIA240906C00403000,1.75,O:DIA240906P00403000,0.1091814107885744,0.12470654822469085,0.11706334952861072,-0.05125690725939547,0.5129033188046737,0.06012945799820886,55.87866910152776,-79.63709623536113,0.09508205873766766,-3.6048993956815085,225.2955182490879,0.7703809707000314,0.031132621789490438,27.07512440793324,-47.75573470115313,0.14606100270635916,-1.9902130774336955,131.4601823127036,-0.25747765189535776,0.028996836208718423,28.80354469359452,-31.88136153420799,-0.0509789439686915,-1.6146863182478128,93.8353359363843,False
2024-08-22,407.4800109863281,0.0,0.055099999999999996,0.16922657453305912,403.0,2024-09-06,7.6,O:DIA240906C00403000,2.4,O:DIA240906P00403000,0.12874374340038072,0.13701772589353417,0.13289587609618905,-0.03633069843687006,0.3823207803570372,0.062308925672137194,59.9646037329819,-99.32517081507407,0.06363765212627213,-2.5027291600155834,106.53961425971244,0.6963296577238993,0.0318963092510376,29.762631607951835,-59.10632135702088,0.1205374834275336,-1.3223593417479325,57.85058976035602,-0.3140088773668621,0.030412616421099596,30.20197212503006,-40.2188494580532,-0.05689983130126147,-1.180369818267651,48.689024499356414,False
2024-08-23,411.8299865722656,0.0,0.055099999999999996,0.16368489968394465,403.0,2024-09-06,7.6,O:DIA240906C00403000,0.9,O:DIA240906P00403000,0.12874374340038072,0.12433642596814543,0.00010000000000000002,-0.16358489968394466,0.6626093999993647,0.0485070857220721,41.30998462599301,-80.2793457001815,0.10368300920623381,-3.7179333512939046,292.74636669355436,0.8272084043428192,0.02420973419060943,20.977394445798755,-52.210160616555285,0.13093967815408028,-1.8223632060552337,141.01077643565287,-0.16459900434345442,0.024297351531462674,20.332590180194256,-28.06918508362621,-0.027256668947846466,-1.8955701452386706,151.73559025790152,False
2024-08-26,412.7200012207031,0.0,0.054900000000000004,0.16359521639546198,403.0,2024-09-06,7.6,O:DIA240906C00403000,0.73,O:DIA240906P00403000,0.12874374340038072,0.12842761405667677,0.00010000000000000002,-0.163495216395462,0.7169962529138878,0.04470794845689184,34.97280184140941,-78.54664068952223,0.10140848981084014,-3.6589747742544603,306.392250591509,0.8582089490460629,0.02235745087135412,17.510615777800677,-50.38958479263069,0.12248395556800087,-1.8274709314988682,152.84321872053022,-0.14121269613217513,0.022350497585537723,17.462186063608726,-28.15705589689155,-0.021075465757160745,-1.8315038427555919,153.5490318709788,False
2024-08-27,412.8900146484375,0.0,0.054900000000000004,0.1629970757701344,403.0,2024-09-06,7.6,O:DIA240906C00403000,0.66,O:DIA240906P00403000,0.12874374340038072,0.13255217332451352,0.00010000000000000002,-0.1628970757701344,0.7407328557027202,0.043926172133875396,31.060393172513322,-80.0700355973768,0.09332970796775872,-3.5705804928359397,296.41585911578863,0.8737662840678087,0.021884126311429122,15.248023467125865,-50.11039383491786,0.11097674739201052,-1.805442061258206,151.99583221518952,-0.13303342836508847,0.022042045822446274,15.812369705387457,-29.959641762458944,-0.017647039424251807,-1.7651384315777334,144.4200269005991,False
2024-08-28,411.3399963378906,0.0,0.0547,0.16357459865601906,403.0,2024-09-06,8.65,O:DIA240906C00403000,1.0,O:DIA240906P00403000,1.0,0.14674902827269265,0.10454041399061681,-0.05903418466540225,0.404328521286067,0.031851638788086646,44.77044308171901,-535.9969470573661,0.03710686510840123,-1.6108135407057005,99.790888723142,0.5852532872476386,0.005685778212895119,26.723251192821184,-492.4511664614006,0.05805730748841768,-0.018977177930155315,0.280174654027176,-0.1809247659615716,0.026165860575191525,18.047191888897824,-43.54578059596554,-0.02095044238001645,-1.5918363627755452,99.51071406911483,False
2024-08-29,413.9100036621094,0.0,0.054000000000000006,0.15694145195519008,403.0,2024-09-06,11.6,O:DIA240906C00403000,0.3,O:DIA240906P00403000,0.11428165753029704,0.12967934855079147,0.1225149051785469,-0.03442654677664317,0.865425392085072,0.033127529515099646,16.563753722218266,-61.504695363782496,0.08245433981124133,-3.124360808999988,299.63579990768227,0.9448142485624981,0.0152815351453863,7.123707362710835,-37.587566519054775,0.09034954025774206,-1.5409926059529153,157.12949312495684,-0.0793888564774261,0.017845994369713347,9.440046359507432,-23.91712884472772,-0.007895200446500727,-1.5833682030470726,142.50630678272543,False
2024-08-30,416.2099914550781,0.0,0.0541,0.14483740615900123,403.0,2024-09-06,13.03,O:DIA240906C00403000,0.12,O:DIA240906P00403000,1.0,0.1339594901955001,0.00010000000000000002,-0.14473740615900124,0.5826900515076909,0.016992114319925374,27.146826736919618,-590.0497808351753,0.042054474425015545,-1.1447273290811715,113.72000794052757,0.62058825577743,0.006491475749634876,22.311969406195193,-574.5882146207335,0.045207968725664516,-0.06323909738129978,1.1383039025160966,-0.03789820426973911,0.010500638570290497,4.834857330724424,-15.461566214441723,-0.0031534943006489703,-1.0814882316998717,112.58170403801147,True
2024-09-03,410.25,0.0,0.0538,0.11794664475680229,416.0,2024-10-04,4.1,O:DIA241004C00416000,8.0,O:DIA241004P00416000,0.11611671863093057,0.12001859939603694,0.11806868060529233,0.00012203584849003468,-0.18562053985741472,0.0530559485571249,96.20074695016339,-57.4763504232735,-0.0805463892444383,1.778821660222861,51.79126696234887,0.4054553603534911,0.026938493703306497,48.04990542350019,-39.29380188224098,0.14807442128792284,0.915926798803317,27.159847159187432,-0.5910759002109058,0.026117454853818403,48.15084152666321,-18.182548541032524,-0.22862081053236114,0.862894861419544,24.63141980316144,False
2024-09-04,410.4200134277344,0.0,0.0533,0.11663561071644128,416.0,2024-10-04,3.45,O:DIA241004C00416000,8.0,O:DIA241004P00416000,0.1042725294441884,0.12001859939603694,0.11390416329950093,-0.002731447416940355,-0.19882076503188817,0.05708911711436218,93.7179041153517,-55.26433236607091,-0.08109172424488884,1.9810778332583239,61.11816641722557,0.3928570617980127,0.030405299242545165,46.62280420511843,-36.25302393515878,0.1377500322509149,1.116056483578031,36.796234820612476,-0.5916778268299009,0.02668381787181702,47.095099910233266,-19.01130843091213,-0.21884175649580373,0.865021349680293,24.32193159661309,False
2024-09-05,408.4599914550781,0.0,0.053,0.11588763295440091,416.0,2024-10-04,2.89,O:DIA241004C00416000,9.85,O:DIA241004P00416000,0.11100880085144392,0.1395191449555171,0.12538451672047377,0.009496883766072856,-0.2888049870951479,0.05094881346947225,87.75375802069685,-59.15570556804775,-0.10892106880088995,2.468438737031082,110.55572010939446,0.3383597189530454,0.02794115760730325,43.12405667789184,-35.89466853732695,0.11276367326025294,1.479242482192344,72.7236892015735,-0.6271647060481933,0.023007655862169,44.62970134280501,-23.261037030720804,-0.2216847420611429,0.9891962548387377,37.83203090782094,False
2024-09-06,404.4700012207031,0.0,0.0528,0.10991416796555672,416.0,2024-10-04,2.46,O:DIA241004C00416000,13.1,O:DIA241004P00416000,0.1338188548676699,0.15577358876613398,0.14493970365375286,0.035025535688196135,-0.43044718041245067,0.041249700446619686,77.25818114018901,-60.6026249075518,-0.1505261679260892,2.8777370655212002,188.50290112274683,0.26908824040793144,0.021647518811938198,37.6120948325222,-37.32597178077986,0.08442708010021656,1.6113995396672967,113.02739790673537,-0.6995354208203821,0.01960218163468149,39.6460863076668,-23.27665312677194,-0.23495324802630574,1.2663375258539036,75.47550321601148,False
2024-09-09,409.04998779296875,0.0,0.0525,0.11557581843347502,416.0,2024-10-04,3.05,O:DIA241004C00416000,13.1,O:DIA241004P00416000,0.11718906549261138,0.15577358876613398,0.17272722149789332,0.05715140306441831,-0.2599338884964084,0.05007471361312382,84.7030357363563,-70.5847570891988,-0.09000159121913828,2.1121189019415114,81.87995080311461,0.350312413847115,0.028149505729780946,41.61632178246831,-39.70494134795716,0.1057404953789495,1.3173488491466996,56.88846899214379,-0.6102463023435234,0.021925207883342877,43.08671395388798,-30.879815741241636,-0.19574208659808778,0.7947700527948116,24.99148181097082,False
2024-09-10,408.260009765625,0.0,0.0518,0.11476572108437166,416.0,2024-10-04,3.05,O:DIA241004C00416000,13.1,O:DIA241004P00416000,0.11718906549261138,0.15577358876613398,0.17511283772289754,0.06034711663852588,-0.31294843004097944,0.05013410898549896,80.11809649487326,-69.52245068646103,-0.10054546220081945,2.443950313329198,111.66163533215214,0.3206606424201613,0.02799143917729908,39.05332061616878,-38.68180267529584,0.09163606789231613,1.5184657046823586,77.18376849093181,-0.6336090724611407,0.02214266980819988,41.064775878704474,-30.840648011165182,-0.19218153009313557,0.9254846086468395,34.47786684122034,False
2024-09-11,409.2699890136719,0.0,0.0521,0.11048295442256115,416.0,2024-10-04,1.94,O:DIA241004C00416000,13.1,O:DIA241004P00416000,0.09466291741502063,0.15577358876613398,0.16908080656155944,0.05859785213899829,-0.3107129889042458,0.057903855178594116,77.8612591922586,-65.78630931439923,-0.09357992668634725,2.7979518520454043,132.53204056853545,0.30568235449080994,0.03484418552070716,37.27162968454286,-32.567474202711615,0.08308858871786352,1.9731402375846712,106.57707436976685,-0.6163953433950558,0.023059669657886958,40.58962950771574,-33.21883511168761,-0.17666851540421077,0.8248116144607334,25.954966198768613,False
2024-09-12,411.9700012207031,0.0,0.0518,0.11094417145815928,416.0,2024-10-04,1.94,O:DIA241004C00416000,13.1,O:DIA241004P00416000,0.09466291741502063,0.15577358876613398,0.17919364449083808,0.0682494730326788,-0.1593995654902508,0.06368063261537354,81.03628633989776,-76.18026488070086,-0.04844567652083945,1.6160438817708533,37.83262796487698,0.39808482559696834,0.039265959172137974,40.054076502140624,-38.21216470406332,0.10238442461989347,1.1501046195742952,30.838948583253153,-0.5574843910872191,0.024414673443235568,40.98220983775713,-37.96810017663754,-0.15083010114073292,0.46593926219655807,6.993679381623824,False
2024-09-13,414.94000244140625,0.0,0.051500000000000004,0.10233163087313418,416.0,2024-10-04,4.35,O:DIA241004C00416000,5.4,O:DIA241004P00416000,0.10507634039981395,0.1363722747033301,0.12072441157400607,0.018392780700871886,0.025911896924011968,0.06636563370598195,80.7312342538466,-81.91999998691395,0.0005963586743517463,-0.024007989442170335,0.08017305665307277,0.513112430112965,0.03748347039315722,40.365102574530404,-46.36878993021117,0.12414337678796997,-0.027465240414718137,0.09140404332625998,-0.48720053318895307,0.02888216331282473,40.36613167931619,-35.55121005670277,-0.12354701811361822,0.0034572509725478,-0.011230986673187211,False
2024-09-16,417.3800048828125,0.0,0.051100000000000007,0.10367877281596682,416.0,2024-10-04,5.9,O:DIA241004C00416000,4.35,O:DIA241004P00416000,0.11514660507518504,0.14149040751927497,0.12834660024493932,0.0246678274289725,0.17460341909926402,0.062303485948427766,76.59215050124695,-91.69305849920747,0.034792208842333805,-1.1807085327584343,26.11749706662623,0.5949111481093879,0.03421648079379036,38.13091723097201,-51.90265632277325,0.13466889883485017,-0.7171755245118123,16.946813190100542,-0.4203077290101239,0.028087005154637405,38.461233270274946,-39.79040217643423,-0.09987668999251637,-0.4635330082466221,9.170683876525686,False
2024-09-17,417.260009765625,0.0,0.050499999999999996,0.10241153652036536,416.0,2024-10-04,5.23,O:DIA241004C00416000,4.5,O:DIA241004P00416000,0.10473840259665605,0.1483617147981435,0.12662390353381636,0.024212367013451003,0.1710971332123309,0.06686594666247353,73.83292373192035,-93.78364976028053,0.03180975750696184,-1.2271515594871296,26.47198501338849,0.598139678102066,0.03896842587594917,36.658538640518955,-49.55382898185875,0.12605345170788912,-0.8300084317257029,19.550050832439034,-0.42704254488973514,0.027897520786524365,37.17438509140138,-44.22982077842177,-0.09424369420092728,-0.3971431277614266,6.921934180949458,False
2024-09-18,416.19000244140625,0.0,0.049100000000000005,0.10287350603199243,416.0,2024-10-04,6.45,O:DIA241004C00416000,5.06,O:DIA241004P00416000,0.161718660090471,0.1553820493740527,0.15855054837465285,0.055677042342660424,0.07815296568172991,0.055166168183410635,72.1160038932785,-121.08939701173462,0.010007849037086819,-0.3183872995134809,2.8387322938446813,0.5385726175095872,0.027035325378675843,36.06249144926186,-71.92476513004922,0.10366597095056651,-0.15112305050759406,1.3291074934544744,-0.46041965182785727,0.02813084280473479,36.05351244401664,-49.164631881685395,-0.09365812191347969,-0.16726424900588685,1.5096248003902066,False
2024-09-19,421.4100036621094,0.0,0.0489,0.1108104835313277,416.0,2024-10-04,7.65,O:DIA241004C00416000,2.34,O:DIA241004P00416000,0.10541218549619215,0.1391947634072477,0.12271382573395967,0.011903342202631964,0.4590734456399579,0.062024641483003795,58.0812806575177,-90.89867631797031,0.080085300257599,-3.251503882238157,180.95915614895813,0.7563538126436701,0.03377107811320637,27.595455631447045,-48.53215578510678,0.1357910989093761,-1.9998690388070486,122.30686972361546,-0.2972803670037122,0.028253563369797424,30.485825026070657,-42.36652053286354,-0.055705798651777105,-1.251634843431108,58.65228642534265,False
2024-09-20,420.57000732421875,1.248,0.0487,0.10991118849944778,416.0,2024-10-04,7.65,O:DIA241004C00416000,1.99,O:DIA241004P00416000,0.10541218549619215,0.12445070205925637,0.1293662357211113,0.019455047221663524,0.435614472383261,0.07043899611861501,56.55769450267417,-90.57572878130657,0.0692034355810475,-3.2855807042299996,160.60715107035887,0.733304029902253,0.03720868300458714,27.530314415814505,-51.25262699395281,0.11967537978188317,-1.8761254943395618,97.89804063972917,-0.29768955751899195,0.033230313114027875,29.027380086859665,-39.32310178735375,-0.050471944200835665,-1.4094552098904378,62.70911043062969,False
2024-09-23,421.1099853515625,0.0,0.048499999999999995,0.1045570462374632,416.0,2024-10-04,7.65,O:DIA241004C00416000,1.55,O:DIA241004P00416000,0.10541218549619215,0.11955626574513843,0.12469704132080078,0.02013999508333758,0.4961781442242269,0.07138540524943655,50.74093573247303,-89.76081134287132,0.0715625022319682,-3.6886081546210807,197.59643907779122,0.7610766727279343,0.036966611972796826,24.6793384655623,-51.62464851237914,0.1119558648954849,-2.0294591563199744,114.6343037627205,-0.26489852850370743,0.03441879327663973,26.061597266910727,-38.13616283049218,-0.040393362663516695,-1.6591489983011065,82.96213531507073,False
2024-09-24,422.1300048828125,0.0,0.0478,0.10459511847503652,416.0,2024-10-04,7.65,O:DIA241004C00416000,1.45,O:DIA241004P00416000,0.10541218549619215,0.13244483294709375,0.12025466105490923,0.015659542579872704,0.5643652255099167,0.065927349082578,44.120149716104365,-94.2320146558713,0.07275388307503289,-3.795508691862619,227.3923313289401,0.8075850304068859,0.03449334500312626,20.568755777316216,-50.08061683163497,0.10580797114765064,-2.205833597939608,144.17806003225562,-0.24321980489696915,0.03143400407945174,23.551393938788145,-44.15139782423632,-0.03305408807261775,-1.5896750939230109,83.21427129668446,False
2024-09-25,419.1199951171875,0.0,0.0479,0.10864758549841769,416.0,2024-10-04,7.65,O:DIA241004C00416000,1.9,O:DIA241004P00416000,0.10541218549619215,0.12355730793389233,0.16365790441185238,0.05501031891343469,0.3641287532787951,0.08957582700704897,49.79257983485823,-109.72154198921575,0.04044244922819799,-2.859799831648246,95.68398563815836,0.6949115109767312,0.0475764238053666,24.471290452081238,-60.13794998449707,0.07948069028131152,-1.6359368938365724,58.26010571671522,-0.3307827576979361,0.04199940320168238,25.321289382776996,-49.583592004718675,-0.039038241053113536,-1.2238629378116739,37.423879921443145,False
2024-09-26,421.6199951171875,0.0,0.049,0.10875559983153595,416.0,2024-10-04,6.9,O:DIA241004C00416000,1.17,O:DIA241004P00416000,0.11149299315129338,0.13123936979497444,0.1216105393216014,0.012854939490065456,0.5715440591046912,0.0739004361658517,37.86367863113723,-108.3072980780342,0.05545342938308984,-3.734276183976953,194.5063544776211,0.8041202138260848,0.03811484600510894,17.986010869975452,-58.38612279237279,0.0790793239588061,-2.0809908233524577,115.94685187417208,-0.2325761547213936,0.03578559016074275,19.877667761161785,-49.92117528566141,-0.023625894575716254,-1.6532853606244955,78.55950260344902,False
2024-09-27,422.95001220703125,0.0,0.049,0.10741900688316965,416.0,2024-10-04,8.38,O:DIA241004C00416000,1.0,O:DIA241004P00416000,0.1509818453975645,0.14944121286021378,0.15021287152171137,0.04279386463854172,0.598875367943351,0.06267355335531039,33.41423787118967,-138.4380236020579,0.04839570321074141,-3.0560529550657805,152.8738657619301,0.7982606378939759,0.03128650777453624,16.765996302991027,-79.92327173675024,0.0653262592344555,-1.5175367661988945,75.53012743566568,-0.199385269950625,0.03138704558077415,16.64824156819864,-58.51475186530767,-0.01693055602371409,-1.538516188866886,77.34373832626441,False
2024-09-30,423.1199951171875,0.0,0.0493,0.10613484258500448,416.0,2024-10-04,5.65,O:DIA241004C00416000,0.65,O:DIA241004P00416000,1.0,0.1432157907555546,0.00010000000000000002,-0.10603484258500448,0.4204134137458636,0.03924801092989216,33.81954402450782,-722.2315262017285,0.02416480843249643,-1.6892123741104936,88.13128873547467,0.5807860917024901,0.007329737399549585,20.829313862957534,-667.0061240492086,0.03503891743470892,-0.030444754146457767,0.33092791722385034,-0.16037267795662646,0.03191827353034258,12.99023016155029,-55.22540215251985,-0.010874109002212489,-1.6587676199640358,87.80036081825082,True
2024-10-01,421.5,0.0,0.0496,0.09182194057078284,421.0,2024-11-01,8.46,O:DIA241101C00421000,5.1,O:DIA241101P00421000,0.1420578435324472,0.12293852659197241,0.132505112683028,0.04068317211224516,0.12987522664429352,0.046899458559731516,100.24880846457027,-74.81685720996886,0.03758711844059942,-0.7424049190252588,15.596491176212051,0.5614307423236566,0.02179183027412209,50.197417959366426,-50.38301250704446,0.20826231474034487,-0.30990821769319365,6.10094673499763,-0.4315555156793631,0.02510762828560942,50.05139050520385,-24.433844702924397,-0.17067519629974545,-0.43249670133206525,9.495544441214422,False
2024-10-02,421.9100036621094,0.0,0.0492,0.09176629328417715,421.0,2024-11-01,7.86,O:DIA241101C00421000,5.48,O:DIA241101P00421000,0.12934503974189987,0.1361844742411546,0.13276592956706879,0.04099963628289163,0.1461898209424216,0.04742762830934505,97.7902295731083,-76.73732662100653,0.04220066879214146,-0.8581913485980568,19.73582192924517,0.5745601533053407,0.024308315203740195,48.861458165614756,-47.73628228192735,0.2047682095425986,-0.45387466171775015,10.636915647653183,-0.4283703323629191,0.023119313105604854,48.92877140749355,-29.001044339079176,-0.16256754075045715,-0.4043166868803066,9.098906281591985,False
2024-10-03,419.9800109863281,0.0,0.0499,0.09158936526996898,421.0,2024-11-01,6.45,O:DIA241101C00421000,6.1,O:DIA241101P00421000,0.12581270920426582,0.13362450074599733,0.1297187199652195,0.038129354695250514,0.05185332296387146,0.05067274732707991,96.52937474269616,-75.59050241676627,0.007689465956703639,-0.16984592681287075,1.340895075540172,0.5262573560849594,0.02609789776175606,48.26207997088368,-47.13881995030972,0.178806308491831,-0.0934851309693872,0.746509579322669,-0.4744040331210879,0.024574849565323846,48.26729477181248,-28.451682466456553,-0.17111684253512735,-0.07636079584348357,0.5943854962175029,False
2024-10-04,423.4100036621094,0.0,0.0501,0.08440836481537263,421.0,2024-11-01,6.7,O:DIA241101C00421000,4.93,O:DIA241101P00421000,0.09205170925704263,0.14308649686325065,0.11781596954762935,0.03340760473225672,0.25312587415065724,0.056314326993723005,90.16385897033877,-71.86520413891165,0.07583018039769224,-2.0430641697388903,85.25246941049565,0.6504029753232337,0.033719393613171784,44.16348096849831,-39.07276565310349,0.2132437509233801,-1.449879697979426,66.82741216852365,-0.3972771011725764,0.022594933380551224,46.000378001840446,-32.79243848580816,-0.13741357052568787,-0.5931844717594643,18.425057241972002,False
2024-10-07,419.6099853515625,0.0,0.05,0.08637071135483335,421.0,2024-11-01,6.98,O:DIA241101C00421000,6.65,O:DIA241101P00421000,0.14977722067368757,0.14681918588790768,0.1482981978490949,0.06192748649426155,0.02530762928584096,0.04667738331912199,91.88484104289313,-90.21372525137585,-0.002269946622048602,0.04836820653738659,-0.1768062149249956,0.5126895923455648,0.02310586225911978,45.94228974816001,-56.04009768001403,0.15693824501374595,0.024793541574054025,-0.09088072212726593,-0.4873819630597238,0.02357152106000221,45.942551294733114,-34.17362757136181,-0.15920819163579455,0.02357466496333256,-0.08592549279772967,False
2024-10-08,420.79998779296875,0.0,0.0496,0.08566793966350568,421.0,2024-11-01,6.35,O:DIA241101C00421000,5.35,O:DIA241101P00421000,0.12684973334415314,0.1333246847311967,0.13008750526458027,0.04441956560107459,0.08415753937638082,0.05426694124790947,89.23316309963099,-82.43321825594687,0.016938208244473923,-0.43313373417685397,5.15279064334972,0.5427788280207314,0.027803683845908235,44.60826186665474,-50.62356853970728,0.15860808871814686,-0.22993640085655115,2.77826131679578,-0.4586212886443506,0.02646325740200123,44.62490123297625,-31.80964971623959,-0.14166988047367293,-0.2031973333203028,2.37452932655394,False
2024-10-09,425.04998779296875,0.0,0.0493,0.0909019345498471,421.0,2024-11-01,8.4,O:DIA241101C00421000,3.75,O:DIA241101P00421000,0.11954303774146548,0.13918016778325992,0.12941670343056322,0.038514768880716116,0.312901182916267,0.051749433935402794,81.19004158905598,-83.86940962103361,0.0815248788746988,-2.121446544692927,95.33683051302503,0.6667613290582485,0.027547766978148473,40.1364618064375,-49.11974318518513,0.18552052425434704,-1.2163090025856709,57.872595050718076,-0.35386014614198147,0.024201666957254325,41.05357978261848,-34.74966643584849,-0.10399564537964824,-0.9051375421072563,37.464235462306966,False
2024-10-10,424.6600036621094,0.0,0.049800000000000004,0.08966689987677402,421.0,2024-11-01,8.4,O:DIA241101C00421000,3.5,O:DIA241101P00421000,0.11954303774146548,0.13308220504915294,0.13196486829519266,0.04229796841841864,0.30214759727879303,0.054873419848589615,79.16521674129422,-84.59737008824261,0.07419495607480607,-2.0986916382722436,87.64575962439832,0.6581415182567021,0.028704130526090336,39.28898814331071,-50.50907440854182,0.17240218133586457,-1.158784430917755,50.515049603785116,-0.35599392097790905,0.02616928932249928,39.8762285979835,-34.08829567970079,-0.0982072252610585,-0.9399072073544885,37.130710020613215,False
2024-10-11,428.7300109863281,0.0,0.049699999999999994,0.09202605059878302,421.0,2024-11-01,11.37,O:DIA241101C00421000,2.5,O:DIA241101P00421000,0.1408291066447905,0.14385096164800598,0.14234300813376904,0.05031695753498602,0.4690337798468245,0.04404195161144883,68.58376415306986,-91.31081208544725,0.11143979618255241,-2.7265634640926466,178.72055867906835,0.7365764256157343,0.0221680585781403,34.15690982089725,-55.53620583152975,0.18120382086101433,-1.3877058237342426,91.85675579833003,-0.26754264576890985,0.021873893033308535,34.426854332172624,-35.774606253917504,-0.06976402467846192,-1.338857640358404,86.8638028807383,False
2024-10-14,430.8900146484375,0.0,0.049699999999999994,0.09156016206405083,421.0,2024-11-01,12.78,O:DIA241101C00421000,2.12,O:DIA241101P00421000,0.14014407765381565,0.15311513051461215,0.14671070751398804,0.05515054544993721,0.5587565252312208,0.039842659481262845,60.20905603871506,-90.76936725337781,0.12547922630099487,-2.980627582411811,233.8896867073504,0.7890283508663551,0.02030334876845074,29.349640054018842,-53.280664665420545,0.18178024314602015,-1.5878192036013516,129.50191427471714,-0.23027182563513438,0.019539310712812105,30.859415984696216,-37.48870258795726,-0.05630101684502528,-1.3928083788104593,104.38777243263326,False
2024-10-15,427.5400085449219,0.0,0.0493,0.09729543319108475,421.0,2024-11-01,12.78,O:DIA241101C00421000,2.12,O:DIA241101P00421000,0.14014407765381565,0.15311513051461215,0.17664540512412788,0.07934997193304313,0.422326968774588,0.04804389560206239,66.33665693873844,-102.59775026142654,0.08651270044702591,-2.446543978256102,132.74498969498154,0.7190753547391213,0.024775042766411848,32.740514298533526,-59.13458808394168,0.15342783784733835,-1.3190280641878411,74.30238080388325,-0.29674838596453335,0.023268852835650538,33.59614264020492,-43.463162177484854,-0.06691513740031244,-1.1275159140682607,58.442608891098295,False
2024-10-16,430.7200012207031,0.0,0.049100000000000005,0.09858389617532677,421.0,2024-11-01,10.77,O:DIA241101C00421000,2.04,O:DIA241101P00421000,0.06142117290118208,0.15971180623986775,0.12231154429912568,0.023727648123798906,0.7404050369568224,0.03193144415072802,34.883019306731164,-66.96826575254128,0.14576059924850343,-3.398404549536627,457.7629140650543,0.9702260278845581,0.011712482480214094,6.355326161908649,-24.088566279273394,0.1938694075784737,-2.0594145113533164,364.7027903037063,-0.22982099092773578,0.020218961670513923,28.527693144822518,-42.87969947326789,-0.04810880832997026,-1.3389900381833104,93.060123761348,False
2024-10-17,432.45001220703125,0.0,0.0493,0.09050211107549189,421.0,2024-11-01,10.77,O:DIA241101C00421000,1.16,O:DIA241101P00421000,0.06142117290118208,0.1446808080723499,0.00010000000000000002,-0.09040211107549188,0.8232281132373322,0.024517850647215716,25.200963188531503,-56.00527152024354,0.1494897394051997,-2.7441208423405397,372.69646363309226,0.9882494503940795,0.005526626224473911,2.7710360177004927,-22.408617366507624,0.1811468136887876,-1.1246804494549836,230.1789092378324,-0.16502133715674727,0.018991224422741804,22.42992717083101,-33.59665415373591,-0.03165707428358792,-1.619440392885556,142.51755439525985,False
2024-10-18,432.6400146484375,0.149,0.0492,0.08973339411935048,421.0,2024-11-01,13.0,O:DIA241101C00421000,1.0,O:DIA241101P00421000,0.1195662394344339,0.14484504738532225,0.13294835536181926,0.04321496124246878,0.7401783696542018,0.03682485119790588,36.24424784011838,-76.13067965476189,0.12152015106732172,-3.504373444349702,344.5934830475015,0.892315593778129,0.017970562247451534,15.959639007343645,-42.39787907028308,0.1480362823663489,-1.881944662165664,200.9474516116271,-0.15213722412392716,0.018854288950454344,20.28460883277474,-33.73280058447881,-0.026516131299027162,-1.6224287821840384,143.6460314358744,False
2024-10-21,429.3699951171875,0.0,0.0492,0.09524542069858073,421.0,2024-11-01,12.8,O:DIA241101C00421000,1.16,O:DIA241101P00421000,0.2300399307824373,0.1326626360001693,0.18403812738657,0.08879270668798926,0.5039789770628621,0.04414923223456295,50.56482945514105,-142.5234090168907,0.07229766104308798,-2.4552713017744643,152.39428780757441,0.6967191062604026,0.018718200300045142,28.3512800216668,-105.39540465213976,0.1022679568761001,-0.7161621301430989,29.926827286036083,-0.19274012919754047,0.025431031934517807,22.213549433474256,-37.12800436475093,-0.02997029583301213,-1.7391091716313654,122.46746052153833,False
2024-10-22,429.30999755859375,0.0,0.0489,0.09516816084307801,421.0,2024-11-01,10.5,O:DIA241101C00421000,0.94,O:DIA241101P00421000,0.1565491341358591,0.12856009496365445,0.14303033452928066,0.047862173686202644,0.6039332781935416,0.05102439534019776,42.435961660247415,-108.04264141614371,0.0786776489481977,-3.233677116314369,213.22101706095668,0.7794585201635291,0.0247613734696464,22.68072073176715,-71.77261777662639,0.1028982017106126,-1.4062773212564983,82.86739157551304,-0.17552524196998753,0.02626302187055136,19.755240928480266,-36.270023639517326,-0.024220552762414894,-1.8273997950578704,130.35362548544364,False
2024-10-23,425.1600036621094,0.0,0.048799999999999996,0.09836476390827864,421.0,2024-11-01,6.85,O:DIA241101C00421000,1.94,O:DIA241101P00421000,0.144190618785563,0.13702577307672684,0.14061861277520654,0.0422538488669279,0.3754538115049989,0.07107260033859514,50.15306116080616,-134.31445180618016,0.041899428854005064,-2.3481934511999762,81.53304953523721,0.6835249641258324,0.03483731312576006,25.222257845754505,-79.3099982281136,0.07882152118080059,-1.119613343267661,37.88909175862801,-0.3080711526208335,0.03623528721283509,24.930803315051655,-55.00445357806656,-0.036922092326795525,-1.2285801079323153,43.6439577766092,False
2024-10-24,423.7799987792969,0.0,0.0487,0.09729601599797846,421.0,2024-11-01,5.51,O:DIA241101C00421000,1.98,O:DIA241101P00421000,0.14028374351485434,0.12947252593351752,0.13489312787503002,0.03759711187705156,0.2982187630919897,0.08417808004547236,48.480914833827185,-143.1398131693211,0.028306939775971783,-1.996331647986274,50.13732882764624,0.6437287046662186,0.040635821420854125,24.37519002717043,-84.82529235314719,0.06364032135182138,-0.9215108569813113,22.201745912356238,-0.3455099415742289,0.043542258624618246,24.105724806656752,-58.31452081617389,-0.035333381575849594,-1.0748207910049628,27.93558291529001,False
2024-10-25,421.1400146484375,0.0,0.0489,0.0992919943320276,421.0,2024-11-01,3.4,O:DIA241101C00421000,3.2,O:DIA241101P00421000,0.13184694434019179,0.14660674225924863,0.13922768872976304,0.03993569439773545,0.06091608017178973,0.09659448518605246,47.19338680112318,-166.51254407830572,0.003780595019021074,-0.3267547233501982,1.4885376497437781,0.5316558714407686,0.050846216932283715,23.591263123036324,-89.16551244531382,0.04375030981874863,-0.18357343351743013,0.8650113180351369,-0.4707397912689789,0.04574826825376875,23.60212367808686,-77.34703163299191,-0.03996971479972756,-0.14318128983276804,0.6235263317086412,False
2024-10-28,424.07000732421875,0.0,0.048799999999999996,0.10249049293680658,421.0,2024-11-01,5.3,O:DIA241101C00421000,1.54,O:DIA241101P00421000,0.15686979715246724,0.1380317914825795,0.14750731356143953,0.045016820624632956,0.3427458814810137,0.09205669607639658,38.61854831720765,-186.26893860054196,0.02198543626507926,-2.0989933613788896,50.1376339751108,0.6615524840657536,0.04364128640517064,19.542109602026517,-109.99728808787744,0.04368961377192369,-0.9255285607234045,20.60556986410335,-0.3188066025847399,0.048415409671225935,19.07643871518113,-76.27165051266452,-0.021704177506844426,-1.1734648006554849,29.532064111007447,False
2024-10-29,422.5,0.0,0.048799999999999996,0.10242664359595818,421.0,2024-11-01,3.6,O:DIA241101C00421000,1.9,O:DIA241101P00421000,0.14365452558388586,0.14616435071514175,0.14490981341898446,0.04248316982302627,0.2125434410794328,0.11518626763476039,35.46836562573172,-219.98236774370082,0.01003566712572147,-1.347781545952425,16.753771579662263,0.6071172739659126,0.0580577618304723,17.723673548541612,-119.2774723938445,0.030107981934595008,-0.6855258986183792,8.589777258644983,-0.39457383288647985,0.05712850580428809,17.74469207719011,-100.7048953498563,-0.02007231480887354,-0.6622556473340458,8.16399432101728,False
2024-10-30,421.75,0.0,0.0487,0.10259401831941539,421.0,2024-11-01,2.82,O:DIA241101C00421000,1.72,O:DIA241101P00421000,0.1559702928415859,0.14329347247029628,0.14963545059561734,0.047041432276201944,0.13457351260491635,0.14013913576674392,29.550433008151558,-281.12244115196626,0.004144157058819323,-0.8237157782983331,5.262887758013003,0.5646856875825681,0.06717982639166398,14.791778749110371,-156.80679036977966,0.018677475296662548,-0.37600469565770356,2.3007935751138437,-0.43011217497765175,0.07295930937507994,14.758654259041185,-124.3156507821866,-0.014533318237843224,-0.4477110826406296,2.962094182899159,False
2024-10-31,417.6700134277344,0.0,0.047599999999999996,0.10710791024485246,421.0,2024-11-01,0.65,O:DIA241101C00421000,3.25,O:DIA241101P00421000,0.17416938584916783,1.0,0.13124476098418236,0.024136850739329904,-0.2948544338943876,0.08318755185170795,18.661930596579914,-1490.7038291839845,-0.005398504361259504,1.3370224759388356,23.678169097614116,0.24162427686759103,0.06808826655994951,8.209376048295809,-184.93038468387988,0.003978937101736244,1.2756197341141495,23.530238930075786,-0.5364787107619786,0.015099285291758448,10.452554548284105,-1305.7734445001045,-0.009377441462995748,0.061402741824686,0.14793016753832933,True
2024-11-01,420.4200134277344,0.0,0.0475,0.10559396102584928,420.0,2024-12-06,10.56,O:DIA241206C00420000,8.83,O:DIA241206P00420000,0.17683131476740807,0.17104110069225498,0.18317347113862636,0.07757951011277708,0.104763156238319,0.03435187275509659,104.74360803519718,-93.03959474376416,0.025418945075958682,-0.34995446596391394,6.104876876537211,0.5518753766761988,0.016892942980807037,52.38063072586532,-57.20250446043889,0.21970183856413045,-0.16711057081242525,2.885610174057611,-0.4471122204378798,0.01745892977428955,52.36297730933185,-35.83709028332527,-0.19428289348817177,-0.1828438951514887,3.2192667024795996,False
2024-11-04,418.04998779296875,0.0,0.0475,0.1025932905869463,420.0,2024-12-06,8.2,O:DIA241206C00420000,8.83,O:DIA241206P00420000,0.15985278154404572,0.17104110069225498,0.16544687817394738,0.06285358758700108,0.018335496095317816,0.03741364228364511,102.91027496543653,-88.94260243446325,-0.008918901029689952,0.13539100306442625,-0.40133205095845204,0.5087891271703499,0.019339751486547287,51.45626009301497,-52.897204293673276,0.1947612270502476,0.06811264233508653,-0.1936119295597984,-0.49045363107503204,0.018073890797097824,51.45401487242156,-36.04539814078997,-0.20368012807993754,0.06727836072933974,-0.20772012139865362,False
2024-11-05,422.29998779296875,0.0,0.0472,0.10856431745652763,420.0,2024-12-06,9.12,O:DIA241206C00420000,6.45,O:DIA241206P00420000,0.13570795203141794,0.16472654019673158,0.15024964574873445,0.04168532829220682,0.18962395981959346,0.040807384955337686,98.88866961400633,-84.45862238042805,0.05887652801953899,-1.0242564038905775,31.873085444766353,0.6020973624750403,0.022283241945341266,49.221302893102724,-48.164138269705944,0.2237440993229259,-0.6191318650811569,20.440803425323207,-0.41247340265544685,0.018524143009996417,49.66736672090361,-36.29448411072211,-0.16486757130338692,-0.40512453880942056,11.432282019443148,False
2024-11-06,437.2300109863281,0.0,0.046799999999999994,0.16264693443171885,420.0,2024-12-06,18.0,O:DIA241206C00420000,1.77,O:DIA241206P00420000,1.0,0.15606244198815328,0.10252832139730453,-0.06011861303441432,0.4543429259565185,0.015153273749078863,81.07889358087903,-317.1787694650718,0.1192650998140605,-1.4782089014979627,187.75401286110377,0.6170084116302816,0.0029542887310191335,49.305458928937355,-292.19064342367574,0.18290117544664738,-0.0008261826138660851,0.03176715881241435,-0.16266548567376315,0.01219898501805973,31.773434651941674,-24.98812604139608,-0.06363607563258689,-1.4773827188840967,187.72224570229136,False
2024-11-07,437.3900146484375,0.0,0.046900000000000004,0.16246150630448494,420.0,2024-12-06,18.0,O:DIA241206C00420000,1.48,O:DIA241206P00420000,1.0,0.15052377618872834,0.09240843557119369,-0.07005307073329126,0.46937649276809823,0.015176537445402535,77.34577870237366,-322.1946185490293,0.12051933393122435,-1.5413024915155071,203.0850850173426,0.6173075423945463,0.0030219987143848635,48.17822077829407,-298.9561619332818,0.17567230390045008,-0.0037171892286589946,0.1400607579176848,-0.1479310496264481,0.012154538731017671,29.167557924079592,-23.238456615747538,-0.05515296996922573,-1.5375853022868482,202.9450242594249,False
2024-11-08,440.1099853515625,0.0,0.047,0.16067718856939056,420.0,2024-12-06,18.0,O:DIA241206C00420000,1.08,O:DIA241206P00420000,1.0,0.1521967186663577,0.00010000000000000002,-0.16057718856939057,0.5103427937986666,0.013356795353033066,71.09156781026216,-326.8633864871224,0.13003034358667404,-1.4912901584292302,220.15379593157024,0.6255600477195229,0.0030569055790904075,46.99308144009858,-306.1908584247856,0.17113214036076552,-0.014553684872370019,0.5776398939644449,-0.11521725392085624,0.010299889773942658,24.098486370163585,-20.672528062336816,-0.04110179677409149,-1.4767364735568602,219.5761560376058,False
2024-11-11,443.010009765625,0.0,0.047,0.1612416576262481,420.0,2024-12-06,25.2,O:DIA241206C00420000,0.91,O:DIA241206P00420000,0.15144112391806758,0.1619007158830151,0.1568233517378569,-0.004418305888391205,0.8210315318383851,0.016938853348961967,39.30211333532439,-56.78146224450625,0.2545511330085096,-2.6808472834109525,438.8170905111992,0.9175342736465185,0.00825705500454846,18.503297870705573,-36.50275953394379,0.287470654088903,-1.3530458686849989,228.561647010635,-0.09650274180813345,0.008681798344413506,20.798815464618823,-20.278702710562463,-0.03291952108039334,-1.3278014147259538,210.25544350056418,False
2024-11-12,439.3900146484375,0.0,0.047,0.1615481109636373,420.0,2024-12-06,22.3,O:DIA241206C00420000,0.92,O:DIA241206P00420000,0.17293458954601645,0.14882536348851824,0.16145344744622708,-9.466351741022061e-05,0.7505201042679974,0.021650824197861858,48.11054707099295,-68.97797288306232,0.21896502829161596,-2.824150100930856,384.8211122640567,0.8581958092688347,0.011055646406420734,26.36564123720114,-48.59150487098579,0.25341619228990075,-1.3320800427174992,167.73047604809676,-0.10767570500083723,0.010595177791441125,21.74490583379181,-20.38646801207653,-0.03445116399828479,-1.4920700582133568,217.09063621595993,False
2024-11-13,439.80999755859375,0.0,0.046900000000000004,0.15997454229068267,420.0,2024-12-06,22.3,O:DIA241206C00420000,0.8,O:DIA241206P00420000,0.17293458954601645,0.14895028664251167,0.15773025066554552,-0.002244291625137146,0.7703219363633445,0.02096898578278037,44.13602773750165,-67.85536502811668,0.21285556606871636,-2.781508004097681,384.4049496035658,0.8684259096767009,0.01079803584280586,24.367176408211154,-48.09197940076152,0.24250242481785378,-1.3248431646515462,169.34661798230525,-0.09810397331335641,0.01017094993997451,19.7688513292905,-19.76338562735516,-0.029646858749137403,-1.4566648394461346,215.05833162126055,False
2024-11-14,437.70001220703125,0.0,0.047,0.16089446163073287,420.0,2024-12-06,21.52,O:DIA241206C00420000,0.9,O:DIA241206P00420000,0.21055081970685083,0.147060275674098,0.1815339336499572,0.020639472019224336,0.692776482856808,0.02364627035451545,51.4588188823454,-87.98013480203936,0.17829096825597995,-2.585249503662545,304.8239053637551,0.8053353129240709,0.011860501057549403,30.376136271260606,-65.92213606858496,0.2101430325699114,-1.0566535315683212,100.32020103210658,-0.11255883006726286,0.011785769296966047,21.082682611084795,-22.0579987334544,-0.03185206431393146,-1.528595972094224,204.50370433164855,False
2024-11-15,434.510009765625,0.266,0.047,0.16334912905852342,420.0,2024-12-06,16.95,O:DIA241206C00420000,1.32,O:DIA241206P00420000,0.14908898968813686,0.15121594662426363,0.1501562499403954,-0.013192879118128026,0.6931472631730815,0.029738034301180268,50.18052153153855,-76.59166435921084,0.16839846672044623,-3.1059834398169444,336.48282053172886,0.8482252047996639,0.014868303850708997,24.911351473384286,-47.72344914762142,0.2092930607267567,-1.56432551079095,170.61800218163617,-0.1550779416265824,0.01486973045047127,25.269170058154266,-28.868215211589412,-0.040894594006310486,-1.5416579290259944,165.86481835009272,False
2024-11-18,434.19000244140625,0.0,0.047,0.16079045273462633,420.0,2024-12-06,16.95,O:DIA241206C00420000,1.06,O:DIA241206P00420000,0.14908898968813686,0.1429994214869085,0.15567101315557957,-0.005119439579046758,0.7101947381445184,0.03047741448575836,46.619276126501745,-74.97333311973415,0.16156234895208488,-3.1949270719408744,346.32815342282754,0.8502331638514127,0.015265535690273946,23.836624447371403,-48.559753396032946,0.195930840285173,-1.5658510605102978,166.24724816413823,-0.1400384257068943,0.015211878795484414,22.782651679130346,-26.4135797237012,-0.0343684913330881,-1.629076011430577,180.0809052586893,False
2024-11-19,432.8399963378906,0.0,0.0467,0.16131784957612078,420.0,2024-12-06,15.47,O:DIA241206C00420000,1.18,O:DIA241206P00420000,0.1619561573145764,0.14430448665634515,0.15335280641317373,-0.00796504316294705,0.6600426289398503,0.0335823853793234,49.68158599987456,-86.51637580691693,0.13879194596076505,-3.0413290439283793,286.77613550513047,0.8166100856632414,0.016673913445788918,26.099524041944058,-56.75338076207671,0.17436069779140906,-1.419130108724584,125.91533666504449,-0.15656745672339112,0.01690847193353448,23.582061957930495,-29.76299504484022,-0.035568751830644015,-1.6221989352037955,160.86079884008595,False
2024-11-20,434.2900085449219,0.0,0.046799999999999994,0.15704285855197703,420.0,2024-12-06,15.47,O:DIA241206C00420000,1.18,O:DIA241206P00420000,0.1619561573145764,0.15956702997653058,0.13632443204820155,-0.020718426503775478,0.6992486751619569,0.030657766360709788,44.265362350234604,-88.11067436855436,0.13620898428069678,-2.9047609457271553,284.89317848604423,0.8478893721529135,0.015332823876521958,22.302830923848603,-54.38977964427478,0.16751049359799475,-1.441583002455694,140.36511641220343,-0.1486406969909566,0.01532494248418783,21.962531426386,-33.720894724279574,-0.031301509317297964,-1.4631779432714613,144.52806207384077,False
2024-11-21,438.9700012207031,0.0,0.0472,0.15975024349647385,420.0,2024-12-06,15.47,O:DIA241206C00420000,0.55,O:DIA241206P00420000,0.1619561573145764,0.1603245043691126,0.00010000000000000002,-0.15965024349647386,0.8355324294589437,0.020540580148503143,27.841244678054487,-67.71409355365844,0.15095165285439086,-2.5554953166743655,325.83342913543015,0.9167237617204198,0.010316355740972602,14.053535718230577,-44.10192810561202,0.1667491191814241,-1.2768491932902521,161.99731501983683,-0.08119133226147612,0.010224224407530543,13.787708959823911,-23.612165448046426,-0.015797466327033244,-1.2786461233841133,163.83611411559335,False
2024-11-22,443.1600036621094,0.0,0.0472,0.15903292778645725,420.0,2024-12-06,23.06,O:DIA241206C00420000,0.33,O:DIA241206P00420000,1.0,0.17239273026782775,0.00010000000000000002,-0.15893292778645726,0.5964012009392686,0.011097124040189081,42.04172993239092,-443.41008126711773,0.08590121161374419,-1.0400483560175182,142.70969856249698,0.6474544760203708,0.004206760874848392,32.7844875673463,-424.38544218654243,0.09501024715815048,-0.06656914159791026,2.224077492449885,-0.051053275081102134,0.006890363165340689,9.257242365044627,-19.02463908057532,-0.0091090355444063,-0.973479214419608,140.4856210700471,False
2024-11-25,447.55999755859375,0.0,0.047400000000000005,0.16045645481554613,420.0,2024-12-06,28.38,O:DIA241206C00420000,0.16,O:DIA241206P00420000,0.17021594474064722,0.18088590101744956,0.1758631630778313,0.015406708262285185,0.9524837543466291,0.00750960413346909,9.456125147557518,-42.17675140469306,0.1420548667035629,-1.2364950347085943,207.26494450585085,0.9795465064455351,0.0034276121912619256,4.173845919227113,-29.381596207182014,0.14643779715474742,-0.5833879581273455,100.88132435748152,-0.027062752098905962,0.004081991942207165,5.282279228330405,-12.795155197511042,-0.004382930451184512,-0.653107076581249,106.38362014836935,False
2024-11-26,448.8800048828125,0.0,0.047400000000000005,0.15863732703358432,420.0,2024-12-06,26.04,O:DIA241206C00420000,0.18,O:DIA241206P00420000,1.0,0.2025081018131998,0.00010000000000000002,-0.15853732703358434,0.6525639924609222,0.008494576882700753,33.780064732599314,-478.08224477478393,0.07776473200677882,-0.7061114224456686,95.49226787563298,0.6810967411593852,0.0044648861996939,28.56014191981649,-462.04890816282096,0.08188783688775858,-0.10448413421275507,3.9339799146905077,-0.028532748698463006,0.004029690683006853,5.219922812782822,-16.03333661196298,-0.004123104880979763,-0.6016272882329136,91.55828796094247,False
2024-11-27,447.739990234375,0.0,0.047599999999999996,0.15897051667341994,420.0,2024-12-06,30.13,O:DIA241206C00420000,0.11,O:DIA241206P00420000,0.3605409228763364,0.19318140569958908,0.2998309896260501,0.14086047295263016,0.847382833578313,0.0113802228841908,19.652593723014213,-133.04806610395798,0.09699088378642541,-1.14146224618631,130.70881447869843,0.8678779463059323,0.00795118518910156,15.963778925548247,-120.66311492389121,0.09957046200101337,-0.6267645294112332,52.21618013109106,-0.02049511272761928,0.0034290376950892394,3.6888147974659646,-12.38495118006677,-0.002579578214587964,-0.5146977167750768,78.49263434760738,False
2024-11-29,450.0899963378906,0.0,0.047599999999999996,0.15180296796071557,420.0,2024-12-06,29.85,O:DIA241206C00420000,0.11,O:DIA241206P00420000,1.0,0.19318140569958908,0.00010000000000000002,-0.15170296796071558,0.7103196001748276,0.00648897017459471,22.401625590419684,-559.79194209378,0.05497435997340919,-0.3295921037372666,35.534439106377455,0.7151029858555529,0.005354038573781979,21.520367341927432,-555.6051914282309,0.05540522213743663,-0.1451100420541886,5.228789345815234,-0.004783385680725227,0.0011349316008127314,0.881258248492251,-4.1867506655490505,-0.00043086216402744154,-0.184482061683078,30.305649760562222,True
2024-12-02,448.739990234375,0.0,0.0475,0.153265979694902,450.0,2025-01-03,5.96,O:DIA250103C00450000,6.23,O:DIA250103P00450000,0.10083698466439449,0.11972473548867779,0.11028178273439407,-0.042984196960507925,0.054154035243623944,0.052507982531610306,110.23931478748719,-64.40210769369327,0.011534363091786431,-0.2500536065351307,2.377583294083588,0.5282321804027572,0.02849710791566249,55.108791422993896,-40.15052078194944,0.2200751461670627,-0.15670273104607446,1.5370005560581923,-0.47407814515913327,0.024010874615947815,55.1305233644933,-24.251586911743832,-0.20854078307527626,-0.09335087548905624,0.8405827380253956,False
2024-12-03,447.8900146484375,0.0,0.0466,0.15092635198694118,450.0,2025-01-03,5.06,O:DIA250103C00450000,5.81,O:DIA250103P00450000,0.09555992331536865,0.1057463564968874,0.10065313382744791,-0.050273218159493274,0.00037979019626366295,0.0587341413731932,107.96290009804636,-59.032574682081524,-0.009765777879322951,0.23787396731099614,-0.012893167562653084,0.499585649331297,0.030853114513813205,53.981488967202544,-38.45082076701504,0.1996066169577106,0.12486001219082117,0.017547548734691953,-0.49920585913503335,0.02788102685938,53.981411130843824,-20.581753915066486,-0.20937239483703354,0.11301395512017498,-0.030440716297345037,False
2024-12-04,450.94000244140625,0.0,0.04650000000000001,0.14942150182580863,450.0,2025-01-03,6.5,O:DIA250103C00450000,4.8,O:DIA250103P00450000,0.09430832889510246,0.11477721423967531,0.10456267521232365,-0.044858826613484976,0.17125545201359527,0.05646760711209731,103.8335741924165,-65.25929216800341,0.057554386780971994,-1.4103072007997723,41.35607782560171,0.5927029561957102,0.030887932693448705,51.712860016992735,-40.0576087325431,0.22765938076612138,-0.8504126545941333,26.57106394158171,-0.42144750418211496,0.0255796744186486,52.12071417542377,-25.201683435460303,-0.1701049939851494,-0.559894546205639,14.785013884020001,False
2024-12-05,448.6700134277344,0.0,0.045899999999999996,0.0925665872723445,450.0,2025-01-03,5.43,O:DIA250103C00450000,5.72,O:DIA250103P00450000,0.10133690160074754,0.11447027723925476,0.10790369121953845,0.015337103947193953,0.0346576550524752,0.05724904282420702,103.24437447875377,-67.04471702386411,0.003666542131473105,-0.09240703852747828,0.5224798252935267,0.5176272074084481,0.03036559599813127,51.62050804198391,-41.797127764108296,0.18901150508209077,-0.05878105646172107,0.3365027701079365,-0.48296955235597294,0.02688344682607575,51.62386643676986,-25.24758925975581,-0.18534496295061767,-0.033625982065757204,0.18597705518559016,False
2024-12-06,447.1499938964844,0.0,0.045700000000000005,0.09402105745363039,450.0,2025-01-03,4.05,O:DIA250103C00450000,6.05,O:DIA250103P00450000,0.09210370411765229,0.1076620046265996,0.09988565809354187,0.0058646006399114825,-0.06647728782462314,0.06357285470320749,100.15687254458244,-61.20845256023735,-0.03160739590876582,0.8973831819773522,9.56211033171687,0.4633073278184934,0.03423914276197864,50.04214218081567,-38.31960654250758,0.16120465778272686,0.509172607656502,5.9076663474954305,-0.5297846156431165,0.029333711941228847,50.114730363766775,-22.88884601772977,-0.19281205369149268,0.38821057432085027,3.65444398422144,False
2024-12-09,445.0799865722656,0.0,0.045599999999999995,0.09410492987302634,450.0,2025-01-03,3.1,O:DIA250103C00450000,6.05,O:DIA250103P00450000,0.09382507475850986,0.1076620046265996,0.08927630849778653,-0.004828621375239803,-0.20555352802123028,0.06290454294180295,94.2386938622164,-58.34388704744033,-0.0766902592388741,2.2247582545306646,71.52653884845571,0.38959003810702586,0.033450686051521634,46.87628015373739,-36.93243686644125,0.12839983530388518,1.2515689870904172,42.88726393624689,-0.5951435661282561,0.029453856890281307,47.362413708479004,-21.41145018099908,-0.20509009454275928,0.9731892674402471,28.639274912208823,False
2024-12-10,443.69000244140625,0.0,0.0453,0.09217185209423348,450.0,2025-01-03,2.6,O:DIA250103C00450000,6.05,O:DIA250103P00450000,0.09731050706468956,0.1076620046265996,0.08088478154093026,-0.011287070553303219,-0.29951343218510146,0.06108965602334612,87.84785658297466,-56.551750492348276,-0.10243017690940161,2.9915423857732684,137.14602304077988,0.3425326719324064,0.03184332605057614,43.5721920880958,-36.44706273077016,0.10669880146139342,1.6296089509640088,78.37092754239795,-0.6420461041175078,0.029246329972769988,44.27566449487886,-20.104687761578113,-0.20912897837079503,1.3619334348092598,58.77509549838193,False
2024-12-11,442.510009765625,0.0,0.0449,0.08757948941677116,450.0,2025-01-03,1.82,O:DIA250103C00450000,6.05,O:DIA250103P00450000,0.09077277803416865,0.1076620046265996,0.06468543652892113,-0.022894052887850028,-0.3998730554229187,0.061235463334218,79.84314619688138,-50.423681148895014,-0.1264154863219866,3.893942921038665,237.8277615675343,0.28377838115405424,0.03247477150437425,38.94003250152651,-31.754916467578166,0.08348536355823968,2.221663108184423,145.96822864078598,-0.6836514365769729,0.028760691829843747,40.90311369535487,-18.668764681316844,-0.20990084988022628,1.6722798128542415,91.85953292674834,False
2024-12-12,440.2699890136719,0.0,0.0443,0.08962524077110007,450.0,2025-01-03,1.22,O:DIA250103C00450000,6.05,O:DIA250103P00450000,0.09287400296021929,0.1076620046265996,0.00010000000000000002,-0.08952524077110006,-0.543220654407234,0.05441991071112266,66.99887876699628,-41.968071401184574,-0.15908982144189512,4.662902022081846,388.5857771620024,0.21122132557974144,0.02806730355797006,32.0813373186035,-27.529343853304532,0.058269467106314206,2.570664316511023,228.7714366167725,-0.7544419799869755,0.0263526071531526,34.91754144839278,-14.43872754788004,-0.21735928854820932,2.0922377055708226,159.8143405452299,False
2024-12-13,439.3699951171875,0.0,0.0443,0.08816402386473299,450.0,2025-01-03,0.95,O:DIA250103C00450000,10.67,O:DIA250103P00450000,0.0932003897315768,0.10266458456934346,0.09802312097698448,0.009859097112251497,-0.620849745442325,0.051603287074060505,58.04274402738725,-35.23752133624531,-0.16928735096636993,5.004004723012129,473.53325508308603,0.17774488094195046,0.026056983393069496,27.905729074894957,-25.264486033392174,0.04592009968545825,2.644398630101449,261.92173460239115,-0.7985946263842755,0.02554630368099101,30.137014952492294,-9.97303530285313,-0.2152074506518282,2.3596060929106804,211.6115204806949,False
2024-12-16,438.3699951171875,0.0,0.0443,0.08422107215641696,450.0,2025-01-03,0.8,O:DIA250103C00450000,10.67,O:DIA250103P00450000,0.0975673084626599,0.10266458456934346,0.08293469139039517,-0.0012863807660217913,-0.6797007908425323,0.04705455077493381,50.294129869561104,-31.6044936594354,-0.17234029790212302,4.948282738769253,508.628518679038,0.153843803203577,0.023520308892471167,24.49945828020036,-24.46529030031224,0.03702250403286756,2.5349327878040993,267.1824121086606,-0.8335445940461093,0.023534241882462642,25.794671589360746,-7.139203359123158,-0.20936280193499057,2.4133499509651535,241.44610657037737,False
2024-12-17,435.57000732421875,0.0,0.0446,0.08760261015424307,450.0,2025-01-03,0.63,O:DIA250103C00450000,10.67,O:DIA250103P00450000,0.11133185878944683,0.10266458456934346,0.00010000000000000002,-0.08750261015424307,-0.783065814458991,0.035093190461169765,36.783703150554274,-22.385596782840132,-0.18343216929873432,4.372713064882378,535.2077155051408,0.11795481172790478,0.017943091163047997,19.55129235142493,-23.36041095898981,0.026179306218541806,2.1488828137793656,251.97671276544784,-0.9010206261868958,0.017150099298121765,17.232410799129347,0.9748141761496782,-0.20961147551727613,2.2238302511030117,283.23100273969294,False
2024-12-18,424.2200012207031,0.0,0.0444,0.12770256081870957,450.0,2025-01-03,0.35,O:DIA250103C00450000,25.05,O:DIA250103P00450000,0.16190317252402112,0.14784162147065397,0.15532216461300846,0.027619603794298897,-0.9040238520436282,0.013829367344742396,18.423933549517873,-11.979529705923955,-0.19471666648452038,2.1726840555250524,335.20954445201676,0.05565621711704467,0.007492019297121232,10.394826220796789,-18.703796435224213,0.011076419282539244,1.1288647405037513,166.40034482205272,-0.9596800691606729,0.006337348047621164,8.029107328721084,6.724266729300258,-0.20579308576705962,1.0438193150213013,168.809199629964,False
2024-12-19,424.5299987792969,0.0,0.044199999999999996,0.1268618776154842,450.0,2025-01-03,0.24,O:DIA250103C00450000,22.47,O:DIA250103P00450000,0.15566577990828956,1.0,0.00010000000000000002,-0.12676187761548421,-0.5225094648128142,0.011065920954410084,43.023214136215636,-402.27512163299184,-0.11873633129904809,1.1752505838988883,158.61775915193692,0.04308837925305524,0.006629006527379638,8.118027380541642,-15.273010447782017,0.00787997640907611,1.028026376050528,156.46083712108535,-0.5655978440658694,0.004436914427030446,34.905186755673995,-387.0021111852098,-0.1266163077081242,0.14722420784836035,2.156922030851576,False
2024-12-20,428.5400085449219,1.223,0.0443,0.12528736742944974,450.0,2025-01-03,0.18,O:DIA250103C00450000,22.47,O:DIA250103P00450000,0.13364055945291378,1.0,0.19846730296164752,0.07317993553219779,-0.5148976495257773,0.012111492356257768,41.02573887381977,-425.55634379071313,-0.10593451167237725,1.2714630889853509,172.25137569396492,0.039533823064333645,0.007481808664878959,7.286636245520848,-13.012304661113674,0.00665151780706474,1.1386402969406082,170.69949648318425,-0.5544314725901109,0.004629683691378809,33.73910262829892,-412.54403912959947,-0.11258602947944199,0.13282279204474257,1.5518792107806627,False
2024-12-23,428.8900146484375,0.0,0.0444,0.11906113085846698,450.0,2025-01-03,0.07,O:DIA250103C00450000,21.75,O:DIA250103P00450000,0.11897182911931099,0.2279270017899171,0.1889270135223866,0.06986588266391963,-0.8348378927060107,0.017356728596843868,22.406293766472928,-48.66343656438658,-0.13566915572562557,1.9443603238968596,234.7942506024788,0.019929017014307823,0.0050059551788394895,3.912595350222349,-6.893235379999575,0.0030276272854269466,0.8430180391777492,140.43052053181913,-0.8547669097203185,0.012350773418004377,18.493698416250577,-41.770201184387005,-0.1386967830110525,1.1013422847191106,94.36373007065967,False
2024-12-24,432.5,0.0,0.0444,0.11722514810761935,450.0,2025-01-03,0.05,O:DIA250103C00450000,21.75,O:DIA250103P00450000,0.10167263743485831,0.2279270017899171,0.2654406503796577,0.14821550227203834,-0.8039137293271718,0.020434602246746626,23.47329505545775,-61.301675870708216,-0.11627695210693857,2.013677460460475,226.0482971773657,0.01774523118301952,0.005581818375805882,3.370089699722965,-5.7352147279729975,0.002420575392589598,0.9122482029857575,147.81714227759934,-0.8216589605101913,0.014852783870940743,20.103205355734787,-55.56646114273522,-0.11869752749952817,1.1014292574747175,78.23115489976635,False
2024-12-26,433.2099914550781,0.0,0.044500000000000005,0.11663001974705031,450.0,2025-01-03,0.07,O:DIA250103C00450000,21.75,O:DIA250103P00450000,0.1199851223084061,0.2279270017899171,0.3145616006195545,0.1979315808725042,-0.8258663221078698,0.022253703640415262,19.33476738913764,-67.45325341697539,-0.0893640638203169,2.022173569961625,198.72006188550688,0.023441559384699977,0.006903492305693719,3.701211325087022,-9.774683903589297,0.0024012185097003163,0.9256464930759034,122.96863051842833,-0.8493078814925697,0.015350211334721541,15.633556064050616,-57.678569513386094,-0.09176528233001723,1.0965270768857218,75.75143136707854,False
2024-12-27,430.0,0.0,0.0444,0.11833649370559735,450.0,2025-01-03,0.03,O:DIA250103C00450000,21.75,O:DIA250103P00450000,0.13691096573521974,0.2279270017899171,0.2775294771939516,0.15919298348835426,-0.9043855098857171,0.014666288827528485,11.128502532277631,-41.840928536199364,-0.08116076272586037,1.4365534404896363,146.33875694138567,0.010666045689861608,0.0033998244797935518,1.707658818523566,-6.0939940376670565,0.0009040475489366434,0.4780225650567166,66.65261787464308,-0.9150515555755787,0.011266464347734933,9.420843713754065,-35.746934498532305,-0.082064810274797,0.9585308754329198,79.6861390667426,False
2024-12-30,425.7699890136719,0.0,0.0443,0.11820871674864297,450.0,2025-01-03,0.02,O:DIA250103C00450000,22.5,O:DIA250103P00450000,0.1743417993544197,1.0,0.00010000000000000002,-0.11810871674864297,-0.6379562888203315,0.008928632338776972,20.974784965044513,-621.1734782875512,-0.048828399896204015,0.4511348298634429,39.03810461561218,0.006627469785664674,0.0019854417502821724,0.9960203626774002,-5.594030193804727,0.00044472662505252243,0.26613082695056955,35.35890529493505,-0.6445837586059961,0.0069431905884948,19.978764602367114,-615.5794480937465,-0.04927312652125654,0.18500400291287336,3.679199320677126,False
2024-12-31,425.5,0.0,0.044000000000000004,0.11843967045644209,450.0,2025-01-03,0.01,O:DIA250103C00450000,22.5,O:DIA250103P00450000,0.1891922753602441,1.0,0.00010000000000000002,-0.11833967045644209,-0.6712679066725699,0.009017028577407441,17.225177598938107,-691.8531917568919,-0.03800134815612195,0.3608997655562347,23.93873000340367,0.0037219675647834514,0.0012644702151690184,0.5156224843802873,-4.166417900713833,0.00018734490462087602,0.15832178557534426,19.671426467848864,-0.6749898742373533,0.007752558362238423,16.70955511455782,-687.6867738561781,-0.03818869306074283,0.20257797998089042,4.267303535554805,True
2025-01-02,423.79998779296875,0.0,0.044500000000000005,0.11850164837877919,425.0,2025-02-07,7.9,O:DIA250207C00425000,5.61,O:DIA250207P00425000,0.1386179554841632,0.13949402957810708,0.12438179321661592,0.005880144837836734,0.049294015887103915,0.04207047662979209,108.40704927087566,-73.31173346452627,0.005973935294722121,-0.09824586395332097,0.8267949583405827,0.5246685246257183,0.02110143065989533,54.203343562584976,-45.95507741839496,0.2212625941517893,-0.04983513397668549,0.41975233799932643,-0.4753745087386144,0.020969045969896762,54.20370570829069,-27.35665604613132,-0.2152886588570672,-0.04841072997663547,0.4070426203412562,False
2025-01-03,427.1600036621094,0.0,0.0444,0.11975638128711516,425.0,2025-02-07,8.75,O:DIA250207C00425000,5.61,O:DIA250207P00425000,0.12242327288099543,0.13949402957810708,0.13097327540218828,0.011216894115073123,0.1983944717374616,0.04405004247786894,104.00393281922445,-71.78642055086206,0.06982756277172852,-1.2508510116934444,42.61126776957842,0.6044888272306946,0.023385061921734555,51.82307047945106,-43.05170065475578,0.24748358100551043,-0.7123943585754107,25.39798436764855,-0.40609435549323303,0.020664980556134388,52.180862339773384,-28.734719896106277,-0.1776560182337819,-0.5384566531180338,17.213283401929868,False
2025-01-06,427.1300048828125,0.0,0.0443,0.11975731617868242,425.0,2025-02-07,10.9,O:DIA250207C00425000,5.4,O:DIA250207P00425000,0.16816904069663532,0.13737432725261506,0.15280120790824298,0.03304389172956056,0.1749628584689471,0.03904063759234759,102.61863601131975,-84.92610432275579,0.05564941580204874,-0.9063348764159128,26.880734852543263,0.5806561187492325,0.017627862063412075,51.50822126087616,-55.98018615857694,0.22582442936818534,-0.35243313303961965,9.457161099726944,-0.4056932602802854,0.021412775528935515,51.110414750443596,-28.94591816417885,-0.1701750135661366,-0.5539017433762932,17.423573752816317,False
2025-01-07,425.3299865722656,0.0,0.044199999999999996,0.11988087046528045,425.0,2025-02-07,7.9,O:DIA250207C00425000,6.0,O:DIA250207P00425000,0.13358532420262736,0.136363054117566,0.13497429044172166,0.015093419976441202,0.11004904517794256,0.04557088867882965,101.54818368677783,-76.54174955921891,0.030034311701586325,-0.5715368087006284,10.163475882797101,0.5554213162229387,0.02301673768875737,50.76703704436661,-47.244602596994085,0.20840312866405597,-0.2928373566269347,5.24429416875424,-0.4453722710449961,0.022554150990072283,50.78114664241122,-29.297146962224836,-0.17836881696246965,-0.2786994520736937,4.919181714042861,False
2025-01-08,426.1300048828125,0.0,0.0441,0.12055175383688643,425.0,2025-02-07,8.25,O:DIA250207C00425000,7.0,O:DIA250207P00425000,0.13540803490059888,0.16596506556405521,0.15070287170633673,0.030151117869450295,0.13489257023101175,0.04187006504029327,99.01288973429352,-87.33152940483306,0.03686900696215539,-0.6699192846795109,14.580234654163512,0.5724445676936342,0.023012937283462064,49.399534838170766,-48.70400934147309,0.20575745005481794,-0.4131634797648922,9.499023794077115,-0.4375519974626224,0.018857127756831207,49.61335489612276,-38.627520063359974,-0.16888844309266254,-0.2567558049146187,5.081210860086398,False
2025-01-10,419.3299865722656,0.0,0.044199999999999996,0.1301579463385177,425.0,2025-02-07,4.72,O:DIA250207C00425000,9.26,O:DIA250207P00425000,0.13938385890554603,0.14718159989775823,0.1432859064668417,0.013127960128323984,-0.17866240109561138,0.04598251243213393,91.8809509763237,-79.01358461528605,-0.07055436686698377,1.4468433004976056,38.659150776455625,0.4078518515135825,0.02357928908109741,45.86532615698399,-47.62584214795319,0.13198770747513422,0.7586034325357599,20.88718237762231,-0.5865142526091939,0.02240322335103652,46.01562481933971,-31.38774246733286,-0.202542074342118,0.6882398679618457,17.771968398833316,False
2025-01-13,422.9599914550781,0.0,0.044199999999999996,0.13635589960454791,425.0,2025-02-07,5.85,O:DIA250207C00425000,8.86,O:DIA250207P00425000,0.13281692889105598,0.18427502890289532,0.15854746398851272,0.0221915643839648,-0.010472140024749665,0.044497465931076084,92.65313375958885,-96.57239874102206,-0.014430421779853403,0.2945969621947552,0.5115485424673532,0.4910960709153435,0.025856672075435745,46.32097571326703,-49.721252930965605,0.15219904004768037,0.17654419143665298,0.4576536592457384,-0.5015682109400932,0.01864079385564034,46.332158046321815,-46.85114581005646,-0.16662946182753377,0.11805277075810217,0.05389488322161479,False
2025-01-14,425.1499938964844,0.0,0.044199999999999996,0.13835643716640064,425.0,2025-02-07,7.22,O:DIA250207C00425000,6.15,O:DIA250207P00425000,0.1424989068802895,0.1518119310596792,0.14715597664937374,0.008799539482973101,0.08679838533218609,0.047482807304184804,90.12332096646472,-93.87578045785645,0.016808809281573966,-0.3764871427772969,4.6705636353094935,0.5442735222095728,0.024486964992520857,45.05083157779463,-54.8465222785138,0.1601270604610128,-0.20345055792836864,2.5707831972382804,-0.4574751368773867,0.022995842311663947,45.07248938867008,-39.02925817934265,-0.14331825117943883,-0.17303658484892825,2.099780438071213,False
2025-01-15,432.239990234375,0.0,0.044000000000000004,0.1529447116164821,425.0,2025-02-07,11.45,O:DIA250207C00425000,2.59,O:DIA250207P00425000,0.14230905500763705,0.13282194235435524,0.13759075881391764,-0.015353952802564463,0.4342105960606515,0.04383821548129506,75.9457979439969,-85.10335474481427,0.11714024304029845,-2.6532302690347462,171.41929073272814,0.7108226129298962,0.021396916376632855,38.37796957040731,-53.4946166442407,0.19954489315913693,-1.2463017643262202,77.76473052763826,-0.27661201686924475,0.022441299104662207,37.56782837358959,-31.608738100573568,-0.08240465011883848,-1.4069285047085263,93.65456020508987,False
2025-01-16,431.55999755859375,0.0,0.0443,0.15287346253490006,425.0,2025-02-07,10.26,O:DIA250207C00425000,2.77,O:DIA250207P00425000,0.12890507369479845,0.13601611943178157,0.13247467113286251,-0.02039879140203754,0.4246677711079606,0.04736742584533207,74.15623203465435,-84.9124503096462,0.1080886490555962,-2.7154336916549706,165.63750475356295,0.7171564430326788,0.02413186552890679,36.78431846600988,-50.596927854288275,0.18999113193924558,-1.4221259086679785,88.83101038298867,-0.29248867192471817,0.02323556031642528,37.37191356864448,-34.31552245535793,-0.08190248288364937,-1.293307782986992,76.8064943705743,False
2025-01-17,434.7200012207031,0.162,0.0443,0.15389651903893994,425.0,2025-02-07,13.45,O:DIA250207C00425000,1.98,O:DIA250207P00425000,0.15981750442383813,0.14065845956118253,0.15038315347731113,-0.0035133655616288173,0.5218930295398356,0.038982175169974306,65.7402258395505,-92.49242738165265,0.1258615109753773,-2.790196842889189,211.3871929608324,0.7476363417650216,0.01884100195836466,33.87180203060186,-59.27399519852993,0.18545385202662637,-1.2550846903065607,88.79725290788527,-0.22574331222518595,0.02014117321160965,31.868423808948634,-33.21843218312271,-0.059592341051249074,-1.5351121525826283,122.58994005294716,False
2025-01-21,440.1000061035156,0.0,0.044199999999999996,0.12563406194224322,425.0,2025-02-07,16.48,O:DIA250207C00425000,0.95,O:DIA250207P00425000,0.11636688786901733,0.14639949064670402,0.1327063130021095,0.00707225105986628,0.7941048183328724,0.02681964299615263,35.478811029264335,-60.786626691903066,0.17129849048161383,-3.3192313021643334,426.32598014214705,0.922258591761835,0.012506550684367668,14.541611170546352,-33.61270084753512,0.20088405373905732,-1.7427003956949645,247.4372325169034,-0.12815377342896261,0.014313092311784962,20.937199858717985,-27.173925844367947,-0.029585563257443482,-1.5765309064693689,178.88874762524364,False
2025-01-22,441.2799987792969,0.0,0.044199999999999996,0.1255904608885522,425.0,2025-02-07,16.48,O:DIA250207C00425000,0.77,O:DIA250207P00425000,0.11636688786901733,0.14978490852452186,0.08270361573696136,-0.04288684515159083,0.833276359469382,0.02325330050665961,29.10996912549332,-57.335701714850956,0.1664220559969118,-3.031793190560111,410.3584996541183,0.9424766464384016,0.010284733000000483,11.09766556755331,-31.170942977577468,0.18973534290185834,-1.5355849946524098,233.02884057580772,-0.10920028696901951,0.012968567506659128,18.012303557940008,-26.164758737273484,-0.023313286904946558,-1.4962081959077016,177.3296590783106,False
2025-01-23,445.3800048828125,0.0,0.044500000000000005,0.12546949158082749,425.0,2025-02-07,20.59,O:DIA250207C00425000,0.45,O:DIA250207P00425000,1.0,0.15863473857072805,0.00010000000000000002,-0.1253694915808275,0.5639760393577742,0.0129768352227757,47.32459413815165,-432.93424263680987,0.08860264558052418,-1.257532948445611,168.96288976808583,0.6322985300022408,0.004049330747911916,35.06201143193471,-412.0261771216742,0.10208177984184257,-0.048614461748711285,1.5287666003259148,-0.0683224906444666,0.008927504474863785,12.262582706216946,-20.90806551513566,-0.013479134261318389,-1.2089184866968998,167.4341231677599,False
2025-01-24,444.1199951171875,0.0,0.044500000000000005,0.12657215927040505,425.0,2025-02-07,20.59,O:DIA250207C00425000,0.4,O:DIA250207P00425000,1.0,0.1542310713437262,0.16713950584530823,0.040567346574903185,0.5629200366354855,0.013690090365779464,44.80150654829467,-452.42178773180024,0.08107885280144833,-1.277816721942148,165.0394100445859,0.6290632784585996,0.004271224385313965,33.431241074389554,-431.6508314529432,0.09289454178379498,-0.04918797071844921,1.4333344299672044,-0.06614324182311404,0.009418865980465499,11.370265473905118,-20.77095627885703,-0.011815688982346646,-1.2286287512236986,163.6060756146187,False
2025-01-27,447.1199951171875,0.0,0.0444,0.12554894536739217,425.0,2025-02-07,19.25,O:DIA250207C00425000,0.55,O:DIA250207P00425000,1.0,0.19388739735680463,0.00010000000000000002,-0.12544894536739218,0.5707714120253535,0.012962944080983564,43.308208201204735,-481.9306955912854,0.07471776602267444,-1.0870756597981786,126.68351852607636,0.644815783343792,0.004406749676466855,31.46360880092833,-451.2737942059761,0.08673802278780136,-0.06791074261084949,2.1309841484175345,-0.07404437131843844,0.008556194404516708,11.844599400276408,-30.65690138530929,-0.01202025676512693,-1.0191649171873292,124.55253437765882,False
2025-01-28,448.4100036621094,0.0,0.0444,0.12561972982644337,425.0,2025-02-07,19.25,O:DIA250207C00425000,0.3,O:DIA250207P00425000,1.0,0.18715244515369475,0.00010000000000000002,-0.12551972982644338,0.6068940282921568,0.011263379938367379,37.391758777182424,-497.30798536235625,0.07218801795051434,-0.9489338665198593,118.16508790508328,0.6546601982552637,0.00461322508833624,29.44724549625471,-474.8546487396655,0.07908288412450853,-0.08099737298941591,2.575140100362658,-0.0477661699631069,0.006650154850031139,7.944513280927714,-22.453336622690742,-0.006894866173994193,-0.8679364935304434,115.58994780472062,False
2025-01-29,447.17999267578125,0.0,0.0443,0.12214803902126914,425.0,2025-02-07,24.45,O:DIA250207C00425000,0.2,O:DIA250207P00425000,0.3043327991191925,0.17705458642984928,0.2541989420235158,0.13205090300224664,0.8162271205063385,0.01630422986074762,23.181063325978002,-128.10108642540737,0.09454178826938915,-1.5633371881201126,166.5047274889755,0.853732480636721,0.010107620221301947,17.086767274850835,-109.43051516837689,0.09925613456616884,-0.7547180097856383,59.20652633228715,-0.037505360130382526,0.006196609639445671,6.094296051127165,-18.670571257030485,-0.004714346296779694,-0.8086191783344742,107.29820115668835,False
2025-01-30,448.82000732421875,0.0,0.0437,0.11393700498052764,425.0,2025-02-07,24.45,O:DIA250207C00425000,0.12,O:DIA250207P00425000,0.3043327991191925,0.18453611935892036,0.19239380394220357,0.07845679896167593,0.8616120574267202,0.013657210470563948,17.337463070190555,-116.52094584093335,0.08598507016459786,-1.3404863771653166,143.92254329583704,0.8862660457198999,0.009137169410886941,13.336920556337303,-101.50660281347533,0.08864821378514931,-0.7340026009770775,61.35062874169171,-0.024653988293179663,0.004520041059677007,4.000542513853252,-15.014343027458027,-0.002663143620551447,-0.606483776188239,82.57191455414532,False
2025-01-31,445.3900146484375,0.0,0.0437,0.1192208351107188,425.0,2025-02-07,24.45,O:DIA250207C00425000,0.17,O:DIA250207P00425000,0.3043327991191925,0.18934770827034308,0.35219891934692865,0.23297808423620986,0.836065138991252,0.017587072491578634,18.07394226453938,-139.63696835084102,0.0694843468870864,-1.4886485576310005,136.86392545853326,0.8717725264656135,0.010974765626554552,13.146024302617224,-116.82552233484117,0.07267357582166245,-0.751830623722574,53.52644040000347,-0.03570738747436153,0.00661230686502408,4.927917961922156,-22.81144601599984,-0.0031892289345760503,-0.7368179339084263,83.3374850585298,True
2025-02-03,444.2699890136719,0.0,0.0437,0.1182938779009617,445.0,2025-03-07,6.95,O:DIA250307C00445000,6.1,O:DIA250307P00445000,0.11671030122700499,0.12163202880451796,0.11917128159850837,0.000877403697546672,0.06928160413704498,0.048669779412216355,108.98100194949455,-68.95872940898472,0.016885464294109087,-0.33498370949211426,3.995694077837233,0.5350524989315474,0.024835210258041647,54.48559353833955,-43.46902213438062,0.21976930268767259,-0.17692287037617,2.134052846723869,-0.4657708947945024,0.023834569154174708,54.495408411155005,-25.489707274604104,-0.2028838383935635,-0.15806083911594426,1.861641231113364,False
2025-02-04,445.5299987792969,0.0,0.0436,0.11649787659923512,445.0,2025-03-07,7.0,O:DIA250307C00445000,5.94,O:DIA250307P00445000,0.10790223551835812,0.13124792285021925,0.11958667539954186,0.0030887988003067413,0.12911378199202928,0.049381328099366156,105.97690252767235,-71.37905777335699,0.04069180365340802,-0.8503603649450543,18.913169450371893,0.569415543641034,0.02705188436587313,52.88215725821595,-42.01527911425884,0.22515512891491896,-0.5180919418083076,12.195607099484123,-0.4403017616490047,0.02232944373349303,53.0947452694564,-29.363778659098152,-0.18446332526151094,-0.33226842313674665,6.717562350887769,False
2025-02-05,448.6700134277344,0.0,0.0435,0.11744843439530504,445.0,2025-03-07,8.43,O:DIA250307C00445000,4.65,O:DIA250307P00445000,0.10136778217937745,0.13325617249225538,0.11744396575838326,-4.468636921786673e-06,0.2886067830548197,0.048649832018575256,98.67361334479236,-71.51265434855553,0.10162708742175922,-2.203849274443686,111.73332124070802,0.6612942808023405,0.027226619864251327,48.50314525581854,-40.698903078567156,0.2516668295492209,-1.3933880839168757,76.84250074100812,-0.37268749774752086,0.021423212154323933,50.17046808897381,-30.813751269988373,-0.1500397421274617,-0.8104611905268102,34.89082049969989,False
2025-02-06,447.3599853515625,0.0,0.0437,0.11655507208921649,445.0,2025-03-07,8.43,O:DIA250307C00445000,4.7,O:DIA250307P00445000,0.10136778217937745,0.1266563810567319,0.12416789774298669,0.007612825653770194,0.2290036653528854,0.052519429850969,98.72589591630344,-71.54507841422677,0.07526578996992078,-1.7742485292595074,68.19596608515114,0.625453394602296,0.02895547000480604,48.951227704582536,-41.67523840979439,0.2269789108613084,-1.0865563486726841,44.87920111125589,-0.3964497292494106,0.02356395984616296,49.7746682117209,-29.869840004432376,-0.1517131208913876,-0.6876921805868232,23.316764973895253,False
2025-02-07,443.1199951171875,0.0,0.0437,0.12415095081958383,445.0,2025-03-07,5.23,O:DIA250307C00445000,5.39,O:DIA250307P00445000,0.10835121720458929,0.10475065233563327,0.10655094204023481,-0.017600008779349016,-0.008376096753542284,0.05999936221477441,99.59834061981232,-66.23118315676278,-0.011374298375024405,0.30348341397770195,0.39827452714879497,0.49608503145232236,0.029493022632482085,49.79952818817847,-43.37159891748089,0.1703136481863991,0.14851489005497293,0.18194128393702447,-0.5044611282058646,0.030506339582292326,49.798812431633856,-22.859584239281894,-0.1816879465614235,0.15496852392272903,0.21633324321177047,False
2025-02-10,444.7799987792969,0.0,0.0438,0.10453145171625697,445.0,2025-03-07,5.54,O:DIA250307C00445000,5.39,O:DIA250307P00445000,0.100531571144362,0.10475065233563327,0.1118600944131613,0.007328642696904336,0.09057304986034664,0.06326561314676948,96.81684475514308,-67.225709238946,0.02280601329738044,-0.6615952771017843,9.198765138785685,0.545983677128966,0.03227661591545086,48.39873637733239,-42.660471943347,0.17891864149570683,-0.3465592667511265,4.889427473662486,-0.45541062726861936,0.030988997231318628,48.4181083778107,-24.565237295598997,-0.1561126281983264,-0.31503601035065787,4.3093376651231985,False
2025-02-11,446.1099853515625,0.0,0.0438,0.10235610670698728,445.0,2025-03-07,6.2,O:DIA250307C00445000,4.32,O:DIA250307P00445000,0.1022081491159598,0.11552856166151702,0.1088759433723986,0.006519836665411324,0.1650884807853864,0.06036297004855923,93.0808697411216,-73.70984031473112,0.04509115696062846,-1.2959823161490185,32.423799972487146,0.5868266753501454,0.031959129275387646,46.43402330339019,-44.41635773697092,0.18256374253168497,-0.7318796758407934,19.14403369589733,-0.42173819456475903,0.02840384077317158,46.64684643773142,-29.2934825777602,-0.13747258557105652,-0.5641026403082251,13.279766276589813,False
2025-02-12,443.6300048828125,0.0,0.0438,0.10592494273880929,445.0,2025-03-07,4.75,O:DIA250307C00445000,5.1,O:DIA250307P00445000,0.10394887276073289,0.11032170235811681,0.10713527675941585,0.0012103340206065655,0.007409521948834263,0.06468864185168602,91.93192852955448,-72.71214228744157,-0.004427362444770211,0.13812916437677927,-0.14767387226840656,0.5034847897644231,0.03330647031573898,45.96619964357357,-44.989569706893136,0.14747564744473882,0.07009059844992682,-0.07054673356750217,-0.49607526781558886,0.03138217153594704,45.96572888598091,-27.72257258054843,-0.15190300988950903,0.06803856592685245,-0.07712713870090437,False
2025-02-13,447.260009765625,0.0,0.0437,0.09410803591064552,445.0,2025-03-07,6.68,O:DIA250307C00445000,4.63,O:DIA250307P00445000,0.10561292831601184,0.13891825543469347,0.12234009349644184,0.02823205758579632,0.21634229115778292,0.05671522676998618,86.54689906742323,-87.16873890035555,0.054254765241868744,-1.5893684706365172,50.843464088073596,0.6209308027511986,0.031965653650421005,42.878566101002626,-47.506520545988266,0.17208731231890703,-1.0134335862883592,35.169152341311325,-0.4045885115934157,0.024749573119565174,43.66833296642061,-39.66221835436729,-0.11783254707703829,-0.5759348843481581,15.674311746762271,False
2025-02-14,445.7900085449219,0.0,0.0437,0.09509615276201881,445.0,2025-03-07,4.85,O:DIA250307C00445000,3.88,O:DIA250307P00445000,0.0877236404721952,0.11064570917778674,0.09920651202648875,0.00411035926446994,0.15484193328964135,0.07350154206494318,85.12328555607694,-73.58720842258107,0.03589106355017911,-1.3882780698418489,30.211291711935914,0.5851607182333969,0.04085728144651778,42.39723084058754,-42.42919588542945,0.15238619141751072,-0.860796471338472,20.139306943730777,-0.43031878494375553,0.032644260618425396,42.7260547154894,-31.15801253715162,-0.11649512786733161,-0.5274815985033767,10.071984768205137,False
2025-02-18,445.9200134277344,0.0,0.0438,0.09277092656029168,445.0,2025-03-07,4.6,O:DIA250307C00445000,4.55,O:DIA250307P00445000,0.08818152106647628,0.13538591066016,0.11185890237987042,0.019087975819578745,0.15137050884628567,0.07228534090531381,79.30347674598165,-88.59756194263836,0.030100746483526106,-1.272790330327156,26.544151220359044,0.5893790871133504,0.04354298477856742,39.38696543482005,-44.973205276457165,0.13320663078233802,-0.9081217775495427,20.78169935763473,-0.43800857826706474,0.02874235612674639,39.91651131116161,-43.6243566661812,-0.10310588429881191,-0.36466855277761334,5.762451862724315,False
2025-02-19,446.6700134277344,0.0,0.0438,0.08308040740184713,445.0,2025-03-07,4.85,O:DIA250307C00445000,3.43,O:DIA250307P00445000,0.08755066547087326,0.11897259834068918,0.1033433145582676,0.02026290715642047,0.21744211753264986,0.07793406566582534,74.80901238555876,-85.13440248911004,0.042307082646694166,-1.9721209272578608,55.31931398720134,0.6235380714485792,0.04448936873584606,37.00581690238921,-46.00534114212624,0.13031702797459066,-1.2822041704062037,39.341440920531674,-0.40609595391592934,0.033444696929979284,37.80319548316955,-39.129061346983804,-0.0880099453278965,-0.6899167568516571,15.977873066669664,False
2025-02-20,442.3900146484375,0.0,0.0437,0.09039010771261355,445.0,2025-03-07,2.41,O:DIA250307C00445000,6.17,O:DIA250307P00445000,0.08700289825602371,0.14188478083684458,0.11453969584852455,0.024149588135911004,-0.13047121595382016,0.07873832134598628,72.68418469903838,-92.55421569846082,-0.028940110893140483,1.4374108319588454,24.37403432550142,0.41699659093723707,0.04853295799884378,36.07225211848801,-43.90508251035375,0.07947287332157817,1.021682909782974,19.791261726302423,-0.5474678068910572,0.030205363347142498,36.611932580550366,-48.64913318810707,-0.10841298421471865,0.4157279221758714,4.582772599198996,False
2025-02-21,434.1499938964844,0.659,0.0436,0.10589825023408166,445.0,2025-03-07,0.74,O:DIA250307C00445000,11.48,O:DIA250307P00445000,0.1104084386373633,0.13943525570381338,0.12564137009382248,0.019743119859740824,-0.6408672598467915,0.04829535167690867,45.046146890610444,-59.07329045444159,-0.11525893529799644,3.9641736931227394,321.131326765161,0.15088186365694972,0.02451353839873095,20.243580539573017,-30.98555241362896,0.025700539756252194,2.2359129170706056,199.6876243358544,-0.7917491235037413,0.023781813278177716,24.802566351037424,-28.087738040812628,-0.14095947505424863,1.7282607760521338,121.44370242930665,False
2025-02-24,434.5299987792969,0.0,0.0436,0.10598420176941509,445.0,2025-03-07,0.81,O:DIA250307C00445000,10.65,O:DIA250307P00445000,0.11751927923993385,0.12059094105091661,0.11906480322480202,0.013080601455386934,-0.6718509468939782,0.05059213185037757,40.61729057467494,-54.48255230595046,-0.10835692540489637,4.156347190719367,333.836919000317,0.160882818375432,0.025303148761323096,20.052345799003547,-36.00421186919506,0.02467800388295939,2.1049612525389523,171.27211450767092,-0.8327337652694101,0.025288983089054477,20.564944775671393,-18.4783404367554,-0.13303492928785576,2.0513859381804145,162.56480449264606,False
2025-02-25,436.1300048828125,0.0,0.0434,0.10350770439219224,445.0,2025-03-07,1.27,O:DIA250307C00445000,11.23,O:DIA250307P00445000,0.13287264288880127,0.19983599527366477,0.16774029062390322,0.06423258623171098,-0.4770403614991232,0.05106407165741547,50.09663351058343,-123.99090724401313,-0.07001638577457502,2.7355212333053753,145.74648148886257,0.21757361891042237,0.028494506946478617,22.862204164300074,-51.90786810372445,0.029720756659610686,1.7804331195050287,107.97206266018982,-0.6946139804095456,0.02256956471093686,27.234429346283356,-72.08303914028868,-0.0997371424341857,0.9550881138003464,37.774418828672765,False
2025-02-26,434.3399963378906,0.0,0.0435,0.10279916655307196,445.0,2025-03-07,0.74,O:DIA250307C00445000,11.23,O:DIA250307P00445000,0.13226635045493731,0.19983599527366477,0.14269555197954178,0.039896385426469824,-0.5996295876422586,0.046369597614930196,39.914728197147504,-111.10240524424322,-0.07595164218993206,2.992281179964487,194.72744232777808,0.1505528018466018,0.024411164106830235,16.91979149020344,-43.09486627363687,0.017958639834086874,1.8662770720101096,139.7020207918015,-0.7501823894888604,0.02195843350809996,22.994936706944063,-68.00753897060635,-0.09391028202401892,1.1260041079543777,55.0254215359766,False
2025-02-27,432.3500061035156,0.0,0.0438,0.10328281419485784,445.0,2025-03-07,0.51,O:DIA250307C00445000,8.95,O:DIA250307P00445000,0.14546619842836966,1.0,0.00010000000000000002,-0.10318281419485784,-0.43112632943649154,0.025310183317739394,39.00906353781349,-584.5905490279903,-0.05247593615014035,1.7161620182609674,132.8375093495964,0.10988693495398649,0.019361838743616407,12.535173126713703,-40.35090683358926,0.011190384999536349,1.6140610050726305,132.13601801114947,-0.541013264390478,0.005948344574122987,26.473890411099784,-544.239642194401,-0.0636663211496767,0.10210101318833677,0.7014913384469168,False
2025-02-28,438.3699951171875,0.0,0.0438,0.11594597306448304,445.0,2025-03-07,1.0,O:DIA250307C00445000,12.55,O:DIA250307P00445000,0.12890422675565513,0.36640340307715247,0.2534708182886243,0.13752484522414124,-0.37729550235274634,0.054366874248215874,42.20420092065321,-272.2198674215582,-0.0355049657785933,2.129801870710493,91.04027959536037,0.22071597975280544,0.037268781257627774,18.317384158158436,-63.69602419349495,0.018999060112405274,1.8132637264000537,86.18896620229322,-0.5980114821055518,0.0170980929905881,23.886816762494767,-208.52384322806327,-0.05450402589099857,0.3165381443104393,4.851313393067153,True
2025-03-03,432.0899963378906,0.0,0.0438,0.1231137385084469,438.0,2025-04-04,5.11,O:DIA250404C00438000,8.44,O:DIA250404P00438000,0.13029060838042553,0.11568614737492068,0.12300167197287082,-0.00011206653557607749,-0.18182301669739043,0.047534040797196114,103.60687087121545,-62.87775051967948,-0.08772753011326181,1.7027356712785235,52.588023644969866,0.4152677513445081,0.022442515793600928,51.99286817534775,-43.19980693925565,0.16602194395970224,0.7607931186284476,21.711507540261653,-0.5970907680418985,0.025091525003595187,51.614002695867704,-19.67794358042383,-0.25374947407296405,0.941942552650076,30.876516104708216,False
2025-03-04,425.57000732421875,0.0,0.043899999999999995,0.13225913922220578,438.0,2025-04-04,3.68,O:DIA250404C00438000,8.44,O:DIA250404P00438000,0.15208272264868694,0.11568614737492068,0.0764725299164653,-0.055786609305740475,-0.4526310533300909,0.03897264719268717,85.2692009321286,-53.81077053545185,-0.19084820664782678,3.2636205286423157,261.1218328699982,0.3027805627549688,0.01785601821548609,44.88836840444817,-42.8938444709735,0.11424640893305757,1.2910348534595575,85.71871463075989,-0.7554116160850597,0.021116628977201082,40.38083252768042,-10.91692606447835,-0.30509461558088435,1.9725856751827582,175.4031182392383,False
2025-03-05,430.4700012207031,0.0,0.0438,0.13993200068457737,438.0,2025-04-04,4.42,O:DIA250404C00438000,8.44,O:DIA250404P00438000,0.13625863915885117,0.11568614737492068,0.11704231014102698,-0.02288969054355039,-0.2712775812275756,0.04714069186579886,95.5124777681801,-63.25588262895934,-0.11392152301418007,2.3157368329507735,103.53303799352811,0.3761443127731172,0.02190081618650181,48.27611026140137,-44.572661727373394,0.13749898972735297,0.9913379710704663,39.796459916615945,-0.6474218940006928,0.02523987567929705,47.23636750677874,-18.683220901585944,-0.25142051274153304,1.3243988618803073,63.73657807691217,False
2025-03-06,425.8999938964844,0.0,0.0438,0.13936459411104588,438.0,2025-04-04,3.38,O:DIA250404C00438000,16.25,O:DIA250404P00438000,0.15085214717847842,0.20434445915121474,0.17806045294329526,0.03869585883224938,-0.3539531951848367,0.03336792468434224,88.01699675548522,-86.82879095188568,-0.1419822197240531,2.132973466894578,125.79664824103588,0.2953857322368333,0.01861467114804862,42.44640231367783,-43.78099100630577,0.10202065129731272,1.330292244146553,87.9465847510741,-0.64933892742167,0.014753253536293625,45.57059444180739,-43.04779994557992,-0.2440028710213658,0.8026812227480248,37.85006348996178,False
2025-03-07,428.260009765625,0.0,0.0438,0.14228378009149104,438.0,2025-04-04,3.52,O:DIA250404C00438000,16.25,O:DIA250404P00438000,0.1412025252077616,0.20434445915121474,0.19169077250808478,0.04940699241659374,-0.29501669272170816,0.03654839417190581,89.33181997958333,-91.43695804118117,-0.11463396365777145,1.936275584194178,94.35173802684423,0.3234573377097246,0.021085563989853295,43.33833131957364,-44.4659037760281,0.10714590683042044,1.2664561851741931,69.98867002410711,-0.6184740304314328,0.015462830182052516,45.99348866000969,-46.97105426515307,-0.2217798704881919,0.6698193990199848,24.36306800273712,False
2025-03-10,419.489990234375,0.0,0.0437,0.15462951431815028,438.0,2025-04-04,3.29,O:DIA250404C00438000,16.25,O:DIA250404P00438000,0.20220814189415343,0.20434445915121474,0.13853326973617075,-0.01609624458197953,-0.507708082101183,0.02691968637016036,72.60175698013185,-87.52763653187966,-0.17846824679507978,2.3023116392699494,182.1087240409488,0.24491637066324068,0.013494511041646343,36.20362486258906,-52.893549399661005,0.0749821171752963,1.1597149491234766,92.2486801435114,-0.7526244527644237,0.013425175328514017,36.398132117542794,-34.63408713221867,-0.25345036397037607,1.142596690146473,89.86004389743741,False
2025-03-11,414.739990234375,0.0,0.0437,0.15555837437163592,438.0,2025-04-04,1.27,O:DIA250404C00438000,23.11,O:DIA250404P00438000,0.17108626734115234,0.16878505077619138,0.16994066487550738,0.014382290503871464,-0.7330202566779335,0.02287473324745992,47.76062231959491,-42.46620463509863,-0.23456629578300472,2.929752611211323,360.50448786608547,0.1351754053107198,0.011459257225145965,24.087704229620474,-31.241966480614437,0.03913760448463973,1.4581513245941273,178.15441289284527,-0.8681956619886533,0.011415476022313954,23.672918089974434,-11.22423815448419,-0.27370390026764446,1.4716012866171957,182.35007497324023,False
2025-03-12,413.95001220703125,0.0,0.0436,0.1538336547327178,438.0,2025-04-04,1.27,O:DIA250404C00438000,23.11,O:DIA250404P00438000,0.17108626734115234,0.16878505077619138,0.15913360165804621,0.005299946925328425,-0.7662671511054528,0.021490379163144214,42.21649258831636,-38.264572211378415,-0.23072142029885528,2.853422775205609,365.34378774889615,0.11850806396492503,0.010779430773771763,21.318427116755828,-29.12595218352206,0.032385532142051573,1.4219429248865303,180.778712418936,-0.8847752150703778,0.01071094838937245,20.898065471560535,-9.138620027856355,-0.26310695244090687,1.4314798503190789,184.5650753299601,False
2025-03-13,408.7799987792969,0.0,0.0437,0.15688758908218753,438.0,2025-04-04,0.52,O:DIA250404C00438000,23.11,O:DIA250404P00438000,0.17334364012512687,0.16878505077619138,0.00010000000000000002,-0.15678758908218754,-0.8704217865100559,0.014349133304995463,26.048877790934796,-18.290316802209006,-0.24431622088506796,2.303956059100555,359.7648593733053,0.06741556768327212,0.007304928347870648,13.43453350008001,-19.52079518376824,0.017167070270014982,1.1579860051626192,178.3555397109091,-0.937837354193328,0.007044204957124815,12.614344290854785,1.2304783815592337,-0.26148329115508295,1.1459700539379356,181.40931966239614,False
2025-03-14,415.3599853515625,0.0,0.0437,0.16723611768991273,438.0,2025-04-04,0.52,O:DIA250404C00438000,23.55,O:DIA250404P00438000,0.17334364012512687,0.21686053258197133,0.18552614254355432,0.01829002485364159,-0.7026248819781502,0.023231447736267827,46.63126774554289,-63.683822763303425,-0.1883431471341704,2.5791824286322163,277.29784734831696,0.12054064758463962,0.01142392548060916,20.335895569152928,-31.75402705511214,0.029192580426014997,1.4060846434706242,167.03825330913617,-0.8231655295627898,0.011807522255658669,26.295372176389964,-31.929795708191286,-0.2175357275601854,1.1730977851615918,110.2595940391808,False
2025-03-17,419.2099914550781,0.0,0.0437,0.17341272275339153,438.0,2025-04-04,0.52,O:DIA250404C00438000,23.55,O:DIA250404P00438000,0.17334364012512687,0.21686053258197133,0.23665069213956597,0.06323796938617443,-0.6234265537232038,0.027905390370242637,53.0402974051745,-81.7242350913163,-0.1572639940104456,2.5834177928482145,230.26937885972325,0.16027738448427886,0.014221702463937206,24.068567655144005,-40.423387952465546,0.03653940736080079,1.4532535987738358,142.63473509310873,-0.7837039382074826,0.01368368790630543,28.971729750030494,-41.300847138850756,-0.1938034013712464,1.1301641940743785,87.6346437666145,False
2025-03-18,416.5299987792969,0.0,0.0437,0.17334689644656628,438.0,2025-04-04,0.36,O:DIA250404C00438000,23.55,O:DIA250404P00438000,0.13762265410862864,0.21686053258197133,0.21165998240411282,0.03831308595754654,-0.7647130032307377,0.022032383123032274,35.92068492504556,-51.46217332783315,-0.17601912636426742,2.5869171960432196,308.89684101730876,0.0642339719333278,0.00964922457879763,11.885507356760879,-17.007331676859913,0.01361666235169521,1.4162570355651165,203.68182740385564,-0.8289469751640655,0.012383158544234643,24.035177568284684,-34.454841650973236,-0.18963578871596262,1.1706601604781028,105.21501361345314,False
2025-03-19,420.4200134277344,0.0,0.0437,0.1783515438722143,438.0,2025-04-04,0.43,O:DIA250404C00438000,23.55,O:DIA250404P00438000,0.12680802481072445,0.21686053258197133,0.263174922902882,0.08482337903066772,-0.7055057448752498,0.027610449153962525,40.52307306844585,-65.31441369190374,-0.15050218910870358,2.8268870477221677,299.27405542823317,0.08206119197304534,0.013026572797544255,13.903507565184405,-20.001167805704302,0.016223889252950964,1.6958595103028742,216.46956342830327,-0.7875669368482952,0.014583876356418272,26.619565503261445,-45.31324588619944,-0.16672607836165454,1.1310275374192937,82.80449199992992,False
2025-03-20,420.1199951171875,0.0,0.0436,0.17675774626858196,438.0,2025-04-04,0.43,O:DIA250404C00438000,23.55,O:DIA250404P00438000,0.12680802481072445,0.21686053258197133,0.27153468217253673,0.09477693590395478,-0.7354216126424942,0.026384556688509912,35.86434157352795,-62.833752143867045,-0.14333801200124185,2.7239783349767563,291.95521535351133,0.06836668326937648,0.011845562574543512,11.57287539464646,-18.04775350376403,0.01239266719387988,1.574750113945499,205.6853697139572,-0.8037882959118706,0.014538994113966402,24.29146617888149,-44.78599864010302,-0.15573067919512174,1.1492282210312572,86.26984563955418,False
2025-03-21,419.6199951171875,0.801,0.0436,0.16620675713605657,438.0,2025-04-04,0.18,O:DIA250404C00438000,19.2,O:DIA250404P00438000,0.12027270288027295,0.21174209324270518,0.17536197268068793,0.009155215544631362,-0.7859292382712688,0.023570129250706125,28.94510586473665,-53.01789308890236,-0.13856016790708273,2.5311204150326203,286.0228494168144,0.04408829367410147,0.009273929857455007,7.7936820742607855,-12.609593196131454,0.007269972054066602,1.3403814353090493,191.04384653724549,-0.8300175319453703,0.01429619939325112,21.151423790475864,-40.408299892770906,-0.14583013996114932,1.1907389797235708,94.9790028795689,False
2025-03-24,425.489990234375,0.0,0.0435,0.17512661879011376,438.0,2025-04-04,0.53,O:DIA250404C00438000,19.2,O:DIA250404P00438000,0.11945973183524347,0.21174209324270518,0.2645123842552304,0.08938576546511662,-0.6326798271424685,0.03891057088746126,41.25947661351977,-89.86191879023335,-0.1014595871385916,3.049767565571522,249.03987997198973,0.11439874914621395,0.020131642738016008,15.549678500171929,-28.10017616814861,0.01719482952037403,1.9846936367202825,192.05971257391252,-0.7470785762886825,0.01877892814944526,25.709798113347844,-61.76174262208474,-0.11865441665896563,1.0650739288512394,56.98016739807722,False
2025-03-25,425.82000732421875,0.0,0.0436,0.1743999511226735,438.0,2025-04-04,0.33,O:DIA250404C00438000,19.2,O:DIA250404P00438000,0.1097983253140064,0.21174209324270518,0.27864656139165167,0.10424661026897816,-0.6687779988629057,0.038512112507012294,35.81058550781035,-87.14419915272761,-0.09491012251748573,3.06879760063378,261.96386989233264,0.08674766996022498,0.018966310072399878,11.987265789536758,-22.326009668124993,0.011621870938990664,1.9866812783778611,205.15194525354661,-0.7555256688231307,0.019545802434612413,23.823319718273595,-64.81818948460261,-0.1065319934564764,1.0821163222559187,56.81192463878603,False
2025-03-26,424.2300109863281,0.0,0.0436,0.17432134649677414,438.0,2025-04-04,0.33,O:DIA250404C00438000,10.8,O:DIA250404P00438000,0.1097983253140064,1.0,0.00010000000000000002,-0.17422134649677415,-0.4928102311410843,0.01835163792258908,35.0554915241686,-508.2833122401216,-0.06803737365037839,1.6270158681453075,180.34949357988913,0.04743785372731097,0.012738027994347402,6.991948017863432,-14.6894975148939,0.005548051860996781,1.5207528962225243,179.59020655406536,-0.5402480848683953,0.005613609928241678,28.06354350630517,-493.5938147252277,-0.07358542551137517,0.10626297192278318,0.7592870258237654,False
2025-03-27,422.94000244140625,0.0,0.0437,0.17400098524136498,438.0,2025-04-04,0.23,O:DIA250404C00438000,10.8,O:DIA250404P00438000,0.13988047469066614,1.0,0.00010000000000000002,-0.173900985241365,-0.49765953742399893,0.018953184195585674,33.457601237436954,-553.0605476364065,-0.05835892292272704,1.4507801670621612,137.02500539703968,0.059138974200049654,0.0129022229853776,7.68652205006046,-23.66206521064165,0.005900532831558963,1.3334338099710663,135.93098403013857,-0.5567985116240486,0.006050961210208073,25.771079187376497,-529.3984824257648,-0.064259455754286,0.11734635709109494,1.0940213669010987,False
2025-03-28,415.6199951171875,0.0,0.0438,0.17368759415481974,438.0,2025-04-04,0.07,O:DIA250404C00438000,10.8,O:DIA250404P00438000,0.17520965933346347,1.0,0.00010000000000000002,-0.17358759415481975,-0.5974113653881661,0.011016559470883662,25.054771859142996,-562.8133196626669,-0.05652875467911034,0.7197826331964381,70.1541363218266,0.018874867041619496,0.004493722109714485,2.6985258762604585,-12.255291567017885,0.0015426135213641766,0.5530571663831759,67.26747845346745,-0.6162862324297855,0.006522837361169177,22.356245982882538,-550.558028095649,-0.05807136820047452,0.16672546681326214,2.8866578683591535,False
2025-03-31,419.8800048828125,0.0,0.0438,0.1735969025619938,438.0,2025-04-04,0.07,O:DIA250404C00438000,17.55,O:DIA250404P00438000,0.17520965933346347,1.0,0.00010000000000000002,-0.17349690256199382,-0.5745610989977398,0.014748639799108555,24.02896162168154,-649.7871847791911,-0.04332709813485683,0.8995778833362138,76.22058991097285,0.030641246231164123,0.007470943481124561,3.663054108288702,-20.77549858884337,0.0020247917017981866,0.7483446573673539,74.08584089635534,-0.6052023452289039,0.0072776963179839935,20.365907513392838,-629.0116861903477,-0.045351889836655015,0.1512332259688599,2.1347490146175083,True
2025-04-01,419.5899963378906,0.0,0.0438,0.16586174573103898,420.0,2025-05-02,7.59,O:DIA250502C00420000,7.73,O:DIA250502P00420000,0.13742744681388666,0.16533374304422058,0.15138309060335162,-0.014478655127687368,0.07130547143016475,0.041766648279357485,100.73639078778156,-84.18314757344935,0.013324541167216264,-0.23566553837548504,2.706516395779312,0.5372552319997933,0.022800722015000725,50.35001726807729,-47.44794253847765,0.1988194118661918,-0.1503026337562371,1.7818259224716593,-0.46594976056962856,0.01896592626435676,50.38637351970427,-36.7352050349717,-0.18549487069897552,-0.08536290461924796,0.924690473307653,False
2025-04-02,422.0299987792969,0.0,0.0438,0.16149215031325403,420.0,2025-05-02,10.1,O:DIA250502C00420000,6.27,O:DIA250502P00420000,0.16465797862879877,0.1606133015718881,0.16263603387326,0.0011438835600059705,0.16162113893383423,0.038538980945986914,97.44503445328148,-93.03701496902465,0.04525624283623017,-0.749420257955587,19.065953045180596,0.5800530396336501,0.019037497460660645,48.741784287731704,-56.2453588458228,0.20489663648362572,-0.3641054175825565,9.172666656836208,-0.41843190069981584,0.019501483485326265,48.703250165549775,-36.79165612320186,-0.15964039364739555,-0.3853148403730305,9.893286388344388,False
2025-04-03,405.2200012207031,0.0,0.0436,0.2105530028843033,420.0,2025-05-02,3.76,O:DIA250502C00420000,17.41,O:DIA250502P00420000,0.1867172987555695,0.1965436147084656,0.19165174831822518,-0.018901254566078107,-0.42081547111082257,0.030529976680219444,80.02073271273842,-83.66910984209713,-0.1597440380976794,2.179224685399786,141.54985792564173,0.28424297007181926,0.015524017009977537,39.66332939919531,-49.292931189646154,0.09285078056623608,1.133487062535399,75.61484245339842,-0.7050584411826418,0.015005959670241905,40.35740331354311,-34.37617865245097,-0.2525948186639155,1.0457376228643869,65.9350154722433,False
2025-04-04,383.2200012207031,0.0,0.0436,0.27719029437489145,420.0,2025-05-02,1.56,O:DIA250502C00420000,30.22,O:DIA250502P00420000,0.256676622658478,1.0,0.00010000000000000002,-0.27709029437489147,-0.45001771582409344,0.010788680869823614,63.81986731337025,-291.5171073331017,-0.18948659174547638,1.1473924997148384,127.11113015131735,0.11832924285908697,0.0071477654455309675,21.383677680981585,-36.48782343423315,0.034750898883257435,0.968982336693067,123.79498979093528,-0.5683469586831804,0.0036409154242926477,42.43618963238867,-255.02928389886856,-0.22423749062873383,0.1784101630217714,3.3161403603820725,False
2025-04-07,379.57000732421875,0.0,0.0436,0.2719613359923647,420.0,2025-05-02,1.53,O:DIA250502C00420000,35.89,O:DIA250502P00420000,0.2828466538437692,1.0,0.00010000000000000002,-0.2718613359923647,-0.4759700050348008,0.010150202260804757,60.296240408432595,-295.33049397838295,-0.18700210447666496,1.0611570265740498,115.05470122717837,0.11084095174255504,0.006413454220585708,19.70515616422274,-38.728980722409986,0.030567306207545837,0.868789782667193,110.65690122624763,-0.5868109567773558,0.003736748040219048,40.59108424420986,-256.601513255973,-0.2175694106842108,0.1923672439068567,4.397800000930742,False
2025-04-08,376.4800109863281,0.0,0.0436,0.2711893997173101,420.0,2025-05-02,1.05,O:DIA250502C00420000,27.6,O:DIA250502P00420000,0.2805542205229132,1.0,0.00010000000000000002,-0.2710893997173101,-0.5203027255875312,0.009283636172688098,54.25891326198041,-290.29647711456334,-0.18827214728777103,1.0031520052942335,116.29646114288965,0.0838133953683684,0.005454541911314803,15.492835114901883,-31.7560393206553,0.021788620006489134,0.7984627733621691,110.85891708564054,-0.6041161209558996,0.003829094261373295,38.76607814707853,-258.54043779390804,-0.21006076729426015,0.20468923193206437,5.4375440572491085,False
2025-04-09,406.0799865722656,0.0,0.0436,0.4014870723297079,420.0,2025-05-02,2.46,O:DIA250502C00420000,16.14,O:DIA250502P00420000,0.1653228353138844,0.19425167329339835,0.18004052454233171,-0.22144654778737616,-0.4770230267328876,0.0343849144268986,68.51945428545173,-82.30769311727454,-0.14322466559269809,2.4978949609030696,170.28710974463885,0.24353908336773017,0.017970696545312515,33.049835965509324,-44.70171100388969,0.06505626630811212,1.398620774678359,102.51744081105785,-0.7205621101006178,0.016414217881586084,35.46961831994241,-37.605982113384854,-0.2082809319008102,1.0992741862247108,67.769668933581,False
2025-04-10,395.67999267578125,0.0,0.0436,0.4092416012418309,420.0,2025-05-02,3.2,O:DIA250502C00420000,23.0,O:DIA250502P00420000,0.2727048337169013,1.0,0.20860080776810652,-0.20064079347372438,-0.3259611902804208,0.01469216619469528,68.61264628015482,-365.93689922624975,-0.11785220575608386,1.0602722853123296,74.21685432172944,0.21376741210286776,0.010710676235791191,29.034700552675325,-65.90180767082502,0.051672055908052,0.9206501379514449,72.82827376926619,-0.5397286023832886,0.0039814899589040885,39.57794572747949,-300.03509155542474,-0.16952426166413587,0.13962214736088474,1.3885805524632469,False
2025-04-11,401.9100036621094,0.0,0.0437,0.40904506056716267,420.0,2025-05-02,3.7,O:DIA250502C00420000,23.0,O:DIA250502P00420000,0.24991459796487311,1.0,0.2851952644824982,-0.12384979608466445,-0.26086910470021146,0.01725264400533384,70.76563046970537,-387.8702336852968,-0.09372770201761606,1.034330294843624,58.961525187907185,0.2581953932151619,0.013188775722381502,31.691621340579008,-70.90278628156737,0.05956625680514745,0.9180595231625861,58.41648888050786,-0.5190644979153733,0.004063868282952337,39.07400912912636,-316.9674474037294,-0.1532939588227635,0.1162707716810379,0.545036307399323,False
2025-04-14,405.4200134277344,0.0,0.0434,0.40886526170179727,420.0,2025-05-02,3.1,O:DIA250502C00420000,23.0,O:DIA250502P00420000,0.21030519093076755,1.0,0.3053815436407924,-0.10348371806100487,-0.24740022536925227,0.020355869957679996,69.18887884791882,-395.3607175344732,-0.08290596959268728,1.1679817508752441,65.29558061498707,0.2613026493206871,0.016182010894209196,31.075658767261036,-63.28149099721316,0.057131846442386613,1.0652710347632142,65.0814534322022,-0.5087028746899394,0.004173859063470801,38.113220080657776,-332.07922653726007,-0.1400378160350739,0.10271071611203005,0.21412718278488466,False
2025-04-15,403.7099914550781,0.0,0.0435,0.408582946357438,420.0,2025-05-02,1.56,O:DIA250502C00420000,23.0,O:DIA250502P00420000,0.17631824986412423,1.0,0.2831472022846342,-0.12543574407280383,-0.3392712015568562,0.0206294371623806,60.674089762211366,-387.34974163084166,-0.09486702662873944,1.5318670380542168,119.32460189887927,0.18095497709815866,0.016284229674186648,24.140501771119812,-44.3644052542891,0.0368814809267726,1.4211635641991465,118.80973839447552,-0.5202261786550149,0.004345207488193952,36.53358799109155,-342.98533637655254,-0.13174850755551204,0.11070347385507023,0.5148635044037445,False
2025-04-16,396.7699890136719,0.0,0.0435,0.41031141422923734,420.0,2025-05-02,0.91,O:DIA250502C00420000,20.75,O:DIA250502P00420000,0.20132483393642184,1.0,0.00010000000000000002,-0.41021141422923735,-0.4464152513094944,0.01535565012230441,50.48526257693676,-383.65590319679654,-0.1075081289793021,1.3291897839134528,127.73803984399773,0.1100991826338435,0.010794295515590005,16.291084235949715,-36.29856943824771,0.020368595944783033,1.1868735531556491,125.98660775385312,-0.5565144339433379,0.0045613546067144045,34.194178340987044,-347.3573337585488,-0.12787672492408514,0.14231623075780353,1.7514320901446088,False
2025-04-17,391.3599853515625,0.197,0.0436,0.4120925848058647,420.0,2025-05-02,0.21,O:DIA250502C00420000,27.55,O:DIA250502P00420000,0.18111158192575738,1.0,0.00010000000000000002,-0.4119925848058647,-0.5526594631821853,0.010115117933973107,38.295399220692204,-366.21291482298443,-0.11608440182257998,0.9724847346397545,121.23069941834662,0.03614532626499045,0.00535742865290443,6.487055336433104,-14.065328524053564,0.006083102298949814,0.8038850643699906,118.1361995402465,-0.5888047894471757,0.004757689281068678,31.8083438842591,-352.1475862989309,-0.1221675041215298,0.16859967026976383,3.0944998781001276,False
2025-04-21,381.6199951171875,0.0,0.0435,0.4190676769183548,420.0,2025-05-02,0.09,O:DIA250502C00420000,33.45,O:DIA250502P00420000,0.2290262425338821,1.0,0.00010000000000000002,-0.4189676769183548,-0.641508752373734,0.007458415106847194,29.325225580486652,-367.2521572852747,-0.10627736719425691,0.5927001722832415,64.61758819278712,0.01552075102976393,0.002360986077418054,2.8124375388272775,-9.271444784854348,0.0020832246186407153,0.37457009997288426,58.25628512448475,-0.6570295034034979,0.00509742902942914,26.512788041659373,-357.98071250042034,-0.10836059181289763,0.21813007231035725,6.361303068302378,False
2025-04-22,391.8699951171875,0.0,0.0433,0.4289356496240923,420.0,2025-05-02,0.19,O:DIA250502C00420000,33.45,O:DIA250502P00420000,0.20667608374275986,1.0,0.4222173158064486,-0.006718333817643696,-0.5811018071663472,0.010686117444513,31.940429084580664,-425.65563245652993,-0.08652102353791465,0.8579397107016127,90.16312146823181,0.03386236598115614,0.005211260001998388,5.250569778243302,-17.657732023970585,0.004152268314822882,0.678103167732084,86.49312607462493,-0.6149641731475033,0.005474857442514611,26.68985930633736,-407.99790043255933,-0.09067329185273752,0.17983654296952864,3.669995393606878,False
2025-04-23,395.9100036621094,0.0,0.0433,0.43160100632436765,420.0,2025-05-02,0.32,O:DIA250502C00420000,33.45,O:DIA250502P00420000,0.21395023054012063,1.0,0.5091807039022445,0.0775796975778768,-0.5498004266163539,0.01363423688398143,32.68511876091836,-474.3981149974527,-0.07179790476131177,1.0097339113342207,92.25356726766151,0.05425441629258487,0.007795122700079754,7.261497037796557,-28.88100357988207,0.005877740598078583,0.8438558476727076,89.36553282797249,-0.6040548429089387,0.005839114183901676,25.423621723121798,-445.5171114175706,-0.07767564535939035,0.16587806366151323,2.888034439689027,False
2025-04-24,400.9800109863281,0.0,0.0434,0.4353514734528332,420.0,2025-05-02,0.34,O:DIA250502C00420000,33.45,O:DIA250502P00420000,0.19289829067364053,1.0,0.5986568087726833,0.16330533531985014,-0.5198397087354922,0.017030583678625227,32.0370687193311,-527.846855261009,-0.05818730645256392,1.165196562295179,97.1311258420951,0.06585714339667609,0.010732117443063063,7.925194915549194,-33.235212678552564,0.006206523353030323,1.020697807613011,95.19560079235393,-0.5856968521321684,0.006298466235562164,24.111873803781908,-494.61164258245634,-0.06439382980559424,0.14449875468216783,1.9355250497411736,False
2025-04-25,401.0199890136719,0.0,0.0434,0.4354387528266536,420.0,2025-05-02,0.14,O:DIA250502C00420000,33.45,O:DIA250502P00420000,0.17728944048286416,1.0,0.6505036411404608,0.21506488831380716,-0.5638296423901893,0.014658058356798087,26.25363603856804,-558.6513045244644,-0.05154340538794395,0.9595732433507429,84.51392569591057,0.03555437668554404,0.007815845035070523,4.421405167621773,-20.36620678101145,0.002801193600758894,0.8078294220669512,82.35600002381555,-0.5993840190757334,0.0068422133217275645,21.832230870946265,-538.285097743453,-0.05434459898870284,0.15174382128379169,2.1579256720950144,False
2025-04-28,402.2699890136719,0.0,0.0435,0.4321280595253326,420.0,2025-05-02,0.1,O:DIA250502C00420000,20.01,O:DIA250502P00420000,0.17686597057114306,0.41774144990781725,0.3273215421766043,-0.10480651734872831,-0.753180039763744,0.021311229018743542,18.28172384198135,-200.96575984747156,-0.05128440100334574,1.3061936626443078,92.24539514194726,0.029146906091320122,0.007411158932423707,3.36686052928506,-19.263400504926246,0.001845226284625059,0.7195743982702796,69.05326558755375,-0.7823269458550641,0.013900070086319837,14.91486331269629,-181.70235934254532,-0.0531296272879708,0.5866192643740283,23.1921295543935,False
2025-04-29,405.2099914550781,0.0,0.0435,0.43121208250971044,420.0,2025-05-02,0.13,O:DIA250502C00420000,20.01,O:DIA250502P00420000,0.18382368230357754,0.41774144990781725,0.4489666918575763,0.01775460934786588,-0.7341602731488848,0.02686307635957192,17.09441047503949,-248.86601079706418,-0.03744661770359834,1.4034536455903575,83.31701890350587,0.03992653474530078,0.010587278113327893,3.8042301908110088,-30.069034724152868,0.001910551286068359,0.8292577232324909,64.21698284043687,-0.7740868078941855,0.01627579824624403,13.29018028422848,-218.79697607291132,-0.0393571689896667,0.5741959223578665,19.100036063068995,False
2025-04-30,406.3399963378906,0.0,0.0435,0.43146801768400095,420.0,2025-05-02,0.1,O:DIA250502C00420000,20.01,O:DIA250502P00420000,0.20151896829044455,0.41774144990781725,0.5707157272398472,0.13924770955584626,-0.7703909243485306,0.0287781270974903,12.761195929465318,-283.5760672618608,-0.02605230666399973,1.292242659697048,64.41120969978522,0.03487395125176274,0.01056099657173957,2.788877459874627,-36.018812262592775,0.0011167207320578606,0.7001892472316129,45.96718630487249,-0.8052648756002934,0.01821713052575073,9.972318469590691,-247.55725499926805,-0.02716902739605759,0.592053412465435,18.44402339491273,True
2025-05-01,407.4200134277344,0.0,0.0438,0.4309269204928353,407.5,2025-06-06,18.13,O:DIA250606C00407500,8.4,O:DIA250606P00407500,0.1893924252488432,0.17762348023714017,0.2543430141471327,-0.17658390634570265,0.08194467760549595,0.03308279897317222,103.86515649172881,-92.99123947720537,0.014668679767595394,-0.1906891192114395,2.57120006461467,0.5404132004423712,0.01601336879372017,51.940106504215535,-56.843927957844,0.2160544156799059,-0.08516658978956693,1.1309828474419004,-0.4584685228368752,0.017069430179452047,51.92504998751328,-36.14731151936137,-0.20138573591231052,-0.10552252942187258,1.44021721717277,False
2025-05-02,413.0400085449219,0.0,0.0438,0.4090033930557102,407.5,2025-06-06,18.13,O:DIA250606C00407500,8.4,O:DIA250606P00407500,0.1893924252488432,0.17762348023714017,0.2515815349251032,-0.157421858130607,0.2646432001323066,0.03159375656200077,98.03369442149096,-94.5999821944323,0.08882682407643328,-1.1530645888658546,50.79731795447453,0.6289358912672165,0.01533826291168521,49.165730136053334,-57.70308888944132,0.2439964273635354,-0.5375374931609931,23.009887099223658,-0.3642926911349099,0.016255493650315565,48.86796428543764,-36.89689330499099,-0.15516960328710214,-0.6155270957048615,27.78743085525087,False
2025-05-05,412.260009765625,0.0,0.0438,0.35306444943689963,407.5,2025-06-06,18.13,O:DIA250606C00407500,8.4,O:DIA250606P00407500,0.1893924252488432,0.17762348023714017,0.2584391087420286,-0.09462534069487105,0.2413991481618909,0.03262860863644769,96.82648633642886,-96.80991096431262,0.07650057967485019,-1.0419068475230855,40.81215996918861,0.6176404471457917,0.015831428327964085,48.53285320743595,-58.835226433447026,0.23001769676308903,-0.4850969406356836,18.471267153372537,-0.3762412989839008,0.01679718030848361,48.29363312899291,-37.974684530865595,-0.15351711708823884,-0.5568099068874018,22.34089281581608,False
2025-05-06,408.239990234375,0.0,0.0437,0.35317953267689867,407.5,2025-06-06,18.13,O:DIA250606C00407500,8.05,O:DIA250606P00407500,0.1893924252488432,0.18719729864079832,0.26619359820783134,-0.08698593446906733,0.10379278987243534,0.03406759740853784,97.57167181788482,-101.68818120270663,0.02172515436857131,-0.3091280646995051,4.973913324205491,0.5517267669463943,0.016935462243491253,48.78856510208426,-60.00330886945583,0.19597257245608357,-0.15207428972714554,2.4387238037211794,-0.447933977073959,0.017132135165046587,48.78310671580056,-41.684872333250794,-0.17424741808751226,-0.15705377497235956,2.535189520484312,False
2025-05-07,411.04998779296875,0.0,0.0437,0.35041518146243217,407.5,2025-06-06,18.13,O:DIA250606C00407500,8.05,O:DIA250606P00407500,0.1893924252488432,0.18719729864079832,0.26860298059657217,-0.08181220086586,0.1991946094901097,0.033797650605128474,93.86904009374155,-103.99595255787906,0.05525580295004878,-0.8073244320762472,24.740329796550455,0.599154292386115,0.016805210338525133,46.948095281835364,-61.167410302594575,0.20462361497109474,-0.39840771052764096,12.152948795889532,-0.39995968289600525,0.016992440266603345,46.92094481190618,-42.82854225528449,-0.14936781202104596,-0.40891672154860614,12.587381000660924,False
2025-05-08,413.8800048828125,0.0,0.0437,0.21639037072333808,407.5,2025-06-06,18.13,O:DIA250606C00407500,8.05,O:DIA250606P00407500,0.1893924252488432,0.18719729864079832,0.26918017801642413,0.05278980729308605,0.29604679714370064,0.03299708589161598,88.68879850657311,-104.72805266163685,0.08637988145679493,-1.283820896410086,58.28898410157224,0.6473189059473015,0.016414273017787542,44.376383206416186,-61.54882578381332,0.21208086858127617,-0.6342657713651991,28.65185094331969,-0.3512721088036008,0.016582812873828436,44.312415300156914,-43.17922687782353,-0.12570098712448124,-0.6495551250448868,29.637133158252553,False
2025-05-09,412.4200134277344,0.0,0.0437,0.19328125150563485,407.5,2025-06-06,18.13,O:DIA250606C00407500,5.8,O:DIA250606P00407500,0.1893924252488432,0.18693560937610743,0.25428461941629654,0.06100336791066169,0.24977685481541978,0.03469435600999084,88.12261573928117,-108.17721703670301,0.06743955875208138,-1.0696223670293157,39.565480629605304,0.6242315169032808,0.0172434945064612,44.08560523089453,-63.31724353012263,0.19460828634442534,-0.5274259983701955,19.401945740767314,-0.37445466208786105,0.017450861503529636,44.03701050838664,-44.85997350658038,-0.12716872759234396,-0.54219636865912,20.163534888837987,False
2025-05-12,424.2300109863281,0.0,0.0438,0.21000494232066555,407.5,2025-06-06,18.13,O:DIA250606C00407500,5.8,O:DIA250606P00407500,0.1893924252488432,0.18693560937610743,0.20459503949582575,-0.005409902824839802,0.6148837349834476,0.024964866645495916,63.74062032335199,-89.96390200711451,0.1794442224518498,-2.3755108528271847,240.34690255085926,0.8059828531806069,0.012458755535546321,32.017919345475526,-54.29176816145752,0.24234047178621107,-1.1772579368156622,118.37357714370954,-0.1910991181971593,0.012506111109949595,31.722700977876467,-35.672133845657,-0.06289624933436128,-1.1982529160115225,121.97332540714972,False
2025-05-13,421.510009765625,0.0,0.043899999999999995,0.2111967124992044,407.5,2025-06-06,18.13,O:DIA250606C00407500,5.8,O:DIA250606P00407500,0.1893924252488432,0.18693560937610743,0.23106357250362636,0.01986686000442195,0.5525594854323259,0.028206024223606338,67.3531118863284,-98.02364849216403,0.15144136055417526,-2.2541929240973118,192.93095823203475,0.7748952606340758,0.014060560732997569,33.79504236814279,-58.34665442813913,0.22035436348371842,-1.1158243025780712,94.91274043973564,-0.22233577520174985,0.014145463490608771,33.55806951818561,-39.67699406402489,-0.06891300292954317,-1.1383686215192406,98.01821779229913,False
2025-05-14,420.54998779296875,0.0,0.043899999999999995,0.21054648422437766,407.5,2025-06-06,18.13,O:DIA250606C00407500,5.8,O:DIA250606P00407500,0.1893924252488432,0.18693560937610743,0.24413409833461044,0.03358761411023278,0.5346431789369582,0.029739359454953904,66.76402513968158,-102.10677978293998,0.13820707389260622,-2.2128475145443027,176.4737519645869,0.7659625058871578,0.014820879921755008,33.49039147116671,-60.399753090467165,0.20573423379931377,-1.095051528300883,86.79255258608853,-0.23131932695019952,0.014918479533198897,33.27363366851487,-41.70702669247281,-0.06752715990670753,-1.1177959862434197,89.68119937849838,False
2025-05-15,423.4800109863281,0.0,0.0437,0.19824986591576024,407.5,2025-06-06,18.13,O:DIA250606C00407500,5.8,O:DIA250606P00407500,0.1893924252488432,0.18693560937610743,0.23133058796077965,0.03308072204501941,0.6284295076691737,0.026658589133372088,57.11556743298935,-95.33580882531196,0.1554569256392931,-2.4069931243242353,229.51373896655167,0.8127363976780466,0.013308066346218552,28.69874041228599,-57.003345544550896,0.20631533419673814,-1.1932828353609661,113.07362430132238,-0.1843068900088729,0.013350522787153537,28.41682702070336,-38.33246328076106,-0.05085840855744505,-1.2137102889632694,116.44011466522927,False
2025-05-16,426.54998779296875,0.322,0.0437,0.18813956919775707,407.5,2025-06-06,18.13,O:DIA250606C00407500,5.8,O:DIA250606P00407500,0.1893924252488432,0.18693560937610743,0.20731052113324408,0.019170951935487013,0.7175681161303632,0.022866265559136494,46.5976879167888,-86.02567743040491,0.16850464558321077,-2.4486084063895435,273.9163454871011,0.857280102683264,0.011441047812003193,23.467076653225362,-52.37061522956807,0.20481813389979384,-1.216802418040987,135.26311217405853,-0.13971198655290085,0.011425217747133301,23.130611263563434,-33.655062200836845,-0.03631348831658307,-1.2318059883485561,138.65323331304262,False
2025-05-19,428.0400085449219,0.0,0.0437,0.15333313352186803,407.5,2025-06-06,21.65,O:DIA250606C00407500,5.8,O:DIA250606P00407500,0.11470423756853901,0.18693560937610743,0.26398374729156493,0.1106506137696969,0.8563168522949842,0.01581454975026466,26.09611290844062,-54.80377254358181,0.19099692253356884,-2.2425250860760277,346.3840709423916,0.9727103914265836,0.005434332844673319,6.344858196150749,-23.79882083490296,0.219282757921094,-1.0390672268837875,201.5082399492375,-0.11639353913159933,0.01038021690559134,19.75125471228987,-31.00495170867885,-0.02828583538752517,-1.2034578591922402,144.8758309931541,False
2025-05-20,426.9700012207031,0.0,0.0436,0.13405576171494232,407.5,2025-06-06,21.65,O:DIA250606C00407500,5.8,O:DIA250606P00407500,0.11470423756853901,0.18693560937610743,0.28608383589833974,0.15202807418339742,0.8503725871892103,0.01705636927283648,25.908654675374056,-57.297885839286565,0.17615900089592906,-2.2978743890076934,337.00758742282994,0.9706774628654918,0.00600200914114261,6.474610570909539,-24.373817801140714,0.20322175577905852,-1.0854150807424967,199.0308909826277,-0.12030487567628156,0.01105436013169387,19.434044104464515,-32.92406803814585,-0.02706275488312944,-1.2124593082651967,137.97669644020226,False
2025-05-21,418.75,0.0,0.0435,0.15586684650753746,407.5,2025-06-06,21.65,O:DIA250606C00407500,5.8,O:DIA250606P00407500,0.11470423756853901,0.18693560937610743,0.35716838693320757,0.2013015404256701,0.6516268061273027,0.0366764894894325,45.85026025158905,-87.48263504226911,0.12277595273824873,-3.1341245294190534,292.82630852361,0.8816487854023654,0.01889956780999773,18.101796607918313,-37.308676088254096,0.16975338712279928,-2.000300091734694,216.28376968791162,-0.23002197927506263,0.017776921679434773,27.74846364367074,-50.17395895401501,-0.046977434384550536,-1.1338244376843596,76.54253883569841,False
2025-05-22,418.82000732421875,0.0,0.0437,0.15156069109741013,407.5,2025-06-06,21.65,O:DIA250606C00407500,5.8,O:DIA250606P00407500,0.11470423756853901,0.18693560937610743,0.3729730795234442,0.22141238842603408,0.6709024056286865,0.03667453572932328,42.23868878898661,-88.60585052483242,0.11621974385852701,-3.124401754272519,290.4380590179344,0.8915720931472515,0.018541513549644034,16.284395061041852,-37.16201077957611,0.15748437169725438,-1.9647216016605564,212.30858501888898,-0.22066968751856497,0.01813302217967924,25.95429372794476,-51.44383974525631,-0.04126462783872736,-1.1596801526119624,78.12947399904543,False
2025-05-23,416.3299865722656,0.0,0.0436,0.1541797046828304,407.5,2025-06-06,21.65,O:DIA250606C00407500,5.8,O:DIA250606P00407500,0.11470423756853901,0.18693560937610743,0.4030906648412347,0.24891096015840428,0.5865560646737178,0.04574851763184528,46.50553728507437,-101.82665981279871,0.09182964304061642,-3.110143830947495,231.01768363783208,0.8473967576134085,0.024791623866210175,19.55956900975116,-43.201897392413954,0.13591245009612601,-2.0611956165777814,175.27549931957955,-0.2608406929396907,0.020956893765635105,26.945968275323207,-58.624762420384755,-0.04408280705550959,-1.0489482143697137,55.74218431825251,False
2025-05-27,423.8500061035156,0.0,0.0435,0.1645009127764351,407.5,2025-06-06,21.65,O:DIA250606C00407500,1.34,O:DIA250606P00407500,0.11470423756853901,0.22466321791552615,0.3083810272097588,0.14388011443332369,0.8275852483644345,0.019930633288848348,21.648703665231835,-84.03991936556343,0.10553844911358048,-1.9621629684877178,221.36537730020882,0.9773917083523426,0.006200051790873548,4.055912839362284,-24.609127531093087,0.12612113767872998,-0.9281090019158232,140.36456880855673,-0.1498064599879081,0.0137305814979748,17.592790825869553,-59.430791834470355,-0.02058268856514949,-1.0340539665718946,81.00080849165208,False
2025-05-28,421.4200134277344,0.0,0.0435,0.16612611296037158,407.5,2025-06-06,21.65,O:DIA250606C00407500,1.34,O:DIA250606P00407500,0.11470423756853901,0.22466321791552615,0.3582945603847504,0.1921684474243788,0.7948031263296512,0.02541485056563074,23.131103044730267,-97.0167159934555,0.08859752640404482,-2.212393222441278,220.43866008249785,0.966356794332328,0.009284448154839324,5.253677022695067,-27.9305744618433,0.10908960504527895,-1.1807333153083146,151.74309498304288,-0.1715536680026768,0.016130402410791413,17.8774260220352,-69.0861415316122,-0.020492078641234136,-1.0316599071329633,68.69556509945498,False
2025-05-29,422.4599914550781,0.0,0.0434,0.1661101925634127,407.5,2025-06-06,21.65,O:DIA250606C00407500,1.34,O:DIA250606P00407500,0.11470423756853901,0.22466321791552615,0.3759978341981769,0.2098876416347642,0.8438403848702076,0.020915582183754687,17.243450772576832,-89.54825213365031,0.08095552676845044,-1.827982751163901,182.12206960818554,0.9823220149756291,0.0058299288403571075,2.8416108201844694,-24.185866908654063,0.0951340029303428,-0.7929663510757654,108.77137868983301,-0.13848163010542147,0.015085653343397579,14.401839952392363,-65.36238522499625,-0.014178476161892354,-1.0350164000881357,73.35069091835253,False
2025-05-30,422.8500061035156,0.0,0.0433,0.1661330324863274,407.5,2025-06-06,21.65,O:DIA250606C00407500,1.34,O:DIA250606P00407500,0.11470423756853901,0.22466321791552615,0.4075697597324849,0.24143672724615747,0.8777415608284116,0.01800591314398532,12.91068933724074,-84.28806682700805,0.0703746213733364,-1.5190735717540715,144.412380795908,0.990608592370975,0.003692785983219019,1.502711974561284,-21.800365723227834,0.07999150653333725,-0.5132892092545351,71.84004860021408,-0.11286703154256339,0.0143131271607663,11.407977362679455,-62.48770110378022,-0.009616885160000851,-1.0057843624995364,72.57233219569393,True
2025-06-02,423.7099914550781,0.0,0.0433,0.1601129037649822,423.0,2025-07-11,8.7,O:DIA250711C00423000,6.55,O:DIA250711P00423000,0.12610407820988695,0.15703499557432185,0.13196921921670435,-0.028143684548277842,0.13054561811053833,0.03913967428408312,113.13759969920227,-71.29393402231156,0.04485319047626815,-0.6653311717395501,16.03129446329934,0.5702749197083726,0.021667299903412367,56.45063010611721,-41.01524735658216,0.26805572457713167,-0.4182475253477897,10.64525171497555,-0.4397293015978343,0.01747237438067075,56.68696959308507,-30.278686665729396,-0.22320253410086352,-0.24708364639176048,5.386042748323789,False
2025-06-03,426.010009765625,0.0,0.0433,0.16027218065569188,423.0,2025-07-11,8.7,O:DIA250711C00423000,6.55,O:DIA250711P00423000,0.12610407820988695,0.15703499557432185,0.13055592964664103,-0.029716251009050842,0.2195728185227619,0.038595579052752495,108.94952955704946,-72.79904650994717,0.0856513746701364,-1.286742921340711,52.018890961405305,0.619496645323239,0.02127127387846871,54.09034221802443,-41.69309468599282,0.2822308784043356,-0.7917707474936978,34.197847112568674,-0.3999238268004771,0.017324305174283783,54.85918733902503,-31.105951823954356,-0.1965795037341992,-0.49497217384701336,17.821043848836634,False
2025-06-04,424.94000244140625,0.0,0.0432,0.15540408178340273,423.0,2025-07-11,8.7,O:DIA250711C00423000,6.55,O:DIA250711P00423000,0.12610407820988695,0.15703499557432185,0.13513975956290958,-0.020264322220493153,0.17736387432706247,0.03996461539242405,108.20730434025373,-74.0889584161776,0.06366407424636972,-1.0029756164102417,31.925795859811956,0.5962404608594138,0.022079184919051382,53.86797181419192,-42.253525397583964,0.2617310116025468,-0.621436423301152,21.05876098736675,-0.4188765865323514,0.017885430473372665,54.33933252606181,-31.835433018593637,-0.1980669373561771,-0.3815391931090897,10.867034872445208,False
2025-06-05,423.9700012207031,0.0,0.0426,0.1550300838068326,423.0,2025-07-11,8.7,O:DIA250711C00423000,6.55,O:DIA250711P00423000,0.12610407820988695,0.15703499557432185,0.13927739651799204,-0.015752687288840578,0.13618691460879517,0.04125922185367775,107.06116333867787,-75.26966771624578,0.04358279028691639,-0.7195907244065026,17.149541947258427,0.5735071757256655,0.022835082484058574,53.40412214217368,-42.63950531852358,0.24227118383252091,-0.4503049150112913,11.363910685044667,-0.4373202611168703,0.01842413936961918,53.657041196504196,-32.630162397722195,-0.19868839354560452,-0.26928580939521135,5.785631262213759,False
2025-06-06,428.3800048828125,0.0,0.042800000000000005,0.15711072524745515,423.0,2025-07-11,8.7,O:DIA250711C00423000,4.55,O:DIA250711P00423000,0.12610407820988695,0.14247347730285367,0.1114778093367815,-0.045632915910673644,0.32676593514311325,0.04040407673235912,98.47020020711159,-72.01499047033701,0.12352592150069741,-2.0762226276510463,118.93806633582352,0.6718250210063252,0.021236820828985682,48.75469968961269,-42.8372461596154,0.2746830771425026,-1.1611807533096845,69.7136744767862,-0.345059085863212,0.01916725590337344,49.71550051749889,-29.17774431072162,-0.1511571556418052,-0.9150418743413619,49.22439185903733,False
2025-06-09,428.3599853515625,0.0,0.0429,0.15603637777812684,423.0,2025-07-11,11.05,O:DIA250711C00423000,4.55,O:DIA250711P00423000,0.13270183830182503,0.14247347730285367,0.13875452601537108,-0.017281851762755762,0.3214672935903875,0.04029674143525687,96.7864066985833,-75.16886772011532,0.11639568893502045,-1.9842294558929192,108.96685982362257,0.6655702544648094,0.020753634255955528,48.12819663846457,-45.28707808743101,0.26100348995520467,-1.0610875862467875,59.99551098547565,-0.34410296087442194,0.019543107179301338,48.658210060118726,-29.88178963268431,-0.14460780102018422,-0.9231418696461318,48.97134883814693,False
2025-06-10,429.6099853515625,0.0,0.0429,0.12029782969674713,423.0,2025-07-11,11.05,O:DIA250711C00423000,4.55,O:DIA250711P00423000,0.13270183830182503,0.14247347730285367,0.13734257748275994,0.01704474778601281,0.3748334317935149,0.039688906953173494,91.89593188142797,-75.52281648129271,0.13271357719712204,-2.3052478019120928,146.50379409665265,0.6930369802823156,0.020395376398187712,45.591585243760136,-45.414064879705805,0.2610468313562604,-1.2292766806995148,80.48765060288468,-0.3182035484888007,0.019293530554985786,46.304346637667834,-30.1087516015869,-0.12833325415913835,-1.0759711212125782,66.01614349376796,False
2025-06-11,429.6000061035156,0.0,0.043,0.11742163709537258,423.0,2025-07-11,11.25,O:DIA250711C00423000,3.43,O:DIA250711P00423000,0.12629565283698205,0.13454040833572695,0.1304342528484762,0.013012615753103626,0.3961735926589913,0.04215345320025937,88.51065597979627,-72.81578106191478,0.1357680917514204,-2.5727143493809823,169.76175925660397,0.7033816750449687,0.021576962777027964,43.90656000437227,-44.26859578714079,0.25398019768385827,-1.3607490551771435,92.26095092178629,-0.3072080823859774,0.020576490423231408,44.604095975424,-28.54718527477398,-0.11821210593243787,-1.211965294203839,77.50080833481766,False
2025-06-12,430.489990234375,0.0,0.0418,0.11683621372171792,423.0,2025-07-11,11.25,O:DIA250711C00423000,3.77,O:DIA250711P00423000,0.12629565283698205,0.1509261218056235,0.13370809777975085,0.01687188405803293,0.41722012470072756,0.04002006425276596,85.18050334747709,-77.86029109731942,0.1367994489353314,-2.5513853853554402,176.6345462996337,0.7241431436149393,0.021292345484224966,41.52950701835014,-44.01234417783009,0.25004718844790136,-1.4784354688907506,109.3536914405035,-0.3069230189142117,0.018727718768540996,43.65099632912695,-33.847946919489324,-0.11324773951256993,-1.0729499164646896,67.28085485913023,False
2025-06-13,422.80999755859375,0.0,0.042300000000000004,0.13268787378618707,423.0,2025-07-11,7.0,O:DIA250711C00423000,7.45,O:DIA250711P00423000,0.13419747820961922,0.1696452281148639,0.15192571905776858,0.01923784527158151,0.07193365793286077,0.044515486961408945,94.65064992194758,-91.2711391784427,0.01267005534521859,-0.2582467865978896,2.833192437532626,0.5381676854980223,0.02484345890941629,47.301658374789405,-49.31986386546875,0.17503387126312275,-0.17167046699165361,1.9593204635106585,-0.4662340275651615,0.019672028051992654,47.34899154715817,-41.95127531297394,-0.16236381591790416,-0.08657631960623594,0.8738719740219677,False
2025-06-16,426.2799987792969,0.0,0.0424,0.1334276484147173,423.0,2025-07-11,8.15,O:DIA250711C00423000,4.86,O:DIA250711P00423000,0.11906214826229167,0.14923560577586686,0.13422405448928476,0.0007964060745674628,0.2499240212286643,0.04883871742306992,88.7278660027419,-82.98923251791085,0.07051684991353838,-1.6322928196107713,62.26353921383064,0.6369801412596701,0.026921777714812585,43.91576175354901,-45.84196188065273,0.19858158662434763,-1.0011526472487184,41.06141545393104,-0.38705612003100576,0.021916939708257338,44.8121042491929,-37.14727063725812,-0.12806473671080926,-0.6311401723620528,21.2021237598996,False
2025-06-17,423.1099853515625,0.0,0.042300000000000004,0.13526240805254225,423.0,2025-07-11,7.2,O:DIA250711C00423000,6.7,O:DIA250711P00423000,0.14395962678978555,0.16370144052063418,0.15383242100775246,0.018570012955210213,0.080211542443266,0.045823076649096614,89.76853875223946,-97.51400411825563,0.014313074677280102,-0.3109036328537611,3.5633616438895177,0.5416234513404923,0.024372926619773593,44.866987102913185,-54.60241712042601,0.15854735040195017,-0.1820404252516403,2.151668442051279,-0.4614119088972263,0.02145015002932302,44.90155164932628,-42.91158699782962,-0.14423427572467007,-0.12886320760212083,1.4116932018382387,False
2025-06-18,422.8399963378906,0.0,0.042,0.13506675923306458,423.0,2025-07-11,7.4,O:DIA250711C00423000,6.24,O:DIA250711P00423000,0.15698414604803407,0.15416301326862336,0.1555735942348838,0.020506835001819212,0.06453023814521242,0.04654961038645462,87.34072842035403,-101.28354780709925,0.009205611755439824,-0.20737712440302233,1.8442174816963572,0.5321188953677018,0.023064468329283216,43.67166442626117,-59.95252056563818,0.14679442778040575,-0.10087520149486942,0.8929048622784371,-0.46758865722248943,0.023485142057171404,43.66906399409285,-41.33102724146107,-0.13758881602496592,-0.10650192290815291,0.9513126194179201,False
2025-06-20,421.760009765625,1.199,0.042,0.11588258689414296,423.0,2025-07-11,7.4,O:DIA250711C00423000,5.65,O:DIA250711P00423000,0.15698414604803407,0.13536064524032196,0.15891498275250196,0.043032395858358996,0.004425015256699916,0.05333829119806082,82.09998216815796,-100.38044023058893,-0.006034250164619753,0.16512605434653893,-0.0919464999994894,0.5031011709538669,0.02469621465723525,41.04948394706207,-62.77562577923972,0.12252030953580967,0.07757473121785172,-0.06205132406677065,-0.49867615569716695,0.02864207654082557,41.05049822109589,-37.60481445134921,-0.12855455970042942,0.0875513231286872,-0.029895175932718752,False
2025-06-23,425.7200012207031,0.0,0.042,0.1201974887476342,423.0,2025-07-11,7.1,O:DIA250711C00423000,4.2,O:DIA250711P00423000,0.12624248442374233,0.14722630739878742,0.1367640837267041,0.0165665949790699,0.22737728396274226,0.056070628007284615,76.773969074586,-98.11102046136983,0.047499476447877095,-1.453552758278268,42.60178982039652,0.6212269639374258,0.030027756653385616,38.168406138714396,-54.17575699853404,0.14298263546987477,-0.8404962701214087,26.035565318587597,-0.39384967997468356,0.026042871353899003,38.60556293587162,-43.9352634628358,-0.09548315902199768,-0.6130564881568592,16.566224501808918,False
2025-06-24,430.7900085449219,0.0,0.0421,0.12348411727832079,423.0,2025-07-11,11.5,O:DIA250711C00423000,2.69,O:DIA250711P00423000,0.16039876972879774,0.1572904091642926,0.15884703685492277,0.03536291957660198,0.44084023765084845,0.04328829053772243,65.82466361740498,-108.7426185983063,0.09064898439202879,-2.321315781537416,132.68607707293904,0.7186164783722849,0.02150015609090803,33.01541048838284,-63.875752084090436,0.1537677136968539,-1.1408340855157009,64.60116103000836,-0.2777762407214365,0.0217881344468144,32.80925312902214,-44.86686651421586,-0.06311872930482512,-1.180481696021715,68.08491604293067,False
2025-06-25,429.8599853515625,0.0,0.0421,0.10790573334926845,423.0,2025-07-11,10.1,O:DIA250711C00423000,2.69,O:DIA250711P00423000,0.14542428157517145,0.1572904091642926,0.15011432016938928,0.042208586820120825,0.42792709966911635,0.04794824553361531,63.7887119419291,-108.62553730150725,0.08146536519077627,-2.3959353559885592,127.33289369335023,0.7210561302648134,0.02463161581893099,31.51842980756701,-60.751041393677674,0.1427872274253727,-1.2806018305132958,70.39075517550333,-0.29312903059569706,0.02331662971468432,32.27028213436209,-47.874495907829576,-0.06132186223459644,-1.1153335254752637,56.94213851784691,False
2025-06-26,433.92999267578125,0.0,0.041100000000000005,0.10931887184037292,423.0,2025-07-11,12.9,O:DIA250711C00423000,1.31,O:DIA250711P00423000,0.14128769027013252,0.14545829684614842,0.14338559025079015,0.034066718410417224,0.6458867543498055,0.039955756618863886,47.08284159156906,-88.27149867301046,0.11613714208049192,-3.2485506435569755,272.9986253615286,0.8263302647135651,0.020026990815007757,23.256882920173986,-51.8456358724255,0.1508874739231853,-1.6526808664371795,140.80652683807813,-0.1804435103637596,0.019928765803856132,23.82595867139507,-36.42586280058496,-0.03475033184269339,-1.5958697771197958,132.19209852345045,False
2025-06-27,438.0,0.0,0.04190000000000001,0.11283824057957818,423.0,2025-07-11,12.9,O:DIA250711C00423000,0.88,O:DIA250711P00423000,0.14128769027013252,0.1611777301551696,0.00010000000000000002,-0.11273824057957818,0.780691377008101,0.02828909373754193,32.637150645054845,-76.1975946690193,0.12889115737746598,-2.9607518597854194,319.0506417579885,0.9051141585912108,0.013698445044363449,14.734088613418733,-42.15965468750149,0.15086622814469006,-1.5335886415303992,175.45664674963282,-0.12442278158310982,0.014590648693178481,17.90306203163611,-34.03793998151781,-0.021975070767224082,-1.4271632182550202,143.5939950083557,False
2025-06-30,440.6499938964844,0.0,0.042800000000000005,0.11375453025236115,423.0,2025-07-11,12.9,O:DIA250711C00423000,0.41,O:DIA250711P00423000,0.14128769027013252,0.15440703823032664,0.00010000000000000002,-0.11365453025236115,0.87430818081906,0.019967975350906803,20.52560421760857,-58.35481214376076,0.13081521106747507,-2.49896346981866,319.1993774645525,0.9453765160866723,0.009403526322517657,9.213498629786837,-35.25933405654257,0.14214601874672878,-1.2332600315371083,164.48259307675752,-0.07106833526761225,0.010564449028389147,11.312105587821733,-23.09547808721819,-0.011330807679253702,-1.2657034382815515,154.71678438779497,True
2025-07-01,444.8900146484375,0.0,0.0432,0.1168532841553722,445.0,2025-08-01,8.15,O:DIA250801C00445000,6.31,O:DIA250801P00445000,0.1364065074909584,0.13267463231577173,0.13454067343175408,0.017687389276381874,0.08859290831255195,0.04385963005949996,106.57809461741553,-79.63134351305277,0.022775567713090944,-0.4164159906147292,6.229227840494792,0.543908141806808,0.021628060607895343,53.29485430842958,-49.92709463144851,0.21341563202557443,-0.20079560807693408,2.976357936788688,-0.45531523349425607,0.02223156945160461,53.283240308985945,-29.704248881604258,-0.19064006431248348,-0.2156203825377951,3.2528699037061037,False
2025-07-02,444.7099914550781,0.0,0.0433,0.11672743837875389,445.0,2025-08-01,7.55,O:DIA250801C00445000,6.4,O:DIA250801P00445000,0.13056376215833473,0.13514537130553422,0.13285469134598968,0.016127252967235786,0.07913362338177299,0.04549469389968335,104.32413110203453,-80.29953893479914,0.018544177996596634,-0.3593766451689832,4.693312873755321,0.5399781200396291,0.02313723764432074,52.15669658795072,-49.07230863559911,0.20304923147907114,-0.18788663118565138,2.478135014242245,-0.4608444966578561,0.02235745625536261,52.1674345140838,-31.227230299200038,-0.1845050534824745,-0.17149001398333183,2.2151778595130764,False
2025-07-03,448.0899963378906,0.0,0.0435,0.1168601514507375,445.0,2025-08-01,9.51,O:DIA250801C00445000,4.9,O:DIA250801P00445000,0.13455966693387472,0.1363822541473535,0.13547117461860175,0.018611023167864255,0.22757530378905377,0.04366915417254148,98.98103935629933,-84.26364562648774,0.07297018086785956,-1.4128004156239338,52.85631619474427,0.6144313321762035,0.02197083194498684,49.46644001213583,-51.49988435686028,0.22150877782060024,-0.7163027794836317,26.95233349184783,-0.3868560283871497,0.021698322227554648,49.5145993441635,-32.76376126962747,-0.1485385969527407,-0.6964976361403021,25.903982702896435,False
2025-07-07,444.0,0.0,0.0437,0.12307729225300307,445.0,2025-08-01,6.47,O:DIA250801C00445000,6.67,O:DIA250801P00445000,0.12827478247080337,0.14193748660165742,0.1351062038257718,0.012028911572768725,0.037321863030839175,0.04851111006895577,97.16817487407411,-87.20950950755275,0.002586795100323752,-0.05804600596335438,0.33215097312596176,0.5188562817921866,0.025481430218713828,48.58297300069377,-51.112328663018616,0.16881514258725733,-0.03746850598508951,0.21599001398294887,-0.4815344187613474,0.023029679850241944,48.585201873380335,-36.097180844534144,-0.16622834748693358,-0.020577499978264868,0.11616095914301292,False
2025-07-08,442.3800048828125,0.0,0.0436,0.12095683272165547,445.0,2025-08-01,5.51,O:DIA250801C00445000,6.9,O:DIA250801P00445000,0.12932736425406055,0.13259242557089124,0.13095995443016292,0.01000312170850745,-0.04963346284758635,0.05143937393333369,94.15206490968995,-84.81269814780477,-0.024547751097744208,0.591488751955739,4.354771918162414,0.47470057887555733,0.02603836506337804,47.07248011500148,-51.52999721110112,0.14606288885775548,0.301767998783097,2.264105082614025,-0.5243340417231437,0.025401008869955652,47.079584794688465,-33.28270093670365,-0.1706106399554997,0.289720753172642,2.090666835548389,False
2025-07-09,444.5199890136719,0.0,0.0436,0.12129717684038593,445.0,2025-08-01,6.3,O:DIA250801C00445000,5.45,O:DIA250801P00445000,0.12772469474345735,0.12722252369188095,0.12747361466437576,0.006176437823989828,0.05802970690734177,0.05406987014094025,91.87659662348136,-87.41779141123098,0.009475047599508263,-0.2477411815522771,2.0821404473253144,0.528983751682212,0.026981838028889454,45.93855970497367,-53.46603621445975,0.1543787887009997,-0.12317976448729955,1.0341462931728778,-0.47095404477487024,0.027088032112050797,45.93803691850769,-33.95175519677123,-0.14490374110149143,-0.12456141706497756,1.0479941541524365,False
2025-07-10,446.5,0.0,0.0436,0.1215935708999981,445.0,2025-08-01,7.15,O:DIA250801C00445000,4.61,O:DIA250801P00445000,0.12696074541368882,0.13128745347552476,0.12912472977638242,0.007531158876384322,0.16229448178231665,0.05379686453611013,87.90407683198524,-92.03306228188221,0.038542530867177266,-1.0431526389673489,24.051577881720902,0.5822749295331117,0.027333190588497938,43.92605100533553,-54.94160187059016,0.16053063875335508,-0.5403892013430045,12.628720686043284,-0.419980447750795,0.026463673947612194,43.978025826649706,-37.09146041129205,-0.12198810788617781,-0.5027634376243445,11.422857195677619,False
2025-07-11,443.57000732421875,0.0,0.0437,0.1251693520651777,445.0,2025-08-01,5.25,O:DIA250801C00445000,5.84,O:DIA250801P00445000,0.1247157511953613,0.13203587400960246,0.12837581996098163,0.0032064678958039217,-0.0032471706855494165,0.057477598586182614,86.34630864701862,-92.5645660315704,-0.007458540193316737,0.22015579080213582,0.0977265966394254,0.49797388772795054,0.029558039542186415,43.172977039811784,-54.65184768889504,0.12835492918259328,0.11357639626274244,0.06242390383943807,-0.5012210584135,0.0279195590439962,43.17333160720684,-37.91271834267536,-0.13581346937591002,0.10657939453939339,0.03530269279998732,False
2025-07-14,444.5799865722656,0.0,0.0437,0.12518105882280242,445.0,2025-08-01,5.65,O:DIA250801C00445000,5.3,O:DIA250801P00445000,0.12721386182787686,0.1346212192838189,0.1309176521487534,0.005736593325950973,0.05066540649373019,0.05808963102241631,83.44047541646916,-98.82037972133259,0.0064304587437005595,-0.19926584197813124,1.3284194015034503,0.5257008453528454,0.02986479294308461,41.717786428610076,-57.73021393380817,0.1267033748711093,-0.10791253004129331,0.7289934255504477,-0.47503543885911526,0.0282248380793317,41.72268898785909,-41.09016578752441,-0.12027291612740874,-0.09135331193683795,0.5994259759530027,False
2025-07-15,440.1499938964844,0.0,0.0436,0.11127414804208746,445.0,2025-08-01,3.48,O:DIA250801C00445000,7.15,O:DIA250801P00445000,0.12929624289769093,0.12458614256000779,0.126943189650774,0.01566904160868654,-0.2264707511693046,0.06034100275414141,76.52853924236504,-89.35051400015683,-0.056906519709671505,1.9103676005437236,54.9956220232305,0.3890128108982751,0.029661748596465875,38.32894511366274,-55.34666574884036,0.08653459612908296,0.9229790357331739,26.01046428137422,-0.6154835620675797,0.030679254157675532,38.199594128702294,-34.00384825131648,-0.14344111583875446,0.9873885648105496,28.985157741856284,False
2025-07-16,442.3599853515625,0.0,0.0436,0.1094907220188499,445.0,2025-08-01,4.2,O:DIA250801C00445000,7.41,O:DIA250801P00445000,0.12989424664583452,0.1688705195381435,0.1494003071285785,0.039909585109728585,-0.08329635108059114,0.05596011468949938,76.58812459168722,-118.04624245143029,-0.023074748878023243,0.7506270190986477,7.871507903194058,0.4512504738240746,0.031578773332032004,38.2223642332742,-60.65118534498502,0.09305483475747776,0.4598336052166192,5.437664106201504,-0.5345468249046658,0.02438134135746738,38.36576035841302,-57.395057106445265,-0.11612958363550101,0.29079341388202856,2.4338437969925537,False
2025-07-17,445.2200012207031,0.0,0.0436,0.10482995981692257,445.0,2025-08-01,5.0,O:DIA250801C00445000,4.42,O:DIA250801P00445000,0.11997234295965921,0.13314280527011427,0.12655896752029658,0.021729007703374006,0.0829384765142337,0.06759129271337896,73.81632940976397,-108.21014210902949,0.012006529950952971,-0.4902492474310704,4.771176980084281,0.5430733399329127,0.03553996174267903,36.89262638083721,-61.02282248706709,0.10335945411692421,-0.27476507733596256,2.764885626111916,-0.46013486341867904,0.03205133097069994,36.92370302892675,-47.1873196219624,-0.09135292416597124,-0.21548417009510784,2.0062913539723644,False
2025-07-18,443.260009765625,0.181,0.0435,0.10718329315126372,445.0,2025-08-01,3.85,O:DIA250801C00445000,4.95,O:DIA250801P00445000,0.12247093060391907,0.12610093850661785,0.12428602824211121,0.01710273509084749,-0.060706452488152374,0.07250897830924476,70.24871986432838,-108.45654027644116,-0.01417013600108527,0.6462201533352959,4.347784560687302,0.46906054499595956,0.03677986173384699,35.12041771986019,-63.07236254737321,0.08097848482364223,0.33135192807284175,2.271362369648195,-0.5297669974841119,0.03572911657539777,35.128302144468186,-45.38417772906796,-0.0951486208247275,0.31486822526245417,2.0764221910391063,False
2025-07-21,443.44000244140625,0.0,0.0435,0.1058821308927285,445.0,2025-08-01,3.7,O:DIA250801C00445000,4.4,O:DIA250801P00445000,0.12311678197762596,0.11804186573194957,0.12057951992750168,0.01469738903477319,-0.059449431784526885,0.07877595590613304,66.67872077298077,-111.06230474071668,-0.012307948634168148,0.6429843191959471,4.022614772580927,0.4710904250045429,0.03856511773715526,33.34445485541273,-66.39988245616796,0.07328583543362058,0.30959775931775385,1.8817673737582543,-0.5305398567890698,0.04021083816897777,33.33426591756805,-44.662422284548725,-0.08559378406778873,0.33338655987819327,2.140847398822673,False
2025-07-22,444.9599914550781,0.0,0.0437,0.10283103508336032,445.0,2025-08-01,4.34,O:DIA250801C00445000,3.6,O:DIA250801P00445000,0.12797750230725968,0.12280874725663429,0.12539321856349708,0.022562183480136763,0.055221809032521496,0.08010185127345432,63.10499427500646,-125.35565406502718,0.0052798398969054194,-0.29817629366240145,1.638571798943291,0.527226008034846,0.039228149777800925,31.55461076000171,-73.66503505096372,0.07309666032701043,-0.14149438228491115,0.7661544403588421,-0.4720041990023245,0.040873701495653385,31.55038351500475,-51.69061901406346,-0.06781682043010501,-0.1566819113774903,0.872417358584449,False
2025-07-23,450.2099914550781,0.0,0.0437,0.10269385000931079,445.0,2025-08-01,7.2,O:DIA250801C00445000,1.85,O:DIA250801P00445000,0.12178051283138433,0.13782945228969865,0.12989275682568552,0.027198906816374727,0.4560421879221255,0.06826647425447646,49.76845940903179,-125.01826235111034,0.05451798597988146,-3.0073467559016724,137.8741571615648,0.7400301260996177,0.035494956274675755,24.337289116299686,-67.59337930103486,0.09054693242994702,-1.6596527221957034,80.12868205059792,-0.28398793817749224,0.032771517979800706,25.43117029273211,-57.42488305007548,-0.03602894645006556,-1.347694033705969,57.745475110966886,False
2025-07-24,447.1099853515625,0.0,0.0437,0.10666519894602645,445.0,2025-08-01,5.19,O:DIA250801C00445000,2.41,O:DIA250801P00445000,0.13717518550716015,0.12931960635339107,0.1332519662410021,0.026586767294975652,0.22909356596254515,0.08325558586010923,52.75987645676207,-151.78662071679685,0.022578576409916853,-1.5558441455757719,31.307224541639584,0.6114962828364116,0.04049734092047567,26.441221368525195,-87.8897116820185,0.06386097477655307,-0.7321628641794786,14.306153066609502,-0.3824027168738664,0.042758244939633566,26.318655088236873,-63.896909034778346,-0.04128239836663622,-0.8236812813962933,17.001071475030084,False
2025-07-25,449.0199890136719,0.0,0.0437,0.10337785786802846,445.0,2025-08-01,5.73,O:DIA250801C00445000,1.43,O:DIA250801P00445000,0.12073552694277563,0.1256814392442539,0.12321647637188435,0.01983861850385589,0.4360712795970363,0.08670447815068483,42.72326832936115,-140.91053437794068,0.03742950816941297,-3.0702041212289766,112.13018027578482,0.7218298837305999,0.043941424117677305,21.22315878535761,-78.48567956578623,0.06317183461556704,-1.58771721100781,59.076150989285836,-0.2857586041335636,0.04276305403300753,21.500109544003536,-62.424854812154464,-0.02574232644615407,-1.4824869102211666,53.05402928649899,False
2025-07-28,448.3399963378906,0.0,0.044000000000000004,0.09986016431163258,445.0,2025-08-01,4.97,O:DIA250801C00445000,1.36,O:DIA250801P00445000,0.12344595411795216,0.12552256404151696,0.1244854554116726,0.02462529110004001,0.40332197488623245,0.09865009851047016,39.17999497784834,-161.31541919153102,0.02769767821325145,-2.8615549595179557,85.54631367841361,0.7031464245115823,0.04962467034814232,19.545595824493848,-89.65624012597594,0.04925058180801962,-1.451765920308958,43.74668283668418,-0.2998244496253498,0.049025428162327835,19.634399153354494,-71.6591790655551,-0.021552903594768167,-1.409789039208998,41.79963084172944,False
2025-07-29,446.4800109863281,0.0,0.044000000000000004,0.09983354228839267,445.0,2025-08-01,3.4,O:DIA250801C00445000,2.0,O:DIA250801P00445000,0.12624257199483296,0.14294641958017718,0.13461231463253498,0.03477877234414231,0.2129065728857239,0.11773773992030445,37.47206812132144,-215.82968615077004,0.010673634404890414,-1.470627706518455,19.49148338321004,0.6125499074332736,0.062270686955005844,18.65581580348221,-110.80065986074594,0.03215372492862884,-0.8257134657690334,11.503077126165868,-0.39964333454754974,0.0554670529652986,18.816252317839236,-105.0290262900241,-0.021480090523738428,-0.6449142407494216,7.988406257044171,False
2025-07-30,444.760009765625,0.0,0.0441,0.09516754683154258,445.0,2025-08-01,2.48,O:DIA250801C00445000,1.65,O:DIA250801P00445000,0.1595296895163398,0.10168684825816873,0.13060904963016512,0.03544150279862254,-0.009018807020049702,0.16211570873979336,31.611650501666475,-259.75508583860886,-0.0006461273570088528,0.15090789127280185,0.07739037273040189,0.49751692312678014,0.06311312361207896,15.806732799787502,-168.512407429574,0.017364732665748447,0.05110469648035605,0.012603297130727914,-0.5065357301468298,0.09900258512771441,15.80491770187897,-91.24267840903484,-0.0180108600227573,0.0998031947924458,0.06478707559967398,False
2025-07-31,441.3299865722656,0.0,0.0449,0.09903835564332239,445.0,2025-08-01,0.32,O:DIA250801C00445000,3.6,O:DIA250801P00445000,0.13168466036471668,0.05970971274894921,0.10659577739238739,0.007557421749064999,-0.8189665504147523,0.09159835563311848,8.0044545465228,-106.48870299174509,-0.014498194313399897,3.2724628672719636,135.0908750240681,0.1653528339238715,0.06789872626252846,6.910717633963115,-117.92669043010761,0.0028831414275915916,1.8517777301192055,50.07581510572442,-0.9843193843386238,0.02369962937059002,1.0937369125596852,11.437987438362521,-0.017381335740991488,1.4206851371527578,85.01505991834368,True
2025-08-01,435.7200012207031,0.0,0.0449,0.10351996081291658,436.0,2025-09-05,8.2,O:DIA250905C00436000,8.02,O:DIA250905P00436000,0.13435312838796618,0.16149475582023903,0.14792780330479144,0.04440784249187486,0.08426299164474593,0.039412581701426946,108.88799018499027,-82.10449892261127,0.02033241153007137,-0.3250771037161193,4.781290720540512,0.544286638147811,0.02150294980607901,54.41270103825036,-47.12515390823575,0.22713945896644813,-0.2033912807702938,3.1050395830899915,-0.46002364650306504,0.017909631895347937,54.47528914673991,-34.979345014375525,-0.20680704743637676,-0.12168582294582549,1.6762511374505202,False
2025-08-04,441.80999755859375,0.0,0.044800000000000006,0.11266423331927242,436.0,2025-09-05,11.1,O:DIA250905C00436000,8.02,O:DIA250905P00436000,0.12180251468321811,0.16149475582023903,0.16782000785022974,0.055155774530957324,0.33256828184105436,0.03824280746904214,99.04991508480076,-79.7425966353293,0.12421565986839644,-2.0526236606644823,124.49424948561516,0.6859741515335563,0.021362193395733205,48.370867511645606,-44.01165649871845,0.27806689353742753,-1.3016057155999432,85.97814110976982,-0.353405869692502,0.016880614073308937,50.67904757315515,-35.73094013661086,-0.15385123366903108,-0.7510179450645392,38.516108375845334,False
2025-08-05,441.1400146484375,0.0,0.0449,0.11205702793372697,436.0,2025-09-05,11.1,O:DIA250905C00436000,8.02,O:DIA250905P00436000,0.12180251468321811,0.16149475582023903,0.17340709768533707,0.0613500697516101,0.3093277860851781,0.03966997393186848,98.11919553048864,-81.7609064205808,0.10996706829225739,-1.9158494663111094,105.19861518044146,0.6730193392485182,0.02222693831810268,48.08571750788184,-44.946437648952426,0.261419504111643,-1.2188663028274596,72.81684461819032,-0.3636915531633401,0.017443035613765798,50.0334780226068,-36.81446877162837,-0.1514524358193856,-0.69698316348365,32.381770562251155,False
2025-08-06,441.9700012207031,0.0,0.044800000000000006,0.11080801282310991,436.0,2025-09-05,11.1,O:DIA250905C00436000,3.93,O:DIA250905P00436000,0.12180251468321811,0.13783631124097556,0.132485250428319,0.02167723760520908,0.36682882072327305,0.04211008424129549,92.94401270093545,-75.7610386402017,0.12863111671329183,-2.4224892646048577,152.0303203388633,0.6930657181571778,0.0220835371142279,45.87040928953206,-45.23554341514783,0.2579395406440945,-1.351285856265657,89.03548139224787,-0.3262368974339047,0.020026547127067595,47.073603411403376,-30.52549522505387,-0.1293084239308027,-1.0712034083392006,62.994838946615424,False
2025-08-07,439.7200012207031,0.0,0.0449,0.1105966523187324,436.0,2025-09-05,11.1,O:DIA250905C00436000,5.07,O:DIA250905P00436000,0.12180251468321811,0.14783675809067703,0.15488139540329576,0.04428474308456336,0.26366882981526585,0.04440819605519093,95.65911599356538,-82.01901976976595,0.08474873089602158,-1.6954082763054048,73.69681127756542,0.642676225873368,0.02413460381453036,47.36609956974552,-46.89267010697571,0.2278546747771251,-1.012382955432391,46.985312386016304,-0.3790073960581022,0.020273592240660575,48.29301642381986,-35.12634966279024,-0.1431059438811035,-0.6830253208730136,26.711498891549105,False
2025-08-08,441.9200134277344,0.0,0.044800000000000006,0.11014238151440794,436.0,2025-09-05,11.1,O:DIA250905C00436000,5.07,O:DIA250905P00436000,0.12180251468321811,0.14783675809067703,0.1523293713308871,0.04218698981647914,0.3627169834045898,0.04281644191753174,88.80607271184489,-82.09944576948047,0.11562525256437596,-2.3317745759712567,139.19132413114184,0.6963083523100083,0.023055146963391362,43.52521696438294,-46.71639152020995,0.23591733961034134,-1.3763006103581046,88.0392054674497,-0.3335913689054185,0.01976129495414038,45.28085574746195,-35.383054249270515,-0.12029208704596538,-0.9554739656131519,51.15211866369213,False
2025-08-11,440.010009765625,0.0,0.0446,0.11069258022711997,436.0,2025-09-05,10.75,O:DIA250905C00436000,5.07,O:DIA250905P00436000,0.1608864697382635,0.14783675809067703,0.15864281175136563,0.04795023152424566,0.2487838427202932,0.04074887194126858,91.66931530907412,-98.04707748865863,0.07090263558416815,-1.3548350567129066,52.065319777660015,0.6199871969067976,0.01958808863605643,46.00338147528893,-60.769904317438886,0.19757781264860824,-0.6183309584322426,22.81897712760103,-0.3712033541865044,0.021160783305212153,45.66593383378519,-37.27717317121975,-0.1266751770644401,-0.736504098280664,29.246342650058985,False
2025-08-12,444.67999267578125,0.0,0.0444,0.11143821444652953,436.0,2025-09-05,12.06,O:DIA250905C00436000,2.24,O:DIA250905P00436000,0.12084858878649068,0.12736122080343598,0.12412523785158992,0.012687023405060394,0.520362016179462,0.04214546090119814,73.8499585587584,-73.81603421596421,0.15506755538817057,-3.376347023856172,283.98481037293874,0.7656744600016419,0.021362349559450135,36.463448943215354,-45.42774745852181,0.23458579518968775,-1.7578244271654981,151.39191892401988,-0.24531244382217987,0.02078311134174801,37.38650961554304,-28.38828675744241,-0.07951823980151716,-1.618522596690674,132.59289144891886,False
2025-08-13,449.4200134277344,0.0,0.0444,0.11614616465165782,436.0,2025-09-05,14.85,O:DIA250905C00436000,1.43,O:DIA250905P00436000,0.07224888954782002,0.13538453013711246,0.11079897617846726,-0.005347188473190559,0.7955309773839833,0.0254737264168576,38.71109106070976,-49.561756634253,0.23020667552172636,-3.703831239767179,606.9633672598387,0.9628300211246088,0.009624938342058164,9.475067878033798,-23.62703046238775,0.2818931102135559,-1.983826974478842,413.23841336793464,-0.16729904374062554,0.015848788074799437,29.236023182675968,-25.934726171865247,-0.05168643469182954,-1.7200042652883372,193.72495389190408,False
2025-08-14,449.1600036621094,0.0,0.044800000000000006,0.11427941360974671,436.0,2025-09-05,14.85,O:DIA250905C00436000,1.43,O:DIA250905P00436000,0.07224888954782002,0.13538453013711246,0.1192934948116541,0.005014081201907397,0.7984837955118053,0.02590785131571663,37.10325985472965,-50.46131649545973,0.21762774360037526,-3.6731817740156636,586.5768115351759,0.963974499257955,0.00967613997534538,8.954779863235087,-23.842032322947944,0.2656904864724293,-1.9499660134914847,396.9809656970009,-0.16549070374614971,0.01623171134037125,28.14847999149456,-26.61928417251178,-0.04806274287205406,-1.7232157605241791,189.59584583817505,False
2025-08-15,449.5299987792969,0.266,0.044800000000000006,0.11282349152725657,436.0,2025-09-05,14.85,O:DIA250905C00436000,1.43,O:DIA250905P00436000,0.07224888954782002,0.13538453013711246,0.1184788592606783,0.0056553677334217345,0.8175959913948524,0.02430860359501992,33.22290655040105,-49.670091138011635,0.20925617858934897,-3.4526964652771466,551.9356836205549,0.970876096314946,0.008378334555473823,7.28109925117705,-23.309076255572514,0.25098646147771136,-1.7240155576448017,358.0847411105701,-0.15328010492009359,0.0159302690395461,25.941807299224003,-26.36101488243912,-0.04173028288836238,-1.7286809076323448,193.85094250998475,False
2025-08-18,449.04998779296875,0.0,0.0447,0.11300017233446419,436.0,2025-09-05,14.85,O:DIA250905C00436000,1.09,O:DIA250905P00436000,0.07224888954782002,0.13215280543986158,0.12433025267720221,0.011330080342738025,0.8216850303824675,0.02537917885439065,31.661743001493008,-49.623207226809974,0.19648229761185634,-3.515688175885158,543.4530143034381,0.9703650980101491,0.008807967007306591,7.128919790737091,-23.47758329298714,0.2341793990303387,-1.7425289433517066,347.87491117559586,-0.1486800676276816,0.016571211847084058,24.532823210755918,-26.145623933822833,-0.03769710141848235,-1.7731592325334515,195.57810312784224,False
2025-08-19,449.2900085449219,0.0,0.0446,0.11252353052203376,436.0,2025-09-05,14.85,O:DIA250905C00436000,0.94,O:DIA250905P00436000,0.07224888954782002,0.13158792866819868,0.12265917100757359,0.010135640485539832,0.8396333864815846,0.023932358329169987,28.068597662303116,-48.631772066202615,0.18671516354423512,-3.30362817439301,507.4206669635395,0.9760467711073797,0.007647617457432066,5.753785471942817,-22.947089292282996,0.21881751353130446,-1.5310038482110115,309.06088555565935,-0.1364133846257951,0.01628474087173792,22.3148121903603,-25.68468277391962,-0.03210234998706935,-1.7726243261819985,198.3597814078801,False
2025-08-20,449.3599853515625,0.0,0.044500000000000005,0.10431930068688766,436.0,2025-09-05,14.85,O:DIA250905C00436000,0.94,O:DIA250905P00436000,0.07224888954782002,0.13158792866819868,0.12782040694952007,0.02350110626263241,0.8528414567304194,0.02295097289101445,25.16320610382127,-48.20591171782842,0.17527089503301513,-3.1190631482820788,470.74548843218565,0.9801408377681127,0.006793413845600891,4.71942128784356,-22.54172270477621,0.2029053692621539,-1.35954828449751,274.1847163528456,-0.12729938103769323,0.016157559045413557,20.44378481597771,-25.664189013052212,-0.027634474229138794,-1.7595148637845686,196.56077207934,False
2025-08-21,447.95001220703125,0.0,0.0449,0.10189356021802944,436.0,2025-09-05,14.85,O:DIA250905C00436000,1.37,O:DIA250905P00436000,0.07224888954782002,0.1518197460048443,0.16530767848640682,0.06341411826837738,0.7969576683261482,0.02740341685179012,30.03871264248915,-62.32977972736355,0.14961474448654194,-3.1767869026641966,430.2716650916011,0.9731156000836599,0.009185343330096723,5.81269881237264,-23.80467705405006,0.18465757879180267,-1.6450235262769817,296.9348552898939,-0.1761579317575117,0.018218073521693398,24.226013830116507,-38.52510267331349,-0.035042834305260735,-1.531763376387215,133.33680980170718,False
2025-08-22,456.6400146484375,0.0,0.0447,0.12220662040086545,436.0,2025-09-05,14.85,O:DIA250905C00436000,0.4,O:DIA250905P00436000,0.07224888954782002,0.15912126837447496,0.00010000000000000002,-0.12210662040086545,0.9367030720005818,0.00876364002527685,11.37609673208494,-40.8048959914395,0.16108043068035188,-1.2329066406403826,183.0105335759058,0.9995873673012339,0.00022632480388075233,0.1353040259375214,-19.56937836350468,0.1726341947784654,-0.06855233135019234,20.853809865435952,-0.0628842953006521,0.008537315221396098,11.240792706147419,-21.235517627934822,-0.011553764098113508,-1.1643543092901902,162.15672371046986,False
2025-08-25,453.07000732421875,0.0,0.044500000000000005,0.12583235628816264,436.0,2025-09-05,14.85,O:DIA250905C00436000,0.31,O:DIA250905P00436000,0.07224888954782002,0.1375825596719442,0.00010000000000000002,-0.12573235628816265,0.9379081986845003,0.01103517396077021,10.715538728276561,-38.325448867056174,0.14530811398774446,-1.5447162770220797,230.86561596627064,0.9983374243738651,0.0008663852855470902,0.4588965995867166,-19.801703581989358,0.15519692460405782,-0.21678207977422087,54.495431593481825,-0.06042922568936482,0.01016878867522312,10.256642128689844,-18.523745285066816,-0.009888810616313363,-1.3279341972478589,176.3701843727888,False
2025-08-26,454.489990234375,0.0,0.044199999999999996,0.12487386304866221,436.0,2025-09-05,14.85,O:DIA250905C00436000,0.31,O:DIA250905P00436000,0.07224888954782002,0.1375825596719442,0.00010000000000000002,-0.12477386304866221,0.9607014270215471,0.00781462755130124,6.9405748742898945,-33.3617460375895,0.1324925449086428,-1.1336309784178997,170.7422220655652,0.9995839393593654,0.00025619458133474635,0.12137778502558312,-19.373910159892553,0.13815838504271036,-0.06906437727715363,18.690218867527243,-0.038882512337818254,0.007558432969966494,6.8191970892643115,-13.987835877696941,-0.005665840134067573,-1.0645666011407462,152.05200319803794,False
2025-08-27,456.0299987792969,0.0,0.044199999999999996,0.12384546187768597,436.0,2025-09-05,14.85,O:DIA250905C00436000,0.28,O:DIA250905P00436000,0.07224888954782002,0.17073304796245373,0.00010000000000000002,-0.12374546187768597,0.949002678334311,0.008112034455163002,7.974619272036595,-42.68079784251341,0.11442461921468186,-0.9987991194888323,126.42084477915647,0.9999380095477316,4.596298226344429e-05,0.019183316869865127,-19.271248254764327,0.12095463005664833,-0.013366078669596727,3.8991011122069787,-0.05093533121342064,0.008066071472899557,7.955435955166729,-23.40954958774908,-0.006530010841966468,-0.9854330408192356,122.52174366694949,False
2025-08-28,456.7900085449219,0.0,0.044199999999999996,0.1192003961021264,436.0,2025-09-05,14.85,O:DIA250905C00436000,0.18,O:DIA250905P00436000,0.07224888954782002,0.1735788147861361,0.00010000000000000002,-0.1191003961021264,0.9634122965093671,0.0065564590640327675,5.649743964991767,-39.092114380900654,0.09967821324238862,-0.8171503231007624,103.64162611132322,0.9999905856874322,8.303643445371405e-06,0.0029804632445644286,-19.255261533230282,0.10369930777243788,-0.002497488663980128,0.7531326797418058,-0.03657828917806505,0.0065481554205873965,5.646763501747203,-19.836852847670368,-0.004021094530049252,-0.8146528344367823,102.88849343158141,False
2025-08-29,456.0899963378906,0.0,0.0441,0.10721494957205463,436.0,2025-09-05,20.4,O:DIA250905C00436000,0.16,O:DIA250905P00436000,1.0,0.18065004597144219,0.14767801272869108,0.04046306315663645,0.6195377047999401,0.012332004969420732,28.607468113671978,-630.2719365370435,0.04877362582873846,-0.8531127774727119,91.00420635226325,0.6541133902529315,0.005740440520174315,23.69276671989032,-608.6008389419319,0.05193426556120571,-0.09425961872719253,2.400762407691521,-0.03457568545299139,0.006591564449246416,4.914701393781657,-21.6710975951116,-0.0031606397324672442,-0.7588531587455193,88.60344394457174,True
2025-09-02,453.6099853515625,0.0,0.044000000000000004,0.10116909772039571,456.0,2025-10-03,4.2,O:DIA251003C00456000,8.41,O:DIA251003P00456000,0.08765691951613722,0.14759570185898513,0.11518775964751839,0.014018661927122672,-0.015575142915043527,0.05291545967613632,109.31023473212383,-69.56562675669304,-0.018201073525150935,0.4084473566583515,1.3575229399990145,0.4866171703461361,0.03319197968232517,54.640148110831674,-35.75207922574517,0.1973393325795583,0.2730717735663078,1.2555743262231966,-0.5021923132611796,0.019723479993811147,54.67008662129216,-33.81354753094786,-0.21554040610470923,0.13537558309204373,0.10194861377581785,False
2025-09-03,453.260009765625,0.0,0.0435,0.10092460465974112,456.0,2025-10-03,4.2,O:DIA251003C00456000,8.41,O:DIA251003P00456000,0.08765691951613722,0.14759570185898513,0.1176419475875795,0.01671734292783837,-0.04083819730113314,0.05406652311865914,106.69031236926783,-70.54172304850843,-0.027168534824021595,0.6464861314273623,5.174981899830969,0.470854416856325,0.03389255666844254,53.285308303582184,-35.85214153171647,0.18265192487360418,0.44946404602600026,4.401523196924445,-0.5116926141574581,0.020173966450216605,53.405004065685645,-34.68958151679196,-0.20982045969762578,0.19702208540136207,0.7734587029065235,False
2025-09-04,457.04998779296875,0.0,0.0433,0.10393221088623036,456.0,2025-10-03,6.31,O:DIA251003C00456000,5.5,O:DIA251003P00456000,0.09232621872376023,0.12883668700281797,0.11063408817350862,0.006701877287278252,0.16332285532521085,0.05496057990144515,103.01618023118493,-71.13786310936264,0.052363924193915584,-1.3033200467074368,37.165014496689146,0.592898205857303,0.031858058478356335,51.20242281404959,-39.82434582605394,0.22056176479129308,-0.875779843934019,27.154895559715115,-0.42957535053209217,0.023102521423088815,51.81375741713534,-31.3135172833087,-0.1681978405973775,-0.4275402027734179,10.010118936974033,False
2025-09-05,454.989990234375,0.0,0.0429,0.10344596359780059,456.0,2025-10-03,5.2,O:DIA251003C00456000,6.6,O:DIA251003P00456000,0.09637843007409717,0.1343685887590111,0.11537523668333888,0.011929273085538289,0.04290568913581816,0.055374179837567636,102.12344008977107,-74.56230462908906,0.006128300857861146,-0.16150682154796797,1.1531981371088937,0.5228496950058632,0.03224040700417819,51.05208726455847,-40.980476242255286,0.18467569652759022,-0.12461880052819388,0.9153941593799044,-0.47994400587004504,0.023133772833389445,51.071352825212585,-33.58182838683377,-0.17854739566972908,-0.036888021019774106,0.2378039777289893,False
2025-09-08,456.20001220703125,0.0,0.0426,0.10279435985686512,456.0,2025-10-03,5.18,O:DIA251003C00456000,5.45,O:DIA251003P00456000,0.08616008282527265,0.125219536142748,0.10571897730529309,0.0029246174484279658,0.1150607848234606,0.06169757255327118,98.88382658499263,-71.1296223473708,0.03156166259441487,-0.9319538048610443,17.886881125222793,0.5659717294594582,0.03645685694159844,49.288883111482114,-38.941048256900096,0.1907662653919266,-0.6506275661516249,13.53960675376141,-0.45091094463599757,0.025240715611672737,49.59494347351052,-32.18857409047071,-0.15920460279751172,-0.28132623870941936,4.347274371461381,False
2025-09-09,458.010009765625,0.0,0.0425,0.10063720126314475,456.0,2025-10-03,6.12,O:DIA251003C00456000,4.55,O:DIA251003P00456000,0.08649557144122072,0.125312371721804,0.10603033640086651,0.005393135137721758,0.22482117891964648,0.060922933879725985,93.65996199025201,-73.52726135822932,0.06592882168035968,-1.9877125517689667,73.71733295470658,0.6304852266054706,0.03564560010597024,46.19784381881457,-39.98392545699721,0.201891817710467,-1.3527239291845923,55.162670386093936,-0.4056640476858241,0.02527733377375575,47.46211817143744,-33.54333590123211,-0.1359629960301073,-0.6349886225843745,18.554662568612642,False
2025-09-10,455.92999267578125,0.0,0.042300000000000004,0.09782329571036766,456.0,2025-10-03,5.3,O:DIA251003C00456000,5.8,O:DIA251003P00456000,0.09876605401920102,0.13557420475806115,0.11718145022690296,0.019358154516535303,0.08455608336518172,0.058611794124669575,93.94718442466552,-82.76464629296058,0.018518973253159654,-0.5437975963129461,7.116248225213283,0.5469978802064648,0.0338728975695733,46.91424779195868,-44.66779503406693,0.1646657369752152,-0.370745151529617,5.184111334642997,-0.46244179684128306,0.02473889655509628,47.03293663270684,-38.09685125889366,-0.14614676372205554,-0.1730524447833291,1.9321368905702867,False
2025-09-11,461.9200134277344,0.0,0.042199999999999994,0.10131281278363977,456.0,2025-10-03,9.1,O:DIA251003C00456000,3.35,O:DIA251003P00456000,0.10180864789988016,0.13642668769486954,0.11946186951398852,0.01814905673034875,0.41335047817856896,0.05027096759925011,79.88407820234107,-82.91166839943699,0.1133237196384794,-3.0633167631242038,201.19959638811113,0.7324001067363518,0.02777817905295237,38.31258389575599,-44.60952313955299,0.20902239183373314,-1.9219162091371185,138.71209990611825,-0.31904962855778285,0.022492788546297736,41.57149430658508,-38.30214525988401,-0.09569867219525374,-1.1414005539870853,62.48749648199288,False
2025-09-12,459.32000732421875,0.0,0.0424,0.10416138717500487,456.0,2025-10-03,9.1,O:DIA251003C00456000,3.65,O:DIA251003P00456000,0.10180864789988016,0.1259559317265391,0.1375011775121093,0.033339790337104436,0.2883037164464568,0.05893442125310633,83.45559199156278,-85.1065781765296,0.07241859545203183,-2.282948296714345,96.51628046723728,0.6576596669430448,0.03220001892006746,41.16823434265555,-47.713321802412054,0.17557489181354172,-1.375693246990451,62.60348634747526,-0.369355950496588,0.026734402333038875,42.28735764890724,-37.39325637411754,-0.10315629636150989,-0.9072550497238937,33.91279411976202,False
2025-09-15,460.07000732421875,0.0,0.042199999999999994,0.1041684673523863,456.0,2025-10-03,9.1,O:DIA251003C00456000,3.86,O:DIA251003P00456000,0.10180864789988016,0.1415026918527576,0.14275911715477704,0.03859064980239074,0.3224871978847622,0.056629120304480446,79.19625434890368,-92.87019206642807,0.07615949682375414,-2.4401021347872764,115.37084370883326,0.6843846101190354,0.03220386484971756,38.55387222404582,-48.30024752374945,0.17080291076666398,-1.5924260647232074,82.88651401652284,-0.3618974122342732,0.024425255454762883,40.64238212485786,-44.569944542678634,-0.09464341394290984,-0.8476760700640691,32.484329692310425,False
2025-09-16,458.7799987792969,0.0,0.042,0.10484539831515889,456.0,2025-10-03,9.1,O:DIA251003C00456000,4.16,O:DIA251003P00456000,0.10180864789988016,0.1413488946615651,0.15594845890402792,0.05110306058886903,0.2511232819414507,0.06123794248017147,78.89887718391306,-97.60035497506263,0.05400520559037797,-1.9179601431879165,67.07063299530529,0.6436037048286561,0.03514190323560551,38.84737801332619,-50.46725315902688,0.1490404509526863,-1.263283344572162,48.45650545882284,-0.3924804228872054,0.02609603924456596,40.051499170586865,-47.13310181603574,-0.09503524536230834,-0.6546767986157546,18.614127536482446,False
2025-09-17,461.260009765625,0.0,0.0417,0.10592151968636422,456.0,2025-10-03,8.7,O:DIA251003C00456000,3.14,O:DIA251003P00456000,0.12605984816363316,0.1429059906533027,0.1345384979709983,0.028616978284634068,0.3650514845626429,0.052804005405334586,71.7232525384463,-107.89025367032986,0.07454459587348594,-2.3762386952085324,114.37387664621555,0.692471574392528,0.027706756228751378,35.386269142444874,-59.79485487277964,0.14795687865081672,-1.325697090684565,67.10188831209092,-0.32742008982988513,0.025097249176583212,36.33698339600143,-48.09539879755021,-0.07341228277733078,-1.0505416045239675,47.27198833412463,False
2025-09-18,462.6300048828125,0.0,0.042,0.10597648812117721,456.0,2025-10-03,8.53,O:DIA251003C00456000,2.31,O:DIA251003P00456000,0.09526762538352308,0.13633820464247617,0.11664226376861334,0.010665775647436121,0.5168072907440727,0.05627648431780929,59.874795363357464,-90.20899462978039,0.09963318070810873,-3.7741087106567184,269.6810769426329,0.7959607768894639,0.030769541385508598,27.38584216141893,-44.9923517576664,0.15701423488443897,-2.4011906065754935,192.00342037957583,-0.27915348614539115,0.02550694293230069,32.488953201938536,-45.21664287211399,-0.05738105417633024,-1.3729181040812248,77.67765656305708,False
2025-09-19,462.94000244140625,1.318,0.04190000000000001,0.10463058750616439,456.0,2025-10-03,10.2,O:DIA251003C00456000,1.95,O:DIA251003P00456000,0.1512547270836882,0.13320141959292664,0.14232864413261412,0.03769805662644973,0.4567817744592635,0.05066546708317189,61.12389643716613,-118.04539115607795,0.07909228404101587,-2.7175454282312623,153.45440092389254,0.7161876666627729,0.02429072632911538,31.246281122024765,-73.014106770426,0.1275206032354634,-1.2128338790717852,63.926726663224585,-0.2594058922035094,0.026374740754056516,29.877615315141366,-45.03128438565195,-0.048428319194447546,-1.5047115491594771,89.52767426066796,False
2025-09-22,463.6700134277344,0.0,0.0417,0.08103608724180168,456.0,2025-10-03,7.95,O:DIA251003C00456000,1.48,O:DIA251003P00456000,1.0,0.12895619128472588,0.0884490373939276,0.007412950152125911,0.35129244066693055,0.03096541229153099,60.561679815654045,-533.0613152986679,0.043742466959070164,-1.7032472089896533,113.0594301599508,0.5755944479776975,0.004470833762813141,34.32800072185892,-490.0979847328929,0.08141465079537412,-0.0006477157552253923,0.010819780248180503,-0.224302007310767,0.02649457852871785,26.233679093795125,-42.96333056577498,-0.037672183836303955,-1.702599493234428,113.04861037970261,False
2025-09-23,462.8699951171875,0.0,0.0416,0.07513694527277795,456.0,2025-10-03,8.8,O:DIA251003C00456000,1.77,O:DIA251003P00456000,0.12265547216119876,0.13991657764349,0.1314236553803086,0.05628671010753064,0.5221148877858407,0.05735420852199523,51.10073226577383,-115.50040758806088,0.07336549700318831,-3.257212896384187,192.07258806283892,0.7750546749890341,0.029644497121627318,24.73082024018945,-62.33348575844661,0.11109509638975477,-1.7938742343393912,111.78567817320689,-0.25293978720319343,0.027709711400367914,26.36991202558438,-53.16692182961426,-0.03772959938656646,-1.4633386620447957,80.28690988963201,False
2025-09-24,461.0199890136719,0.0,0.0418,0.07679804751393231,456.0,2025-10-03,7.69,O:DIA251003C00456000,1.69,O:DIA251003P00456000,0.14329483578671376,0.12617130229142248,0.13481239742040632,0.058014349906474014,0.4193092006428154,0.06631903088969698,52.60248834226181,-135.41052421475754,0.051091645298241915,-2.709981190386209,115.8622753984163,0.6981179755885918,0.03166803324317358,26.790982617003124,-82.23390525605593,0.08726565039891651,-1.2047411320741543,48.042503752361434,-0.2788087749457764,0.034650997646523414,25.811505725258687,-53.17661895870162,-0.036174005100674596,-1.5052400583120544,67.81977164605486,False
2025-09-25,459.42999267578125,0.0,0.0424,0.07748445451566834,456.0,2025-10-03,5.6,O:DIA251003C00456000,2.03,O:DIA251003P00456000,0.11704724835095298,0.1296108010435206,0.1233610104084015,0.045876555892733165,0.3526145000797978,0.08234628109246953,50.932685672829464,-138.52505858072618,0.03675516123548469,-2.5652461546284906,83.580939053126,0.6843313668777723,0.042850474922178874,25.206134235466916,-75.04970157694164,0.0735243702077291,-1.4027810209462905,47.71841324916073,-0.3317168667979745,0.03949580617029065,25.72655143736255,-63.47535700378454,-0.036769208972244415,-1.1624651336822,35.862525803965276,False
2025-09-26,462.2799987792969,0.0,0.042199999999999994,0.08011041756106328,456.0,2025-10-03,8.28,O:DIA251003C00456000,0.83,O:DIA251003P00456000,0.1597815822384631,0.11945121391879109,0.14041858958899978,0.060308172027936494,0.5522953881706648,0.06601283661684892,38.72175899913512,-148.236904368275,0.04885022050979093,-3.2279887637043867,165.24668456736754,0.7441472592599053,0.030916811216377987,20.945999171018304,-98.50654863670968,0.06661198295680283,-1.2757129678839894,54.509062214351644,-0.1918518710892405,0.03509602540047093,17.77575982811682,-49.730355731565304,-0.017761762447011897,-1.9522757958203976,110.7376223530159,False
2025-09-29,463.0400085449219,0.0,0.042199999999999994,0.07977671595742687,456.0,2025-10-03,7.79,O:DIA251003C00456000,0.56,O:DIA251003P00456000,0.11430109957255731,0.12315276934141567,0.11882121122181416,0.03904449526438729,0.7185794433009958,0.06442823290380428,26.03812633519999,-111.22379825473392,0.05148905262957115,-3.994637590312747,251.50859951312066,0.8681323760422042,0.0320394514116464,12.463268898057922,-61.508627151502736,0.06256984489217547,-2.062005178657314,134.43946361782972,-0.1495529327412084,0.03238878149215788,13.574857437142066,-49.715171103231185,-0.011080792262604323,-1.9326324116554334,117.06913589529094,False
2025-09-30,463.739990234375,0.0,0.042,0.07634664639290543,456.0,2025-10-03,7.75,O:DIA251003C00456000,0.41,O:DIA251003P00456000,1.0,0.1361424106060895,0.0955554034590721,0.019208757066166662,0.46432825965363445,0.03677440508051199,29.86272502319025,-894.6555849134897,0.022699957602177183,-1.7457406577835404,101.73897551017306,0.5844916228049879,0.007707021691210626,19.731331464596995,-839.0821179430044,0.029382642941979353,-0.040668586269975465,0.43912055577602355,-0.12016336315135345,0.02906738338930136,10.131393558593258,-55.57346697048534,-0.006682685339802168,-1.705072071513565,101.29985495439703,True
2025-10-01,464.260009765625,0.0,0.0417,0.07602096524547222,464.0,2025-11-07,9.2,O:DIA251107C00464000,6.8,O:DIA251107P00464000,0.13199924515078493,0.13080803754442705,0.13140365902185439,0.055382693776382164,0.11008176614593701,0.039576621416143654,120.09449153912361,-75.10794657711347,0.03761417338492498,-0.5737509161493954,12.068171554667918,0.5548700274382676,0.019699801898584907,60.05083939138551,-47.34955084191776,0.2661471046683672,-0.283705842285134,5.948568787365574,-0.4447882612923306,0.019876819517558746,60.0436521477381,-27.758395735195702,-0.22853293128344224,-0.2900450738642614,6.119602767302344,False
2025-10-02,465.1099853515625,0.0,0.042300000000000004,0.0712583729209015,464.0,2025-11-07,9.3,O:DIA251107C00464000,6.8,O:DIA251107P00464000,0.12850655112584558,0.13080803754442705,0.13388448890596627,0.06262611598506478,0.1452020760400602,0.04050997457168954,117.2221636428373,-75.85209633508312,0.05357923588889152,-0.8555652352739347,23.394127591700677,0.5730932195450664,0.02043010588476424,58.59762573199687,-47.374138220246124,0.26541808939046924,-0.4363955471842214,12.012716247273225,-0.42789114350500623,0.0200798686869253,58.62453791084043,-28.47795811483699,-0.21183885350157772,-0.4191696880897132,11.381411344427452,False
2025-10-03,467.510009765625,0.0,0.0424,0.06980555554018728,464.0,2025-11-07,13.0,O:DIA251107C00464000,6.8,O:DIA251107P00464000,0.1718646406938099,0.13080803754442705,0.16534944435283538,0.09554388881264811,0.21642946170431476,0.035068263052835245,113.08690961404476,-89.8721234937761,0.0823062724355032,-1.197392612501757,50.00294598784217,0.5963805375298938,0.015301567214309576,57.0221705173949,-60.66298615887254,0.26370423702840107,-0.4277832484815976,15.369354262043071,-0.3799510758255791,0.01976669583852567,56.06473909664986,-29.209137334903556,-0.18139796459289786,-0.7696093640201596,34.63359172579909,False
2025-10-06,466.8399963378906,0.0,0.042199999999999994,0.07031063244731016,464.0,2025-11-07,10.0,O:DIA251107C00464000,5.6,O:DIA251107P00464000,0.12964737483719949,0.13507788608899723,0.13236433355137706,0.0620537011040669,0.21153118045442887,0.04037726722819379,110.88619565925491,-80.56619997045419,0.0791916338178156,-1.3237532259225184,51.20742439558022,0.6075612194296156,0.020577514625498002,55.37368952339909,-49.23738040777535,0.26060369281294293,-0.6906284717389337,27.160023862529403,-0.39603003897518674,0.019799752602695786,55.51250613585582,-31.328819562678845,-0.18141205899512733,-0.6331247541835846,24.04740053305082,False
2025-10-07,465.9700012207031,0.0,0.042,0.07027207005667559,464.0,2025-11-07,10.0,O:DIA251107C00464000,6.4,O:DIA251107P00464000,0.12964737483719949,0.1454640253644839,0.1441429188013077,0.07387084874463211,0.17070395719791864,0.04038387065240159,109.73515136131425,-85.38529260591793,0.05829002193017907,-0.9934203863626972,30.329675809838168,0.5892523784169413,0.021309377683473366,54.74919091594287,-50.027639640837826,0.2421357835161347,-0.559326604158523,17.765154377626374,-0.4185484212190227,0.019074492968928228,54.985960445371376,-35.35765296508009,-0.18384576158595564,-0.43409378220417427,12.564521432211794,False
2025-10-08,466.07000732421875,0.0,0.042,0.06738191398701263,464.0,2025-11-07,10.0,O:DIA251107C00464000,6.23,O:DIA251107P00464000,0.12964737483719949,0.14572496030900303,0.14574146524518733,0.0783595512581747,0.17456391469188481,0.04120257933999989,107.22966818749222,-87.34083380983002,0.05761284344024584,-1.024780813712583,31.3157530763732,0.5913711998609766,0.021756525021424868,53.49062962791133,-50.910515768453934,0.23264499573921493,-0.577542938412803,18.37794268175009,-0.4168072851690918,0.019446054318575025,53.73903855958089,-36.43031804137608,-0.1750321522989691,-0.4472378752997798,12.937810394623108,False
2025-10-09,463.5,0.0,0.042,0.054518381028639006,464.0,2025-11-07,7.61,O:DIA251107C00464000,7.0,O:DIA251107P00464000,0.1319652763967671,0.14157293150461764,0.13676938827484844,0.08225100724620943,0.06468292355643834,0.04351074720195109,106.40657869563262,-87.96472135278674,0.012808779223674321,-0.2432051022975233,2.645852721990872,0.5329235080653192,0.022516920028652986,53.196968971921464,-52.17571821460674,0.1995000383235629,-0.13414666245799867,1.4829581615304457,-0.46824058450888084,0.020993827173298105,53.20960972371116,-35.78900313818001,-0.18669125909988857,-0.10905843983952464,1.1628945604604266,False
2025-10-10,454.8699951171875,0.0,0.04190000000000001,0.08425504069415686,464.0,2025-11-07,5.5,O:DIA251107C00464000,11.74,O:DIA251107P00464000,0.17029897206989061,0.1421780389838367,0.15632827051132922,0.07207322981717236,-0.2787429004236674,0.0376317098544428,95.87785193321218,-88.44730716369929,-0.11431093790052702,1.9458404018193325,90.42780262155459,0.37413483473372805,0.017363283500518814,48.55656072756408,-58.9957395564585,0.13070056384801648,0.820805517340823,33.75526133597342,-0.6528777351573954,0.020268426353923986,47.32129120564811,-29.451567607240797,-0.2450115017485435,1.1250348844785096,56.67254128558117,False
2025-10-13,460.67999267578125,0.0,0.04190000000000001,0.09635825374730692,464.0,2025-11-07,5.81,O:DIA251107C00464000,8.1,O:DIA251107P00464000,0.13245435792348687,0.14107846282451408,0.13676716811284417,0.04040891436553726,-0.0704589178672303,0.0459844142632645,100.53441448255472,-89.24057453660643,-0.034960764348149376,0.7332922191661443,8.221591394550568,0.46319217867974954,0.02370905202865709,50.24955315356628,-52.83560363713003,0.15650373095839906,0.38617765309157115,4.513470717760803,-0.5336510965469798,0.022275362234607413,50.284861328988434,-36.40497089947641,-0.19146449530654844,0.34711456607457314,3.7081206767897648,False
2025-10-14,462.7099914550781,0.0,0.04190000000000001,0.0968899546341195,464.0,2025-11-07,7.1,O:DIA251107C00464000,7.95,O:DIA251107P00464000,0.14295657459625064,0.16215004600399993,0.15255319048166277,0.05566323584754328,0.020365550437407842,0.042447742280453046,98.6377642778809,-105.09670311732518,-0.004019040236520721,0.0794914322887873,-0.25134173303197116,0.5098003206035749,0.022559527698859442,49.32008947476788,-58.94070586404646,0.16342121570734022,0.03804889907298285,-0.11560080553548832,-0.4894347701661671,0.019888214581593604,49.31767480311303,-46.15599725327871,-0.16744025594386094,0.04144253321580445,-0.13574092749648287,False
2025-10-15,462.7099914550781,0.0,0.042,0.09510223682727639,464.0,2025-11-07,7.25,O:DIA251107C00464000,7.15,O:DIA251107P00464000,0.15099052936934992,0.14937994957833878,0.15018524615019566,0.05508300932291926,0.01656850291342038,0.04419758935257583,95.8692827459409,-106.4328969357195,-0.004542499948199746,0.09688588799408815,-0.24180736870915942,0.5083232622255426,0.021980256548693587,47.934544010406874,-63.21801166079274,0.15378001148625275,0.04847882099089477,-0.12156264433704511,-0.4917547593121222,0.022217332803882245,47.934738735534026,-43.21488527492676,-0.1583225114344525,0.04840706700319338,-0.12024472437211431,False
2025-10-16,459.55999755859375,0.0,0.042,0.09759025518935623,464.0,2025-11-07,6.45,O:DIA251107C00464000,10.0,O:DIA251107P00464000,0.17149728530263675,0.17904890241244475,0.17527409002631902,0.0776838348369628,-0.10764006027549827,0.0389708705629153,91.55088388853301,-123.59836003022477,-0.041852105293596786,0.8102458670717447,12.709885717598798,0.44465151019298715,0.019895008428315666,45.75149143991365,-70.1008205428006,0.12564701392934233,0.4202130921530818,6.772790907709077,-0.5522915704684854,0.019075862134599633,45.799392448619365,-53.49753948742417,-0.1674991192229391,0.390032774918663,5.93709480988972,False
2025-10-17,461.7799987792969,0.155,0.0418,0.09925056711262953,464.0,2025-11-07,6.73,O:DIA251107C00464000,8.25,O:DIA251107P00464000,0.16115117951485228,0.17123762645479684,0.16619461085647344,0.06694404374384391,-0.02927321850835246,0.04262344430175817,89.83114261860874,-124.216358035206,-0.016962968337531525,0.37109411301211026,1.538617375214597,0.4844289006577753,0.021956601827552016,44.91170778674341,-69.86495566947872,0.1291485578300022,0.19383289333571815,0.8525649589900236,-0.5137021191661277,0.02066684247420615,44.919434831865324,-54.35140236572728,-0.14611152616753373,0.1772612196763921,0.6860524162245735,False
2025-10-20,467.0199890136719,0.0,0.0415,0.10719080842482265,464.0,2025-11-07,7.33,O:DIA251107C00464000,4.1,O:DIA251107P00464000,0.11489315547946112,0.13542952050958007,0.12519890223667024,0.018008093811847592,0.2470451854241691,0.055438345417911,83.56196563968108,-98.49917589005324,0.05774724432370884,-1.7530160469995948,61.49381993452377,0.6324089403521033,0.02979021502510061,41.47307419716634,-54.8374823370949,0.16000978687521503,-1.0203665474912371,37.991003157676026,-0.3853637549279342,0.025648130392810387,42.088891442514736,-43.66169355295834,-0.10226254255150619,-0.7326494995083577,23.50281677684774,False
2025-10-21,469.2200012207031,0.0,0.0412,0.10794474032159207,464.0,2025-11-07,10.4,O:DIA251107C00464000,3.0,O:DIA251107P00464000,0.16232239854666186,0.1316606489326346,0.14711963453441856,0.039174894212826494,0.32513879310143456,0.0470347900304233,77.80800187252416,-116.78112957388886,0.07178972712886537,-1.9563027465754317,89.20050498249304,0.6478497473288207,0.02145885368287399,39.56223461178222,-74.33808159194147,0.15145209404849275,-0.7836277657622084,31.69526095105893,-0.32271095422738616,0.025575936347549313,38.245767260741935,-42.44304798194739,-0.07966236691962737,-1.1726749808132233,57.50524403143412,False
2025-10-22,465.7799987792969,0.0,0.041100000000000005,0.11048946351302952,464.0,2025-11-07,8.65,O:DIA251107C00464000,3.75,O:DIA251107P00464000,0.17875629170760063,0.1231396383923721,0.1510290120147168,0.040539548501687284,0.15711461140762928,0.05270129182741709,79.48389594212438,-128.6165736118375,0.02894325881412027,-0.9206618808953033,19.651160075953207,0.5666428019049473,0.021650151085165638,39.982011906685514,-85.53592424132741,0.12156232551408747,-0.28348756071281517,4.835968039111464,-0.40952819049731803,0.03105114074225145,39.50188403543886,-43.0806493705101,-0.0926190666999672,-0.6371743201824882,14.815192036841745,False
2025-10-23,467.2900085449219,0.0,0.0412,0.10983894517688146,464.0,2025-11-07,7.45,O:DIA251107C00464000,3.2,O:DIA251107P00464000,0.13220805636502536,0.12877439676011773,0.13049240917265414,0.020653463995772683,0.26524633317657964,0.059144330795863176,73.55163370827219,-114.60877130590052,0.04945502278819543,-1.7992625634234418,59.535030595337204,0.6310791442521507,0.02922415675929383,36.82688995448811,-67.61283865006519,0.12547288753219066,-0.8761763491322985,28.631656268353794,-0.3658328110755711,0.02992017403656935,36.724743753784075,-46.99593265583534,-0.07601786474399523,-0.9230862142911435,30.903374326983414,False
2025-10-24,472.2099914550781,0.0,0.041100000000000005,0.11363145358317812,464.0,2025-11-07,11.4,O:DIA251107C00464000,1.76,O:DIA251107P00464000,0.15759397343031992,0.13506017173859877,0.14651530345678332,0.032883849873605195,0.5005269658021044,0.0462450835990431,59.67673456980718,-119.48579044104314,0.08856898184303488,-2.8243973761262837,181.27656417011855,0.7344537338248784,0.02211813708850269,30.843095200455934,-75.03025634712625,0.13310174260856986,-1.237829246888899,72.9298262860416,-0.233926768022774,0.024126946510540412,28.833639369351246,-44.45553409391688,-0.04453276076553497,-1.5865681292373848,108.34673788407694,False
2025-10-27,475.3500061035156,0.0,0.0409,0.11533295870485846,464.0,2025-11-07,12.27,O:DIA251107C00464000,1.23,O:DIA251107P00464000,0.09107400513566154,0.14586542581047762,0.12255996403694153,0.007227005332083064,0.7601588499912675,0.03539686609978389,34.64141133447502,-76.01136161513338,0.12422911213678223,-3.7180299922187547,420.29465174609953,0.9328807836567667,0.015887849822640725,11.676926275476724,-32.52355505592956,0.1539910307875344,-2.1128758147463857,284.2516039680504,-0.17272193366549926,0.019509016277143167,22.964485058998303,-43.48780655920381,-0.02976191865075217,-1.605154177472369,136.04304777804913,False
2025-10-28,477.1499938964844,0.0,0.0407,0.11566066815325651,464.0,2025-11-07,12.27,O:DIA251107C00464000,0.75,O:DIA251107P00464000,0.09107400513566154,0.14313374229087378,0.00010000000000000002,-0.11556066815325651,0.8416672527649339,0.026759345050189717,23.914778005666268,-64.25755910888795,0.1228552306961636,-3.141149442662278,394.06007357576834,0.9648479550745123,0.010015254540714747,6.592584708283824,-27.629855899434993,0.14175226922161754,-1.5272711547848246,235.0073926159574,-0.12318070230957834,0.016744090509474972,17.322193297382444,-36.62770320945295,-0.018897038525453953,-1.6138782878774534,159.0526809598109,False
2025-10-29,476.3699951171875,0.0,0.0403,0.11617764343801788,464.0,2025-11-07,12.27,O:DIA251107C00464000,1.02,O:DIA251107P00464000,0.09107400513566154,0.16171570692825044,0.10435547002553941,-0.011822173412478473,0.8139845291545891,0.028891309594593184,24.716662241403604,-79.24759271305766,0.10381907364056056,-2.974878126131556,338.05218996312215,0.9652130290976353,0.010632787645512669,6.104187615270921,-28.013208866884362,0.1241137180237407,-1.5191164282736758,218.86834406324508,-0.1512284999430462,0.018258521949080515,18.612474626132684,-51.2343838461733,-0.020294644383180137,-1.4557616978578802,119.18384589987706,False
2025-10-30,475.010009765625,0.0,0.0405,0.11708813595883892,464.0,2025-11-07,12.27,O:DIA251107C00464000,0.59,O:DIA251107P00464000,0.09107400513566154,0.1356501467018828,0.14300148732364176,0.025913351364802842,0.8398454625120123,0.03312512246792419,21.01432812815427,-69.54936075030493,0.09208994028883483,-3.3561305566568285,358.3638831804354,0.9594569233158629,0.013051469146271744,6.385722907381482,-30.202508388390996,0.10575818818514855,-1.655294765297435,211.64310514128002,-0.11961146080385054,0.02007365332165245,14.628605220772787,-39.34685236191393,-0.013668247896313728,-1.7008357913593934,146.72077803915536,False
2025-10-31,475.6700134277344,0.0,0.0406,0.1161061213796201,464.0,2025-11-07,11.1,O:DIA251107C00464000,0.54,O:DIA251107P00464000,1.0,0.14991161163936045,0.00010000000000000002,-0.1160061213796201,0.4893890396902022,0.024522016888795534,38.51340551245229,-708.2444285992048,0.03956763395758347,-1.5559919107250146,124.90520356490141,0.5996702095345753,0.005767342867932919,25.89147442355202,-662.7133392933998,0.050083000136293625,-0.04313847901733916,0.7298030316337217,-0.11028116984437308,0.018754674020862616,12.621931088900268,-45.53108930580489,-0.010515366178710158,-1.5128534317076754,124.17540053326769,True
2025-11-03,473.4700012207031,0.0,0.0406,0.11749805700625268,476.0,2025-12-05,5.8,O:DIA251205C00476000,4.49,O:DIA251205P00476000,0.12917314312775643,0.12991826810461135,0.08807344260439277,-0.029424614401859908,-0.013241308661029239,0.04214664363991853,116.56765598218664,-78.41087358920741,-0.020373752503072884,0.3484063615634142,0.8449101144822098,0.4933144447919976,0.02113387000678825,58.28367060760288,-48.716472660340386,0.21559645324781088,0.17485066906463972,0.42816667207391695,-0.5065557534530268,0.02101277363313028,58.283985374583764,-29.694400928867026,-0.23597020575088376,0.1735556924987745,0.41674344240829275,False
2025-11-04,470.8999938964844,0.0,0.04019999999999999,0.11921091238934119,476.0,2025-12-05,5.8,O:DIA251205C00476000,4.49,O:DIA251205P00476000,0.12917314312775643,0.12991826810461135,0.08718277022987606,-0.03202814215946513,-0.1286355786200838,0.04273016105968908,112.03113617986924,-76.46882387855253,-0.06897533090633587,1.2222524166488808,28.156379167856407,0.43545453125334854,0.021424524260475076,56.01032325586264,-47.6454515656301,0.18186021152841905,0.6142419550636303,14.200236590872507,-0.5640901098734323,0.021305636799214007,56.02081292400659,-28.823372312922434,-0.2508355424347549,0.6080104615852504,13.9561425769839,False
2025-11-05,473.1099853515625,0.0,0.04,0.12009886142680085,476.0,2025-12-05,5.8,O:DIA251205C00476000,4.49,O:DIA251205P00476000,0.12917314312775643,0.12991826810461135,0.09171948503032328,-0.02837937639647757,-0.038868657655362904,0.04400800647699664,111.40315963228886,-81.33929017850369,-0.02871289293101878,0.535277499607264,3.6466453240080083,0.48046596029277483,0.022067016554805072,55.70090053885089,-50.036043570313424,0.19267395678869664,0.2688362931662362,1.8408429271356241,-0.5193346179481377,0.02194098992219157,55.70225909343798,-31.30324660819027,-0.22138684971971542,0.2664412064410278,1.8058023968723844,False
2025-11-06,469.2799987792969,0.0,0.04019999999999999,0.12222289311804362,476.0,2025-12-05,5.8,O:DIA251205C00476000,4.49,O:DIA251205P00476000,0.12917314312775643,0.12991826810461135,0.08663048630580304,-0.03559240681224057,-0.21432045061080562,0.043814933085310453,104.16569761347012,-76.33252991821942,-0.09603729681070175,1.836018920256298,67.63562461496466,0.3924977635906074,0.021965171180582825,52.07024995078484,-47.5699776521379,0.14953380088294363,0.9227484117332128,34.10301441258142,-0.606818214201413,0.021849761904727625,52.095447662685274,-28.762552266081514,-0.24557109769364538,0.9132705085230852,33.53261020238323,False
2025-11-07,469.8599853515625,0.0,0.0401,0.09878221387054058,476.0,2025-12-05,3.9,O:DIA251205C00476000,4.49,O:DIA251205P00476000,0.11172478190736257,0.12991826810461135,0.07065698690116404,-0.02812522696937654,-0.21474980077329903,0.048310037233088854,101.73840968173371,-72.8958218436108,-0.09067919722538642,1.9696359642236994,71.87451392958219,0.38375255528554414,0.025822486222072224,50.549160388954256,-42.653881493558224,0.14000791270245275,1.1181019514151098,43.75499297570839,-0.5985023560588432,0.02248755101101663,51.18924929277945,-30.241940350052587,-0.23068710992783917,0.8515340128085895,28.119520953873803,False
2025-11-10,473.82000732421875,0.0,0.0404,0.09334236340391569,476.0,2025-12-05,5.67,O:DIA251205C00476000,4.49,O:DIA251205P00476000,0.1160735151225075,0.12991826810461135,0.09763861573860048,0.004296252334684794,-0.023123434561975853,0.04999766691919191,103.76355579152079,-83.67657878279752,-0.01790443051682536,0.40882957713854184,1.5571446190604679,0.4870297717365689,0.026403250639869164,51.876466310555195,-49.02576095924002,0.16971406945298967,0.2211877146035576,0.9357611483143666,-0.5101532062985448,0.02359441627932275,51.887089480965585,-34.65081782355751,-0.18761849996981503,0.18764186253498427,0.6213834707461011,False
2025-11-11,479.4100036621094,0.0,0.0404,0.0999298250269115,476.0,2025-12-05,8.7,O:DIA251205C00476000,4.49,O:DIA251205P00476000,0.11815054255848537,0.12991826810461135,0.12404714477062224,0.024117319743710744,0.25074025642601305,0.04779925315731132,97.13159929932246,-88.67450254711997,0.07644099089388087,-1.7586185037771394,72.31832337127729,0.6305218179470177,0.024929750405431765,48.35482313308574,-51.852610188316945,0.2096989050364426,-0.9635556164693947,41.14067346321089,-0.3797815615210046,0.02286950275187955,48.77677616623672,-36.82189235880303,-0.13325791414256172,-0.7950628873077447,31.177649908066396,False
2025-11-12,482.760009765625,0.0,0.0403,0.10133526809771044,476.0,2025-12-05,9.76,O:DIA251205C00476000,3.5,O:DIA251205P00476000,0.09416150470299306,0.13666794827964238,0.11604633652567864,0.014711068427968196,0.4465349535997478,0.047077736013754166,83.48187560320324,-80.38100859637274,0.13647844109240997,-3.4200572042879944,269.35159646530735,0.7580342810733198,0.02644728298749068,39.15303274070125,-41.67941783579618,0.24028598523301167,-2.2401932583228326,196.62326220842724,-0.311499327473572,0.020630453026263488,44.32884286250199,-38.70159076057656,-0.10380754414060171,-1.1798639459651619,72.72833425688012,False
2025-11-13,474.739990234375,0.0,0.0405,0.11750795145879354,476.0,2025-12-05,7.95,O:DIA251205C00476000,7.5,O:DIA251205P00476000,0.16698632804012084,0.15676761607616213,0.16187694707363845,0.044368995614844906,0.014721665317519284,0.04123808265399789,95.42926044818023,-121.3087009107656,-0.005372086825985528,0.11009961915941449,-0.24296940008298482,0.5076420529794701,0.019967970336937882,47.714009492575535,-72.18319284733695,0.14796697350732171,0.05474661708810839,-0.12545829093986297,-0.4929203876619508,0.02127011231706001,47.7152509556047,-49.12550806342864,-0.15333906033330724,0.055353002071306105,-0.11751110914312185,False
2025-11-14,471.79998779296875,0.0,0.0404,0.1200409983073695,476.0,2025-12-05,4.83,O:DIA251205C00476000,10.3,O:DIA251205P00476000,0.1354435264534148,0.18856048871939796,0.1620608480095863,0.04201984970221681,-0.11771374587749062,0.0434367251629935,90.79811094515844,-120.79696128840874,-0.042063895159562534,0.957677824749789,17.29055159609375,0.4290051494897319,0.025182456908970648,45.192141450693484,-59.398272072345094,0.11760394303117612,0.6143836978912757,12.652362382796088,-0.5467188953672225,0.01825426825402286,45.605969494464965,-61.39868921606364,-0.15966783819073865,0.3432941268585134,4.638189213297663,False
2025-11-17,466.32000732421875,0.0,0.0404,0.1217061546030194,476.0,2025-12-05,2.65,O:DIA251205C00476000,10.3,O:DIA251205P00476000,0.13555382861875984,0.18856048871939796,0.12250866190418601,0.0008025073011666134,-0.3627470334630738,0.04077354226423231,78.19641460722852,-107.30816597002234,-0.10286326656798254,2.3350989552257717,127.26596217328407,0.28882202584406136,0.02293095007569585,37.551685100901324,-51.146625142581456,0.07335193844832948,1.4839615354784041,90.82230779209945,-0.6515690593071352,0.01784259218853646,40.64472950632719,-56.161540827440895,-0.17621520501631202,0.8511374197473675,36.44365438118462,False
2025-11-18,461.29998779296875,0.0,0.04019999999999999,0.126003919625405,476.0,2025-12-05,1.8,O:DIA251205C00476000,10.3,O:DIA251205P00476000,0.15261948478361145,0.18856048871939796,0.00010000000000000002,-0.125903919625405,-0.5423186902341103,0.03392416733263251,63.23349390719822,-94.42904779618051,-0.13857782825074957,2.7987855917419404,222.00388522941063,0.20389484325482998,0.017711209591863373,29.673440475375102,-47.60271079636121,0.047592736236449606,1.6004381714991942,138.80774414349804,-0.7462135334889403,0.016212957740769137,33.56005343182312,-46.826336999819304,-0.18617056448719918,1.1983474202427464,83.1961410859126,False
2025-11-19,461.760009765625,0.0,0.0401,0.1237442745731009,476.0,2025-12-05,1.14,O:DIA251205C00476000,10.3,O:DIA251205P00476000,0.13161568909422663,0.18856048871939796,0.00010000000000000002,-0.1236442745731009,-0.5845728900730469,0.035433363156819844,57.043257633695674,-86.50384117130858,-0.13676017252156514,3.094618433270024,267.5129752973988,0.1643684377443339,0.01867093617232349,24.95095073389344,-37.47916076503469,0.035599414960944036,1.891489537351775,186.14637372532536,-0.7489413278173809,0.016762426984496353,32.09230689980224,-49.024680406273895,-0.17235958748250918,1.2031288959182491,81.36660157207342,False
2025-11-20,458.1000061035156,0.0,0.0404,0.12571393011043142,476.0,2025-12-05,1.01,O:DIA251205C00476000,10.3,O:DIA251205P00476000,0.1565345379689216,0.18856048871939796,0.00010000000000000002,-0.12561393011043143,-0.6829077684399191,0.0291441085612147,46.08242890828541,-78.45849278852262,-0.14521030957875375,2.903175548188238,281.5838391511376,0.13528531242245678,0.014513058770328182,20.81046905965162,-39.77679032931879,0.026611358210749114,1.5758038155204,166.16568737221374,-0.8181930808623759,0.014631049790886521,25.271959848633788,-38.68170245920382,-0.17182166778950286,1.3273717326678383,115.41815177892389,False
2025-11-21,462.57000732421875,0.576,0.0403,0.12480561848881856,476.0,2025-12-05,1.01,O:DIA251205C00476000,10.3,O:DIA251205P00476000,0.1336159374552974,0.18856048871939796,0.00010000000000000002,-0.12470561848881856,-0.6000123021672281,0.037580357939464,51.016464861901085,-93.96625665109055,-0.1165324075056873,3.0809057602975507,250.50106522676694,0.1582050142200408,0.01961632984100435,22.255144463177214,-40.37637613403188,0.02863924388352876,1.859047757084817,171.62314154009195,-0.758217316387269,0.017964028098459647,28.761320398723875,-53.58988051705867,-0.14517165138921606,1.221858003212734,78.87792368667499,False
2025-11-24,464.44000244140625,0.0,0.0403,0.12301619013077937,476.0,2025-12-05,0.76,O:DIA251205C00476000,10.3,O:DIA251205P00476000,0.11547271706132964,0.18856048871939796,0.06889033396244049,-0.054125856168338884,-0.5893016539755119,0.04243218550175249,48.86365989000229,-96.73790260282209,-0.10283348690851168,3.2903770357710185,260.7342948434315,0.1469151971829925,0.022687496854952395,20.18213807338007,-35.345982242056934,0.024097605192267398,2.1338359010697547,196.60742266242048,-0.7362168511585044,0.019744688646800096,28.68152181662222,-61.391920360765155,-0.12693109210077907,1.156541134701264,64.12687218101104,False
2025-11-25,471.17999267578125,0.0,0.0404,0.13409593886456728,476.0,2025-12-05,2.09,O:DIA251205C00476000,8.93,O:DIA251205P00476000,0.11393141089009248,0.19658031807275964,0.1558630497187376,0.021767110854170324,-0.2591477408566273,0.06156533868253253,63.128943360704824,-150.29698885417758,-0.04226197798056218,1.9682315824963492,62.11123306538511,0.33431008904390536,0.03805828601177289,30.560174483419324,-61.117160888516764,0.04934292866893558,1.4324858623789778,51.47647517051155,-0.5934578299005326,0.02350705267075964,32.5687688772855,-89.17982796566082,-0.09160490664949776,0.5357457201173715,10.634757894873562,False
2025-11-26,474.3500061035156,0.0,0.0406,0.13650026126577758,476.0,2025-12-05,2.9,O:DIA251205C00476000,3.79,O:DIA251205P00476000,0.10856236230607666,0.10142101376473225,0.10499279062449932,-0.03150747064127826,-0.09978767276697514,0.09547983452656003,62.58471695469995,-116.08481670090372,-0.015006745329463979,1.07970136484919,10.729816602473498,0.4520297024322059,0.04614538352476336,31.311427308125165,-69.7740891429833,0.05875563669657977,0.5057419294946566,4.819362234322098,-0.5518173751991811,0.049334451001796675,31.273289646574785,-46.310727557920416,-0.07376238202604375,0.5739594353545334,5.910454368151401,False
2025-11-28,477.17999267578125,0.0,0.0405,0.13779038350187153,476.0,2025-12-05,3.72,O:DIA251205C00476000,2.42,O:DIA251205P00476000,0.10726059086565738,0.11727369457259894,0.11227194191515447,-0.025518441586717067,0.17077211399052405,0.10349709095820296,52.39470766824799,-151.2958899226176,0.014950205576035935,-1.3933811061494623,20.2773536546188,0.5888603889170014,0.05395696160531514,26.146983140870248,-81.90396173916594,0.05501436429969611,-0.7598196999060596,11.471367694565341,-0.4180882749264774,0.04954012935288782,26.24772452737774,-69.39192818345165,-0.040064158723660176,-0.6335614062434026,8.80598596005346,True
2025-12-01,473.32000732421875,0.0,0.0398,0.14083744614589555,473.0,2026-01-02,8.1,O:DIA260102C00473000,6.55,O:DIA260102P00473000,0.12030732140212637,0.1468006469993767,0.12515323246121407,-0.01568421368468148,0.10347768054079787,0.040952224552701366,115.56078291552099,-82.36321883611801,0.03176817980198873,-0.5390273414429698,10.406817082711061,0.5552247380805848,0.022483812651238996,57.714168276214814,-46.590063497757264,0.24257045437608554,-0.33415246551315836,6.778328837940724,-0.45174705753978694,0.018468411901462367,57.846614639306175,-35.773155338360745,-0.2108022745740968,-0.2048748759298115,3.6284882447703364,False
2025-12-02,475.260009765625,0.0,0.039,0.14061455130535763,473.0,2026-01-02,9.35,O:DIA260102C00473000,6.55,O:DIA260102P00473000,0.12638583469983805,0.1468006469993767,0.13660868728682396,-0.0040058640185336725,0.17686422155971704,0.03988968024736634,111.72397535341435,-86.27943876971332,0.062206321758340066,-1.0507783589978608,34.05835464559185,0.593731726086522,0.0213748877398217,55.69190632425959,-49.199910735883975,0.24900872049900533,-0.6106498516923706,20.793110219072783,-0.416867504526805,0.01851479250754464,56.03206902915476,-37.07952803382935,-0.18680239874066526,-0.4401285073054901,13.265244426519063,False
2025-12-03,479.4100036621094,0.0,0.0383,0.1420391230191218,473.0,2026-01-02,11.25,O:DIA260102C00473000,6.55,O:DIA260102P00473000,0.11578596936550184,0.1468006469993767,0.14803855809792876,0.005999435078806958,0.35315072221660704,0.03902114087812647,101.63562642342359,-82.49855055620812,0.13375722646019148,-2.3496555617949118,156.3346666660724,0.6943800510915333,0.021376219925857944,49.661881472334805,-45.25158909316362,0.2807992199367908,-1.4355319876287858,103.36056854188041,-0.3412293288749263,0.01764492095226853,51.97374495108879,-37.24696146304449,-0.14704199347659933,-0.9141235741661261,52.974098124192,False
2025-12-04,479.07000732421875,0.0,0.0383,0.14143602664653307,473.0,2026-01-02,11.25,O:DIA260102C00473000,4.12,O:DIA260102P00473000,0.11578596936550184,0.13321094078933451,0.1287444115549326,-0.012691615091600467,0.3570304988517984,0.041765969386152194,99.05885697426223,-80.0461568977228,0.1300743155605191,-2.4816306149996854,160.5120153173375,0.6892401959686583,0.02205559801849515,48.841781023909405,-46.16267949929241,0.2661340672529779,-1.4039219556090783,95.85450546912706,-0.3322096971168599,0.019710371367657048,50.21707595035282,-33.88347739843039,-0.1360597516924588,-1.0777086593906071,64.65750984821044,False
2025-12-05,480.0299987792969,0.0,0.0382,0.13763255727126814,473.0,2026-01-02,11.81,O:DIA260102C00473000,4.12,O:DIA260102P00473000,0.12628237544571733,0.13321094078933451,0.1343999837026,-0.003232573568668129,0.3865463308495375,0.040045375751128834,94.96823121000801,-84.13705411353466,0.1349735156637325,-2.5393762226497985,173.69708042552926,0.6976669233589111,0.02043080152636925,47.18395706940724,-49.88064194488737,0.25642147013359823,-1.3320762997549682,93.25929107306496,-0.31112059250937363,0.01961457422475958,47.78427414060078,-34.25641216864729,-0.12144795446986571,-1.2072999228948302,80.4377893524643,False
2025-12-08,478.1499938964844,0.0,0.0382,0.13880937875620084,473.0,2026-01-02,10.45,O:DIA260102C00473000,4.12,O:DIA260102P00473000,0.1287520366951131,0.13321094078933451,0.13061912231147288,-0.008190256444727956,0.3103006000936742,0.04285219647597803,96.72902039819212,-89.13354023508299,0.10085450143495656,-2.0445772593893925,107.23466780715162,0.6574282832641749,0.02173790592884578,48.24509679515949,-52.802031422878976,0.22913044694336782,-1.056279511303957,56.22917349237792,-0.3471276831705007,0.021114290547132247,48.483923603032636,-36.33150881220401,-0.12827594550841126,-0.9882977480854356,51.0054943147737,False
2025-12-09,476.4200134277344,0.0,0.0381,0.13672780400059642,473.0,2026-01-02,10.45,O:DIA260102C00473000,4.12,O:DIA260102P00473000,0.1287520366951131,0.13321094078933451,0.1392104042470455,0.002482600246449085,0.23668321335428033,0.04573250088160021,97.08923386599785,-92.79188329735393,0.07070809445073575,-1.550127680399617,59.46716359559023,0.6200686037706931,0.02322427737763509,48.478399794831766,-54.59926668201786,0.20448852112647298,-0.8021189994055157,31.217978060554714,-0.38338539041641273,0.02250822350396512,48.61083407116609,-38.19261661533608,-0.13378042667573722,-0.7480086809941013,28.249185535035515,False
2025-12-10,481.3500061035156,0.0,0.0379,0.13520045312621448,473.0,2026-01-02,10.45,O:DIA260102C00473000,4.12,O:DIA260102P00473000,0.1287520366951131,0.13321094078933451,0.12429104968234896,-0.010909403443865526,0.45594242950605257,0.040539728161484156,82.98105995005474,-88.31121306401877,0.13785330207934354,-2.9032086512960946,220.31960939669653,0.7312063018637807,0.020495022873904686,41.24514730734893,-52.23477792283702,0.2291758156565171,-1.4938960202619536,115.13682614868075,-0.2752638723577281,0.02004470528757947,41.73591264270582,-36.07643514118175,-0.09132251357717357,-1.4093126310341413,105.18278324801578,False
2025-12-11,487.8699951171875,0.0,0.0377,0.14140481710344574,473.0,2026-01-02,16.45,O:DIA260102C00473000,1.64,O:DIA260102P00473000,0.0961667372865495,0.14247208245778656,0.1220637801796198,-0.01934103692382594,0.7456195179509681,0.02742272881073594,50.03433800735037,-62.34652591217724,0.21947643846477372,-3.7880140698341584,558.066370413468,0.9174764719935071,0.012873583137720435,18.70906068562096,-30.42331934524632,0.273751899626417,-2.158728225467077,368.42046176926226,-0.17185695404253898,0.014549145673015506,31.325277321729416,-31.923206566930926,-0.054275461161643286,-1.6292858443670817,189.64590864420578,False
2025-12-12,485.3999938964844,0.0,0.037599999999999995,0.12811505894749384,473.0,2026-01-02,16.45,O:DIA260102C00473000,2.34,O:DIA260102P00473000,0.0961667372865495,0.15327808068315116,0.16242438836246728,0.034309329414973444,0.6663866887579882,0.033177734079443605,57.8286465690052,-75.10187780994575,0.18275866008077707,-3.785219895138045,468.6249710688574,0.886875813427547,0.016845076339780194,22.718942717197667,-34.00901422727958,0.24785712422889908,-2.367166302284032,339.2249706291594,-0.22048912466955872,0.01633265773966341,35.10970385180753,-41.09286358266617,-0.06509846414812201,-1.4180535928540132,129.40000043969803,False
2025-12-15,485.1700134277344,0.0,0.0377,0.12535099251562545,473.0,2026-01-02,16.45,O:DIA260102C00473000,2.34,O:DIA260102P00473000,0.0961667372865495,0.15327808068315116,0.17032369497269392,0.04497270245706847,0.6716875074413767,0.03394188947816951,55.23289628051907,-76.797303242702,0.17217029019745242,-3.7834499384444404,457.09113099473507,0.889617528588068,0.01714109883396654,21.556534195937232,-34.41066035472747,0.23214657098827765,-2.3558051165308695,329.8789834605189,-0.21793002114669124,0.016800790644202968,33.67636208458184,-42.38664288797453,-0.05997628079082523,-1.427644821913571,127.2121475342162,False
2025-12-16,481.9800109863281,0.0,0.037599999999999995,0.11953742491335337,473.0,2026-01-02,16.45,O:DIA260102C00473000,1.95,O:DIA260102P00473000,0.0961667372865495,0.12841860429435553,0.19148025942891836,0.07194283451556499,0.5977137168979056,0.045691103280745424,61.0850678733998,-77.77674508222232,0.14201228084573772,-4.118241104351327,390.38151419500923,0.8316678249310931,0.023885691064178212,27.527296364036573,-40.32144674084286,0.2011886953807266,-2.455125181068923,258.2240162098724,-0.2339541080331875,0.02180541221656721,33.55777150936323,-37.45529834137946,-0.05917641453498887,-1.6631159232824038,132.1574979851368,False
2025-12-17,479.79998779296875,0.0,0.0373,0.11278076767383245,473.0,2026-01-02,10.17,O:DIA260102C00473000,2.66,O:DIA260102P00473000,0.13349452095935316,0.13711458479471234,0.135308134265244,0.022527366591411538,0.42345710969815464,0.04819501035972075,71.47610690355673,-108.65117388981967,0.09064034098286652,-2.6693678126298117,156.12669721248443,0.7141437768506714,0.02432466027633674,35.59683579269246,-62.29717803204302,0.15832198829303626,-1.366112487960567,80.88978610502936,-0.2906866671525168,0.023870350083384013,35.879271110864266,-46.35399585777665,-0.06768164731016973,-1.3032553246692447,75.23691110745507,False
2025-12-18,480.510009765625,0.0,0.0371,0.11273731881200033,473.0,2026-01-02,11.64,O:DIA260102C00473000,2.17,O:DIA260102P00473000,0.1688966429194277,0.13384020287357284,0.151677552627027,0.038940233815026676,0.43231978955157724,0.04492571207715712,67.90021818236193,-125.41260220964452,0.08464935909890134,-2.4638695793194705,144.74485838776383,0.6949568132949592,0.020659584193306144,35.167347788620326,-79.99305279868159,0.1406837601814894,-0.984476710834623,50.40013475838444,-0.26263702374338194,0.024266127883850973,32.73287039374159,-45.41954941096293,-0.05603440108258805,-1.4793928684848474,94.34472362937937,False
2025-12-19,481.1499938964844,1.044,0.0371,0.10652717538470023,473.0,2026-01-02,11.64,O:DIA260102C00473000,1.13,O:DIA260102P00473000,0.1688966429194277,0.10904136762477558,0.13830538277179003,0.031778207387089794,0.5216128849775005,0.04722384322635007,58.835680374820974,-114.20514137410223,0.0944736161099058,-3.1970441715497486,234.52969616469196,0.7150987221585511,0.020968504483647864,32.534857031884314,-81.5656555802126,0.13186477062527036,-1.0746218230314255,58.53907521330736,-0.1934858371810506,0.02625533874270221,26.30082334293666,-32.63948579388962,-0.03739115451536455,-2.1224223485183233,175.99062095138459,False
2025-12-22,483.4599914550781,0.0,0.037200000000000004,0.10344356008111368,473.0,2026-01-02,11.6,O:DIA260102C00473000,0.71,O:DIA260102P00473000,0.10194724614980749,0.11253942577525831,0.1074145850598812,0.003971024978767529,0.7522811440225792,0.04165186811536709,37.316632838205166,-69.27875234262704,0.12549565552177588,-4.32526828058349,458.28190056433596,0.8876078115854238,0.02050089910100367,17.446626181460733,-40.43274749144,0.14911530893019626,-2.237642417882401,248.17416019125292,-0.13532666756284462,0.021150969014363422,19.870006656744437,-28.846004851187047,-0.023619653408420378,-2.0876258627010893,210.107740373083,False
2025-12-23,484.2300109863281,0.0,0.0371,0.10323986089556725,473.0,2026-01-02,11.6,O:DIA260102C00473000,0.71,O:DIA260102P00473000,0.10194724614980749,0.11253942577525831,0.09495128098726272,-0.008288579908304533,0.8063086735775268,0.03692027975638932,29.52142823143714,-64.08309451226056,0.11993491463172021,-4.080821722612775,458.91325313188406,0.9139861169131549,0.017849199346141126,13.545252000231244,-37.71860964068138,0.13664841217112575,-2.0752047077829117,244.52210471092968,-0.10767744333562812,0.019071080410248194,15.976176231205896,-26.364484871579183,-0.016713497539405535,-2.0056170148298635,214.39114842095438,False
2025-12-24,487.010009765625,0.0,0.037200000000000004,0.09349847610657878,473.0,2026-01-02,11.6,O:DIA260102C00473000,0.33,O:DIA260102P00473000,0.10194724614980749,0.12523176641101774,0.00010000000000000002,-0.09339847610657878,0.8906887149825199,0.023311874135599084,17.73621818259406,-52.81257274607434,0.11633973963771199,-2.9837349961513198,390.6443486995397,0.9630487742737248,0.009762215255330107,6.556878751332066,-28.935627831311557,0.12622031552161503,-1.4026962543483577,203.48271239147496,-0.07236005929120493,0.013549658880268977,11.179339431261996,-23.876944914762785,-0.009880575883903037,-1.581038741802962,187.16163630806474,False
2025-12-26,487.0299987792969,0.0,0.037000000000000005,0.09169635102197748,473.0,2026-01-02,11.6,O:DIA260102C00473000,0.25,O:DIA260102P00473000,0.10194724614980749,0.13818457774176302,0.00010000000000000002,-0.09159635102197748,0.9211912853215191,0.019046724260129044,11.300307009286922,-52.61616681912763,0.08610603967316728,-2.239073636566233,271.9208626872571,0.9818617126005924,0.006371012446543209,3.0567846307277966,-25.01268758325693,0.09201840438024397,-0.9088623718460309,130.54992157356588,-0.06067042727907335,0.012675711813585837,8.243522378559124,-27.603479235870697,-0.0059123647070766895,-1.330211264720202,141.37094111369123,False
2025-12-29,484.5899963378906,0.0,0.0369,0.09261769989188985,473.0,2026-01-02,11.6,O:DIA260102C00473000,0.11,O:DIA260102P00473000,0.10194724614980749,0.11251578811637351,0.00010000000000000002,-0.09251769989188985,0.9340773155534078,0.02225035088358944,8.944638572099151,-46.71748742663322,0.06993726707588012,-2.475464920850402,278.13396092724156,0.9736124143681909,0.009824396678165525,3.733272816621836,-28.95811904880294,0.07299572951871725,-1.1539719173497087,136.45024822591603,-0.03953509881478312,0.012425954205423915,5.211365755477316,-17.75936837783028,-0.0030584624428371286,-1.3214930035006929,141.68371270132553,False
2025-12-30,483.5899963378906,0.0,0.0365,0.08727427585025951,473.0,2026-01-02,11.6,O:DIA260102C00473000,0.08,O:DIA260102P00473000,0.10194724614980749,0.11356391804093911,0.1660986223757267,0.07882434652546719,0.9453280891263224,0.021866590865204413,6.611132777359251,-46.52596989255296,0.05312309888340298,-2.1977859432935034,222.9132358208576,0.9790854256571044,0.009348683409400831,2.6533911868715014,-28.247562869058918,0.055076040579747965,-0.9984320054549922,107.21774216238585,-0.033757336530782056,0.012517907455803582,3.9577415904877498,-18.27840702349404,-0.0019529416963449805,-1.1993539378385114,115.69549365847178,False
2025-12-31,480.57000732421875,0.0,0.0374,0.09021561862467048,473.0,2026-01-02,11.6,O:DIA260102C00473000,0.03,O:DIA260102P00473000,0.10194724614980749,0.08955358480953826,0.2877856720268728,0.1975700534022023,0.9417939406244381,0.031787353180205855,5.639498845982234,-51.16159808841799,0.0353010075144226,-2.55723468622314,207.52868927530585,0.9629041428253681,0.018567369984756436,3.469514211410504,-39.29935658192882,0.036108541643495334,-1.412048488032862,107.93533672142782,-0.02111020220092996,0.013219983195449415,2.16998463457173,-11.862241506489166,-0.0008075341290727388,-1.145186198190278,99.59335255387802,True
2026-01-02,483.6300048828125,0.0,0.037200000000000004,0.08773488892682224,481.0,2026-02-06,10.15,O:DIA260206C00481000,6.64,O:DIA260206P00481000,0.17159342109068113,0.14322667272257267,0.1356918050803244,0.04795691615350217,0.16687500274083955,0.03279893717918104,118.86049642216756,-96.605328619503,0.060850786027763504,-0.8133429388787673,26.471869607078332,0.5777725134750575,0.014971580398515203,59.612072619338974,-61.47559739117489,0.2645832911098325,-0.32419167866406084,9.68902403876302,-0.410897510734218,0.017827356780665837,59.248423802828576,-35.12973122832811,-0.20373250508206897,-0.48915126021470645,16.782845568315313,False
2026-01-05,489.7699890136719,0.0,0.0371,0.09771553659243261,481.0,2026-02-06,10.15,O:DIA260206C00481000,3.49,O:DIA260206P00481000,0.17159342109068113,0.1274960296628281,0.0878244715511799,-0.009891065041252714,0.3832228711620297,0.031608092818251124,106.1647709361829,-89.99352749621713,0.1598980524408626,-2.2160530019185205,174.10402252215079,0.668004044597673,0.013996966296260033,54.86932158820023,-60.96279110317392,0.2960573592836015,-0.8069990922922919,52.98693086174647,-0.28478117343564335,0.017611126521991094,51.295449347982675,-29.030736393043213,-0.1361593068427389,-1.4090539096262285,121.1170916604043,False
2026-01-06,494.6099853515625,0.0,0.037000000000000005,0.10254007628921832,481.0,2026-02-06,10.15,O:DIA260206C00481000,3.49,O:DIA260206P00481000,0.17159342109068113,0.1274960296628281,0.00010000000000000002,-0.10244007628921832,0.5325316817849723,0.027586248906101438,91.09887386078546,-84.38638569303424,0.22062071350477613,-2.8573310542023416,321.696726455857,0.7354242170096947,0.01276403896967078,48.90371020393914,-58.70959693050381,0.3142265199737453,-1.1013817842560767,103.56745731711483,-0.2028925352247224,0.014822209936430658,42.19516365684631,-25.676788762530432,-0.09360580646896914,-1.7559492699462649,218.12926913874216,False
2026-01-07,489.9599914550781,0.0,0.037000000000000005,0.10809277647255451,481.0,2026-02-06,10.15,O:DIA260206C00481000,3.49,O:DIA260206P00481000,0.17159342109068113,0.1274960296628281,0.09138763786256315,-0.016705138609991357,0.39867596594722055,0.03260602872575595,100.51819188723121,-93.08117829643888,0.15381735040562095,-2.304419670483422,181.0492902704792,0.6747582624766566,0.0144930350474938,52.11987340822094,-62.86397859501747,0.2747057899927315,-0.8442643073179611,55.3777374638507,-0.27608229652943606,0.01811299367826215,48.39831847901027,-30.217199701421414,-0.12088843958711054,-1.4601553631654607,125.6715528066285,False
2026-01-08,492.5299987792969,0.0,0.037000000000000005,0.1073828605899202,481.0,2026-02-06,10.15,O:DIA260206C00481000,3.49,O:DIA260206P00481000,0.17159342109068113,0.1274960296628281,0.06497313376367092,-0.042409726826249286,0.4861423409959863,0.030602321534577218,91.29906285239473,-90.75606098565407,0.18293561157097576,-2.701794985196268,260.25476621251033,0.7140396180440678,0.01393777118503658,48.34795311013555,-62.14283666801651,0.2785065902391109,-1.0219373575899382,82.12732337197006,-0.2278972770480815,0.016664550349540636,42.95110974225918,-28.61322431763757,-0.09557097866813515,-1.67985762760633,178.12744284054028,False
2026-01-09,495.0199890136719,0.0,0.037000000000000005,0.10328566377361283,481.0,2026-02-06,10.15,O:DIA260206C00481000,3.49,O:DIA260206P00481000,0.17159342109068113,0.1274960296628281,0.00010000000000000002,-0.10318566377361282,0.5673498587024786,0.02820729151873904,81.29314823406438,-87.18762220551363,0.20632823688402285,-2.9678050952569386,336.54205509371616,0.7515115896684892,0.013236806455192356,44.17319159561916,-60.81224438875995,0.2801227213754941,-1.1646362562480186,110.32148317796464,-0.18416173096601063,0.014970485063546686,37.119956638445224,-26.37537781675368,-0.07379448449147125,-1.80316883900892,226.22057191575155,False
2026-01-12,495.8999938964844,0.0,0.0371,0.09288818284905696,481.0,2026-02-06,10.15,O:DIA260206C00481000,3.49,O:DIA260206P00481000,0.17159342109068113,0.1274960296628281,0.00010000000000000002,-0.09278818284905696,0.6011105989371535,0.027448811222781658,75.57929980423773,-86.34709795124704,0.20888165522485835,-3.0441428482701776,362.0887415086801,0.7674272511006066,0.013076576893806008,41.60408460899078,-60.73877664716105,0.27224186872812317,-1.2166497809874208,121.00329440338585,-0.16631665216345315,0.014372234328975652,33.975215195246946,-25.608321304085976,-0.06336021350326483,-1.8274930672827565,241.08544710529424,False
2026-01-13,491.94000244140625,0.0,0.037200000000000004,0.09587968248861245,481.0,2026-02-06,10.15,O:DIA260206C00481000,3.05,O:DIA260206P00481000,0.17159342109068113,0.14784680965591007,0.07516412437558176,-0.02071555811303069,0.4602281178232299,0.03156943936638605,86.84758970533096,-104.98960673840116,0.14789663844322326,-2.3792754975229577,193.67708569559204,0.7160888812256212,0.015020953036611688,44.55478614256442,-66.01536916939654,0.23998102742381783,-1.037616540544025,77.93277488179798,-0.2558607634023913,0.016548486329774365,42.29280356276655,-38.97423756900462,-0.09208438898059455,-1.341658956978933,115.74431081379407,False
2026-01-14,491.5799865722656,0.0,0.037200000000000004,0.09592546952445309,481.0,2026-02-06,10.15,O:DIA260206C00481000,3.1,O:DIA260206P00481000,0.17159342109068113,0.15062535689264805,0.08483050113618373,-0.011094968388269358,0.4534302930264751,0.032411416663006516,84.8859793739137,-109.0977037914318,0.1376329584858379,-2.3304852654769306,180.7421344890836,0.7145661278332931,0.015507301927147646,43.378411369816284,-67.64931954298598,0.22632246455146646,-1.0339423683598692,74.82119273705214,-0.261135834806818,0.016904114735858868,41.50756800409741,-41.44838424844583,-0.08868950606562857,-1.2965428971170616,105.92094175203147,False
2026-01-15,494.4800109863281,0.0,0.0375,0.09361493319128975,481.0,2026-02-06,10.15,O:DIA260206C00481000,1.96,O:DIA260206P00481000,0.17159342109068113,0.14215445717791078,0.00010000000000000002,-0.09351493319128974,0.5669878482915355,0.030055493160919378,72.92859579732743,-100.33741970651656,0.1655506857537058,-2.8060869928178374,278.16234241694815,0.7629837273112041,0.014441086871151726,38.46957919981462,-65.46956182740658,0.228329126649527,-1.2103948344467665,107.97123675968095,-0.19599587901966864,0.015614406289767653,34.45901659751282,-34.86785787910997,-0.06277844089582123,-1.5956921583710706,170.19110565726717,False
2026-01-16,493.4200134277344,0.179,0.0375,0.09202018961624274,481.0,2026-02-06,10.15,O:DIA260206C00481000,2.22,O:DIA260206P00481000,0.17159342109068113,0.1475933458765067,0.00010000000000000002,-0.09192018961624274,0.5374026330980736,0.03175391761752286,73.23750350566061,-107.70355918935778,0.14663795825696457,-2.6707879345978407,238.4526740078348,0.752760706340598,0.015292915715328557,38.02902296482156,-68.1207190180213,0.2112105674183321,-1.1807003999189714,97.1072342111907,-0.21535807324252443,0.016461001902194305,35.20848054083905,-39.58284017133647,-0.06457260916136752,-1.4900875346788693,141.3454397966441,False
2026-01-20,484.8800048828125,0.0,0.0375,0.11350608884074166,481.0,2026-02-06,10.15,O:DIA260206C00481000,5.25,O:DIA260206P00481000,0.17159342109068113,0.16945580423484619,0.1705248356901109,0.05701874684936924,0.2180344069319775,0.04089124361437891,84.56931545642473,-143.1616021527334,0.04659392126473723,-1.0719688380204793,32.675328999500934,0.608444383872918,0.020325915053811757,42.302116938056415,-81.03690284815329,0.1469580438770581,-0.5289405346590945,16.034906847065336,-0.3904099769409405,0.020565328560567152,42.267198518368325,-62.12469930458009,-0.10036412261232087,-0.5430283033613849,16.6404221524356,False
2026-01-21,490.79998779296875,0.0,0.0375,0.12091747384557197,481.0,2026-02-06,12.3,O:DIA260206C00481000,2.44,O:DIA260206P00481000,0.1270789320158985,0.15163245178314258,0.13963867200762037,0.018721198162048397,0.5415272665931297,0.04068319605951248,64.7935738003656,-104.61137603005918,0.11954360753974683,-3.1160377569828404,250.69069951326316,0.7897593194402904,0.021189449953033516,30.887519408207673,-55.2883761924368,0.17872088778127515,-1.7652796569798066,152.3072393448454,-0.24823205284716077,0.019493746106478967,33.906054392157934,-49.32299983762238,-0.05917728024152833,-1.3507581000030335,98.38346016841774,False
2026-01-22,493.69000244140625,0.0,0.0379,0.12142884904015094,481.0,2026-02-06,15.25,O:DIA260206C00481000,1.47,O:DIA260206P00481000,0.15667072035098362,0.14600117026253556,0.15140809350162746,0.029979244461476512,0.6278223328081995,0.034319471231538154,55.24061764898872,-106.96362538240436,0.12799705155497243,-3.0494523271870517,281.24980997729176,0.8057813532062454,0.017019686652685904,28.36875063547857,-65.40920966636513,0.16698881668841037,-1.456580671645404,129.57502256421182,-0.1779590203980459,0.017299784578852253,26.87186701351015,-41.55441571603922,-0.03899176513343793,-1.5928716555416478,151.6747874130799,False
2026-01-23,490.92999267578125,0.0,0.0378,0.12367917582390293,481.0,2026-02-06,12.45,O:DIA260206C00481000,1.87,O:DIA260206P00481000,0.14462143389190912,0.14706667881508595,0.14584698999226098,0.022167814168358044,0.5584291279590844,0.04160474687910283,58.03060259318222,-116.46490256355021,0.10310698718210164,-3.013033566637984,226.7816043647964,0.7810563613429773,0.020877388125215387,28.87669052798948,-66.64354668053699,0.14721983879106354,-1.5250735408620286,115.70195952480793,-0.2226272333838929,0.02072735875388744,29.153912065192745,-49.821355883013226,-0.0441128516089619,-1.4879600257759555,111.07964483998849,False
2026-01-26,494.05999755859375,0.0,0.0377,0.12404111705481001,481.0,2026-02-06,12.45,O:DIA260206C00481000,1.11,O:DIA260206P00481000,0.14462143389190912,0.14744269654957604,0.00010000000000000002,-0.12394111705481001,0.6985661135808804,0.034307619977523865,43.6758903119955,-101.71518996375144,0.11759571176938984,-3.2218668750829362,310.9000513474756,0.8515555020434022,0.0171472830188912,21.618687888928743,-59.07619913415986,0.14498711780163423,-1.6263087005816284,158.39493175921922,-0.15298938846252186,0.017160336958632668,22.057202423066762,-42.63899082959158,-0.027391406032244395,-1.5955581745013079,152.5051195882564,False
2026-01-27,490.05999755859375,0.0,0.0377,0.1279573348338912,481.0,2026-02-06,12.45,O:DIA260206C00481000,1.75,O:DIA260206P00481000,0.14462143389190912,0.1510843704926331,0.17072004604190588,0.04276271120801467,0.5570470850994986,0.046050190406169665,51.89908406979005,-130.6920607389344,0.0825456870234339,-2.9800304962423794,199.79435670574975,0.7833366324640099,0.02324228423810021,25.62709769140675,-72.42253164731436,0.11830614893739824,-1.5377834545497155,105.20456865499322,-0.22628954736451123,0.022807906168069454,26.2719863783833,-58.26952909162006,-0.03576046191396434,-1.4422470416926638,94.58978805075652,False
2026-01-28,490.1300048828125,0.0,0.037599999999999995,0.1263970868552832,481.0,2026-02-06,10.75,O:DIA260206C00481000,1.59,O:DIA260206P00481000,0.1343091837099936,0.1548774202526581,0.1448418675214052,0.018444780666122013,0.5982081806364976,0.04752832900338219,45.78516614624786,-130.13709171565307,0.07801660513786281,-3.172333603535011,219.07473583904192,0.8153688732789066,0.02429920223715232,21.777990525847585,-67.27185614070997,0.10802409717819028,-1.7377766357027704,127.45613583083659,-0.217160692642409,0.023229126766229874,24.007175620400275,-62.8652355749431,-0.030007492040327478,-1.4345569678322405,91.61860000820533,False
2026-01-29,490.2099914550781,0.0,0.037200000000000004,0.12602160095377216,481.0,2026-02-06,10.75,O:DIA260206C00481000,1.36,O:DIA260206P00481000,0.1343091837099936,0.15674195054884263,0.150904370033741,0.024882769079968836,0.6311027963737488,0.04835884133987249,40.21473549945881,-134.5402643936488,0.07082611687094915,-3.216310027846788,220.6700612298769,0.8335485268492324,0.024572853251455747,18.88323177936326,-68.06824708466995,0.09477871682488016,-1.7612430628310844,128.9968815882791,-0.20244573047548364,0.023785988088416744,21.331503720095547,-66.47201730897886,-0.023952599953931012,-1.4550669650157033,91.67317964159778,False
2026-01-30,489.0299987792969,0.0,0.037200000000000004,0.12393138836493646,481.0,2026-02-06,9.65,O:DIA260206C00481000,1.5,O:DIA260206P00481000,0.1537407180254542,0.16533825923403,0.15960192173719404,0.035670533372257576,0.5655185972519149,0.05350360300130887,40.48165731842792,-172.75297888458198,0.05265983311979631,-2.8002548949067836,151.09044008276965,0.7908702684432636,0.027147255961331267,19.804109022220047,-90.754853565952,0.07482327111337125,-1.4731805730503562,82.14163447723499,-0.2253516711913487,0.026356347039977607,20.67754829620787,-81.99812531862997,-0.022163437993574946,-1.3270743218564274,68.94880560553464,True
2026-02-02,494.0299987792969,0.0,0.037200000000000004,0.12690780996258258,489.0,2026-03-06,10.7,O:DIA260306C00489000,6.5,O:DIA260306P00489000,0.13503347823816464,0.15727618351216746,0.13506828226670625,0.008160472304123673,0.2583674395312793,0.034083870594212876,115.18438574566949,-92.49138399915932,0.10396529621744457,-1.4882468267244535,75.59220093569145,0.6373673172920908,0.018217614592668907,57.18081062676223,-51.804862044441336,0.2884770192150897,-0.8603460230539158,46.096859782133606,-0.37899987776081157,0.015866256001543972,58.003575118907264,-40.68652195471799,-0.18451172299764515,-0.6279008036705378,29.495341153557842,False
2026-02-03,492.30999755859375,0.0,0.037200000000000004,0.12010353414084882,489.0,2026-03-06,10.7,O:DIA260306C00489000,8.0,O:DIA260306P00489000,0.13503347823816464,0.17438270118658608,0.15476724331527944,0.034663709174430624,0.19264455612216203,0.0341759366779983,115.15818103806077,-100.50851418779669,0.06949362468037734,-1.0213591226040923,38.09365947135798,0.6060317952246456,0.01915818391686404,57.22692342232622,-53.034322656098155,0.26254272886632357,-0.6502277327494165,26.0139294601345,-0.41338723910248354,0.015017752761134259,57.931257615734545,-47.474191531698544,-0.19304910418594623,-0.3711313898546758,12.079730011223479,False
2026-02-04,494.75,0.0,0.037200000000000004,0.11608909776248767,489.0,2026-03-06,12.7,O:DIA260306C00489000,8.0,O:DIA260306P00489000,0.1474660832431667,0.17438270118658608,0.17141819013953213,0.05532909237704446,0.2661775162325857,0.03220536203382333,110.05201888481409,-105.67269901383341,0.0979041180187038,-1.3876123418319235,69.84765476312965,0.6423015060915225,0.017316184943857067,54.568008826987146,-57.4358923038848,0.26633852154972937,-0.8126736666056993,43.316215792501936,-0.3761239898589368,0.014889177089966262,55.484010057826936,-48.23680670994861,-0.16843440353102557,-0.5749386752262243,26.53143897062772,False
2026-02-05,488.9100036621094,0.0,0.037200000000000004,0.11895841057911426,489.0,2026-03-06,10.1,O:DIA260306C00489000,9.42,O:DIA260306P00489000,0.16669145855475292,0.1799432130550638,0.17331769518852233,0.05435928460940807,0.06645259320017394,0.032552405223807174,112.21948267323637,-117.18042421497907,0.010807781320711418,-0.15377967825812114,1.8134110449798022,0.5337331699692253,0.01689670985618492,56.10377630459109,-65.44364829818511,0.20903957173686932,-0.08713315839371302,1.0410877955631137,-0.4672805767690513,0.015655695367622256,56.115706368645284,-51.73677591679395,-0.1982317904161579,-0.06664651986440812,0.7723232494166885,False
2026-02-06,501.0299987792969,0.0,0.037200000000000004,0.14739502944908725,489.0,2026-03-06,13.2,O:DIA260306C00489000,4.3,O:DIA260306P00489000,1.0,0.1721920367147613,0.1206931803017855,-0.026701849147301754,0.3150099489817463,0.016571295387126237,102.1661997562089,-399.7176663054046,0.07235415548644876,-1.0318711024306977,86.20866834033188,0.5939073414572668,0.0027477171715783273,54.743043910587154,-353.63069833253,0.18666840962260756,0.017107658082193465,-0.573759213284077,-0.2788973924755205,0.013823578215547909,47.42315584562174,-46.08696797287458,-0.1143142541361588,-1.048978760512891,86.78242755361596,False
2026-02-09,501.2200012207031,0.0,0.037200000000000004,0.14657745370555758,489.0,2026-03-06,13.2,O:DIA260306C00489000,3.44,O:DIA260306P00489000,1.0,0.1583657208662924,0.11147393522858619,-0.03510351847697139,0.3372239792844536,0.017599283954609933,97.71802925628998,-404.4455764846702,0.07881126002825443,-1.2272489513102018,111.26519490128031,0.5938258749590946,0.002818170258327716,53.3798161741851,-362.7933386573293,0.17837578569501186,0.0144232914904724,-0.4712440361461908,-0.256601895674641,0.014781113696282216,44.33821308210488,-41.652237827340926,-0.09956452566675743,-1.2416722428006743,111.7364389374265,False
2026-02-10,501.8999938964844,0.0,0.037200000000000004,0.14654259627852315,489.0,2026-03-06,13.2,O:DIA260306C00489000,3.1,O:DIA260306P00489000,1.0,0.15825328013431555,0.10317210877686739,-0.04337048750165576,0.35313670372575456,0.01760263946117644,93.87847160880712,-414.53047990127095,0.08152816184365362,-1.2871431671654507,121.41741816744816,0.5952222449695934,0.0028889818772751654,51.98178188644571,-372.7536814921622,0.17053011303844484,0.010177043887115073,-0.32899624979408676,-0.24208554124383885,0.014713657583901274,41.89668972236141,-41.776798409108785,-0.08900195119479122,-1.297320211052566,121.74641441724225,False
2026-02-11,501.3299865722656,0.0,0.0371,0.14317242259478322,489.0,2026-03-06,13.2,O:DIA260306C00489000,3.07,O:DIA260306P00489000,1.0,0.1582299988250825,0.1126755345866084,-0.03049688800817482,0.34711968102011637,0.01826892967240268,91.54395594484913,-426.7848149084408,0.07608976625515242,-1.2771467484424601,114.86604733439677,0.5930422709370425,0.002980105509468384,50.52745053322974,-383.370049093756,0.16133152291843697,0.009450146328677739,-0.28963566632678256,-0.24592258991692617,0.015288824162934296,41.016505411619384,-43.414765814684834,-0.08524175666328455,-1.286596894771138,115.15568300072356,False
2026-02-12,494.6700134277344,0.0,0.037200000000000004,0.15183938294829483,489.0,2026-03-06,13.2,O:DIA260306C00489000,5.2,O:DIA260306P00489000,1.0,0.16529348615269002,0.1778392264649272,0.02599984351663237,0.21031339013563533,0.021333710041417958,95.61798539556091,-447.7281659662032,0.02926767446176308,-0.6809285867331077,30.673612332573413,0.5718608109073235,0.0031485592029867125,48.9172996270244,-393.7850636400815,0.1461227014382035,0.027810238386453585,-0.6278142615770381,-0.3615474207716882,0.018185150838431245,46.700685768536516,-53.94310232612175,-0.11685502697644042,-0.7087388251195613,31.301426594150453,False
2026-02-13,495.2799987792969,0.0,0.037200000000000004,0.15047751032669207,489.0,2026-03-06,13.2,O:DIA260306C00489000,4.7,O:DIA260306P00489000,1.0,0.1637993613030933,0.1764993810459972,0.026021870719305118,0.22621459647828113,0.02189188903571638,91.99690684064655,-461.61918383724185,0.033237758904735085,-0.7754701792818278,37.59286410143292,0.5727449513398162,0.0032464796055700746,47.4029071488033,-406.82110642931843,0.1381958266028337,0.023776021698341827,-0.5268129300994623,-0.34653035486153505,0.018645409430146306,44.59399969184325,-54.798077407923444,-0.10495806769809861,-0.7992462009801696,38.11967703153238,False
2026-02-17,495.8500061035156,0.0,0.037200000000000004,0.15027348570822044,489.0,2026-03-06,11.75,O:DIA260306C00489000,6.05,O:DIA260306P00489000,0.16143743962126925,0.2117258287824651,0.1868211675107479,0.03654768180252746,0.31170629259864735,0.03554785310257086,82.81432767323463,-155.2418411570012,0.07055057032293911,-1.463352808626849,68.28099488546566,0.6736654912132298,0.019828987167819598,40.60207696984762,-75.51920196591621,0.166259186233631,-0.9231721043206134,46.79208048172434,-0.3619591986145825,0.015718865934751265,42.212250703387,-79.72263919108498,-0.0957086159106919,-0.5401807043062357,21.488914403741315,False
2026-02-18,497.0,0.0,0.0371,0.13518468376276352,489.0,2026-03-06,11.75,O:DIA260306C00489000,3.11,O:DIA260306P00489000,0.16143743962126925,0.15436723856903214,0.15135737248510125,0.016172688722337736,0.4105796132964994,0.040289430756384845,74.80227534668805,-131.03837836800827,0.0898621257130437,-2.2085964358983468,129.38672895302128,0.7013888260336549,0.01981665420236479,37.62946769870649,-76.26413470089936,0.16016792510845626,-1.0599228037405193,60.741157431874335,-0.29080921273715554,0.020472776554020054,37.172807647981564,-54.7742436671089,-0.07030579939541257,-1.1486736321578277,68.64557152114693,False
2026-02-19,494.3800048828125,0.0,0.037200000000000004,0.1305849332982148,489.0,2026-03-06,9.83,O:DIA260306C00489000,4.67,O:DIA260306P00489000,0.15301180915576068,0.1794486078698818,0.16629924157857895,0.03571430828036415,0.29704523210036105,0.04343329477383796,76.60466204591756,-150.9078221680896,0.057773232391191615,-1.5649908343774723,62.358769005254466,0.6587495956346374,0.02321636023112593,37.89946009756768,-78.17499890026876,0.13786781394326741,-0.9042527196441968,38.20553756492005,-0.3617043635342764,0.02021693454271203,38.70520194834989,-72.73282326782085,-0.0800945815520758,-0.6607381147332755,24.153231440334416,False
2026-02-20,496.0799865722656,0.613,0.037200000000000004,0.12950324954157727,489.0,2026-03-06,11.44,O:DIA260306C00489000,3.08,O:DIA260306P00489000,0.17497783775905087,0.15897014305795326,0.16701759064048524,0.03751434109890797,0.37880241191711284,0.04286280900084076,69.76871479593132,-153.3116571424994,0.06880805373705685,-1.9564576407132654,95.94013768909343,0.6815993969371547,0.020637761033391305,35.26537426935989,-89.90308950355013,0.12963802368263813,-0.8918932692771471,41.6167520965352,-0.3027969850200418,0.02222504796744946,34.503340526571435,-63.408567638949265,-0.06082996994558128,-1.0645643714361184,54.32338559255823,False
2026-02-23,488.010009765625,0.0,0.037200000000000004,0.14095426535417557,489.0,2026-03-06,5.55,O:DIA260306C00489000,6.41,O:DIA260306P00489000,0.15538392085344196,0.1694972239999313,0.16244061491563916,0.021486349561463586,-0.005929154848364149,0.05335847062651696,73.58294893429061,-166.78752860719874,-0.00530481675551861,0.18770441115847197,0.1301291377756478,0.4963746321008619,0.027837891805268657,36.791021600416116,-88.83897599166158,0.08453063894962504,0.09872092893016017,0.08273836688733528,-0.5023037869492261,0.025520578821248304,36.7919273338745,-77.94855261553715,-0.08983545570514365,0.0889834822283118,0.04739077088831252,False
2026-02-24,491.7900085449219,0.0,0.037200000000000004,0.14189062784574047,489.0,2026-03-06,7.11,O:DIA260306C00489000,4.05,O:DIA260306P00489000,0.15086861618590658,0.1599621417067227,0.15541946433037515,0.013528836484634682,0.2067994837437187,0.0566548033775959,67.55080982975835,-168.72720535544022,0.028743466627748834,-1.1650433445215138,26.80529088636603,0.606043865790583,0.02910523427409485,33.71466546547677,-90.9349685793791,0.0923607358526185,-0.6175401280143062,14.557219192573227,-0.3992443820468643,0.027549569103501054,33.83614436428159,-77.79223677606112,-0.06361726922486967,-0.5475032165072075,12.248071693792802,False
2026-02-25,494.82000732421875,0.0,0.0371,0.1403745430060712,489.0,2026-03-06,8.9,O:DIA260306C00489000,2.39,O:DIA260306P00489000,0.1569342820110763,0.15046843845353847,0.1537099395871163,0.0133353965810451,0.3935164572806582,0.055140657843926424,57.623273347757916,-166.24499011434241,0.05095272674272663,-2.2267967050008215,94.67147009886253,0.6931610491063742,0.02713660020252676,28.964448461212402,-94.21400596110917,0.09280276538768867,-1.0712528156721592,44.59986566344373,-0.299644591825716,0.02800405764139966,28.65882488654551,-72.03098415323325,-0.04185003864496204,-1.1555438893286623,50.0716044354188,False
2026-02-26,494.8599853515625,0.0,0.0374,0.1403769300111112,489.0,2026-03-06,8.4,O:DIA260306C00489000,2.14,O:DIA260306P00489000,0.15133748327483423,0.15268863095689358,0.15201349740922454,0.011636567398113334,0.4228541279464648,0.058843890769401705,52.154481950620806,-173.92427453915445,0.047312758943198634,-2.3998891569820104,102.17741743878264,0.7122376932107515,0.029513763811143845,26.042728918792147,-95.63382884340214,0.08191855581645296,-1.2092561377159985,51.70263221532509,-0.28938356526428666,0.029330126958257857,26.11175303182866,-78.29044569575231,-0.03460579687325433,-1.1906330192660117,50.474785223457545,False
2026-02-27,489.6600036621094,0.0,0.0374,0.14574205092702622,489.0,2026-03-06,4.9,O:DIA260306C00489000,4.02,O:DIA260306P00489000,0.15896987286782768,0.16418501008767897,0.16157762751430274,0.015835576587276523,0.08225163580844985,0.07123213485247747,54.73980316248134,-224.06004923749398,0.006221296883170635,-0.3956886335680839,2.8197436284098645,0.5416414067696425,0.03618606883885463,27.366229105875096,-119.36620322070357,0.0516508200838042,-0.20510366148166514,1.4793094006448984,-0.4593897709611926,0.03504606601362283,27.373574056606245,-104.69384601679042,-0.045429523200633565,-0.19058497208641875,1.3404342277649663,True
2026-03-02,489.17999267578125,0.0,0.0374,0.1455194314394986,490.0,2026-04-10,10.77,O:DIA260410C00490000,10.39,O:DIA260410P00490000,0.1530031088187028,0.16670332941379176,0.15985345566198228,0.014334024222483671,0.060330557319145495,0.030047209669301876,132.027200495685,-92.0101259682022,0.009612005795144318,-0.10768523125169968,1.3556605982465164,0.5305310650383659,0.015666360242449714,66.00900608115346,-53.184391263677846,0.28626588463422675,-0.06421729004906583,0.8163490168744012,-0.4702005077192204,0.01438084942685216,66.01819441453154,-38.82573470452435,-0.27665387883908243,-0.04346794120263385,0.5393115813721152,False
2026-03-03,485.5199890136719,0.0,0.0375,0.1426529474335512,490.0,2026-04-10,9.07,O:DIA260410C00490000,18.01,O:DIA260410P00490000,0.15829812133194843,0.25901968635295364,0.20868514412343503,0.06603219668988383,-0.033359038629496185,0.02505116518571736,128.97014090237445,-119.50846293142645,-0.04808497785433208,0.4614419840187965,3.7746323487177946,0.47260582873416035,0.01553541822119174,64.41254068267435,-54.148337940338024,0.24487730752756426,0.30544917890151124,3.3971494031858422,-0.5059648673636565,0.009515746964525616,64.5576002197001,-65.36012499108843,-0.29296228538189634,0.15599280511728525,0.37748294553195216,False
2026-03-04,487.739990234375,0.0,0.0375,0.14352955952217938,490.0,2026-04-10,9.07,O:DIA260410C00490000,18.01,O:DIA260410P00490000,0.15829812133194843,0.25901968635295364,0.2125584476962686,0.06902888817408923,0.01973870839056202,0.02542545974907357,127.33656113033746,-123.34929513743796,-0.018166321631189697,0.1709492684511898,-0.6442717444439438,0.5056767651505858,0.015784119391320732,63.68484143893922,-55.92186548982155,0.2536088178091928,0.09471248521719904,-0.21517049950855013,-0.4859380567600238,0.009641340357752838,63.65171969139824,-67.4274296476164,-0.2717751394403825,0.07623678323399075,-0.4291012449353936,False
2026-03-05,479.8399963378906,0.0,0.0375,0.1523741491774777,490.0,2026-04-10,5.0,O:DIA260410C00490000,13.87,O:DIA260410P00490000,0.13710360962251608,0.14751948580920554,0.14232482962608337,-0.010049319551394348,-0.27466270532467724,0.03423483750382027,115.60410646444275,-74.09294210721015,-0.1554471404541944,2.0973723046375743,113.88587017417413,0.35721867143826685,0.01765653762565788,57.5069229918202,-44.44934067781498,0.17169059348666715,1.1156057393734358,62.9158026418604,-0.6318813767629441,0.01657829987816239,58.097183472622554,-29.643601429395165,-0.32713773394086154,0.9817665652641385,50.97006753231372,False
2026-03-06,475.2300109863281,0.0,0.0375,0.15059025916080587,490.0,2026-04-10,4.94,O:DIA260410C00490000,13.87,O:DIA260410P00490000,0.16730460031735161,0.14751948580920554,0.1279299846097827,-0.02266027455102318,-0.39645272375893104,0.02965525858364603,104.29795753841152,-74.95949269728439,-0.20853554324196782,2.5331274269847786,198.40549503106973,0.3142405006901763,0.014170615619500431,53.118253350537366,-50.204987230017394,0.14325051249537873,1.138104617047629,82.42915472778436,-0.7106932244491073,0.015484642964145602,51.17970418787416,-24.75450546726699,-0.35178605573734656,1.3950228099371498,115.97634030328538,False
2026-03-09,477.8800048828125,0.0,0.0375,0.11829364588556719,490.0,2026-04-10,4.74,O:DIA260410C00490000,13.87,O:DIA260410P00490000,0.1511901745046793,0.14751948580920554,0.13946409873217344,0.02117045284660625,-0.34217507215799503,0.0328428572847758,106.6736717593804,-76.77783526650911,-0.1744532882581838,2.368844636448774,154.77984143560255,0.3310858177095627,0.016263337370818694,53.47880070239559,-48.204186811992656,0.1461707544606436,1.1598394511779864,74.73446031810322,-0.6732608898675577,0.016579519913957112,53.19487105698481,-28.57364845451646,-0.3206240427188274,1.2090051852707877,80.04538111749933,False
2026-03-10,477.70001220703125,0.0,0.0375,0.11809379315903436,490.0,2026-04-10,5.05,O:DIA260410C00490000,13.87,O:DIA260410P00490000,0.16192984187173654,0.14751948580920554,0.1445548557057977,0.02646106254676335,-0.345976491324238,0.03236403707835756,104.11810993414598,-81.34847085972771,-0.16907575657696047,2.3157277671860905,150.42470959016777,0.3353287509679167,0.015595405537010838,52.59704728668858,-52.47614123166459,0.14159288150424895,1.0672009877654074,65.49454790150948,-0.6813052422921547,0.016768631541346724,51.5210626474574,-28.872329628063113,-0.3106686380812094,1.248526779420683,84.9301616886583,False
2026-03-11,474.80999755859375,0.0,0.0375,0.11791700670381478,490.0,2026-04-10,3.1,O:DIA260410C00490000,13.87,O:DIA260410P00490000,0.14369367613688866,0.14751948580920554,0.11064582970142363,-0.0072711770023911465,-0.47420976524575903,0.031940916592610884,91.52663306830397,-67.14022370021989,-0.2139963476654944,3.036147623193596,270.3247329121124,0.25999169420273455,0.01609009248163466,45.50488756062426,-41.96228761329464,0.10506454068144506,1.5481200981902867,139.73238213050993,-0.7342014594484936,0.015850824110976224,46.021745507679704,-25.17793608692525,-0.31906088834693946,1.4880275250033093,130.59235078160242,False
2026-03-12,467.4800109863281,0.0,0.037599999999999995,0.12598222894745104,490.0,2026-04-10,2.17,O:DIA260410C00490000,13.87,O:DIA260410P00490000,0.1643069775558712,0.14751948580920554,0.00010000000000000002,-0.12588222894745105,-0.6602529288155077,0.02401072210159494,68.16756416897766,-51.40991094561596,-0.27784070122317656,3.2440729136122286,419.81595405031027,0.18348625020854753,0.01197698615215794,35.838382418276744,-38.47456917413245,0.06967179521944328,1.534815514103248,186.8579620782341,-0.8437391790240552,0.012033735949436998,32.329181750700926,-12.935341771483513,-0.34751249644261983,1.7092573995089808,232.95799197207617,False
2026-03-13,466.4100036621094,0.0,0.0375,0.12053674367648713,490.0,2026-04-10,2.0,O:DIA260410C00490000,13.87,O:DIA260410P00490000,0.1693167435918753,0.14751948580920554,0.00010000000000000002,-0.12043674367648713,-0.6916817701332338,0.02274249848517177,62.22829912878281,-49.37321343339371,-0.27623864675230203,3.184621103942491,429.28206284635274,0.17152587257899338,0.011439673387198243,33.44095725027019,-38.59636995769273,0.06190585941088477,1.4968942355320765,186.48846147317366,-0.8632076427122273,0.011302825097973528,28.787341878512624,-10.776843475700977,-0.3381445061631868,1.6877268684104145,242.7936013731791,False
2026-03-16,470.29998779296875,0.0,0.0375,0.12627958506218487,490.0,2026-04-10,1.51,O:DIA260410C00490000,13.87,O:DIA260410P00490000,0.13864901073580632,0.14751948580920554,0.00010000000000000002,-0.12617958506218488,-0.6595679139550881,0.027401169163417075,65.37951911528012,-49.65009216086979,-0.25018286836064035,3.514099312384613,433.25780613386866,0.1624236683723062,0.013723170598217942,31.730303972074765,-31.982723676736963,0.056455521262014405,1.8122526734372995,230.41251758116573,-0.8219915823273942,0.013677998565199133,33.64921514320536,-17.667368484132826,-0.3066383896226548,1.7018466389473135,202.84528855270293,False
2026-03-17,470.8999938964844,0.0,0.0374,0.12632896248000092,490.0,2026-04-10,1.34,O:DIA260410C00490000,13.87,O:DIA260410P00490000,0.13410790718936091,0.14751948580920554,0.00010000000000000002,-0.12622896248000093,-0.6668594420799812,0.028155677617212087,62.793561158980005,-49.50619798080789,-0.23922754982018313,3.5669062617496428,435.9671947669573,0.15461161046999844,0.014094925974305606,29.93963617334726,-30.778844724886035,0.051047576019034216,1.8673687537508767,238.97532336278468,-0.8214710525499795,0.014060751642906481,32.853924985632744,-18.727353255921855,-0.29027512583921733,1.6995375079987662,196.9918714041726,False
2026-03-18,463.0,0.0,0.0373,0.1344922060895411,490.0,2026-04-10,0.61,O:DIA260410C00490000,24.43,O:DIA260410P00490000,0.14536507242214033,1.0,0.00010000000000000002,-0.1343922060895411,-0.45291263634717654,0.01168565450430307,65.43984775707165,-363.258900228539,-0.18445244571097896,1.598976857399077,250.57227947262822,0.07843805136612166,0.008378449487895939,17.61303050803567,-20.308349678412377,0.024087932631058667,1.4643931237728107,249.29912090405855,-0.5313506877132982,0.003307205016407132,47.82681724903598,-342.95055055012665,-0.20854037834203762,0.13458373362626622,1.2731585685696838,False
2026-03-19,461.05999755859375,0.0,0.0373,0.13435825372634738,490.0,2026-04-10,0.49,O:DIA260410C00490000,24.43,O:DIA260410P00490000,0.15131393893456682,1.0,0.00010000000000000002,-0.1342582537263474,-0.4774694771192325,0.010612199588234922,60.78630045357306,-369.8789317134019,-0.17994363627024879,1.4412116384963618,230.48206807573473,0.06482347283735021,0.00719757264589653,14.69939034687091,-18.61228052641832,0.018665085859130345,1.299118888908943,228.7287410471798,-0.5422929499565827,0.003414626942338391,46.08691010670215,-351.2666511869836,-0.19860872212937913,0.14209274958741883,1.7533270285549387,False
2026-03-20,455.8900146484375,0.994,0.0373,0.13446305774176784,490.0,2026-04-10,0.37,O:DIA260410C00490000,24.43,O:DIA260410P00490000,0.16997122971069956,1.0,0.00010000000000000002,-0.13436305774176785,-0.5175038181551916,0.008809020512504102,54.85780604119991,-372.32522538720525,-0.17888911090136833,1.1615896904186995,188.35384806201898,0.04788834359814959,0.005270534346656597,11.082581724190826,-16.62377416873631,0.012774891466934415,1.0007648898740271,185.40852511832492,-0.5653921617533413,0.0035384861658475045,43.775224317009084,-355.70145121846895,-0.19166400236830275,0.1608248005446724,2.945322943694061,False
2026-03-23,461.9700012207031,0.0,0.0373,0.14011309198090469,490.0,2026-04-10,0.64,O:DIA260410C00490000,24.43,O:DIA260410P00490000,0.1681154117781104,1.0,0.00010000000000000002,-0.1400130919809047,-0.4704402365125961,0.0116506538630987,59.08606340128566,-401.82387326711944,-0.15409324835347374,1.4110841960880807,197.34830134941768,0.07861381572746244,0.008014579224831765,15.975089486023872,-25.50168919984033,0.019820680304211236,1.268958258900754,195.44058197004827,-0.5490540522400585,0.0036360746382669345,43.11097391526179,-376.3221840672791,-0.17391392865768499,0.14212593718732672,1.9077193793694167,False
2026-03-24,461.1700134277344,0.0,0.0374,0.13467414713036852,490.0,2026-04-10,0.7,O:DIA260410C00490000,24.43,O:DIA260410P00490000,0.18274616239716976,1.0,0.00010000000000000002,-0.13457414713036853,-0.47590830677070534,0.011660175010081071,57.17253854150576,-418.391450798998,-0.14366861028879124,1.3331667271016752,175.4069520935055,0.08170495800154892,0.007891253698720822,15.821920722501966,-29.407340231541014,0.019076920457259033,1.186291080658336,173.17742514009913,-0.5576132647722543,0.0037689213113602494,41.350617819003794,-388.984110567457,-0.16274553074605028,0.1468756464433392,2.2295269534063897,False
2026-03-25,464.1400146484375,0.0,0.0373,0.1349340417155546,490.0,2026-04-10,0.53,O:DIA260410C00490000,24.43,O:DIA260410P00490000,0.16325931308416716,1.0,0.00010000000000000002,-0.1348340417155546,-0.4792551745768047,0.012285733388641749,54.09566556640962,-434.3183104913891,-0.13241131382477278,1.402824946163943,188.1009999641136,0.07294212679917284,0.008380634752883169,14.035684807365694,-25.30332665390153,0.01586921895288241,1.2646164026935236,186.26422039289292,-0.5521973013759776,0.00390509863575858,40.05998075904393,-409.0149838374876,-0.14828053277765518,0.13820854347041953,1.8367795712206803,False
2026-03-26,459.30999755859375,0.0,0.0374,0.13671566722522638,490.0,2026-04-10,0.46,O:DIA260410C00490000,24.43,O:DIA260410P00490000,0.19092912149236044,1.0,0.00010000000000000002,-0.1366156672252264,-0.5188926072977801,0.010520278190895155,48.87412214442479,-443.8112191461253,-0.12875727605588952,1.1485069011598548,151.2037225285741,0.05931223282370797,0.006443145253690221,11.328542491510333,-25.777266843631427,0.01169086177174549,0.9895681624413998,148.1944207827557,-0.5782048401214881,0.004077132937204933,37.545579652914455,-418.0339523024939,-0.14044813782763502,0.15893873871845493,3.009301745818402,False
2026-03-27,451.3900146484375,0.0,0.0374,0.14311434514528185,490.0,2026-04-10,0.16,O:DIA260410C00490000,24.43,O:DIA260410P00490000,0.20212772063690496,1.0,0.00010000000000000002,-0.14301434514528186,-0.5960236188260812,0.0073180286188853005,39.281068710265615,-432.0052630105597,-0.13034031990151987,0.7524121963566583,105.10998947253859,0.02377571129377975,0.0030829216343886377,5.0383892715838705,-13.227213791475405,0.004195285186181057,0.5604201599108009,99.84534629274799,-0.619799330119861,0.004235106984496663,34.24267943868174,-418.7780492190843,-0.13453560508770093,0.19199203644585744,5.264643179790601,False
2026-03-30,452.05999755859375,0.0,0.0374,0.1440732475108269,490.0,2026-04-10,0.12,O:DIA260410C00490000,24.43,O:DIA260410P00490000,0.20101456438522994,1.0,0.00010000000000000002,-0.1439732475108269,-0.6080135681628568,0.007171456562460354,36.35257183114016,-451.5203220276947,-0.1186130866362762,0.6875946129946304,92.49040461079043,0.019352639362580373,0.002741770412927061,4.022469279707411,-11.642756663639213,0.0030816264653575677,0.49312957437148036,87.09294769478964,-0.6273662075254371,0.004429686149533293,32.33010255143275,-439.8775653640555,-0.12169471310163377,0.1944650386231501,5.397456916000797,False
2026-03-31,463.19000244140625,0.0,0.0374,0.17518857053989242,490.0,2026-04-10,0.19,O:DIA260410C00490000,27.65,O:DIA260410P00490000,0.16898943611278067,0.26912974132632084,0.22982436449527738,0.054635793955384954,-0.8348230389814,0.01505929503666603,23.841508459915797,-75.54157425448949,-0.1315941858615673,1.7632207138130522,211.44995858735984,0.034816552124772485,0.005516636323608961,6.349531931119539,-17.495841964266216,0.005059263131325304,0.8397175717004571,125.7314217197528,-0.8696395911061725,0.009542658713057069,17.491976528796258,-58.04573229022327,-0.13665344899289258,0.9235031421125952,85.71853686760703,True
