Date,Stock_Close,Stock_Dividends,r,RV,Call_Close,Call_Sym,Put_Close,Put_Sym,Call_imp_vol,Put_imp_vol,Straddle_imp_vol,VRP,Straddle_Delta,Straddle_Gamma,Straddle_Vega,Straddle_Theta,Straddle_Rho,Straddle_Vanna,Straddle_Volga,Call_Delta,Call_Gamma,Call_Vega,Call_Theta,Call_Rho,Call_Vanna,Call_Volga,Put_Delta,Put_Gamma,Put_Vega,Put_Theta,Put_Rho,Put_Vanna,Put_Volga,Force_Close
2024-05-01,30.3700008392334,0.0,0.0547,0.40888432550131426,1.6,O:INTC240607C00030000,1.03,O:INTC240607P00030000,0.3333122720048143,0.32693121178140677,0.33012204558849334,-0.07876227991282092,0.17546811755646174,0.2372487310664807,7.739115210380511,-12.070295792107203,0.002891750225837625,-0.2681169469511103,0.5910395984574139,0.5873064559122404,0.11750678555325308,3.8705000847137354,-6.908533909284344,0.017396247384580642,-0.13026877522478253,0.2857029716024654,-0.41183833835577865,0.11974194551322763,3.868615125666776,-5.161761882822859,-0.014504497158743017,-0.1378481717263278,0.30533662685494856,False
2024-05-02,30.510000228881836,0.0,0.055099999999999996,0.4139936830362662,1.45,O:INTC240607C00030000,1.01,O:INTC240607P00030000,0.27840735966159547,0.3422113462183966,0.31039008011817937,-0.10360360291808685,0.21926692720568708,0.254919721703486,7.520892681995371,-11.548982348251641,0.0043641144436534045,-0.4535148751699797,1.258125424224781,0.6166851542393208,0.1399181187976717,3.7412083761186206,-6.004471698343368,0.01791633607626086,-0.2843326191627354,0.8269877943412081,-0.3974182270336337,0.11500160290581429,3.7796843058767506,-5.544510649908275,-0.013552221632607456,-0.16918225600724426,0.43113762988357296,False
2024-05-03,30.899999618530273,0.0,0.055099999999999996,0.4205616693759671,1.6,O:INTC240607C00030000,0.76,O:INTC240607P00030000,0.25627822847103277,0.31952565116139736,0.288160328090191,-0.13240134128577613,0.33715571393498023,0.2614318081947732,7.056323724859661,-10.701536533725562,0.007994158166643062,-0.8908016026990726,3.858087924748765,0.6823455275533807,0.14293126116830446,3.469727394957947,-5.555241231303363,0.01932983783839812,-0.5474606023184299,2.526996995237486,-0.3451898136184005,0.11850054702646873,3.586596329901714,-5.1462953024222,-0.011335679671755059,-0.3433410003806427,1.3310909295112787,False
2024-05-06,30.969999313354492,0.125,0.055099999999999996,0.4219136789155369,1.78,O:INTC240607C00030000,0.72,O:INTC240607P00030000,0.30147819376826396,0.32079180748436686,0.3111570343375206,-0.11075664457801626,0.3360174567996168,0.2443415409218195,6.938765650776899,-11.771438759378995,0.007529962291772052,-0.7911642600666624,3.2903595471164486,0.6718217406042599,0.1254055807652707,3.453550896722726,-6.514494172132534,0.018120303662106495,-0.4217898979409612,1.7937135104682886,-0.3358042838046431,0.11893596015654881,3.485214754054173,-5.256944587246462,-0.010590341370334443,-0.36937436212570113,1.4966460366481598,False
2024-05-07,30.68000030517578,0.0,0.055099999999999996,0.4159187780359376,1.58,O:INTC240607C00030000,0.71,O:INTC240607P00030000,0.30606071652040756,0.2947095262237031,0.3003898744344711,-0.11552890360146645,0.27206901226825775,0.2698358089453473,6.961050971748074,-11.789133110685182,0.005528284909787205,-0.6433826047147466,2.075778342899553,0.6342100998090107,0.13259666994237773,3.4864081034078453,-6.830646187001196,0.016316826161935645,-0.307939420925572,0.9790611559436397,-0.3621410875407529,0.13723913900296955,3.4746428683402284,-4.958486923683986,-0.01078854125214844,-0.33544318378917465,1.0967171869559134,False
2024-05-08,30.0,0.0,0.055099999999999996,0.41233936929592985,1.14,O:INTC240607C00030000,0.98,O:INTC240607P00030000,0.30240976741139725,0.2978526377443119,0.3001312032103539,-0.11220816608557593,0.07853360859372693,0.29847713362346784,7.03820408144081,-12.111207759903056,0.0002060389552325289,-0.02622734689603408,0.022920957741682332,0.5392369427719592,0.14810666974538353,3.5191281360539897,-6.923615523696998,0.01312763421545607,-0.012024162876241194,0.010499636232162723,-0.4607033341782323,0.15037046387808434,3.519075945386821,-5.18759223620606,-0.012921595260223542,-0.014203184019792887,0.012421321509519611,False
2024-05-09,30.09000015258789,0.0,0.055099999999999996,0.4073932688607124,1.19,O:INTC240607C00030000,0.9,O:INTC240607P00030000,0.3107608273923292,0.29255110426841896,0.30165676741600034,-0.10573650144471208,0.10402526130532641,0.3021882901658918,6.871619701773657,-12.49456577694616,0.000866766773791024,-0.11493258794117045,0.1306878281543448,0.5514912955916197,0.14655969481680378,3.436401934918874,-7.256175612872467,0.012836977640419321,-0.05056699591101039,0.05685042033797375,-0.4474660342862933,0.15562859534908804,3.4352177668547834,-5.238390164073692,-0.011970210866628297,-0.06436559203016007,0.07383740781637103,False
2024-05-10,29.850000381469727,0.0,0.055099999999999996,0.37785880252802473,0.96,O:INTC240607C00030000,0.93,O:INTC240607P00030000,0.2889799569767661,0.274338296652074,0.281658978521824,-0.09619982400620075,0.025216300978672113,0.33692544385849277,6.706282355789243,-11.837302486749678,-0.000902613814418583,0.13519908132697397,-0.03592496022360227,0.5131029223152518,0.16407746815950916,3.3530096621419423,-6.895423649542371,0.011393747957812285,0.06700296188299432,-0.01850926929937025,-0.4878866213365797,0.17284797569898364,3.3532726936473005,-4.941878837207308,-0.012296361772230868,0.06819611944397966,-0.017415690924232022,False
2024-05-13,30.510000228881836,0.0,0.055,0.3825264928801985,1.33,O:INTC240607C00030000,0.7,O:INTC240607P00030000,0.2965358186929098,0.2978331666229411,0.29718449691534055,-0.08534199596485798,0.23444665356057426,0.30654067312311295,6.393663816725441,-12.882415241976112,0.00386255482627303,-0.556231904276654,1.3895699338317877,0.6174037314590418,0.15358327702655888,3.1963812278261945,-7.248570236992254,0.013199713165651963,-0.27951954921240013,0.6993929007092592,-0.38295707789846756,0.15295739609655404,3.197282588899247,-5.633845004983859,-0.009337158339378933,-0.2767123550642539,0.6901770331225285,False
2024-05-14,31.049999237060547,0.0,0.055,0.39300563632173025,1.55,O:INTC240607C00030000,0.47,O:INTC240607P00030000,0.2587618627254799,0.2897285492723899,0.2743644500017166,-0.11864118632001364,0.425243945935348,0.30011676791968933,5.654799545307171,-11.480198467041005,0.007988445854897958,-1.218552799581336,5.705108303429787,0.7220103705324756,0.15621555080985297,2.7836824106732347,-6.189939100733797,0.01490601532441653,-0.6736697893148731,3.2917757761131003,-0.29676642459712765,0.14390121710983636,2.871117134633936,-5.2902593663072075,-0.006917569469518572,-0.544883010266463,2.413332527316687,False
2024-05-15,31.270000457763672,0.0,0.054900000000000004,0.39486323766886133,1.71,O:INTC240607C00030000,0.42,O:INTC240607P00030000,0.2671966199137238,0.30183018559813085,0.28470986852645874,-0.11015336914240259,0.48431701860357546,0.2800125179309907,5.242954564259746,-11.785917970626983,0.00877968601938156,-1.314548833955159,6.984042707316521,0.7534870477236607,0.14534031843151965,2.5616584441470303,-6.272754045367796,0.014741118474723959,-0.727265083049759,4.049065863376607,-0.26917002912008525,0.13467219949947104,2.681296120112715,-5.513163925259187,-0.005961432455342399,-0.5872837509054,2.934976843939914,False
2024-05-16,32.029998779296875,0.0,0.055099999999999996,0.4066015898133251,2.43,O:INTC240607C00030000,0.22,O:INTC240607P00030000,0.33083228027550493,0.29532752355334924,0.31346409556865695,-0.09313749424466816,0.6400975856283317,0.20757948532972373,4.230065595428028,-11.438637708326375,0.011334809451623039,-1.4045700989389065,10.430897958195082,0.807599626175727,0.10241708482197229,2.2070571267362507,-7.041456786484962,0.014880898438456566,-0.6494690603364961,4.55551274759157,-0.16750204054739526,0.10516240050775144,2.023008468691778,-4.397180921841413,-0.0035460889868335283,-0.7551010386024103,5.875385210603512,False
2024-05-17,31.829999923706055,0.0,0.055,0.39995753306946763,2.2,O:INTC240607C00030000,0.23,O:INTC240607P00030000,0.3120060449946775,0.29197133497610706,0.302107832813263,-0.09784970025620465,0.6241379926819922,0.22985758254211247,4.184843954391091,-11.583114427113767,0.010378757297291565,-1.4502567537817148,9.990704610774639,0.8048094415702979,0.11385803624959132,2.1423513174770488,-6.902722762571191,0.013938740752250276,-0.6921482537115208,4.616757692212604,-0.18067144888830566,0.11599954629252116,2.0424926369140426,-4.680391664542577,-0.0035599834549587097,-0.7581085000701941,5.373946918562034,False
2024-05-20,32.099998474121094,0.0,0.055,0.40077401400465956,2.23,O:INTC240607C00030000,0.17,O:INTC240607P00030000,0.19531082958399268,0.2928630733619154,0.2512986058235169,-0.1494754081811427,0.7956994996843071,0.18284351443361693,2.6182193861811016,-7.387840162530865,0.012856640403180374,-1.6863783119064528,16.98002534409948,0.9405143883444241,0.08007017276546143,0.8952299614598658,-3.1114610316615217,0.015533616905969412,-0.9166401146774685,10.812928824445846,-0.14481488866011705,0.10277334166815551,1.7229894247212358,-4.276379130869343,-0.002676976502789038,-0.7697381972289843,6.1670965196536365,False
2024-05-21,31.739999771118164,0.0,0.055,0.4017959794765785,2.12,O:INTC240607C00030000,0.19,O:INTC240607P00030000,0.33613423648559654,0.2823328691422166,0.31006632387638094,-0.09172965560019758,0.6224706807094418,0.24239045246293733,3.8871481386944073,-12.673547132725641,0.009000549619928206,-1.4264527356353445,9.183949214791168,0.7921273072363787,0.11822247974501049,2.065234939603085,-7.99457950472811,0.011876490760116204,-0.6285330068645653,3.6875445740314676,-0.16965662652693692,0.12416797271792684,1.8219131990913224,-4.6789676279975305,-0.002875941140187999,-0.7979197287707791,5.4964046407597005,False
2024-05-22,31.420000076293945,0.0,0.054900000000000004,0.4006477764850813,1.65,O:INTC240607C00030000,0.3,O:INTC240607P00030000,0.23996820493233026,0.31714167601099846,0.28029410040378583,-0.12035367608129549,0.6018312199255839,0.2925115582470843,3.8057668372586053,-12.20514847636136,0.008075969988560918,-1.5937094777986678,9.519655921899641,0.8312890608522888,0.15305250877786838,1.726582061172893,-5.693764097135759,0.011651953502572018,-0.9516986138886925,6.259470721743862,-0.22945784092670496,0.13945904946921592,2.0791847760857123,-6.511384379225602,-0.003575983514011101,-0.6420108639099753,3.2601852001557785,False
2024-05-23,30.079999923706055,0.0,0.055099999999999996,0.41366831349377603,0.85,O:INTC240607C00030000,0.7,O:INTC240607P00030000,0.30858412120714684,0.30941402590916134,0.30899921567440036,-0.10466909781937567,0.08821402591346694,0.408361311731855,4.983664458478951,-17.700202728886914,0.0004816768579450721,-0.11863747415474615,0.082600399626721,0.5441316272561788,0.2044534441725331,2.4918150917726334,-9.662809096914161,0.00677350287182028,-0.05958889132401567,0.04151143448237072,-0.45591760134271186,0.20390786755932191,2.4918493667063175,-8.037393631972755,-0.006291826013875208,-0.05904858283073048,0.04108896514435028,False
2024-05-24,30.719999313354492,0.0,0.0556,0.28017649776685216,1.15,O:INTC240607C00030000,0.37,O:INTC240607P00030000,0.2849074442725116,0.2877229653815812,0.28631577577590944,0.006139278009057281,0.3709274133927838,0.4052445682812533,4.34505359880076,-16.22421373431136,0.003918607097115347,-1.0564658523621366,3.1229975688508533,0.6862073025399857,0.20341354419214952,2.170328764175456,-8.899243555221885,0.00790884439001873,-0.5332405787622695,1.583071976795691,-0.31527988914720195,0.20183102408910378,2.1747248346253047,-7.324970179089475,-0.003990237292903384,-0.5232252735998671,1.5399255920551627,False
2024-05-28,31.059999465942383,0.0,0.055,0.2780902434641239,1.32,O:INTC240607C00030000,0.25,O:INTC240607P00030000,0.28090110245264677,0.3058284496325193,0.29349372344017033,0.015403479976046408,0.5314332542111526,0.3781215371893827,3.3941393781203395,-16.517910706576146,0.004741687806978572,-1.4093592603407095,5.670552790220263,0.774483788122972,0.19317843791549202,1.6618982391865862,-8.603008131439516,0.007217608268406522,-0.7522441235610854,3.137621611666652,-0.2430505339118194,0.18494309927389066,1.732241138933753,-7.91490257513663,-0.0024759204614279496,-0.6571151367796241,2.5329311785536115,False
2024-05-29,30.1299991607666,0.0,0.055,0.280226594604672,0.76,O:INTC240607C00030000,0.57,O:INTC240607P00030000,0.33467350804476165,0.32752056184772094,0.3310971288204193,0.05087053421574733,0.1063176178994244,0.47567284470274007,3.971085552972256,-23.76972693094654,0.0005203749272456567,-0.1874599822495666,0.12583259907461053,0.5528236906866958,0.2352942770867822,1.9857676832406492,-12.83682081432152,0.004415715926789455,-0.0910041632592984,0.060687997062978255,-0.4465060727872714,0.2403785676159579,1.9853178697316065,-10.932906116625022,-0.003895340999543798,-0.09645581899026819,0.06514460201163227,False
2024-05-30,30.190000534057617,0.0,0.0548,0.2801353798848917,0.79,O:INTC240607C00030000,0.52,O:INTC240607P00030000,0.36151171160352685,0.3392009516600654,0.3503599099874497,0.07022453010255802,0.13348719525443453,0.48248689290122126,3.6647164110259727,-27.11266732196715,0.0006476139276241043,-0.25667139785690274,0.2013219683409193,0.5653154749822193,0.23370931320583505,1.8334764730911364,-14.811260299552472,0.003875446307529581,-0.11831891446930856,0.09064688444518586,-0.4318282797277848,0.24877757969538622,1.831239937934836,-12.301407022414681,-0.003227832379905477,-0.13835248338759415,0.11067508389573345,False
2024-05-31,30.850000381469727,0.0,0.0548,0.2905222152865908,1.09,O:INTC240607C00030000,0.22,O:INTC240607P00030000,0.31446684565736527,0.3235558423574458,0.31902516927719116,0.028502953990600377,0.4962071618499878,0.46033820587484187,2.772755417342859,-23.059394785847235,0.0027773791929286014,-1.2476572794169405,3.6258666603859204,0.7509379153326301,0.23208110090211814,1.3781435325193698,-12.130975964869565,0.0043802450346174075,-0.63853601037767,1.879744496280488,-0.2547307534826423,0.22825710497272372,1.394611884823489,-10.92841882097767,-0.001602865841688806,-0.6091212690392704,1.7461221641054325,True
2024-06-03,30.290000915527344,0.0,0.054900000000000004,0.29420753900644825,0.9,O:INTC240705C00031000,1.53,O:INTC240705P00031000,0.3066609234019829,0.32875722787112904,0.31771512469053265,0.023507585684084398,-0.10673719601836307,0.2665577912692734,7.3913054122307615,-12.018057278144097,-0.005393399776301943,0.5790352864693753,0.7286244089223661,0.44343860778995026,0.1377693424046915,3.6916481205453144,-6.631435558381494,0.011935005558035963,0.3050787336383174,0.4056854419728131,-0.5501758038083133,0.12878844886458193,3.699657291685447,-5.386621719762603,-0.017328405334337906,0.27395655283105796,0.3229389669495531,False
2024-06-04,30.030000686645508,0.0,0.0548,0.2952112856122877,0.79,O:INTC240705C00031000,1.65,O:INTC240705P00031000,0.31417818716892926,0.32684407472924754,0.3205156877040863,0.025304402091798572,-0.18062418449325196,0.2674258184505389,7.052245668523147,-11.952044198309151,-0.007177592096833895,0.7891487380767442,1.6363514443183265,0.40719059487357273,0.1361588127304503,3.520949245641713,-6.686880811145,0.010439384063647878,0.40726361663735106,0.8674643878520124,-0.5878147793668247,0.1312670057200886,3.531296422881434,-5.265163387164151,-0.017616976160481773,0.3818851214393932,0.768887056466314,False
2024-06-05,30.780000686645508,0.0,0.0548,0.30778209364112047,1.01,O:INTC240705C00031000,1.22,O:INTC240705P00031000,0.2879456671859615,0.3259760047476007,0.3069598851203919,-0.0008222085207285623,0.015535316451693704,0.2868553186487163,7.2549295136441065,-12.658449621050696,-0.0015293692411466817,0.1856178268698444,-0.03253461999500842,0.506007802342723,0.15232478491846474,3.6277764057911708,-6.780881038751537,0.01271540678881955,0.09699869536194483,-0.013285184019839176,-0.4904724858910293,0.13453053373025156,3.6271531078529358,-5.87756858229916,-0.014244776029966232,0.08861913150789956,-0.019249435975169243,False
2024-06-06,30.420000076293945,0.0,0.0548,0.29976792587101114,0.9,O:INTC240705C00031000,1.32,O:INTC240705P00031000,0.3134257204718664,0.30803652709256807,0.31073147845268245,0.01096355258167131,-0.09140194345429947,0.29050645346668313,6.96058629957788,-12.703223228573737,-0.00416703927237767,0.5217370712673963,0.526112961575038,0.4550018838976308,0.14402319254931578,3.481001753657184,-7.255388318012814,0.010784297785733182,0.2573896291565764,0.25548647510379463,-0.5464038273519303,0.14648326091736738,3.4795845459206967,-5.447834910560923,-0.014951337058110852,0.26434744211081984,0.27062648647124327,False
2024-06-07,30.739999771118164,0.0,0.0547,0.30166028352473645,1.0,O:INTC240705C00031000,1.12,O:INTC240705P00031000,0.3067681720656569,0.30511466376027924,0.3059414118766785,0.004281128351942054,-0.003396903730046197,0.3011496899489555,6.909628532967732,-13.196155987558601,-0.0017654133491143906,0.23588132069742002,0.008698155285765927,0.4983990553223435,0.15016809899304148,3.454817861490617,-7.460264449697757,0.01136570384645583,0.1176070666451336,0.004087139205831301,-0.5017959590523897,0.15098159095591407,3.4548106714771145,-5.735891537860845,-0.013131117195570221,0.1182742540522864,0.0046110160799346265,False
2024-06-10,30.90999984741211,0.0,0.0547,0.2999915697012527,1.06,O:INTC240705C00031000,1.12,O:INTC240705P00031000,0.30775110875753003,0.3366204415387221,0.32218524953126915,0.022193679830016466,0.04626329661389228,0.29187779334676067,6.760585814506192,-14.403594073944241,-0.0005654773280061223,0.07515014054616254,-0.03703911131685003,0.5225882734406845,0.15248882420161983,3.380560463622639,-7.724902181137135,0.011379796253726452,0.0360484805790103,-0.017332759660612915,-0.4763249768267922,0.13938896914514082,3.380025350883553,-6.678691892807107,-0.011945273581732575,0.03910165996715223,-0.019706351656237114,False
2024-06-11,30.920000076293945,0.0,0.0546,0.2903539544458624,1.02,O:INTC240705C00031000,1.02,O:INTC240705P00031000,0.3034713421289004,0.3158263724110668,0.30964863541126253,0.0192946809654001,0.04568350949218658,0.3114264941752769,6.58268142230243,-14.233970538097774,-0.00044818991644019965,0.06548937630814324,-0.031009819289240216,0.522639373113416,0.15882426753014764,3.2914365195262283,-7.8186411231160475,0.010814292468957865,0.031928860409272085,-0.014981197104703435,-0.47695586362122944,0.1526022266451293,3.291244902776202,-6.415329414981726,-0.011262482385398065,0.03356051589887115,-0.01602862218453678,False
2024-06-12,30.760000228881836,0.0,0.0547,0.2840088374594872,0.94,O:INTC240705C00031000,1.19,O:INTC240705P00031000,0.313710866475506,0.3526730327121189,0.3331922465324401,0.04918340907295293,-0.0032393984999147807,0.30075440920804314,6.374423500156185,-15.619954202461098,-0.0015041248522293573,0.21773046231112902,0.007625168416364605,0.49626703934919575,0.15916624320399667,3.187143202631042,-8.194176643823967,0.00966380802172429,0.1155122567331824,0.008635515682179557,-0.49950643784911053,0.14158816600404647,3.187280297525143,-7.42577755863713,-0.011167932873953648,0.10221820557794663,-0.0010103472658149527,False
2024-06-13,30.459999084472656,0.0,0.0547,0.2844777719389937,0.77,O:INTC240705C00031000,1.19,O:INTC240705P00031000,0.31495955855542207,0.3108293679548153,0.3128947804689408,0.028417008529947108,-0.11088466959931753,0.3290404941413192,6.064682902440434,-14.651700891621559,-0.0033889186885569973,0.5512346106806982,0.5899440513915287,0.4451268021953173,0.16346745971515958,3.032950487601526,-8.222181220934194,0.008119721896726096,0.2726916881521658,0.2887939432819337,-0.5560114717946348,0.1655730344261596,3.031732414838908,-6.429519670687364,-0.011508640585283093,0.27854292252853236,0.301150108109595,False
2024-06-14,30.450000762939453,0.0,0.0547,0.26820787315324385,0.71,O:INTC240705C00031000,1.16,O:INTC240705P00031000,0.30726994678438196,0.3075333974367037,0.3074016526579858,0.039193779504741955,-0.1253658967065634,0.3450609458776923,5.854196438158068,-14.805453879874898,-0.0033853521728342264,0.5967078286044465,0.699411504637836,0.4372777508915816,0.1726016891388654,2.9270521540089036,-8.24441873991848,0.00750304038587207,0.2985637234247982,0.3501727587990452,-0.562643647598145,0.17245925673882692,2.9271442841491644,-6.561035139956418,-0.010888392558706297,0.29814410517964834,0.3492387458387908,False
2024-06-17,30.979999542236328,0.0,0.0545,0.27670309325219644,0.9,O:INTC240705C00031000,0.89,O:INTC240705P00031000,0.2965375396023052,0.3184630261681782,0.30750011460781107,0.03079702135561463,0.05513091580872398,0.3549469693192682,5.812284072974554,-16.08103485424723,-4.558014082369985e-05,0.008395418252346623,-0.004244514372536974,0.5275182506339953,0.18380207497067147,2.90616587368543,-8.597702577122105,0.008579175090645824,0.001156586877063962,-0.0005830140243913354,-0.4723873348252713,0.17114489434859675,2.906118199289125,-7.483332277125124,-0.008624755231469524,0.007238831375282661,-0.0036615003481456384,False
2024-06-18,30.6299991607666,0.0,0.054000000000000006,0.27642419670887186,0.69,O:INTC240705C00031000,0.98,O:INTC240705P00031000,0.29562353273172653,0.29788242662050224,0.2967529808640481,0.02032878415517625,-0.08213092894163576,0.3844356557845311,5.521401770419805,-15.654750607172332,-0.002159274353143598,0.45605737050286166,0.32718265334291974,0.45867699507315696,0.19293654849462322,2.760516128729779,-8.631036656249599,0.006891689986666613,0.22940612874067698,0.16560905003219514,-0.5408079240147927,0.19149910728990788,2.760885641690027,-7.023713950922734,-0.009050964339810211,0.22665124176218468,0.16157360331072462,False
2024-06-20,30.6200008392334,0.0,0.0542,0.2744070977513557,0.63,O:INTC240705C00031000,0.95,O:INTC240705P00031000,0.30169980383608275,0.30693461119353704,0.3043173857212067,0.029910287969851013,-0.0994749029060003,0.40667760868654473,5.064632541506592,-17.40367936509425,-0.0020192514966312827,0.49064178216803117,0.39241810670199884,0.44962052130973024,0.20504648027130676,2.5318028680647404,-9.461536764235015,0.005734570957866884,0.24877956423997816,0.2015203087357267,-0.5490954242157305,0.20163112841523798,2.532829673441851,-7.942142600859233,-0.007753822454498167,0.241862217928053,0.19089779796627213,False
2024-06-21,31.09000015258789,0.0,0.0542,0.27885710414085807,0.82,O:INTC240705C00031000,0.63,O:INTC240705P00031000,0.29992280366924223,0.2863151816606376,0.29311942498683935,0.01426232084598128,0.09212960968426886,0.43681713279795265,4.908536542292199,-18.205414999878926,0.0005612339599768987,-0.15527633936083118,0.1113787729567774,0.545537421544847,0.21337253610301868,2.454646256197975,-10.151004390140018,0.00640506290439353,-0.07221642196705363,0.0511636084829985,-0.4534078118605781,0.223444596694934,2.453890286094224,-8.054410609738905,-0.005843828944416631,-0.08305991739377756,0.060215164473778886,False
2024-06-24,30.56999969482422,0.0,0.0542,0.23908916002575545,0.49,O:INTC240705C00031000,0.85,O:INTC240705P00031000,0.2840515691502431,0.2796030423094213,0.28182753202915195,0.0427383720033965,-0.15797150036631158,0.48044121164587955,4.518876467184786,-17.495284787927552,-0.0022032816849967395,0.701038515774423,0.8072812912191802,0.4217938154639769,0.23842013907186893,2.2603358184691067,-9.661036739699723,0.004430084575004199,0.34570930429269076,0.3940660805945582,-0.5797653158302885,0.24202107257401062,2.2585406487156794,-7.834248048227831,-0.006633366260000938,0.35532921148173224,0.41321521062462196,False
2024-06-25,30.739999771118164,0.0,0.054299999999999994,0.22756920498010033,0.5,O:INTC240705C00031000,0.74,O:INTC240705P00031000,0.27262166241220265,0.28799512626691576,0.2803103120565415,0.05274110707644117,-0.08699763122312221,0.5169879006950637,4.34402805985756,-18.965967561471974,-0.001242637194884634,0.45100795418861656,0.27037132429314015,0.45476994364779655,0.26545927930817126,2.170978081665613,-10.053670343951017,0.004279246972585614,0.23581897911083236,0.14674996302131363,-0.5417675748709188,0.2515286213868925,2.173049978191947,-8.912297217520956,-0.005521884167470248,0.2151889750777842,0.12362136127182652,False
2024-06-26,30.540000915527344,0.0,0.054400000000000004,0.22490092340554146,0.35,O:INTC240705C00031000,0.78,O:INTC240705P00031000,0.2598734163921934,0.26849050339424946,0.2641849625110626,0.03928403910552114,-0.22303632283237668,0.5701543475273815,3.901452907187201,-18.12092090258436,-0.002205980417637954,0.9500871689113511,1.3706826271777732,0.3864359959953331,0.28929550818950567,1.94777656885565,-9.734131832238345,0.00318104324208061,0.48877530327439894,0.7180486308526408,-0.6094723188277098,0.2808588393378758,1.9536763383315505,-8.386789070346016,-0.005387023659718564,0.4613118656369522,0.6526339963251325,False
2024-06-27,30.59000015258789,0.0,0.0548,0.19669979600439158,0.34,O:INTC240705C00031000,0.69,O:INTC240705P00031000,0.26571968043445054,0.2549099365615705,0.26031991376876834,0.06362011776437676,-0.21977013616361435,0.6248015275359513,3.6222634802432374,-19.37741386504554,-0.0018458972616141002,0.941671519996855,1.241310374112936,0.39265790087128477,0.3064919042482803,1.814480882567354,-10.764601893241254,0.0027789060113255814,0.4533905136995804,0.5829504075446842,-0.6124280370348991,0.318309623287671,1.8077825976758837,-8.612811971804287,-0.0046248032729396815,0.4882810062972746,0.658359966568252,False
2024-06-28,30.969999313354492,0.0,0.0547,0.2009550937308085,0.4,O:INTC240705C00031000,0.41,O:INTC240705P00031000,0.22881921606065034,0.2366501914838032,0.23273483297824865,0.03177973924744015,0.015927858993400434,0.7859400187690078,3.4800015144981664,-20.39258571831263,-6.284012260142444e-05,0.04393118020028533,-0.0038263878432680492,0.5078779099191443,0.3995829591270531,1.7400082487601423,-10.871807675317166,0.0030414639923539307,0.02175961335058621,-0.0018745899063479677,-0.49195005092574384,0.38635705964195466,1.7399932657380242,-9.520778042995463,-0.003104304114955355,0.02217156684969912,-0.0019517979369200816,True
2024-07-01,30.84000015258789,0.0,0.0548,0.18644601126446456,1.61,O:INTC240802C00031000,1.64,O:INTC240802P00031000,0.42416123116558985,0.4324412496931128,0.42830124511718753,0.24185523385272298,0.05295991510846598,0.19532308916128557,7.577075306138122,-16.94906844935084,-0.0015397297237846417,0.12222040252011412,-0.0772663226634194,0.5262269604783805,0.09860967496837332,3.7886975947815875,-9.237960247533913,0.01392270432518963,0.06110674498216614,-0.038261320966269385,-0.4732670453699145,0.09671341419291225,3.7883777113565342,-7.711108201816929,-0.015462434048974271,0.06111365753794799,-0.03900500169715001,False
2024-07-02,31.06999969482422,0.0,0.0548,0.17510332145188937,1.7,O:INTC240802C00031000,1.48,O:INTC240802P00031000,0.42513305297414994,0.426387071611184,0.42576006854772575,0.2506567470958364,0.09609768177953737,0.19820104322729495,7.434978332756751,-17.330882361176517,-0.00017728715468413002,0.014683220062024787,-0.016640025712498233,0.5480442374889926,0.09924660427102248,3.7174943832553065,-9.497966222111472,0.013989598758145325,0.007187039668524914,-0.008144042546066571,-0.4519465557094552,0.09895443895627247,3.717483949501445,-7.832916139065045,-0.014166885912829455,0.007496180393499872,-0.008495983166431662,False
2024-07-03,31.229999542236328,0.0,0.054900000000000004,0.17154071681155128,1.75,O:INTC240802C00031000,1.41,O:INTC240802P00031000,0.42487891670428596,0.4353948170631345,0.4301369763851166,0.25859625957356536,0.12667326667963608,0.19851583181026294,7.269480013736449,-17.952159575752308,0.0006949259257634875,-0.059288299329529365,0.08723920592371165,0.5634923635209254,0.10046497923415504,3.634510900294326,-9.714257348863647,0.013835438793883334,-0.031789390780701955,0.046883775838236996,-0.4368190968412893,0.09805085257610789,3.634969113442123,-8.23790222688866,-0.013140512868119847,-0.02749890854882741,0.04035543008547466,False
2024-07-05,32.02000045776367,0.0,0.0548,0.17211370783289154,2.28,O:INTC240802C00031000,1.14,O:INTC240802P00031000,0.4640202213903698,0.46830671183230327,0.4661637985348702,0.2940500907019787,0.27012957402418536,0.17876539509681483,6.780868281068555,-20.20086669787529,0.004150435780880889,-0.3450554856484213,1.0748146846348643,0.6354345374576726,0.08976328388938967,3.3892824421084877,-10.898032668671537,0.014338582682756763,-0.17454235432510024,0.5452134870459575,-0.3653049634334873,0.08900211120742516,3.3915858389600677,-9.302834029203753,-0.010188146901875875,-0.17051313132332108,0.5296011975889069,False
2024-07-08,33.9900016784668,0.0,0.0548,0.26553721504629796,3.71,O:INTC240802C00031000,0.58,O:INTC240802P00031000,0.48486961321046523,0.48039297428408995,0.4826341225147248,0.21709690746842686,0.5717947920681141,0.12941925938792298,5.440832573632815,-18.244128230423367,0.011419079877005616,-0.7969104026006105,5.892826824575614,0.7850055451168658,0.06456638634126681,2.727010941157618,-10.027454603603339,0.017320414925652068,-0.3953540799192656,2.9121039106206377,-0.2132107530487517,0.06485287304665618,2.7138216324751974,-8.216673626820029,-0.005901335048646451,-0.40155632268134495,2.9807229139549762,False
2024-07-09,34.59000015258789,0.0,0.0545,0.26844773113302445,4.2,O:INTC240802C00031000,0.49,O:INTC240802P00031000,0.5037718789144146,0.503954067691153,0.5038628049850465,0.2354150738520221,0.6371539145850802,0.1132241597464109,4.875561506179378,-18.141833708849898,0.012392252859085594,-0.811504826024563,6.826494310514897,0.8186139190597009,0.056615094275201956,2.437469825448633,-9.909815405736751,0.01722561113227542,-0.4058601163209487,3.4146789365539516,-0.18146000447462074,0.05660906547120893,2.4380916807307447,-8.232018303113147,-0.004833358273189829,-0.40564470970361427,3.411815373960945,False
2024-07-10,34.869998931884766,0.0,0.0546,0.2685362089808554,4.4,O:INTC240802C00031000,0.38,O:INTC240802P00031000,0.5066700414577341,0.49019773482051915,0.49849341022968296,0.22995720124882757,0.6836736954383668,0.10697784297478036,4.37359697309441,-17.201786262824108,0.012857734821618685,-0.8455565169980914,7.676772581119007,0.8383550386038279,0.0533779604687966,2.218397925272453,-9.686697954328194,0.016752716988537582,-0.41387920610811624,3.702401100231891,-0.15468134316546112,0.05359988250598376,2.1551990478219576,-7.515088308495912,-0.0038949821669188966,-0.43167731088997513,3.974371480887116,False
2024-07-11,33.5,0.0,0.0548,0.3131049389673639,3.16,O:INTC240802C00031000,0.63,O:INTC240802P00031000,0.46760313658101,0.4976540913156811,0.48273163083791737,0.16962669187055346,0.5331965285210976,0.15034673387022762,5.1675029173336595,-20.419678588813845,0.008934656320925011,-0.7698444157837308,4.736387725367239,0.7723753347132645,0.07648175000388766,2.548263233340924,-10.628418700327837,0.014421951563742527,-0.4059956704425867,2.558984125052319,-0.23917880619216692,0.07386498386633997,2.6192396839927357,-9.79125988848601,-0.005487295242817517,-0.363848745341144,2.1774036003149195,False
2024-07-12,34.4900016784668,0.0,0.0547,0.3234134913452962,4.08,O:INTC240802C00031000,0.44,O:INTC240802P00031000,0.5415762811139603,0.5193019150056661,0.5305228679418563,0.20710937659656015,0.6395279803671869,0.11767168614084422,4.419067699305217,-20.65551309751151,0.010438881616840007,-0.777572129012088,5.987472896716602,0.8154351097198091,0.05848744518055898,2.24284590392636,-11.518472406754539,0.014312118037450578,-0.37697711540084566,2.848921535218084,-0.1759071293526222,0.05918424096028524,2.1762217953788574,-9.13704069075697,-0.003873236420610571,-0.4005950136112424,3.1385513614985183,False
2024-07-15,34.459999084472656,0.0,0.0548,0.319208629634116,4.18,O:INTC240802C00031000,0.4,O:INTC240802P00031000,0.6181289391085549,0.5151200998317929,0.5681749082803726,0.24896627864625664,0.6246780662015998,0.1170753628169371,4.36442606042497,-23.30881849536255,0.009414669771887374,-0.7203403816826668,5.254148403620668,0.7938928729012584,0.05677289202899894,2.315144551932399,-14.149650224419721,0.012876415374081516,-0.3109416468762268,2.070968424400784,-0.1692148066996586,0.06030247078793816,2.0492815084925713,-9.159168270942832,-0.0034617456021941422,-0.40939873480643996,3.1831799792198847,False
2024-07-16,34.34000015258789,0.0,0.0548,0.3202820272616598,3.91,O:INTC240802C00031000,0.38,O:INTC240802P00031000,0.5637825303106223,0.5134287715868378,0.5390387537717818,0.218756726510122,0.6434455390796293,0.12415646025677712,4.065692700135581,-22.234255670578435,0.009185593604456112,-0.7754622890422822,5.5950806145024785,0.8119722731294374,0.06131680107910547,2.1029768937499003,-12.805137100187242,0.012367089832583578,-0.3620974166303853,2.499956496484455,-0.1685267340498081,0.06283965917767165,1.9627158063856804,-9.429118570391191,-0.003181496228127466,-0.4133648724118969,3.095124118018023,False
2024-07-17,34.459999084472656,0.0,0.0547,0.31763419994697584,4.32,O:INTC240802C00031000,0.43,O:INTC240802P00031000,0.7357948383051859,0.5705672799224786,0.6562022754907608,0.338568075543785,0.5996219239813322,0.11436850293611069,4.196386384366285,-29.92319136142312,0.0075776052149650166,-0.6082953242071005,3.9441754934645488,0.7750279093037442,0.05420030177151559,2.255120068775691,-18.647304035981804,0.010660695735737039,-0.24248437875759613,1.3776170144048028,-0.17540598532241203,0.0601682011645951,1.941266315590594,-11.27588732544132,-0.003083090520772022,-0.36581094544950443,2.566558479059746,False
2024-07-18,34.869998931884766,0.0,0.0548,0.31196145878772136,4.6,O:INTC240802C00031000,0.37,O:INTC240802P00031000,0.7503151066778303,0.5993214024413476,0.6778724870920183,0.36591102830429695,0.6471099379726462,0.10535341772192713,3.7608347592646068,-30.302492213513318,0.0076802361629007936,-0.610003392813421,4.208066511966165,0.8006866481644153,0.051110315242612205,2.035392934889142,-18.77115507546362,0.010179340009085042,-0.2559247317040181,1.5737727842304234,-0.1535767101917691,0.054243102479314936,1.7254418243754646,-11.531337138049695,-0.0024991038461842485,-0.3540786611094029,2.6342937277357414,False
2024-07-19,32.97999954223633,0.0,0.0548,0.379356027206681,2.8,O:INTC240802C00031000,0.75,O:INTC240802P00031000,0.618148598118268,0.6169456165012717,0.6175470199346544,0.23819099272797345,0.43975546431704027,0.16597623914650464,4.424013662166059,-35.02390471956656,0.004346482147568218,-0.5010077446850789,1.9172346904271063,0.7197270566125713,0.08292892142461046,2.2125834288204875,-18.380412914057644,0.008308173808578451,-0.2500158619943658,0.9560133533396205,-0.27997159229553104,0.08304731772189418,2.2114302333455718,-16.643491805508912,-0.003961691661010233,-0.25099188269071315,0.9612213370874857,False
2024-07-22,33.369998931884766,0.0,0.054900000000000004,0.3781609026363621,2.9,O:INTC240802C00031000,0.52,O:INTC240802P00031000,0.5577191934173984,0.5845252501520108,0.5711988583326342,0.19303795569627208,0.5497458820675599,0.16662093132591824,3.783472724094766,-31.07907932260762,0.005330364106215211,-0.6802242455997394,3.241643032000395,0.7794288423901844,0.0843105342446584,1.870043831818197,-15.870144451643997,0.008253407013585939,-0.3535033779727697,1.7171620756530313,-0.22968296032262447,0.08231039708125984,1.9134288922765688,-15.208934870963624,-0.0029230429073707283,-0.3267208676269697,1.5244809563473636,False
2024-07-23,32.95000076293945,0.0,0.054900000000000004,0.37545453574490306,2.65,O:INTC240802C00031000,0.57,O:INTC240802P00031000,0.630331308622596,0.5907133708342384,0.6106284587144852,0.23517392296958217,0.4724395865682951,0.18244047411417108,3.836336815144176,-37.57984424002282,0.0039196459485295486,-0.5607006704004072,2.083232959527397,0.7306746608091922,0.08923789595098931,1.938735243503768,-20.423489600638693,0.006801819247975671,-0.2632844764709659,0.9503813513430103,-0.2582350742408971,0.09320257816318175,1.897601571640408,-17.156354639384134,-0.0028821732994461224,-0.2974161939294413,1.1328516081843867,False
2024-07-24,31.700000762939453,0.0,0.055,0.40376891111109897,1.81,O:INTC240802C00031000,1.03,O:INTC240802P00031000,0.6748407795664685,0.6587622049575929,0.6668037427663802,0.26303483165528124,0.2130471427084658,0.2183903442876911,4.064298739714867,-48.997001040916956,0.0010871096073332767,-0.18365969941145757,0.26231223195043035,0.6057856010146718,0.10793527638538583,2.033203136342156,-25.65422823261917,0.0048315011150951645,-0.08889068427951075,0.12602834585434528,-0.392738458306206,0.11045506790230526,2.031095603372711,-23.34277280829778,-0.0037443915077618878,-0.09476901513194683,0.13628388609608508,False
2024-07-25,31.100000381469727,0.0,0.054900000000000004,0.4095431582169633,1.42,O:INTC240802C00031000,1.25,O:INTC240802P00031000,0.7063682113385406,0.6908856776932644,0.6986267403125764,0.28908358209561313,0.07640539414980851,0.2369272535392617,3.8113467534862995,-55.90076325051475,-6.995052685586107e-05,0.013509422291197016,-0.006218256172405616,0.5382550325438092,0.11714947119938074,1.905649289826913,-29.10894495745301,0.0036475551708191577,0.007283843510108852,-0.0033569283194865665,-0.4618496383940007,0.11977778233988094,1.9056974636593862,-26.79181829306174,-0.0037175056976750187,0.0062255787810881645,-0.002861327852919049,False
2024-07-26,31.350000381469727,0.0,0.054900000000000004,0.4102581966521884,1.5,O:INTC240802C00031000,1.1,O:INTC240802P00031000,0.7423089750345627,0.732949816754689,0.7376295927762986,0.3273713961241102,0.13537846184299263,0.24142637564372776,3.4725636423032054,-64.63920994627392,0.0003262132600040878,-0.07100285995619372,0.053460357605774604,0.5675231226932916,0.1199560682356116,1.73640688244378,-33.37597298257476,0.0032325099430411857,-0.034702211738658804,0.02606222401826392,-0.432144660850299,0.12147030740811617,1.7361567598594254,-31.263236963699157,-0.002906296683037098,-0.03630064821753492,0.027398133587510684,False
2024-07-29,30.829999923706055,0.0,0.055,0.41297163572976253,1.2,O:INTC240802C00031000,1.34,O:INTC240802P00031000,0.8181711370672805,0.8162683878366116,0.8172197483539582,0.40424811262419563,0.005226405020932412,0.25135597951189437,3.099088585493404,-79.64720987148692,-0.0003775984021592684,0.09412671076731294,-0.002394827083901749,0.5026579773356838,0.12553158806167078,1.5495431535381,-40.72176373891025,0.0022693564131602184,0.047012254055470576,-0.0012166306242219422,-0.49743157231475144,0.1258243914502236,1.5495454319553044,-38.92544613257667,-0.002646954815319487,0.047114456711842355,-0.0011781964596798064,False
2024-07-30,30.1299991607666,0.0,0.055,0.42067686410055855,0.91,O:INTC240802C00031000,1.7,O:INTC240802P00031000,0.9708872466625379,0.9242707714094427,0.9475986279487612,0.5269217638482027,-0.17214657083862583,0.250281026672078,2.561638250639131,-101.52437584944258,-0.0009281876232019814,0.26409319027418565,0.18907026302536317,0.4170016434765289,0.12227700004771482,1.2830173361387414,-52.9589213482092,0.0013874118057126319,0.12682563630697052,0.08737670521758115,-0.5891482143151547,0.12800402662436322,1.2786209145003895,-48.56545450123338,-0.0023155994289146132,0.13726755396721513,0.10169355780778203,False
2024-07-31,30.739999771118164,0.0,0.054900000000000004,0.42642798578970853,1.17,O:INTC240802C00031000,1.36,O:INTC240802P00031000,1.1761316267959827,1.124401343321246,1.150267174434662,0.7238391886449534,-0.021334356954111566,0.25332892267612866,2.1842458940745018,-158.11066050627966,-0.00025284270856240827,0.08965290894569858,0.0065849281808782216,0.49049156232083413,0.1238260937447889,1.0922078058111437,-81.6920823444096,0.0011037865486887167,0.04361347823178039,0.0028469479929067536,-0.5118259192749457,0.12950282893133977,1.092038088263358,-76.41857816187007,-0.001356629257251125,0.04603943071391819,0.003737980187971468,True
2024-08-01,29.049999237060547,0.0,0.0555,0.46784121540386525,1.9,O:INTC240906C00029000,1.74,O:INTC240906P00029000,0.48316683195032534,0.4982176552057992,0.49069202915430066,0.022850813750435406,0.10032984528312394,0.1729215632414361,7.386196181241955,-17.523876569080652,-0.0007484472161824289,0.05083717983296954,-0.05981774268203862,0.5499735017336851,0.08779204247405215,3.693323286970863,-9.429177938977583,0.014523610117062626,0.02425038130251022,-0.028419823326912806,-0.44964365645056115,0.08512952076738395,3.6928728942710913,-8.09469863010307,-0.015272057333245055,0.026586798530459317,-0.031397919355125814,False
2024-08-02,21.479999542236328,0.0,0.0554,1.0161572598433704,0.1,O:INTC240906C00029000,7.75,O:INTC240906P00029000,0.5774449324272887,0.8104207325912364,0.7111554870128632,-0.3050017728305071,-0.7846415752950857,0.07466455019092717,2.4314889844547083,-7.578551311173852,-0.024508036387061928,0.7396961951349845,6.386705090799895,0.0631007522150011,0.031715468450019796,0.8382811650571778,-2.5092178907156066,0.0012454406038620966,0.36716277506463607,3.7987634621151654,-0.8477423275100868,0.04294908174090738,1.5932078193975305,-5.069333420458245,-0.025753476990924024,0.3725334200703484,2.587941628684729,False
2024-08-05,20.110000610351562,0.0,0.0552,0.9837554869871136,0.1,O:INTC240906C00029000,8.83,O:INTC240906P00029000,0.6974951256062142,0.6862632372069412,0.6919446784973144,-0.2918108084897991,-0.88659383085828,0.05306405010482262,1.4142243176009464,-3.6608234987433055,-0.02548514521875614,0.5916432896906063,5.812883232000674,0.05836460479861959,0.02692925998544786,0.7234365797593623,-2.7083847278981774,0.001022583083926826,0.29813508275994105,2.902397792531577,-0.9449584356568996,0.026134790119374758,0.690787737841584,-0.9524387708451281,-0.026507728302682963,0.29350820693066526,2.9104854394690967,False
2024-08-06,19.829999923706055,0.0,0.055,0.9724475155296697,0.03,O:INTC240906C00029000,9.3,O:INTC240906P00029000,0.5987423071950102,0.9241977355411543,0.8035294844150545,-0.16891803111461523,-0.8619836420203385,0.05048031634605464,1.492580085873338,-5.507267583006941,-0.0241163538800191,0.5119891415329744,4.6344664058175535,0.023676161612773024,0.015566162624918826,0.33449854281979935,-1.1213498877133277,0.0004011293852548998,0.2018037965552126,2.3975519621289068,-0.8856598036331115,0.034914153721135814,1.1580815430535387,-4.385917695293614,-0.024517483265274,0.3101853449777618,2.2369144436886472,False
2024-08-07,18.989999771118164,0.125,0.055,0.9659130369031914,0.02,O:INTC240906C00029000,9.3,O:INTC240906P00029000,0.6368404154029539,0.9241977355411543,0.00010000000000000002,-0.9658130369031914,-0.9021252399449567,0.04056334086983934,1.0758296425316973,-3.8179567980235576,-0.023741691491741664,0.4219950076299813,3.9246905155382166,0.01656730185118995,0.01154125877819474,0.23139600404827773,-0.8601879566156811,0.0002572018763479027,0.1501473938288866,1.7948363943550005,-0.9186925417961467,0.029022082091644606,0.8444336384834196,-2.9577688414078764,-0.023998893368089566,0.27184761380109473,2.129854121183216,False
2024-08-08,20.489999771118164,0.0,0.0555,1.0360467489590484,0.02,O:INTC240906C00029000,7.95,O:INTC240906P00029000,0.5456632804361994,1.0,0.00010000000000000002,-1.0359467489590484,-0.8335149175044476,0.05286507077474745,1.6316141501979202,-7.6399539616483425,-0.021563634610634565,0.49124236039027336,4.170547133955889,0.017994127076280893,0.01371178597385413,0.26177093029006593,-0.8763855383814112,0.00029058304972872224,0.18285671648766744,2.2681570781269222,-0.8515090445807285,0.039153284800893313,1.3698432199078543,-6.763568423266931,-0.021854217660363287,0.3083856439026059,1.9023900558289666,False
2024-08-09,19.709999084472656,0.0,0.0554,1.0191352009124528,0.04,O:INTC240906C00029000,9.21,O:INTC240906P00029000,0.6816132868290268,0.700154027425533,0.6911226523399352,-0.3280125485725176,-0.93765188716712,0.0365865438763463,0.7797418021711667,-1.8599185203296822,-0.022008823680649194,0.41813001088896506,4.327264934539972,0.029235279746108175,0.01759667294686073,0.3698037178079178,-1.6177046982043553,0.0004255772516111944,0.20364150664277753,2.139557442427037,-0.9668871669132282,0.01898987092948557,0.4099380843632489,-0.24221382212532694,-0.022434400932260387,0.2144885042461875,2.187707492112935,False
2024-08-12,19.360000610351562,0.0,0.0553,1.0155170959395852,0.03,O:INTC240906C00029000,9.21,O:INTC240906P00029000,0.6969496618167844,0.700154027425533,0.00010000000000000002,-1.0154170959395852,-0.953301784250993,0.02972092515150998,0.5867220185392383,-1.1676508918837396,-0.021138405043915266,0.34456073569441537,3.6432395831925986,0.023073080770112928,0.01474669879827341,0.2904423988419368,-1.3654321828947482,0.0003141746943670421,0.1713218509584192,1.8160656903661045,-0.9763748650211059,0.01497422635323657,0.2962796196973015,0.1977812910110086,-0.02145257973828231,0.1732388847359962,1.8271738928264938,False
2024-08-13,20.469999313354492,0.0,0.0548,1.0556885652280537,0.03,O:INTC240906C00029000,9.21,O:INTC240906P00029000,0.6279278620708788,0.700154027425533,1.0919557667255404,0.036267201497486745,-0.9351742142580265,0.039374392794978404,0.7889430171747187,-2.192554820055236,-0.01974866819150828,0.4351380935217376,4.395788684377292,0.024510725771188912,0.0167333848443807,0.31448589639112406,-1.4081722487821486,0.00033695324264718107,0.1955621355919904,2.105974225244736,-0.9596849400292154,0.022641007950597702,0.47445712078359464,-0.7843825712730874,-0.02008562143415546,0.23957595792974723,2.2898144591325567,False
2024-08-14,19.920000076293945,0.0,0.054900000000000004,1.0510242036300168,0.03,O:INTC240906C00029000,8.96,O:INTC240906P00029000,0.6279278620708788,1.0,0.5852834468841555,-0.46574075674586135,-0.8895659421771919,0.043995300559762876,1.068596364890621,-5.934531117565438,-0.01816017465148981,0.40080244287382105,3.3206312775681623,0.013954652344333632,0.01095394659639891,0.18412273829576367,-0.8713466764544752,0.00017730868911912856,0.13384431455541343,1.5224798442438787,-0.9035205945215256,0.03304135396336397,0.8844736265948573,-5.0631844411109626,-0.01833748334060894,0.2669581283184076,1.7981514333242836,False
2024-08-15,20.690000534057617,0.0,0.0553,1.067525312369999,0.03,O:INTC240906C00029000,8.2,O:INTC240906P00029000,0.6485523652891299,1.0,0.56337292137146,-0.504152390998539,-0.8601157771815087,0.05442997943603539,1.315219014143061,-8.06466123607978,-0.016697155724389616,0.47245197175581866,3.7135213768292576,0.024827338096476945,0.01718536349946884,0.3029313468920536,-1.5739237505908092,0.0003070969133176743,0.19050791185885743,1.949563349237491,-0.8849431152779856,0.03724461593656655,1.0122876672510075,-6.490737485488971,-0.01700425263770729,0.28194405989696125,1.7639580275917668,False
2024-08-16,20.8700008392334,0.0,0.0553,1.066732191614763,0.03,O:INTC240906C00029000,8.41,O:INTC240906P00029000,0.6550006784774183,1.1155910222444565,0.9469043877601626,-0.11982780385460035,-0.8304433114174786,0.05760862913077483,1.45620551773319,-11.065481059612262,-0.015340090837034838,0.46123734322771576,3.3574746681728715,0.02510512121915436,0.01758595322586992,0.29863679420641226,-1.6704164414380558,0.00029401422673381363,0.18965051158556134,1.890914565951059,-0.8555484326366329,0.04002267590490491,1.1575687235267778,-9.395064618174207,-0.015634105063768652,0.2715868316421544,1.4665601022218127,False
2024-08-19,21.520000457763672,0.0,0.055099999999999996,1.0765753374407678,0.03,O:INTC240906C00029000,7.9,O:INTC240906P00029000,0.6224917230741794,1.1788558668002882,0.9759756956577302,-0.1005996417830376,-0.7959164805032336,0.0628334270290776,1.6297009077497466,-14.363454835196505,-0.013921179458206253,0.4694220140377942,3.24991938444861,0.02625363252102943,0.019284056933387396,0.30884745971831856,-1.7597721842355176,0.00029721010215026666,0.20400972154559338,2.0064289904627044,-0.822170113024263,0.0435493700956902,1.320853448031428,-12.603682650960987,-0.01421838956035652,0.26541229249220083,1.2434903939859057,False
2024-08-20,20.989999771118164,0.0,0.0548,1.0764430599829458,0.01,O:INTC240906C00029000,7.9,O:INTC240906P00029000,0.5960229409173071,1.1788558668002882,0.00010000000000000002,-1.0763430599829458,-0.8453278177887977,0.05033840390394399,1.2164560824727382,-11.707204839296729,-0.013439478279055101,0.37188225963975835,2.5675501149808975,0.010745025449016475,0.009985990039800042,0.13527632106878382,-0.7932808430861772,0.00011119028025005202,0.11590682432589423,1.2705195715185178,-0.8560728432378142,0.04035241386414395,1.0811797614039544,-10.913923996210551,-0.013550668559305153,0.25597543531386413,1.2970305434623794,False
2024-08-21,21.40999984741211,0.0,0.0545,1.083124894152049,0.02,O:INTC240906C00029000,7.9,O:INTC240906P00029000,0.6432652167449318,1.1788558668002882,0.9936854958534242,-0.0894393982986248,-0.8319395572180844,0.05762335568301718,1.3017544604339812,-13.488370602940892,-0.01225084963926393,0.41568067255986785,2.79350356174427,0.019086392084802752,0.015483342692618954,0.21740464970107828,-1.4895937766823297,0.00018506650077298778,0.16011244390756202,1.5507088645632041,-0.8510259493028872,0.042140012990398226,1.084349810732903,-11.998776826258561,-0.012435916140036918,0.25556822865230583,1.2427946971810657,False
2024-08-22,20.100000381469727,0.0,0.055099999999999996,1.0945001960466376,0.02,O:INTC240906C00029000,7.9,O:INTC240906P00029000,0.7953332743017538,1.1788558668002882,0.00010000000000000002,-1.0944001960466376,-0.8948685064779589,0.04509459271943806,0.85000815566367,-9.192105807910021,-0.011793977101901944,0.33987964853670316,2.325394056577923,0.017493466915012898,0.01293519001802179,0.1814288053834328,-1.6711214713308284,0.00014475419080617333,0.12356191826261362,1.0940882681450819,-0.9123619733929718,0.03215940270141627,0.6685793502802372,-7.520984336579193,-0.011938731292708117,0.21631773027408951,1.231305788432841,False
2024-08-23,20.540000915527344,0.0,0.055099999999999996,1.1001314176051653,0.03,O:INTC240906C00029000,8.6,O:INTC240906P00029000,0.8386236663523394,1.2087306456687403,1.0674179998397828,-0.0327134177653825,-0.8791850106347527,0.051277838863192704,0.9337991834177753,-11.65365654469823,-0.010590659096569735,0.36446722312861907,2.3416763018405646,0.02453019738592088,0.016763685687288185,0.23536235455719742,-2.5131027030707043,0.0001880358241130484,0.1464511726389082,1.1793230723659438,-0.9037152080206736,0.03451415317590452,0.6984368288605779,-9.140553841627526,-0.010778694920682784,0.21801605048971087,1.1623532294746206,False
2024-08-26,20.1299991607666,0.0,0.054900000000000004,1.1001259998345616,0.01,O:INTC240906C00029000,8.6,O:INTC240906P00029000,0.801475721965639,1.2087306456687403,0.00010000000000000002,-1.1000259998345616,-0.9198286925403493,0.038051118058245896,0.6135390444814356,-8.289959885831887,-0.009810723154532018,0.2725036618285387,1.7971818295271575,0.010124972731323187,0.008836577150834394,0.10249529439099457,-1.1607053425043226,6.921989020868663e-05,0.08313790520887324,0.734288907355181,-0.9299536652716724,0.0292145409074115,0.511043750090441,-7.129254543327565,-0.009879943044740705,0.18936575661966548,1.0628929221719765,False
2024-08-27,20.06999969482422,0.0,0.054900000000000004,1.1013513129093344,0.01,O:INTC240906C00029000,8.6,O:INTC240906P00029000,0.8568244321995802,1.2087306456687403,0.00010000000000000002,-1.1012513129093344,-0.9343678358095883,0.03470075193553225,0.49692719159355836,-7.405435699728832,-0.00880525895799993,0.24533786865426294,1.6003023080169747,0.010083372718440956,0.008761835717914161,0.09599997629987979,-1.3060795151302707,6.107088488315065e-05,0.07757457698630785,0.6444717751219778,-0.9444512085280292,0.025938916217618086,0.4009272152936786,-6.0993561845985615,-0.00886632984288308,0.1677632916679551,0.9558305328949969,False
2024-08-28,19.610000610351562,0.0,0.0547,1.0923488942347197,0.01,O:INTC240906C00029000,8.6,O:INTC240906P00029000,0.8568244321995802,1.2087306456687403,0.00010000000000000002,-1.0922488942347197,-0.9627311562793586,0.022958514835453372,0.2807687143564411,-4.320410318894131,-0.007854635341320635,0.1631454455032647,1.0805547533190085,0.003932991278657236,0.004166978479159203,0.03813869362284834,-0.5922468335007609,2.0515297342102528e-05,0.03814121275918862,0.33131268190102225,-0.9666641475580158,0.01879153635629417,0.24263002073359274,-3.7281634853933703,-0.007875150638662738,0.12500423274407607,0.7492420714179863,False
2024-08-29,20.1299991607666,0.0,0.054000000000000006,1.0957041935957088,0.01,O:INTC240906C00029000,8.9,O:INTC240906P00029000,0.8568244321995802,1.302464968449379,1.1860415239334108,0.09033733033770197,-0.9527174412637529,0.02693735561855156,0.32099728995710297,-6.948525870512392,-0.006685964493268776,0.1713366373764958,1.017883454652912,0.003620516332164153,0.004070926279902314,0.03365296259874143,-0.6093099882331615,1.6674145734808156e-05,0.035630066778626214,0.29721392251155426,-0.9563379575959171,0.022866429338649248,0.2873443273583615,-6.33921588227923,-0.006702638639003584,0.13570657059786959,0.7206695321413578,False
2024-08-30,22.040000915527344,0.0,0.0541,0.6946514380885612,0.01,O:INTC240906C00029000,8.9,O:INTC240906P00029000,0.8337195436792729,1.302464968449379,2.0,1.3053485619114387,-0.907352083675318,0.04886465241066317,0.5603444649797973,-15.811935094806026,-0.005372120962256456,0.2693000095949697,1.4042960822350956,0.011633317538711413,0.011746648082063901,0.09439013778832867,-1.9964416952485955,4.88885573817103e-05,0.0870292658905942,0.6130578783999776,-0.9189854012140295,0.03711800432859927,0.4659543271914686,-13.81549339955743,-0.005421009519638167,0.18227074370437546,0.7912382038351179,True
2024-09-03,20.100000381469727,0.0,0.0538,0.7296321217660354,0.5,O:INTC241004C00022000,2.34,O:INTC241004P00022000,0.4697770158368748,0.4922915802129179,0.48107923429012306,-0.24855288747591237,-0.3936789245104274,0.2392446077078923,4.242098170066628,-10.602486438469082,-0.009814197232349622,0.9601533375444193,3.0080005988789154,0.29775933727411097,0.12146880881301707,2.104146451144269,-5.710240334273792,0.005006116834695488,0.49624640150896665,1.5996821218122184,-0.6914382617845384,0.11777579889487524,2.1379517189223587,-4.89224610419529,-0.01482031406704511,0.46390693603545263,1.4083184770666968,False
2024-09-04,19.43000030517578,0.0,0.0533,0.7380917926728157,0.32,O:INTC241004C00022000,2.86,O:INTC241004P00022000,0.47691095902656067,0.5183348008550628,0.4979059762239456,-0.24018581644887005,-0.5410768301045776,0.21227912704439222,3.479507427137312,-9.198134356158958,-0.011954313707508787,1.0829211311008193,4.618837754710636,0.21825678980807123,0.10765181621565795,1.6921015311712901,-4.830779530324957,0.0034228590808216015,0.5679677308115859,2.5371119138975398,-0.7593336199126488,0.10462731082873429,1.787405895966022,-4.367354825834001,-0.015377172788330389,0.5149534002892335,2.0817258408130965,False
2024-09-05,19.399999618530273,0.0,0.053,0.7210444700603819,0.3,O:INTC241004C00022000,2.81,O:INTC241004P00022000,0.48038533580810416,0.48467580766914353,0.4825339917182923,-0.23851047834208955,-0.5771912745153289,0.21413438022669112,3.240643977916551,-8.62410054434162,-0.011922925421180931,1.128298673292638,5.065064115628779,0.21019413768273826,0.10718421295930844,1.6148893178036028,-4.854836491471732,0.003148138492385352,0.5669027043557587,2.5581073274816637,-0.7873854121980671,0.10695016726738267,1.6257546601129478,-3.7692640528698864,-0.015071063913566284,0.5613959689368793,2.5069567881471153,False
2024-09-06,18.889999389648438,0.0,0.0528,0.6668385479742631,0.24,O:INTC241004C00022000,3.22,O:INTC241004P00022000,0.5182733671899363,0.4895245147196567,0.5041212378025055,-0.1627173101717576,-0.6696898259914992,0.1851454198669047,2.6422893702615524,-7.544900396096619,-0.012786063812883292,1.0994457048923167,5.70282302017765,0.17305821855443998,0.09280149183288584,1.362094353295993,-4.607339406695991,0.002404023526084934,0.5373938879453225,2.6943804368327715,-0.8427480445459392,0.09234392803401885,1.2801950169655594,-2.9375609894006276,-0.015190087338968226,0.5620518169469941,3.008442583344879,False
2024-09-09,19.06999969482422,0.0,0.0525,0.6551507256618224,0.21,O:INTC241004C00022000,3.0,O:INTC241004P00022000,0.4862788687525752,0.44326644124653025,0.4653601296901703,-0.1897905959716521,-0.6951004729522836,0.19333110489859268,2.464732032147626,-6.751581457820988,-0.01241451390215763,1.1689144890576006,6.299487570386761,0.16502803172296843,0.0974977673392293,1.2999735042607377,-4.346347214784066,0.0022144684832259703,0.5654259305038155,2.8837813028362684,-0.860128504675252,0.09583333755936337,1.1647585278868884,-2.4052342430369222,-0.0146289823853836,0.6034885585537851,3.415706267550493,False
2024-09-10,18.979999542236328,0.0,0.0518,0.6523142754686584,0.16,O:INTC241004C00022000,3.35,O:INTC241004P00022000,0.4698418207808215,0.654761201846145,0.5692663339614868,-0.08304794150717154,-0.6296127007466554,0.18472695164306618,2.6694959460463075,-9.978102791323762,-0.011042891979969782,0.9940152986336874,4.715808202477608,0.13926313873328233,0.0930545125823879,1.1250024521081492,-3.8286429045970114,0.001773724506720068,0.5707817122317741,3.1375135094605717,-0.7688758394799378,0.09167243906067829,1.544493493938158,-6.149459886726751,-0.01281661648668985,0.42323358640191333,1.5782946930170363,False
2024-09-11,19.639999389648438,0.0,0.0521,0.6304769970093577,0.26,O:INTC241004C00022000,3.24,O:INTC241004P00022000,0.47435346039774473,0.8770033680931096,0.6879704395055772,0.05749344249621957,-0.4408600967334211,0.20005285931445813,3.342216617790794,-16.791018741996517,-0.00820215732234129,0.8217335194216873,2.8852881511966926,0.20301669281827617,0.11674198884554182,1.4409883888636488,-5.2604111598971635,0.002514413146494825,0.5681801072723518,2.408227025671863,-0.6438767895516972,0.0833108704689163,1.9012282289271454,-11.530607582099353,-0.010716570468836116,0.2535534121493354,0.47706112552482943,False
2024-09-12,19.360000610351562,0.0,0.0518,0.6252658026124491,0.19,O:INTC241004C00022000,2.81,O:INTC241004P00022000,0.47512174201693963,0.516673388441889,0.4963282009601594,-0.12893760165228974,-0.6502479303788419,0.21281194731798866,2.5113798551007385,-9.017008581241935,-0.009897651002548713,1.1014391997697282,5.038101225523633,0.16343373090373592,0.10643960380927511,1.2034784808377514,-4.656972684663823,0.0018883029397132386,0.5712486281709208,2.732200936330699,-0.8136816612825778,0.10637234350871355,1.3079013742629868,-4.360035896578111,-0.011785953942261953,0.5301905715988073,2.3059002891929343,False
2024-09-13,19.65999984741211,0.0,0.051500000000000004,0.6111848231107434,0.22,O:INTC241004C00022000,2.6,O:INTC241004P00022000,0.4729850930832589,0.5511847585950596,0.513225511264801,-0.09795931184594242,-0.5855710461366054,0.2325387049702744,2.7359729268797617,-11.083599168575159,-0.008531146831961078,1.053229913618397,4.164110278932705,0.18666370747124506,0.11831279399314511,1.2874693606381902,-5.292877184930411,0.002053457416905987,0.5707019587705786,2.4369918367688332,-0.7722347536078504,0.11422591097712928,1.4485035662415713,-5.7907219836447466,-0.010584604248867065,0.48252795484781835,1.7271184421638723,False
2024-09-16,20.90999984741211,0.0,0.051100000000000007,0.6533360530186336,0.58,O:INTC241004C00022000,1.56,O:INTC241004P00022000,0.5026871750012493,0.4768576248525208,0.48980110347270966,-0.16353494954592396,-0.27975574431062716,0.31016580878468214,3.687847294195401,-15.849496351518898,-0.004438718094915486,0.7242920210681095,1.2803885120139555,0.3647946327663873,0.15168678810456457,1.8521711487237484,-8.739709568397965,0.003915475397489952,0.34700036152535185,0.5911692639619911,-0.6445503770770145,0.1584790206801176,1.8356761454716528,-7.109786783120933,-0.008354193492405439,0.3772916595427577,0.6892192480519644,False
2024-09-17,21.469999313354492,0.0,0.050499999999999996,0.6508354939854858,0.76,O:INTC241004C00022000,1.22,O:INTC241004P00022000,0.49765900952642134,0.4910364730900987,0.4943479952573777,-0.15648749872810808,-0.10964365437558077,0.3278654922205008,3.8540409302609673,-18.247296779242888,-0.002235819023573278,0.3999282577221136,0.2688790564297973,0.4458402637942829,0.1628725440587321,1.9274655455952883,-9.742076747876297,0.004545971113011004,0.1979327748895394,0.13144021428684763,-0.5554839181698636,0.1649929481617687,1.9265753846656792,-8.505220031366592,-0.006781790136584282,0.2019954828325742,0.13743884214294969,False
2024-09-18,20.770000457763672,0.0,0.049100000000000005,0.6555475490926886,0.45,O:INTC241004C00022000,1.57,O:INTC241004P00022000,0.49617722678096904,0.459843975215831,0.4781063032627107,-0.17744124582997794,-0.36708778455858293,0.3288398216281984,3.225688169370334,-15.723049668811523,-0.004592577834914874,0.8682606948774747,1.8851816583566203,0.3243288155421009,0.1599069448701898,1.629888407161649,-8.80014965687436,0.0029934807844168494,0.40869399835341247,0.8439862220219276,-0.6914166001006838,0.1689328767580086,1.595799762208685,-6.922900011937163,-0.007586058619331724,0.4595666965240623,1.0411954363346927,False
2024-09-19,21.139999389648438,0.0,0.0489,0.6547170924429928,0.51,O:INTC241004C00022000,1.28,O:INTC241004P00022000,0.4767795655606489,0.4508584454476514,0.4638457705974579,-0.1908713218455349,-0.2671158672250484,0.3676657234525005,3.324415165457758,-17.300473949982518,-0.003246234998854282,0.7119880468099342,1.075078720213253,0.37105070397623824,0.17946381390416127,1.66915478507636,-9.474376856645039,0.0032013542941053035,0.339793836600737,0.49386383567655334,-0.6381665712012866,0.1882019095483392,1.655260380381398,-7.826097093337479,-0.0064475892929595855,0.3721942102091972,0.5812148845366998,False
2024-09-20,21.84000015258789,0.0,0.0487,0.6222653016650536,1.1,O:INTC241004C00022000,1.15,O:INTC241004P00022000,0.6657764282285726,0.6268616308320558,0.6463184122562411,0.024053110591187532,0.018073247295729344,0.2839368961934541,3.470393954052539,-28.171155110383474,-0.0007362223318664726,0.13103589492079218,-0.012871263065851478,0.5103105257680026,0.13768423288967882,1.7350714253721709,-15.044338030935542,0.003986183317714438,0.06396164165578458,-0.007192685495467826,-0.4922372784722733,0.14625266330377523,1.7353225286803677,-13.12681707944793,-0.004722405649580911,0.0670742532650076,-0.005678577570383651,False
2024-09-23,22.559999465942383,0.0,0.048499999999999995,0.6274996146382635,1.2,O:INTC241004C00022000,0.59,O:INTC241004P00022000,0.5176532359232847,0.5102605559621118,0.5139578965187073,-0.11354171811955627,0.2549716416104574,0.34538926966013983,3.2265238481967335,-23.40837237389684,0.0014150571780579906,-0.33587168045716553,0.46571905278603015,0.6268651444537616,0.17154474304213738,1.6141224786031385,-12.325470889374584,0.004622170472890986,-0.16509569356887924,0.22774730002094434,-0.37189350284330425,0.17384452661800243,1.6124013695935948,-11.082901484522257,-0.0032071132948329954,-0.17077598688828632,0.2379717527650858,False
2024-09-24,22.809999465942383,0.0,0.0478,0.6204676994207367,1.28,O:INTC241004C00022000,0.41,O:INTC241004P00022000,0.49508480096197005,0.4766597496468513,0.48588885021209727,-0.13457884920863938,0.3677870525794392,0.3604296448013426,2.8917167842654057,-22.45054465200517,0.002126737292989693,-0.5745070953775444,1.1182091778389185,0.6812488739359838,0.17743881786630772,1.4510027169397197,-11.995911805495462,0.004526757603382108,-0.27618347550045846,0.5288924615809956,-0.31346182135654455,0.18299082693503488,1.440714067325686,-10.454632846509709,-0.0024000203103924154,-0.2983236198770859,0.5893167162579229,False
2024-09-25,23.540000915527344,0.0,0.0479,0.6254161106391186,1.79,O:INTC241004C00022000,0.23,O:INTC241004P00022000,0.503744370350796,0.5122811729958858,0.5080244316101075,-0.11739167902901115,0.6086584315161451,0.27724150507489115,2.167868683648627,-20.413960939898736,0.00341883889864819,-0.8403182890445196,2.8263356430358195,0.8061225400642947,0.1390141933548978,1.077903295494653,-10.596994307345678,0.004773923703094644,-0.4252686781980445,1.4410515703357776,-0.19746410854814966,0.13822731171999333,1.0899653881539737,-9.81696663255306,-0.0013550848044464542,-0.415049610846475,1.3852840727000422,False
2024-09-26,23.920000076293945,0.0,0.049,0.6144618298550563,2.06,O:INTC241004C00022000,0.12,O:INTC241004P00022000,0.490738576810188,0.49817532008451765,0.49447435078620916,-0.1199874790688471,0.7499145968231815,0.22563526349759616,1.5198974866008843,-16.55524359353272,0.003751894574577278,-0.8943228604439957,3.7967818466055183,0.8766200449112778,0.11261813935227916,0.7528901404820824,-8.685445782243367,0.004502083700275878,-0.4499723813487078,1.9236526106319582,-0.12670544808809625,0.113017124145317,0.7670073461188021,-7.869797811289351,-0.0007501891256985996,-0.44435047909528785,1.87312923597356,False
2024-09-27,23.90999984741211,0.0,0.049,0.6126993646608389,2.03,O:INTC241004C00022000,0.08,O:INTC241004P00022000,0.511433495235478,0.4815516059793044,0.49681836504936217,-0.11588099961147669,0.7848903282852656,0.22106814057254695,1.2455037849800958,-16.41991572133465,0.003304906275701576,-0.8710893881397688,3.640966264444649,0.8859336807707727,0.11203599112712315,0.6499431015548672,-9.31502837216658,0.0038001337642949258,-0.4275693823865755,1.7354972269835467,-0.10104335248550711,0.1090321494454238,0.5955606834252285,-7.10488734916807,-0.0004952274885933499,-0.4435200057531932,1.9054690374611023,False
2024-09-30,23.459999084472656,0.0,0.0493,0.5294492780602795,1.56,O:INTC241004C00022000,0.09,O:INTC241004P00022000,0.45402728271663284,0.4658878457217477,0.46000551614761354,-0.06944376191266599,0.7504139180725071,0.30244623734637566,1.2153464269489098,-18.398997736389695,0.002532493623961364,-0.9774918783651247,3.327191835570482,0.8781055537621887,0.15071794317406917,0.5978088520299415,-9.488467678665208,0.003022278648782747,-0.493748850382826,1.7009896391692394,-0.12769163568968156,0.15172829417230646,0.6175375749189683,-8.910530057724486,-0.0004897850248213826,-0.4837430279822987,1.6262021964012427,True
2024-10-01,22.690000534057617,0.0,0.0496,0.42948613004959,1.6,O:INTC241101C00023000,1.76,O:INTC241101P00023000,0.6201312638553692,0.6032526625848271,0.611691752409935,0.182205622360345,0.034661406796355876,0.19014347957300937,5.464209431271151,-18.18294168998395,-0.0023488591749769305,0.18421544158305894,-0.05485041085186765,0.5181079260214407,0.09375201330516819,2.7318731966273107,-9.784562292726651,0.009269245623686403,0.09121978480812538,-0.028391938773525752,-0.48344651922508486,0.09639146626784117,2.7323362346438405,-8.398379397257298,-0.011618104798663334,0.09299565677493356,-0.026458472078341896,False
2024-10-02,22.389999389648438,0.0,0.0492,0.41029847536977115,1.48,O:INTC241101C00023000,1.8,O:INTC241101P00023000,0.646726612790982,0.5741499039703859,0.6104463160276414,0.20014784065787028,-0.028298478344454536,0.1981298261811295,5.2746809908780845,-18.24900666206603,-0.003416637463608211,0.28307542980288375,0.06808944645525916,0.49096625138267136,0.09322079828382446,2.6385410404790903,-10.241128945148331,0.008304767837837772,0.13181065489831115,0.01974743645743061,-0.5192647297271259,0.10490902789730505,2.636139950398994,-8.007877716917701,-0.011721405301445983,0.1512647749045726,0.04834200999782855,False
2024-10-03,22.260000228881836,0.0,0.0499,0.41181092034694183,1.37,O:INTC241101C00023000,2.02,O:INTC241101P00023000,0.6440902877206988,0.6462174691383377,0.645154034137726,0.23334311379078415,-0.047962238073804064,0.19211343766582584,5.1178667674032425,-19.588434156005707,-0.003714699525417137,0.30416687794589026,0.11756380147053663,0.4758571269604128,0.0962127296419845,2.558870864882066,-10.349069959389208,0.007685483129211534,0.1523916516894832,0.059297986934522956,-0.5238193650342169,0.09590070802384133,2.558995902521176,-9.2393641966165,-0.01140018265462867,0.15177522625640708,0.05826581453601368,False
2024-10-04,22.59000015258789,0.0,0.0501,0.39286908121242353,1.5,O:INTC241101C00023000,1.84,O:INTC241101P00023000,0.6480036748494105,0.6563828068735091,0.6521932291269303,0.2593241479145068,0.012453784499930287,0.19221957608869572,5.077125077723117,-20.707738373505443,-0.0024275150843224447,0.20566503084970178,-0.02042184326701384,0.5057960846408602,0.09672879929244718,2.538605333891187,-10.860950462552658,0.007877725102551896,0.10343349842125163,-0.009563835726156721,-0.49334230014092995,0.09549077679624854,2.5385197438319307,-9.846787910952784,-0.010305240186874341,0.10223153242845016,-0.010858007540857119,False
2024-10-07,22.3799991607666,0.0,0.05,0.3983504010691767,1.4,O:INTC241101C00023000,1.88,O:INTC241101P00023000,0.667299409570422,0.6454760002213508,0.6563887094974519,0.2580383084282752,-0.03240070331769074,0.19769731909839855,4.899090373882018,-21.124982720448546,-0.00301973914873433,0.2683268503202746,0.06709705386379496,0.4852631319229437,0.09722014972289011,2.4499104949684036,-11.314472696674708,0.0071326817943866095,0.13154304202084532,0.029867468374186353,-0.5176638352406344,0.10047716937550842,2.4491798789136143,-9.810510023773839,-0.01015242094312094,0.13678380829942927,0.037229585489608606,False
2024-10-08,23.31999969482422,0.0,0.0496,0.41232715070952286,1.85,O:INTC241101C00023000,1.45,O:INTC241101P00023000,0.6668253510542891,0.6673742391050965,0.6670998438358307,0.2547726931263078,0.14795862525158077,0.18859525757352819,4.887092359949941,-22.828707785679413,0.00010742506836792544,-0.009667323957085382,0.011237851184593004,0.5739806391901332,0.09433636320450554,2.443544637900855,-11.978069902100628,0.008239448807678388,-0.0048807437583465296,0.005673758073264592,-0.42602201393855244,0.09425889436902263,2.443547722049086,-10.850637883578786,-0.008132023739310462,-0.004786580198738853,0.005564093111328412,False
2024-10-09,23.459999084472656,0.0,0.0493,0.40254882553699567,1.92,O:INTC241101C00023000,1.43,O:INTC241101P00023000,0.68248843770307,0.7020229139129934,0.6922562759995461,0.2897074504625504,0.17300673752972073,0.1847286620128307,4.747002276283729,-24.391072903402538,0.0004781168400370007,-0.04367596542346343,0.05817894383365346,0.5867163863616935,0.09365648901919434,2.373217452586005,-12.588714144969602,0.007990246828457833,-0.023878678737847082,0.03187993150568474,-0.4137096488319728,0.09107217299363636,2.3737848236977244,-11.802358758432936,-0.007512129988420832,-0.019797286685616346,0.02629901232796872,False
2024-10-10,23.219999313354492,0.0,0.049800000000000004,0.3996767756136133,1.76,O:INTC241101C00023000,1.42,O:INTC241101P00023000,0.6947916636459585,0.6742273783647478,0.6845092516422273,0.284832476028614,0.12694708347156092,0.19674015881182308,4.609121488329815,-24.833947537940563,-0.0001474849580685644,0.014575523400550483,-0.013628999991880272,0.5635486723401281,0.09688944707372191,2.3044905071133157,-13.172998616468957,0.007190857006209279,0.008559146646386847,-0.008011207936342964,-0.43660158886856715,0.09985071173810117,2.304630981216499,-11.660948921471606,-0.007338341964277843,0.006016376754163636,-0.0056177920555373064,False
2024-10-11,23.559999465942383,0.0,0.049699999999999994,0.3995164504259303,1.88,O:INTC241101C00023000,1.24,O:INTC241101P00023000,0.6840252672843316,0.6786052958313166,0.6813155560493471,0.2817991056234168,0.19403363750701197,0.19768618102286017,4.449989389223445,-25.539648547974824,0.0008639478547857512,-0.0902376824004331,0.12741023082170305,0.5968945550975185,0.09845760284246394,2.2251673200066056,-13.390880554233252,0.0072516877376913435,-0.04438778469754268,0.06259101291000572,-0.4028609175905066,0.09922857818039625,2.22482206921684,-12.148767993741572,-0.006387739882905592,-0.04584989770289042,0.06481921791169731,False
2024-10-14,23.440000534057617,0.0,0.049699999999999994,0.3468618157110958,1.77,O:INTC241101C00023000,1.22,O:INTC241101P00023000,0.6909787286327304,0.6693477893139026,0.6801640518903733,0.3333022361792775,0.17071425237825322,0.20750018324942682,4.30691069146506,-26.414974843303796,0.0005619678705097216,-0.06346025136173694,0.0756214918159357,0.5850143695089567,0.10211999877356592,2.1538636573939445,-13.988019780254742,0.006634853963178513,-0.029266785714629262,0.03472211410303476,-0.41430011713070347,0.1053801844758609,2.153047034071115,-12.426955063049052,-0.0060728860926687915,-0.03419346564710767,0.04089937771290095,False
2024-10-15,22.65999984741211,0.0,0.0493,0.3641139342742797,1.4,O:INTC241101C00023000,1.82,O:INTC241101P00023000,0.7446919617164593,0.8121193553652464,0.778403329896927,0.41428939562264727,0.014692368881510043,0.19949716546682258,4.105702838721335,-30.833166583748273,-0.0014893619842868584,0.16258479118142807,-0.01518935113830507,0.5046100319213578,0.10408139246513307,2.053110748503497,-15.313608187002393,0.005176508817556663,0.0844148181549222,-0.005020575820557524,-0.48991766303984774,0.09541577300168952,2.0525920902178374,-15.519558396745879,-0.006665870801843521,0.07816997302650587,-0.010168775317747547,False
2024-10-16,22.309999465942383,0.0,0.049100000000000005,0.34656384109226757,1.16,O:INTC241101C00023000,1.79,O:INTC241101P00023000,0.7400040058342481,0.7367525945640967,0.7383781896829607,0.3918143485906931,-0.07486267540941594,0.220981513955323,3.8673425355109297,-29.756551319533123,-0.002200088689715756,0.27443740245154835,0.12554660101646908,0.46279173809010976,0.11025331782642238,1.933773316197577,-15.475495780191618,0.004364230204587092,0.13681253895383072,0.06221229710030903,-0.5376544134995257,0.11072819612890064,1.933569219313353,-14.281055539341507,-0.006564318894302848,0.13762486349771763,0.06333430391616006,False
2024-10-17,22.440000534057617,0.0,0.0493,0.3427294708027546,1.2,O:INTC241101C00023000,1.64,O:INTC241101P00023000,0.7625556478502372,0.7247468652806477,0.7436550826549531,0.40092561185219844,-0.05358195718236247,0.22847602786772936,3.732254752523466,-31.593062395538023,-0.0017645305803836797,0.23846322646074625,0.07534370916652486,0.47546117869088855,0.11137737719162732,1.8668369953739261,-16.773152901651784,0.004133446037349969,0.11533147560514223,0.033280094246669195,-0.529043135873251,0.11709865067610203,1.8654177571495398,-14.81990949388624,-0.005897976617733649,0.12313175085560402,0.04206361491985567,False
2024-10-18,22.770000457763672,0.0,0.0492,0.32730958324158876,1.27,O:INTC241101C00023000,1.49,O:INTC241101P00023000,0.7495318626439704,0.7688017004161294,0.7591667734622956,0.4318571902207068,0.017599023247589107,0.23168824907632818,3.618233448699176,-34.494125310147446,-0.0009362183462683343,0.13574344764977783,-0.01357140995281753,0.5081456600796384,0.11731854172056638,1.8091821466544462,-17.592883233577062,0.004087490838342853,0.06858848498501234,-0.006352729680142671,-0.49054663683204924,0.11436970735576181,1.8090513020447299,-16.901242076570384,-0.005023709184611187,0.06715496266476549,-0.007218680272674857,False
2024-10-21,22.84000015258789,0.0,0.0492,0.30669900344134265,1.22,O:INTC241101C00023000,1.32,O:INTC241101P00023000,0.7413727417302464,0.7299724324403228,0.7356722741127015,0.4289732706713589,0.02547983577242119,0.25115561581309553,3.4421950654038516,-35.35625681137171,-0.0006993001953821375,0.1160909989109889,-0.016002378279184697,0.5130707722982029,0.1246014752868364,1.7210519201400647,-18.379701726385736,0.003749477327706908,0.057728345018008595,-0.00816535551413753,-0.48759093652578167,0.12655414052625913,1.7211431452637869,-16.976555084985975,-0.004448777523089045,0.0583626538929803,-0.007837022765047167,False
2024-10-22,22.399999618530273,0.0,0.0489,0.3120674889854318,0.96,O:INTC241101C00023000,1.53,O:INTC241101P00023000,0.7582233610116508,0.761812705638018,0.760018362045288,0.44795087305985626,-0.09237164860345981,0.2612776333526007,3.163073238702568,-37.639950011045755,-0.001447341236025565,0.26220501222121184,0.12142652472479226,0.4535788914945026,0.13093830116486,1.5814276616881968,-19.335325666388236,0.002920687935381026,0.13154590886437117,0.061229275173382954,-0.5459505400979624,0.1303393321877407,1.5816455770143714,-18.304624344657515,-0.004368029171406591,0.1306591033568407,0.06019724955140931,False
2024-10-23,21.979999542236328,0.0,0.048799999999999996,0.2928860380920091,0.75,O:INTC241101C00023000,1.76,O:INTC241101P00023000,0.789700927629301,0.8046934921689404,0.7972012180805207,0.5043151799885116,-0.2088346870784863,0.26381731417176757,2.82219853993431,-40.151166409508775,-0.001972273979552275,0.3843446023227267,0.37291034844393384,0.3941422622492211,0.13301843001891012,1.4097020235393245,-20.42454036315645,0.0021981240955038536,0.19499222434094646,0.1918231207781078,-0.6029769493277074,0.13079888415285745,1.4124965163949854,-19.72662604635233,-0.0041703980750561285,0.18935237798178026,0.18108722766582605,False
2024-10-24,22.34000015258789,0.0,0.0487,0.2930944034192803,0.87,O:INTC241101C00023000,1.54,O:INTC241101P00023000,0.8318026406391023,0.8587540313785401,0.8452830729007723,0.552188669481492,-0.11858517520106565,0.2708638174614013,2.7199567432315046,-48.035659857936636,-0.0012045697219254387,0.2611039776646949,0.134364186303131,0.43894877919136527,0.13750097098219635,1.359074027029245,-24.175297493819148,0.0021276466176459803,0.13365652270031853,0.07078459934642765,-0.5575339543924309,0.13336284647920493,1.3608827162022594,-23.860362364117492,-0.003332216339571419,0.12744745496437637,0.06357958695670334,False
2024-10-25,22.68000030517578,0.0,0.0489,0.30026622057878316,1.01,O:INTC241101C00023000,1.31,O:INTC241101P00023000,0.8991808734313962,0.9009908108129423,0.9000860882282257,0.5998198676494425,-0.03147828148673926,0.2772621672650358,2.5470043326027354,-57.62320932953506,-0.0006019697289138207,0.14725634217553324,0.018564691642822876,0.4841942281492152,0.1387695523448882,1.273493766123491,-29.344158755038467,0.0019784772305929663,0.0737192850248581,0.009333149235731308,-0.5156725096359545,0.13849261492014758,1.2735105664792443,-28.27905057449659,-0.002580446959506787,0.07353705715067514,0.009231542407091568,False
2024-10-28,22.920000076293945,0.0,0.048799999999999996,0.29715003544193797,1.07,O:INTC241101C00023000,1.12,O:INTC241101P00023000,0.9548464968610919,0.9442568113009628,0.9495516552925112,0.6524016198505732,0.029646580426881397,0.29079751694262285,2.3024193325106133,-68.79366271435893,-0.0002397619641831784,0.06924849238850578,-0.007431434766261389,0.515006617025269,0.14458550829948383,1.1511899917031725,-35.14892336321243,0.001703801857382706,0.034517592731094254,-0.0037502483698787044,-0.48536003659838756,0.14621200864313902,1.151229340807441,-33.644739351146505,-0.0019435638215658845,0.03473089965741153,-0.003681186396382685,False
2024-10-29,22.899999618530273,0.0,0.048799999999999996,0.2723757899565058,1.09,O:INTC241101C00023000,1.19,O:INTC241101P00023000,1.1350164527258861,1.1484238939004612,1.1417198189258575,0.8693440289693517,0.025504111569137233,0.2795616300434062,1.9925713694588474,-95.46550263182355,-0.00020189950652331045,0.06468260474940846,-0.00516653035874149,0.5125352536172468,0.14060398131433036,0.9963030029627734,-48.014028998125255,0.0012675067990855079,0.032466201166588646,-0.002549305296030265,-0.4870311420481096,0.13895764872907584,0.9962683664960739,-47.4514736336983,-0.0014694063056088183,0.03221640358281982,-0.002617225062711225,False
2024-10-30,22.299999237060547,0.0,0.0487,0.2847277098386142,0.87,O:INTC241101C00023000,1.58,O:INTC241101P00023000,1.4717608174782932,1.4959174065334708,1.4838419560432432,1.199114246204629,-0.13090304229602162,0.2670311065596926,1.563725265072014,-145.91894972202678,-0.0004261220431214849,0.15756099552460812,0.051596440061749724,0.4335970362242217,0.1345491635653096,0.7815511205960346,-72.89466961861774,0.0006983502838882179,0.07974618629300892,0.026492760306748436,-0.5645000785202433,0.13248194299438298,0.7821741444759793,-73.02428010340904,-0.0011244723270097028,0.07781480923159918,0.02510367975500129,False
2024-10-31,21.520000457763672,0.0,0.047599999999999996,0.3102372562418319,0.62,O:INTC241101C00023000,2.01,O:INTC241101P00023000,2.1805247898725413,2.00623982858266,2.0,1.6897627437581682,-0.3384331716918427,0.2557300553451416,0.982536953672689,-258.8001800721355,-0.0003933762702274152,0.19771435275336985,0.11776418875167664,0.3393795729993403,0.12386843002702874,0.4963701690155531,-136.69391192170215,0.00026521621294847003,0.0926108019337568,0.05199584434839305,-0.677812744691183,0.13186162531811282,0.4861667846571359,-122.10626815043338,-0.0006585924831758852,0.10510355081961306,0.0657683444032836,True
2024-11-01,23.200000762939453,0.0,0.0475,0.4171813341293243,1.64,O:INTC241206C00023000,1.27,O:INTC241206P00023000,0.5119289391975099,0.4904191547219936,0.5011740546941759,0.08399272056485158,0.13000671907852746,0.21506854779093698,5.75282404758124,-14.536205965762894,0.00010531347401696034,-0.009252375177109253,0.01107073721995605,0.5649542643341672,0.10522884743755553,2.876470739997261,-7.966324637149733,0.01137593190831208,-0.001768439068583392,0.0021133816565917195,-0.4349475452556397,0.10983970035338145,2.8763533075839787,-6.569881328613161,-0.01127061843429512,-0.007483936108525861,0.008957355563364331,False
2024-11-04,22.520000457763672,0.0,0.0475,0.4300014721411028,1.22,O:INTC241206C00023000,1.61,O:INTC241206P00023000,0.5012941346135327,0.5062782413243322,0.5037862764477732,0.07378480430667039,-0.022994671915854303,0.22779807222401666,5.542851217987039,-14.501141903852627,-0.003188419068639205,0.2917694414365837,0.05845736343574301,0.4881391216661856,0.11445946181297048,2.771352784724418,-7.757842632678269,0.009307517374642721,0.14671538836975154,0.03031937145008346,-0.5111337935820399,0.11333861041104619,2.771498433262621,-6.743299271174359,-0.012495936443281926,0.14505405306683217,0.02813799198565955,False
2024-11-05,23.31999969482422,0.0,0.0472,0.4222854941679921,1.61,O:INTC241206C00023000,1.17,O:INTC241206P00023000,0.499714974441821,0.4920511020271338,0.4958833341360092,0.07359783996801711,0.15531080625943683,0.22405825872178536,5.514407876114519,-15.020054943007121,0.0007683532918721595,-0.07277014974606186,0.10044070401625857,0.5775160211467723,0.11117123995026082,2.7573963053041055,-8.108244805921958,0.010822479724153693,-0.03491171966757071,0.04809561449831479,-0.4222052148873354,0.11288701877152454,2.7570115708104135,-6.911810137085165,-0.010054126432281534,-0.03785843007849115,0.052345089517943776,False
2024-11-06,25.049999237060547,0.0,0.046799999999999994,0.49715210750392574,2.53,O:INTC241206C00023000,0.51,O:INTC241206P00023000,0.4092505332238707,0.4651324178245563,0.43761722369194034,-0.059534883811985406,0.5523832734191133,0.18505416359554788,4.422640619509817,-11.600903405090422,0.0094261274884803,-0.8662579482030786,4.901335449992427,0.7882397118577017,0.0956122819587023,2.1435840232710315,-5.830004823439433,0.015029321110096729,-0.4807983489570646,2.8480654205000193,-0.2358564384385884,0.08944188163684559,2.2790565962387856,-5.7708985816509895,-0.005603193621616428,-0.385459599246014,2.053270029492407,False
2024-11-07,26.229999542236328,0.0,0.046900000000000004,0.5170449111581372,3.6,O:INTC241206C00023000,0.26,O:INTC241206P00023000,0.4712725960634509,0.4593101390700756,0.46533009045124063,-0.05171482070689659,0.7174868427957596,0.1271096227411197,3.390935381316082,-10.16982781631434,0.012466399631744472,-0.9051520588638737,7.367422589904836,0.8560364709374928,0.06356356391908743,1.717496047404123,-5.7406978456279765,0.015711530200690035,-0.4459896560560078,3.5886820735648794,-0.13854962814173322,0.06354605882203228,1.673439333911959,-4.429129970686364,-0.0032451305689455627,-0.45916240280786597,3.778740516339956,False
2024-11-08,26.200000762939453,0.0,0.047,0.516826967608193,3.2,O:INTC241206C00023000,0.21,O:INTC241206P00023000,1.0,0.43600265547418193,0.31492743563652037,-0.20189953197167265,0.6066209052069518,0.1085172814016828,3.9509502927747766,-20.020858117844387,0.008719792944617367,-0.5954027338436999,4.627272343676555,0.7312162186788952,0.04469548019673707,2.4349815248480433,-16.020066418200024,0.011477251125588474,-0.1104423777553608,0.5025527656415097,-0.12459531347194341,0.06382180120494574,1.515968767926733,-4.000791699644363,-0.0027574581809711074,-0.4849603560883391,4.124719578035045,False
2024-11-11,25.049999237060547,0.0,0.047,0.5452589287670507,2.46,O:INTC241206C00023000,0.37,O:INTC241206P00023000,0.40940604590306845,0.43065592685520404,0.42011054596900943,-0.1251483827980413,0.5929130737952741,0.19587254374037968,3.8914361245811353,-11.408634410325103,0.009064562257066745,-0.9620232153931443,5.491444654156904,0.8015645447025683,0.09894781091561287,1.916588758049246,-6.031656785697526,0.013284310850469378,-0.5001073498670471,2.9143731216976594,-0.2086514709072942,0.09692473282476681,1.974847366531889,-5.376977624627577,-0.004219748593402632,-0.46191586552609715,2.5770715324592444,False
2024-11-12,24.15999984741211,0.0,0.047,0.5473491462219741,1.8,O:INTC241206C00023000,0.54,O:INTC241206P00023000,0.42644825049544877,0.4162482704445782,0.42135502872467046,-0.1259941174973036,0.39911052830239513,0.25579191233412096,4.493077043263257,-13.595686303847732,0.005216078787776022,-0.6781344927006955,2.291182912787284,0.6978264666373573,0.12668031677792102,2.2523781024503524,-7.431454813100977,0.010756776662484771,-0.33061582630589825,1.1061650192132848,-0.29871593833496213,0.12911159555619994,2.240698940812905,-6.164231490746754,-0.005540697874708749,-0.3475186663947972,1.1850178935739992,False
2024-11-13,24.920000076293945,0.0,0.046900000000000004,0.5508260745172437,2.45,O:INTC241206C00023000,0.32,O:INTC241206P00023000,0.4844719053296482,0.412629118151973,0.4492843687295914,-0.10154170578765237,0.562917451262509,0.20354661400406926,3.8129518884297884,-13.24618964886023,0.00759461705487903,-0.8749864610584752,4.447161151550862,0.7658439968653262,0.09780461260267224,1.9850543116767017,-7.908090325604362,0.011221910786719214,-0.37944186294559334,1.7811159576524924,-0.2029265456028172,0.105742001401397,1.8278975767530865,-5.33809932325587,-0.0036272937318401837,-0.4955445981128819,2.66604519389837,False
2024-11-14,25.030000686645508,0.0,0.047,0.550858505080691,2.7,O:INTC241206C00023000,0.26,O:INTC241206P00023000,0.5854357556764728,0.4021145021403646,0.4980428216457367,-0.0528156834349543,0.5675988917822655,0.18998842788134923,3.669512848604615,-15.055943773676193,0.007140952794316581,-0.814646256731891,4.257971946024885,0.7477273369866535,0.08647706160786185,2.0138231679108958,-10.037076134459886,0.01016864492584053,-0.28352444687366196,1.1933506967209384,-0.18012844520438798,0.10351136627348739,1.6556896806937196,-5.018867639216307,-0.003027692131523949,-0.531121809858229,3.0646212493039466,False
2024-11-15,24.350000381469727,0.0,0.047,0.5620590887897529,2.1,O:INTC241206C00023000,0.45,O:INTC241206P00023000,0.5522587132347011,0.4359365778783534,0.49493829014301316,-0.0671207986467397,0.4264594095264199,0.23412963441932272,4.040201362208314,-17.194748395240623,0.004663265943243829,-0.6244422331742109,2.13633030051029,0.6954844335953071,0.10668908769534029,2.0794632095448295,-10.343821253603428,0.008830384656757135,-0.2387715403662228,0.7254975807416446,-0.2690250240688872,0.12744054672398245,1.960738152663484,-6.850927141637196,-0.004167118713513306,-0.38567069280798805,1.4108327197686454,False
2024-11-18,24.84000015258789,0.0,0.047,0.5649593489730548,2.34,O:INTC241206C00023000,0.3,O:INTC241206P00023000,0.5118860519933904,0.43102260394388847,0.472341630268097,-0.09261771870495777,0.5620594418324439,0.2143767964970092,3.4522048197238973,-15.235818534084,0.006289753678267433,-0.8391740899932626,3.8568676392648955,0.7641883863874734,0.10273115675518497,1.8026281862152282,-9.0868566919036,0.009245799796928189,-0.3603964107831716,1.5189100484361566,-0.2021289445550295,0.11164563974182422,1.649576633508669,-6.148961842180399,-0.002956046118660756,-0.478777679210091,2.3379575908287387,False
2024-11-19,24.200000762939453,0.0,0.0467,0.5690874282563306,1.74,O:INTC241206C00023000,0.41,O:INTC241206P00023000,0.46291388632906755,0.4226215413843244,0.4428955471038818,-0.12619188115244884,0.4387090177995415,0.2772943235050982,3.70374891422927,-16.29900420459875,0.004367772275831146,-0.7336746759974357,2.3509565924648177,0.7119876988845177,0.1340972579047303,1.8753989862327027,-9.137747601458514,0.00799092607661567,-0.33467245423736486,1.0286665902231735,-0.2732786810849762,0.14319706560036788,1.8283499279965671,-7.161256603140234,-0.0036231538007845234,-0.3990022217600709,1.322290002241644,False
2024-11-20,24.010000228881836,0.0,0.046799999999999994,0.5644851667313854,1.6,O:INTC241206C00023000,0.53,O:INTC241206P00023000,0.4793964254164074,0.47465803530172573,0.4770282283544541,-0.0874569383769313,0.3732588032650648,0.28363884370644815,3.714199174568359,-18.923448802667373,0.0032533066437268406,-0.5680374565445858,1.4474342413663008,0.6859565359536055,0.1412459894183753,1.858814066231457,-10.052550014273184,0.00708086504059479,-0.2810756327657926,0.7133931179260726,-0.31269773268854073,0.14239285428807286,1.8553851083369022,-8.870898788394191,-0.0038275583968679495,-0.28696182377879315,0.7340411234402282,False
2024-11-21,24.440000534057617,0.0,0.0472,0.5649197508575845,1.78,O:INTC241206C00023000,0.29,O:INTC241206P00023000,0.42235488941605753,0.4206151780599963,0.42148567557334904,-0.14343407528423546,0.5509731634574523,0.27836361883307104,3.0590620444865047,-15.306818108468683,0.004974350337328059,-0.9508750141657787,3.675714049531294,0.7750730214546587,0.13904003903400258,1.5311296750870773,-8.217510107476885,0.007491691890521454,-0.4738428699884854,1.8283410886069884,-0.22409985799720644,0.13932357979906843,1.5279323693994273,-7.089308000991797,-0.002517341553193395,-0.47703214417729334,1.8473729609243057,False
2024-11-22,24.5,0.0,0.0472,0.5637009914911699,1.68,O:INTC241206C00023000,0.23,O:INTC241206P00023000,0.3338883726230949,0.4069519187906898,0.3718217541694641,-0.1918792373217058,0.6444447188493787,0.2876080148456588,2.5323897887337705,-12.565261150061879,0.005507498258654678,-1.2005142039859704,5.495251691963285,0.8440639543199351,0.1468113895437012,1.167596199061639,-5.808849171074157,0.0075395106669993725,-0.6769562533260097,3.3412357603273177,-0.19961923547055638,0.14079662530195755,1.3647935896721315,-6.756411978987721,-0.0020320124083446946,-0.5235579506599606,2.1540159316359664,False
2024-11-25,24.8700008392334,0.0,0.047400000000000005,0.5645802001571799,2.32,O:INTC241206C00023000,0.15,O:INTC241206P00023000,0.6191708127522775,0.41433479059130857,0.5236295778274537,-0.04095062232972624,0.6258693338610606,0.2211013301654476,2.495032157913977,-19.17970906843016,0.004676918163705373,-0.8444972243116307,3.7468338844438067,0.7706552671105189,0.10417638235887462,1.4248636799069871,-13.149785782915382,0.0060164989784993825,-0.30552493333476216,1.0640584676105327,-0.14478593324945832,0.11692494780657299,1.07016847800699,-6.029923285514778,-0.0013395808147940098,-0.5389722909768685,2.682775416833274,False
2024-11-26,24.049999237060547,0.0,0.047400000000000005,0.5800536957888793,1.3,O:INTC241206C00023000,0.28,O:INTC241206P00023000,0.3654794598323913,0.4137623084535529,0.38995115008354186,-0.19010254570533747,0.5169832887589875,0.3741865390026895,2.6712852909703213,-16.934812737623083,0.003445538952452921,-1.0166958140107685,3.0759388378481702,0.7707118258927176,0.19355024146980404,1.2989016602532715,-8.293837897636415,0.005471625023718539,-0.5607222994778769,1.7808978243920355,-0.2537285371337301,0.18063629753288546,1.3723836307170498,-8.64097483998667,-0.0020260860712656183,-0.45597351453289153,1.2950410134561345,False
2024-11-27,23.649999618530273,0.0,0.047599999999999996,0.5746168744919958,1.0,O:INTC241206C00023000,0.32,O:INTC241206P00023000,0.3868161639559132,0.3870955670151352,0.38695580883026126,-0.18766106566173457,0.3722337536009953,0.4651007187141016,2.79619963711726,-19.83231224816918,0.0020787022585187862,-0.7706721152885285,1.4729156424216718,0.6861707088254513,0.2326172032656868,1.3979969343203562,-10.458670405700389,0.004229982500546825,-0.38560727731326566,0.737206695094913,-0.31393695522445597,0.23248351544841478,1.3982027027969037,-9.37364184246879,-0.0021512802420280384,-0.3850648379752629,0.735708947326759,False
2024-11-29,24.049999237060547,0.0,0.047599999999999996,0.557739153362701,1.23,O:INTC241206C00023000,0.18,O:INTC241206P00023000,0.401713647167129,0.42407175072617126,0.41298600139617925,-0.14475315196652172,0.5839416778343525,0.4098350774194706,1.9414359761133104,-20.810905211090734,0.0025067057353976253,-1.048949004071353,2.8934528465902627,0.7978307995631819,0.20705823910083168,0.954572018556511,-10.518100811612197,0.0035630615319043515,-0.5452407533072372,1.5402850449910568,-0.21388912172882946,0.20277683831863894,0.9868639575567996,-10.292804399478536,-0.0010563557965067262,-0.5037082507641157,1.353167801599206,True
2024-12-02,23.93000030517578,0.0,0.0475,0.48943397003117894,1.33,O:INTC250103C00024000,1.25,O:INTC250103P00024000,0.445606021674996,0.4314162830088164,0.4385107718467713,-0.05092319818440766,0.06337410720462844,0.2456702548063551,5.873745452022964,-13.471910209731863,-0.0010128167573849184,0.1012272144250658,-0.05944403219060507,0.5320461907274333,0.12083890476900945,2.936661844929554,-7.411708170607553,0.010858919529975692,0.05095774631473946,-0.030261640838802336,-0.46867208352280487,0.12483135003734565,2.93708360709341,-6.06020203912431,-0.01187173628736061,0.050269468110326336,-0.029182391351802735,False
2024-12-03,22.469999313354492,0.0,0.0466,0.5277636757057568,0.71,O:INTC250103C00024000,2.1,O:INTC250103P00024000,0.46624087017811155,0.4511286363420637,0.4586966635942459,-0.0690670121115109,-0.2927069025272774,0.2388480822574841,5.047477082956035,-12.246498295024828,-0.00856761308223996,0.8336598114706022,2.126288148764343,0.3567950354846,0.11783640597163188,2.531764128082338,-6.807119161243187,0.006669255422777255,0.40627452337119263,1.012274464024825,-0.6495019380118774,0.12101167628585224,2.5157129548736967,-5.439379133781641,-0.015236868505017214,0.42738528809940957,1.1140136847395181,False
2024-12-04,21.959999084472656,0.0,0.04650000000000001,0.5167374575573417,0.57,O:INTC250103C00024000,2.49,O:INTC250103P00024000,0.48912963511015073,0.47905357102512214,0.4841008002758027,-0.03263665728153897,-0.3977754423791334,0.2217688959404146,4.519435620717191,-11.982242066416227,-0.010297351734539644,0.9558725136814423,3.2333136003098994,0.30351986063429814,0.11012995703037785,2.267859898036729,-6.636565940992269,0.005321290037946851,0.4707817119878642,1.5710230777497989,-0.7012953030134316,0.11163893891003675,2.2515757226804616,-5.345676125423957,-0.015618641772486494,0.48509080169357804,1.6622905225601003,False
2024-12-05,20.799999237060547,0.0,0.045899999999999996,0.46034218444647806,0.35,O:INTC250103C00024000,3.2,O:INTC250103P00024000,0.5384412680973761,0.3550609518646282,0.4576381380319596,-0.0027040464145184906,-0.697905527226111,0.16787596363831797,2.7326936452266626,-6.878089454746042,-0.015055362028202865,1.1900660536326129,7.827124068066448,0.2065860037836344,0.08828468118816056,1.7138352987083125,-5.717964691577188,0.003289157267572487,0.5161899115292569,2.536341225882722,-0.9044915310097453,0.0795912824501574,1.0188583465183503,-1.160124763168854,-0.018344519295775352,0.6738761421033561,5.2907828421837255,False
2024-12-06,20.920000076293945,0.0,0.045700000000000005,0.4148362377623558,0.3,O:INTC250103C00024000,3.4,O:INTC250103P00024000,0.5072345567413908,0.5701682771825529,0.5394101913452148,0.12457395358285905,-0.5803284058465392,0.18132319708159367,3.3901623979015394,-10.812128564085114,-0.01257180182109921,1.0265781455296308,4.911257325115921,0.19370117645898538,0.09185409026350687,1.618304165615803,-5.342893563770859,0.002977959227222489,0.5452625796154219,2.7775738041471745,-0.7740295823055247,0.0894691068180868,1.7718582322857361,-5.4692350003142565,-0.0155497610483217,0.4813155659142089,2.1336835209687464,False
2024-12-09,20.809999465942383,0.0,0.045599999999999995,0.41380645293003254,0.24,O:INTC250103C00024000,3.34,O:INTC250103P00024000,0.49434453540253825,0.4890222464370941,0.49169071464538583,0.07788426171535329,-0.6646633397282293,0.17854433873936099,2.8663522600132927,-8.55245365255977,-0.013127826632965956,1.1206571849308533,6.169595738680543,0.16915945151742579,0.08930032563265325,1.4413849348836247,-4.874847831922396,0.0024731727705951797,0.5578453840437155,3.0520923361236156,-0.8338227912456551,0.08924401310670772,1.4249673251296677,-3.677605820637374,-0.015600999403561135,0.5628118008871377,3.117503402556927,False
2024-12-10,20.15999984741211,0.0,0.0453,0.40280391969237384,0.15,O:INTC250103C00024000,3.96,O:INTC250103P00024000,0.5104892450463256,0.5525547256617254,0.5321235302448273,0.12931961055245345,-0.7432046389538355,0.1461812221867957,2.257208731878468,-7.552433590376602,-0.013637861005646434,1.0055594625566064,6.156544590574559,0.11781136397999659,0.07178919452975696,1.0638948111127229,-3.902544004253128,0.0015893407713287316,0.5115160132428834,3.2686621377833114,-0.8610160029338321,0.07439202765703874,1.193313920765745,-3.6498895861234733,-0.015227201776975166,0.49404344931372307,2.887882452791248,False
2024-12-11,20.1200008392334,0.0,0.0449,0.3926174939133907,0.17,O:INTC250103C00024000,4.2,O:INTC250103P00024000,0.5492289167864725,0.720939083378187,0.6414477642297745,0.24883027031638377,-0.6708793278871561,0.1471952944428652,2.5590530799632396,-11.49211693313879,-0.012053872019124471,0.8848413294068729,4.6381229223114895,0.12639627922528268,0.07228003604090952,1.0841169253213192,-4.519726824017096,0.001600896236091561,0.4858409737352523,2.9034725675465998,-0.7972756071124387,0.07491525840195568,1.4749361546419204,-6.972390109121695,-0.013654768255216032,0.3990003556716206,1.73465035476489,False
2024-12-12,20.780000686645508,0.0,0.0443,0.3944734948489165,0.26,O:INTC250103C00024000,3.38,O:INTC250103P00024000,0.5590731391297487,0.5344206688470029,0.546892345905304,0.15241885105638753,-0.6612444566639255,0.17631395150406676,2.642980879226008,-10.615797082677274,-0.011035339849852005,1.0105835865574826,5.065952833237793,0.17560650482738027,0.0882510930466691,1.3526931072559198,-6.105640532089366,0.0021518116132650035,0.49587305649923374,2.420488763041889,-0.8368509614913058,0.08806285845739766,1.2902877719700885,-4.510156550587908,-0.013187151463117008,0.5147105300582487,2.645464070195904,False
2024-12-13,20.34000015258789,0.0,0.0443,0.3936083560888604,0.16,O:INTC250103C00024000,3.65,O:INTC250103P00024000,0.548695400191374,0.4188927362467317,0.4919148169040681,0.09830646081520766,-0.8132830378889304,0.1341226116308948,1.6254847338435905,-5.933039138705543,-0.012114391139736898,0.9588196178750522,6.398291047438009,0.12519651647481578,0.07568453717157343,1.0226596030947435,-4.819202233882938,0.0014205340263102526,0.4819691287146532,2.7490645340597584,-0.9384795543637462,0.05843807445932138,0.6028251307488471,-1.1138369048226051,-0.01353492516604715,0.476850489160399,3.64922651337825,False
2024-12-16,20.829999923706055,0.0,0.0443,0.4058609234893535,0.22,O:INTC250103C00024000,3.39,O:INTC250103P00024000,0.5593464944738629,0.6064219273477588,0.5833695182323458,0.17750859474299235,-0.6554639039816695,0.1781785017765155,2.50357768529991,-12.39084165960155,-0.009590729483294586,0.9478401081270009,4.409950545829041,0.16111146435026302,0.08900062352191,1.1999965611272116,-6.179847492927267,0.0017421954389578568,0.4901601845294633,2.3822231155040114,-0.8165753683319326,0.08917787825460549,1.3035811241726984,-6.210994166674284,-0.011332924922252442,0.45767992359753756,2.027727430325029,False
2024-12-17,20.440000534057617,0.0,0.0446,0.3940970022104905,0.13,O:INTC250103C00024000,3.7,O:INTC250103P00024000,0.5446426575972491,0.6120361998828817,0.5797581341743472,0.1856611319638567,-0.7457473382567856,0.15448827450920125,1.9286550555440858,-10.013658014887948,-0.009839285234092447,0.9128774079167195,4.853129537190192,0.11170925183844688,0.07519234054619676,0.8826527403418375,-4.755425154092957,0.0011108485386540226,0.4681843417433451,2.646268897901208,-0.8574565900952325,0.07929593396300448,1.0460023152022482,-5.258232860794992,-0.010950133772746468,0.4446930661733744,2.2068606392889842,False
2024-12-18,19.299999237060547,0.0,0.0444,0.423889475069023,0.07,O:INTC250103C00024000,4.5,O:INTC250103P00024000,0.6233322997783242,1.0,0.00010000000000000002,-0.42378947506902304,-0.7461488928153568,0.11227471425371335,1.6710612647062502,-14.582387465541522,-0.009294076668242151,0.63170667447418,3.2403547912774893,0.0644130378725099,0.04795924092271941,0.5302579900869251,-3.522621608817257,0.0005586531341886633,0.33423929754470205,2.137916399030438,-0.8105619306878666,0.06431547333099395,1.140803274619325,-11.059765856724265,-0.009852729802430814,0.297467376929478,1.102438392247051,False
2024-12-19,19.059999465942383,0.0,0.044199999999999996,0.4237638988686595,0.07,O:INTC250103C00024000,4.5,O:INTC250103P00024000,0.6820229034465306,1.0,0.00010000000000000002,-0.4236638988686595,-0.776067708826927,0.10680015278309873,1.4647195882970772,-14.10280152284249,-0.008758344115761188,0.5958069753750039,3.0023035288037896,0.0626916583234443,0.04539071691913385,0.490912300484219,-3.8848563929804723,0.00049102907602392,0.30277200513168157,1.8477928988874919,-0.8387593671503712,0.06140943586396489,0.9738072878128581,-10.217945129862018,-0.009249373191785109,0.2930349702433223,1.1545106299162977,False
2024-12-20,19.520000457763672,0.0,0.0443,0.4299533834190845,0.04,O:INTC250103C00024000,4.42,O:INTC250103P00024000,0.5852247060249356,1.0,0.4752730785369874,0.0453196951179029,-0.7788294738760082,0.10805634323234237,1.3741755436472936,-14.513032184493559,-0.00794422927972736,0.5846377858402378,2.986765967725083,0.044665867354519315,0.04140373930385136,0.3663711973350141,-2.7384115852089335,0.00033011021873278926,0.2922930357445504,1.930964871240715,-0.8234953412305275,0.066652603928491,1.0078043463122794,-11.774620599284626,-0.008274339498460149,0.29234475009568744,1.0558010964843678,False
2024-12-23,20.200000762939453,0.0,0.0444,0.45768518809320385,0.03,O:INTC250103C00024000,3.87,O:INTC250103P00024000,0.5027500515518357,0.6608384335789879,0.5943295491218568,0.1366443610286529,-0.8640107026809073,0.11243424402462962,0.9792158390354355,-7.382465948448147,-0.007626077447622208,0.6849850635059309,3.950429616820074,0.04005643810140117,0.044951914808074374,0.3293404390865309,-2.352656737765284,0.00027826431436033596,0.31661165902604477,2.1151693404004437,-0.9040671407823084,0.06748232921655524,0.6498753999489046,-5.029809210682863,-0.007904341761982544,0.3683734044798861,1.8352602764196302,False
2024-12-24,20.399999618530273,0.0,0.0444,0.4543823204058553,0.03,O:INTC250103C00024000,3.87,O:INTC250103P00024000,0.5079394112935331,0.6608384335789879,0.7543166284084322,0.29993430800257687,-0.8634285203725016,0.11844732147307975,0.937208652679642,-8.033109029257457,-0.006765822664468374,0.6838827378420156,3.74720351080881,0.04137653358165966,0.04797482264654711,0.3219400847235432,-2.61168060777982,0.0002584384981847498,0.31831274515390007,2.007294346924348,-0.9048050539541612,0.07047249882653264,0.6152685679560989,-5.421428421477636,-0.007024261162653124,0.36556999268811546,1.7399091638844624,False
2024-12-26,20.440000534057617,0.0,0.044500000000000005,0.4472751461361573,0.03,O:INTC250103C00024000,3.45,O:INTC250103P00024000,0.5816069761003639,1.0,0.00010000000000000002,-0.44717514613615733,-0.7889976788779427,0.12854897068776977,1.0768968925530544,-19.261484471671114,-0.004751901680978956,0.5591755593585732,2.368984686777998,0.04160000415536038,0.048496433816477814,0.280576908831177,-3.4633987704549356,0.00019531050170294424,0.27870957893129295,1.522858853722617,-0.8305976830333031,0.08005253687129195,0.7963199837218775,-15.798085701216179,-0.0049472121826819,0.28046598042728027,0.8461258330553806,False
2024-12-27,20.299999237060547,0.0,0.0444,0.44603508123373503,0.02,O:INTC250103C00024000,3.85,O:INTC250103P00024000,0.6154901059925838,0.9846958462220747,0.8433729587554932,0.3973378775217582,-0.8408530031747035,0.11358994729085575,0.7971576784425835,-17.030565065142017,-0.004154626056136166,0.4897401239488496,2.0505395734297265,0.030209366907831624,0.038884723740836104,0.1956868311675619,-3.0615116786662626,0.00011770835817084611,0.21842117334456823,1.172755776635541,-0.8710623700825351,0.07470522355001966,0.6014708472750215,-13.969053386475755,-0.004272334414307012,0.27131895060428135,0.8777837967941857,False
2024-12-30,19.81999969482422,0.0,0.0443,0.44011612539343886,0.01,O:INTC250103C00024000,4.1,O:INTC250103P00024000,0.6955983108317805,1.0,0.00010000000000000002,-0.4400161253934389,-0.9100003834603702,0.07948942568645287,0.450709077123836,-12.225267059769095,-0.003537669076374733,0.350904947286525,1.4941035753674652,0.016514399622254834,0.02367767565662507,0.1026985527229912,-2.2643206756873755,5.036752309099941e-05,0.13122064971675002,0.6985031491171739,-0.926514783082625,0.05581175002982781,0.3480105244008448,-9.96094638408172,-0.0035880365994657324,0.21968429756977498,0.7956004262502913,False
2024-12-31,20.049999237060547,0.0,0.044000000000000004,0.44614948639139496,0.01,O:INTC250103C00024000,3.89,O:INTC250103P00024000,0.7612788589755844,1.0,0.00010000000000000002,-0.44604948639139497,-0.9268176245002719,0.07709491471322147,0.3398524159494971,-12.349704979549863,-0.002688124597115551,0.31434825633090663,1.234279110632762,0.017125699335099772,0.02547496735255855,0.09281257893043929,-2.9822309672218674,3.968693554796181e-05,0.12261482787050164,0.5678831634902403,-0.9439433238353717,0.05161994736066292,0.2470398370190578,-9.367474012327994,-0.002727811532663513,0.191733428460405,0.6663959471425217,True
2025-01-02,20.219999313354492,0.0,0.044500000000000005,0.4036840659227454,1.74,O:INTC250207C00020000,1.36,O:INTC250207P00020000,0.615265018577872,0.5884553098505784,0.6018598618268969,0.19817579590415146,0.14052245299295318,0.2010420846636609,5.101542962575533,-14.868175228497767,-0.0002668467667169012,0.021146313040270842,-0.024325871520534465,0.5704036580274326,0.09827574934815665,2.550607707915375,-8.040881261112881,0.010104468290273219,0.012910013202376789,-0.014874849837102772,-0.42988120503447946,0.10276633531550426,2.5509352546601582,-6.827293967384886,-0.01037131505699012,0.008236299837894052,-0.009451021683431694,False
2025-01-03,20.559999465942383,0.0,0.0444,0.40500890933760986,1.8,O:INTC250207C00020000,1.19,O:INTC250207P00020000,0.5722966721338252,0.5874981654297827,0.5798985556960108,0.17488964635840093,0.21027070631561895,0.20508206170997662,4.986451185500549,-14.633064706675734,0.001322584930111564,-0.1116329107535386,0.19281652790029788,0.6055593028028012,0.10385493713739957,2.4924934958232545,-7.662159767227918,0.010565772760140908,-0.05885218107533118,0.10204852121761422,-0.3952885964871823,0.10122712457257706,2.4939576896772944,-6.970904939447816,-0.009243187830029344,-0.05278072967820742,0.09076800668268366,False
2025-01-06,19.8700008392334,0.0,0.0443,0.37846589443461603,1.48,O:INTC250207C00020000,1.5,O:INTC250207P00020000,0.614517885525281,0.6039377778867702,0.609227581191063,0.23076168675644698,0.06516271188050671,0.21288171495242902,4.8763125767230004,-15.521957701021426,-0.001604968438330424,0.13869182795200682,-0.06953234007604911,0.5329481932294671,0.10550858057066645,2.437972372364953,-8.268991413352992,0.00867588671117879,0.06920188011842182,-0.035086276646558986,-0.46778548134896036,0.10737313438176257,2.4383402043580475,-7.252966287668434,-0.010280855149509214,0.069489947833585,-0.034446063429490116,False
2025-01-07,20.010000228881836,0.0,0.044199999999999996,0.3788409307269735,1.56,O:INTC250207C00020000,1.4,O:INTC250207P00020000,0.630280194462865,0.6012713678669247,0.6157742280244829,0.2369332972975094,0.09345800784881875,0.2129885003293975,4.790240041404979,-16.111055656433926,-0.0009947547839582894,0.08828041085976987,-0.06266829769782281,0.5473694869655027,0.10396561030780027,2.3946654601338713,-8.68355964314225,0.008572851661414315,0.0448713995831097,-0.0322844448975,-0.45391147911668395,0.10902289002159724,2.3955745812711076,-7.427496013291678,-0.009567606445372604,0.043409011276660164,-0.030383852800322814,False
2025-01-08,19.8799991607666,0.0,0.0441,0.3790099349904984,1.45,O:INTC250207C00020000,1.51,O:INTC250207P00020000,0.6281554397236686,0.6353705258512669,0.6317627321481707,0.2527527971576723,0.06512877457739619,0.21430021072067884,4.671080525335325,-16.827830300594847,-0.0014537809663995819,0.13210352808225728,-0.06340941233526254,0.5323261044118109,0.10776720958109941,2.335654639029084,-8.805541580989065,0.007972941872903264,0.06613848949219714,-0.03151382295530302,-0.46719732983441475,0.10653300113957943,2.335425886306241,-8.022288719605783,-0.009426722839302846,0.06596503859006016,-0.03189558937995952,False
2025-01-10,19.149999618530273,0.0,0.044199999999999996,0.38507142749124595,1.11,O:INTC250207C00020000,1.79,O:INTC250207P00020000,0.6691346156584057,0.6223015439657454,0.6457352695703507,0.2606638420791047,-0.10247082348811254,0.22742243183009037,4.268689617675476,-17.151130856262,-0.0038589811354825714,0.38140631808637804,0.26616262724396755,0.4532224102170198,0.1097523573204156,2.1374420478071587,-9.345048754893048,0.006007308716480375,0.18120210735330108,0.11488764689378404,-0.5556932337051324,0.11767007450967475,2.1312475698683175,-7.806082101368951,-0.009866289851962947,0.20020421073307698,0.1512749803501835,False
2025-01-13,19.200000762939453,0.0,0.044199999999999996,0.3854642425234578,1.09,O:INTC250207C00020000,1.94,O:INTC250207P00020000,0.6666910609529866,0.7223876854600922,0.6945557082176208,0.309091465694163,-0.08087243828585017,0.217107638771398,4.184556839897537,-19.071981663498157,-0.0034552486769441728,0.3346896474147091,0.18025810794624464,0.45491309030058885,0.11277744180164966,2.089788924682349,-9.577284355866857,0.005763583410158978,0.1761823913514668,0.1051982122052179,-0.535785528586439,0.10433019696974832,2.094767915215188,-9.494697307631302,-0.00921883208710315,0.15850725606324229,0.07505989574102676,False
2025-01-14,19.200000762939453,0.0,0.044199999999999996,0.3630554935812218,0.98,O:INTC250207C00020000,1.81,O:INTC250207P00020000,0.6314549506843201,0.6772804989870278,0.6543832326889037,0.29132773910768195,-0.10199346789156877,0.23593961436663718,4.060552047617719,-18.39067164682768,-0.0033916247580950886,0.3671163136884818,0.24245090372902162,0.4448043337923256,0.12194024525284157,2.027514145785073,-9.296149679398493,0.00540017396297949,0.1924501029376414,0.1370701748448679,-0.5467978016838944,0.11399936911379563,2.0330379018326465,-9.094521967429188,-0.008791798721074578,0.1746662107508404,0.10538072888415372,False
2025-01-15,19.719999313354492,0.0,0.044000000000000004,0.37252774755194595,1.23,O:INTC250207C00020000,1.48,O:INTC250207P00020000,0.6516883354834195,0.6660190462617436,0.6588533575296402,0.2863256099776943,0.016363769948095186,0.23641748322578438,4.085819869257191,-19.847106821792764,-0.0016104845219688298,0.1823771298946607,-0.019144704559016505,0.5075285528794459,0.11949829025039889,2.0429785685836026,-10.254166956567422,0.00592197881519595,0.0920483115298083,-0.008897625682610405,-0.4911647829313507,0.11691919297538549,2.0428413006735884,-9.59293986522534,-0.00753246333716478,0.09032881836485239,-0.010247078876406102,False
2025-01-16,19.670000076293945,0.0,0.0443,0.36026272969218903,1.22,O:INTC250207C00020000,1.38,O:INTC250207P00020000,0.6801267747883707,0.6225604530864618,0.6513440246105193,0.2910812949183303,-0.0018657059695136313,0.2476289802712877,3.9544966019914742,-20.16713152845555,-0.0016740942454363215,0.20431082692821328,0.0027016017619593585,0.5020017354929692,0.11834519894030428,1.9772823119441478,-10.97370957911302,0.005494840746315177,0.09757958517175983,-0.002426730208322398,-0.5038674414624829,0.12928378133098345,1.9772142900473264,-9.193421949342529,-0.007168934991751499,0.10673124175645346,0.005128331970281757,False
2025-01-17,21.489999771118164,0.0,0.0443,0.4880501211183965,2.26,O:INTC250207C00020000,0.78,O:INTC250207P00020000,0.6709257930214272,0.705363744113874,0.6881854823112488,0.20013536119285225,0.4024302304676435,0.19247186963985602,3.6390690737813935,-21.286280964954976,0.003338229500381364,-0.36358868227496555,1.007353295139132,0.7043415759020318,0.09818652645466121,1.8108810515722873,-10.776141270494465,0.007664464467216472,-0.1921415867520491,0.5409034877292401,-0.30191134543438836,0.09428534318519483,1.8281880222091063,-10.510139694460513,-0.0043262349668351085,-0.17144709552291648,0.46644980740989195,False
2025-01-21,21.770000457763672,0.0,0.044199999999999996,0.4366533941546236,2.46,O:INTC250207C00020000,0.6,O:INTC250207P00020000,0.7230176814998975,0.6956907662641639,0.7093917545557025,0.27273836040107885,0.465547457418125,0.18760478764737037,3.2527573416130346,-22.678700965751773,0.0036497852656485197,-0.42698532239554315,1.312362988403076,0.7298584498884794,0.09251193429296534,1.6353336285832525,-12.05350618472593,0.0069276684224711645,-0.2050064787514018,0.6207574427086964,-0.2643109924703544,0.09509285335440504,1.617423713029782,-10.625194781025842,-0.003277883156822645,-0.22197884364414136,0.6916055456943798,False
2025-01-22,21.860000610351562,0.0,0.044199999999999996,0.43110515448006803,2.55,O:INTC250207C00020000,0.61,O:INTC250207P00020000,0.7694246048616854,0.7450516381312006,0.7572671492099763,0.32616199472990826,0.4736830292070815,0.18073813431245844,3.1137533008870237,-25.077362762937327,0.0034260530036095086,-0.4039489818972999,1.2214947455187652,0.7343811824345086,0.08934631276106955,1.5643133412635506,-13.234880262910698,0.0064302729029757436,-0.1952931793699397,0.5832888758102686,-0.26069815322742707,0.09139182155138888,1.549439959623473,-11.84248250002663,-0.003004219899366235,-0.20865580252736018,0.6382058697084966,False
2025-01-23,21.56999969482422,0.0,0.044500000000000005,0.4320804936919591,2.15,O:INTC250207C00020000,0.59,O:INTC250207P00020000,0.6794684654577015,0.7120907554954363,0.6958330910921098,0.26375259740015067,0.4555957621161324,0.21182673769456878,2.9920774851080756,-24.16541780659687,0.003093619243963886,-0.4401471435020129,1.203456593388168,0.7313843306603913,0.10770295202019067,1.486241332682077,-12.173775103324155,0.0059478395904992995,-0.23057322611176156,0.6411267031471333,-0.2757885685442589,0.1041237856743781,1.5058361524259984,-11.991642703272715,-0.0028542203465354134,-0.20957391739025136,0.5623298902410347,False
2025-01-24,20.829999923706055,0.0,0.044500000000000005,0.43914234553265025,1.65,O:INTC250207C00020000,0.81,O:INTC250207P00020000,0.7204384693965341,0.7367652105074411,0.728605423951149,0.2894630784184988,0.28483467249297634,0.24694011166072322,3.097488843020067,-28.590974024326957,0.0013782167485307676,-0.22525150086560303,0.34115332773626905,0.6433364612217204,0.12474249021378332,1.547352640481652,-14.569037916356992,0.004662975570700697,-0.11588098367598704,0.17665672293782322,-0.35850178872874405,0.1221976214469399,1.5501362025384149,-14.021936107969966,-0.00328475882216993,-0.10937051718961599,0.1644966047984458,False
2025-01-27,20.290000915527344,0.0,0.0444,0.4487815410315031,1.31,O:INTC250207C00020000,1.0,O:INTC250207P00020000,0.7531242011462785,0.7608955317999123,0.7570096700191498,0.3082281289876467,0.14539451632225586,0.2703057350485196,3.0085105850527984,-31.91303536981262,0.0002285910247468671,-0.041654600840092634,0.029269346004671508,0.5727781743147036,0.1358414872026096,1.5041984371768085,-16.317713582946737,0.0036827391718712195,-0.02142084985814069,0.015068199935252189,-0.4273836579924477,0.13446424784591002,1.5043121478759902,-15.59532178686588,-0.0034541481471243524,-0.02023375098195194,0.014201146069419319,False
2025-01-28,19.799999237060547,0.0,0.0444,0.456843294524075,1.12,O:INTC250207C00020000,1.26,O:INTC250207P00020000,0.8525763564669144,0.8299568127917435,0.8412663975238802,0.3844231029998052,0.013793418160040094,0.26884973470169005,2.8143905609219964,-37.19696919484395,-0.0006688540733189607,0.125766375562872,-0.007661315511381448,0.5076077923014602,0.13261355177311845,1.407151910999213,-19.29186522125694,0.0028351218731094956,0.0621460655344975,-0.004181175936209173,-0.49381437414142015,0.13623618292857162,1.4072386499227836,-17.90510397358701,-0.0035039759464284563,0.06362031002837452,-0.0034801395751722745,False
2025-01-29,19.75,0.0,0.0443,0.4563924979708135,1.17,O:INTC250207C00020000,1.37,O:INTC250207P00020000,0.9699185000602993,0.9505723385154322,0.9602456243515015,0.503853126380688,0.007264603141945991,0.25244547917352456,2.6262581158823357,-45.28716951413043,-0.0006657011355406775,0.12542191875426545,-0.0037530086881924244,0.5042388522907406,0.12494948122113145,1.3131108793186081,-23.314329798508656,0.0024413103702061664,0.06211647325591279,-0.002172546241497655,-0.4969742491487946,0.12749599795239314,1.3131472365637276,-21.972839715621777,-0.003107011505746844,0.06330544549835267,-0.0015804624466947694,False
2025-01-30,20.010000228881836,0.0,0.0437,0.4508275395035299,1.31,O:INTC250207C00020000,1.19,O:INTC250207P00020000,1.0529205321528308,0.9802213876033987,1.0165668132781984,0.5657392737746685,0.07033189564636311,0.2535396967077095,2.4539718185702037,-52.339211499910654,-0.0002601568457187109,0.053611513180199355,-0.014614331581946331,0.5361406874433955,0.12220952361192236,1.2267202730297857,-27.535992475973433,0.002242422685346478,0.02707518101603563,-0.0075836012784833194,-0.4658087917970324,0.1313301730957871,1.227251545540418,-24.80321902393722,-0.002502579531065189,0.026536332164163724,-0.0070307303034630115,False
2025-01-31,19.43000030517578,0.0,0.0437,0.4608965441330161,0.36,O:INTC250207C00020000,0.9,O:INTC250207P00020000,0.5383760555083612,0.5260994167836001,0.5322427335739136,0.07134618944089749,-0.2636320290397376,0.5176178593486365,2.0633848137339506,-27.396524367331686,-0.00126634333426499,0.5832119056715643,0.5375364217688502,0.3699735950677385,0.2562376917107696,1.0333413966663128,-14.317831136037604,0.0013548783859272516,0.2859588139450433,0.2597758302141837,-0.6336056241074761,0.26138016763786687,1.0300434170676376,-13.07869323129408,-0.0026212217201922417,0.29725309172652103,0.2777605915546665,True
2025-02-03,19.3799991607666,0.0,0.0437,0.45949241422583664,1.2,O:INTC250307C00019500,1.18,O:INTC250307P00019500,0.5110844658113659,0.4863011057250374,0.49869176456928255,0.039199350343445905,0.050930096185091145,0.26713488192038515,4.7622492290190515,-12.407304240262267,-0.0013266426463592034,0.14376766999909435,-0.054908437441078164,0.5263556503081491,0.1302294407630575,2.3807843842691,-6.781438794118623,0.008572163867843449,0.07135449295374628,-0.028213721538798642,-0.475425554123058,0.13690544115732764,2.3814648447499516,-5.625865446143643,-0.009898806514202652,0.07241317704534805,-0.026694715902279523,False
2025-02-04,19.290000915527344,0.0,0.0436,0.45428855854874206,1.04,O:INTC250307C00019500,1.16,O:INTC250307P00019500,0.4740721471002693,0.46867021078396465,0.47137131516933445,0.017082756620592388,0.018438685612263694,0.2903884579337498,4.648575279181813,-11.923576035145764,-0.001683305871672914,0.20187887088558767,-0.027186661124606343,0.5094919698124306,0.1443599688431377,2.324250920377989,-6.41945208251563,0.008020885435520254,0.10047150653467266,-0.013932404492353855,-0.4910532842001669,0.1460284890906121,2.324324358803824,-5.504123952630134,-0.009704191307193168,0.10140736435091502,-0.013254256632252489,False
2025-02-05,19.649999618530273,0.0,0.0435,0.4451246738882559,1.2,O:INTC250307C00019500,1.01,O:INTC250307P00019500,0.471226020291557,0.4860368773403777,0.4786317515373231,0.03350707764906724,0.1206300162252325,0.2839012863839264,4.57943617813163,-12.560373683000455,0.00014001408737304537,-0.01711567102106617,0.01508544681606978,0.5603781460688101,0.14414346799604613,2.289662454574104,-6.606229689201367,0.008565534438201038,-0.010624836150491512,0.009372031428597723,-0.4397481298435776,0.13975781838788032,2.2897737235575253,-5.954143993799088,-0.008425520350827992,-0.006490834870574657,0.0057134153874720565,False
2025-02-06,19.3799991607666,0.0,0.0437,0.44675319122025864,1.0,O:INTC250307C00019500,1.11,O:INTC250307P00019500,0.45872422771673893,0.4860362829113796,0.4723792985200882,0.02562610729982956,0.039562238567720454,0.301796490839962,4.458281819406066,-12.577278872344131,-0.0011194032081338614,0.14641600454318165,-0.04060664456637008,0.5187817462157145,0.15527931681952886,2.229418248161588,-6.531788339407661,0.007544991505234243,0.07412389263306098,-0.019530248802974565,-0.47921950764799404,0.14651717402043316,2.2288635712444775,-6.04549053293647,-0.008664394713368105,0.0722921119101207,-0.021076395763395515,False
2025-02-07,19.100000381469727,0.0,0.0437,0.4488821656910463,0.88,O:INTC250307C00019500,1.22,O:INTC250307P00019500,0.47964901169120516,0.48315565209281314,0.4814025137186051,0.03252034802755882,-0.0474012154987985,0.3074836686891925,4.285690026407668,-12.866457012488283,-0.0023852089159596673,0.32273613600993756,0.10323462300545469,0.47601646714973433,0.1542952863767349,2.1427545181709506,-6.833812220277806,0.0065173926223379315,0.1621280724136075,0.05247727395954877,-0.5234176826485328,0.1531883823124576,2.1429355082367176,-6.032644792210476,-0.008902601538297599,0.16060806359633004,0.05075734904590592,False
2025-02-10,19.770000457763672,0.0,0.0438,0.44678666658472754,1.2,O:INTC250307C00019500,0.84,O:INTC250307P00019500,0.47730211548251555,0.46519942733912256,0.4712511582136154,0.024464491628887863,0.1557906759576414,0.30597765318597986,4.248518651910616,-13.322781610936474,0.0007841132128952278,-0.11153016494770084,0.11900379518851403,0.5775580997819683,0.1510501983153333,2.1246190831003684,-7.1725485368365725,0.007704291827159441,-0.052963065475578004,0.05625188599658641,-0.42176742382432686,0.15492745487064655,2.1238995688102476,-6.150233074099902,-0.006920178614264213,-0.05856709947212283,0.06275190919192762,False
2025-02-11,20.969999313354492,0.0,0.0438,0.49308792924136197,2.14,O:INTC250307C00019500,0.48,O:INTC250307P00019500,0.5696626178682752,0.5004355283280577,0.5353591854095459,0.04227125616818389,0.45388025360820006,0.2223435271275288,3.7253885453409676,-14.271235100391262,0.004927049004649344,-0.5765550934492949,1.963840440355819,0.7170293915567778,0.10597498115670094,1.8962249916988778,-8.126308886037727,0.009211504177571871,-0.2505154924801243,0.8059546452068089,-0.26314913794857775,0.11636854597082787,1.8291635536420896,-6.144926214353537,-0.004284455172922527,-0.32603960096917056,1.15788579514901,False
2025-02-12,22.479999542236328,0.0,0.0438,0.5469711612352992,3.25,O:INTC250307C00019500,0.2,O:INTC250307P00019500,0.5275030320957643,0.5172781256674056,0.5224194256305695,-0.024551735604729674,0.7447943096350105,0.13692511486145842,2.438514048690098,-10.02479009482682,0.008967483633894406,-0.8011948958937378,5.323293294484421,0.8703490796952623,0.06855655257759091,1.2328632516576115,-5.53477698829609,0.01100645228267063,-0.3966960917545015,2.612786908069549,-0.12555477006025184,0.06836856228386749,1.2056507970324861,-4.4900131065307285,-0.0020389686487762237,-0.4044988041392363,2.710506386414872,False
2025-02-13,24.1299991607666,0.0,0.0437,0.5908304323426199,5.05,O:INTC250307C00019500,0.13,O:INTC250307P00019500,0.8395024229593684,0.6212276350748807,0.7414255035877229,0.15059507124510296,0.7973573546035675,0.07800360642022305,2.126000779473761,-13.227068275199105,0.008927131617406452,-0.5194672009095619,4.137879824489627,0.8699185909836384,0.041462185281689976,1.286791541395387,-9.203711451489939,0.010121355473251086,-0.23053637726312678,1.5783283010313414,-0.07256123638007095,0.03654142113853308,0.839209238078374,-4.0233568237091655,-0.0011942238558446344,-0.28893082364643513,2.559551523458285,False
2025-02-14,23.600000381469727,0.0,0.0437,0.6005825017112749,4.01,O:INTC250307C00019500,0.12,O:INTC250307P00019500,1.0,0.5808621732429573,0.00010000000000000002,-0.6004825017112749,0.7443291097774527,0.08814804098814644,2.331028807022965,-17.248930286190085,0.007536902406022401,-0.49318230219081804,3.5488692026792767,0.8198592270581615,0.04559525488205332,1.5115913083373755,-13.333835938887539,0.008669349308782609,-0.17611844758556466,0.9276881654682022,-0.0755301172807088,0.042552786106093116,0.8194374986855896,-3.9150943473025466,-0.0011324469027602076,-0.3170638546052534,2.6211810372110746,False
2025-02-18,27.389999389648438,0.0,0.0438,0.7539414129179022,6.75,O:INTC250307C00019500,0.05,O:INTC250307P00019500,1.0,0.8045106569156896,0.00010000000000000002,-0.7538414129179022,0.9225063243682541,0.028886358859029317,1.0301411322775085,-10.0502086161198,0.00883820634354103,-0.2782201909364794,3.0777763895073855,0.9473217387659923,0.017281127992005606,0.6688041256544652,-7.26462048732822,0.009214635883529245,-0.14968087389051263,1.507959719652901,-0.024815414397738267,0.011605230867023711,0.3613370066230432,-2.7855881287915794,-0.00037642953998821567,-0.12853931704596674,1.5698166698544842,False
2025-02-19,25.719999313354492,0.0,0.0438,0.7986141781016405,6.4,O:INTC250307C00019500,0.08,O:INTC250307P00019500,0.8795199372447395,0.7790093624248923,0.8328487352371218,0.03423455713548129,0.8971643163532331,0.044914213347924815,1.1792248030923695,-11.084035338120227,0.007902412190748241,-0.3651030448157439,3.3528916961395474,0.9393487124191804,0.024336504564259998,0.6742586088301273,-7.004640950755363,0.008457165827819878,-0.18540784147684572,1.6122528102512383,-0.04218439606594726,0.020577708783664817,0.5049661942622423,-4.079394387364865,-0.0005547536370716366,-0.17969520333889819,1.740638885888309,False
2025-02-20,26.09000015258789,0.0,0.0437,0.7985276387807965,6.4,O:INTC250307C00019500,0.05,O:INTC250307P00019500,1.0,0.7731082826272421,0.00010000000000000002,-0.7984276387807965,0.9050596670028713,0.03922739135776636,1.0595814782308075,-11.931261431532358,0.007317996773567652,-0.3148775652273159,2.9007825500064186,0.9341047902393431,0.023509111153090498,0.6985162551481352,-8.76911111419271,0.007670602327789352,-0.16635338943848588,1.3665886649450563,-0.029045123236471793,0.015718280204675864,0.36106522308267236,-3.162150317339648,-0.00035260555422170073,-0.14852417578883,1.5341938850613623,False
2025-02-21,24.8700008392334,0.0,0.0436,0.8200464610409811,6.13,O:INTC250307C00019500,0.03,O:INTC250307P00019500,1.4741970599965255,0.642627685173246,1.1625289056777957,0.34248244463681454,0.8127303046964391,0.05148715789219883,1.5011310378455538,-25.56618926737699,0.005576429904710656,-0.27741718791177794,2.1504608515207777,0.8367126580162417,0.03375898325837731,1.2215069941968497,-23.329355787596246,0.005825017661532197,-0.11496222682130659,0.5587479147736755,-0.023982353319802585,0.017728174633821515,0.27962404364870397,-2.236833479780745,-0.00024858775682154075,-0.16245496109047136,1.5917129367471023,False
2025-02-24,24.270000457763672,0.0,0.0436,0.8137946954693459,5.05,O:INTC250307C00019500,0.02,O:INTC250307P00019500,1.0041779061498424,0.5816570851864823,0.8484004783630372,0.03460578289369132,0.8757712072573485,0.05727235321594252,1.0505625253920772,-14.177749157559706,0.0057803455717971765,-0.3527606049196447,2.6233267971117797,0.8954773718651046,0.03934999080228736,0.8312599078183704,-12.413648771204697,0.005958298651815393,-0.19247087458968956,1.1089523124396568,-0.019706164607756094,0.017922362413655156,0.21930261757370678,-1.7641003863550102,-0.00017795308001821626,-0.16028973032995517,1.514374484672123,False
2025-02-25,22.989999771118164,0.0,0.0434,0.8343047720109028,3.6,O:INTC250307C00019500,0.05,O:INTC250307P00019500,0.6496872609975624,0.580022428355161,0.617105967617035,-0.21719880439386785,0.883522020981701,0.09171118759796834,0.9501178497408143,-9.991827116802643,0.005289578114332433,-0.5480965661618284,3.5339325436698834,0.9321644378900344,0.04924578909295284,0.5368350115914289,-6.267046148818933,0.005660463559916312,-0.27763965306575655,1.6969346620955,-0.048642416908333486,0.042465398505015496,0.4132828381493853,-3.7247809679837096,-0.0003708854455838794,-0.2704569130960719,1.8369978815743833,False
2025-02-26,23.520000457763672,0.0,0.0435,0.8273372144564807,4.08,O:INTC250307C00019500,0.04,O:INTC250307P00019500,0.6440860390429508,0.6554720418543232,0.6498554134368897,-0.177481801019591,0.927508075217874,0.06242043074273988,0.6233505324330002,-8.062150475133148,0.004915275098251097,-0.4129444478389964,2.9074024440649064,0.9649296719380033,0.030654677031499943,0.30339804743980736,-4.327218904487259,0.005170873979358772,-0.2047218102475901,1.453345739620868,-0.037421596720129235,0.031765753711239936,0.31995248499319284,-3.7349315706458883,-0.00025559888110767575,-0.20822263759140636,1.4540567044440385,False
2025-02-27,23.09000015258789,0.0,0.0438,0.8323458576177647,3.76,O:INTC250307C00019500,0.02,O:INTC250307P00019500,0.888149338137517,0.5753947759621247,0.7671858198165894,-0.0651600378011753,0.8797360503423736,0.08204818460576699,0.8117246544673181,-14.49469390915522,0.003936453699200589,-0.41367446646648337,2.3702364063359607,0.9047667625622411,0.053509780508952866,0.6032783600855,-12.002167433905186,0.004078824925147285,-0.22346930095275963,1.0423733328313403,-0.025030712219867524,0.02853840409681412,0.2084462943818182,-2.4925264752500347,-0.00014237122594669606,-0.19020516551372374,1.3278630735046204,False
2025-02-28,23.729999542236328,0.0,0.0438,0.8348898142944449,3.8,O:INTC250307C00019500,0.02,O:INTC250307P00019500,1.0,0.7119095482198673,0.00010000000000000002,-0.8347898142944449,0.9074009930583984,0.06243572187363375,0.6269501805520838,-15.28330129172968,0.003403731958257547,-0.3205091693595293,1.831903593222893,0.9292695579280605,0.040490791505126134,0.45239853468384367,-12.175429328586507,0.003510664703167556,-0.17994155902992393,0.8843849108902272,-0.021868564869662155,0.02194493036850761,0.17455164586824018,-3.1078719631431735,-0.00010693274491000888,-0.14056761032960535,0.947518682332666,True
2025-03-03,22.739999771118164,0.0,0.0438,0.8439142143904605,1.36,O:INTC250404C00023500,2.09,O:INTC250404P00023500,0.5888743170246249,0.6131469095473113,0.6010125645637514,-0.24290164982670914,-0.049501221061190426,0.18888358192082982,5.588478189824899,-17.433053891522505,-0.004357769291049082,0.32817776067679433,0.14326383243299667,0.4732589416544611,0.09631957060101655,2.793371927098151,-9.04776475552055,0.008954198309430544,0.1681819728522901,0.07917159234895693,-0.5227601627156515,0.09256401131981329,2.7951062627267476,-8.385289136001955,-0.013311967600479625,0.15999578782450422,0.06409224008403973,False
2025-03-04,21.329999923706055,0.0,0.043899999999999995,0.8804701169909777,0.83,O:INTC250404C00023500,2.65,O:INTC250404P00023500,0.6194466817800023,0.5085996886013479,0.5648186193466186,-0.31565149764435907,-0.3575576500832145,0.19806410021180298,4.607222219437611,-13.788746896999333,-0.010137071703447416,0.8152668382031829,2.4900673127987374,0.34357083242344366,0.09215756080249436,2.3705215369069577,-8.329620617116545,0.005931048177608437,0.35030576542857406,0.909124550606791,-0.7011284825066582,0.10590653940930862,2.2367006825306537,-5.459126279882788,-0.016068119881055852,0.4649610727746089,1.5809427621919465,False
2025-03-05,20.809999465942383,0.0,0.0438,0.8864630437952788,0.53,O:INTC250404C00023500,3.12,O:INTC250404P00023500,0.5695790493914377,0.564487148998689,0.5670358012676239,-0.319427242527655,-0.46409285732782224,0.18894881869748759,4.050553542841305,-12.571636837481002,-0.011617896289248747,0.9138222581067925,3.4782637206520413,0.2691168257949399,0.0942567546507116,2.029704278172111,-6.8432485233323925,0.004426470715218853,0.45424396908900094,1.719058513437886,-0.7332096831227621,0.09469206404677598,2.0208492646691942,-5.728388314148609,-0.0160443670044676,0.4595782890177915,1.7592052072141553,False
2025-03-06,20.75,0.0,0.0438,0.8854291634383697,0.6,O:INTC250404C00023500,3.22,O:INTC250404P00023500,0.6266214345298838,0.6045041791367293,0.6156078201770784,-0.26982134326129137,-0.44557608462037446,0.1817158751447845,4.012765008183765,-14.250549822603986,-0.010888086463227288,0.8370433125630211,2.9658533170656574,0.2818389830853292,0.08996750668391948,2.0227671283148614,-7.8349247977644145,0.004373465749183819,0.40864024509111024,1.4133044078520465,-0.7274150677057036,0.09174836846086501,1.9899978798689033,-6.415625024839571,-0.015261552212411107,0.42840306747191087,1.5525489092136107,False
2025-03-07,20.639999389648438,0.0,0.0438,0.8836731044511391,0.49,O:INTC250404C00023500,3.42,O:INTC250404P00023500,0.6006278555124049,0.6793938343623139,0.6405966524600983,-0.24307645199104078,-0.4596165410255253,0.17789569124011312,3.84197109646112,-14.932837237560882,-0.010632131052570767,0.8217925097998298,2.947462495709282,0.25405724768179816,0.09176582449028926,1.8635251392408752,-7.259710055821386,0.0037728106643556154,0.4434025011833578,1.7062154104618512,-0.7136737887073235,0.08612986674982387,1.978445957220245,-7.673127181739497,-0.014404941716926382,0.378390008616472,1.2412470852474307,False
2025-03-10,19.93000030517578,0.0,0.0437,0.8921644088545446,0.36,O:INTC250404C00023500,3.74,O:INTC250404P00023500,0.6351767255399683,0.5573630920425439,0.5974965431690219,-0.2946678656855227,-0.6352801287525244,0.16177054320492654,2.888417623729377,-10.736269061819208,-0.012637362303106687,0.9494327440207713,4.7417428395943695,0.20083098589332427,0.08074250288049654,1.535905355142783,-6.628758264025383,0.002746375817171086,0.4476350084843257,2.054433608482365,-0.8361111146458486,0.08102804032442999,1.352512268586594,-4.107510797793825,-0.015383738120277773,0.5017977355364456,2.6873092311120046,False
2025-03-11,19.780000686645508,0.0,0.0437,0.8849967353406694,0.31,O:INTC250404C00023500,3.1,O:INTC250404P00023500,0.6383004498095507,1.0,0.00010000000000000002,-0.8848967353406694,-0.5089678704624643,0.1450033149674282,3.2599467248504235,-18.626445006138503,-0.0106706105371634,0.7163895125794457,2.852262613823526,0.18231373416376756,0.07838825112604103,1.398301085325283,-6.3917959270156395,0.0023544041335315925,0.4463749660790597,2.139289615651515,-0.6912816046262318,0.06661506384138714,1.8616456395251406,-12.234649079122864,-0.013025014670694992,0.27001454650038603,0.7129729981720109,False
2025-03-12,20.68000030517578,0.0,0.0436,0.873063818507397,0.41,O:INTC250404C00023500,3.35,O:INTC250404P00023500,0.5996400236708499,0.7087738903962182,0.6554245929718017,-0.21763922553559534,-0.4866658890861067,0.18354386076310325,3.4530901613794387,-16.20363545760815,-0.009325883432219385,0.8155276902011335,2.901546007648024,0.23452451726058837,0.0953043659260737,1.6487426449449374,-7.521239147934901,0.0029952158930493227,0.45035800394680825,1.7514086912013758,-0.7211904063466951,0.08823949483702956,1.8043475164345013,-8.68239630967325,-0.012321099325268708,0.36516968625432517,1.1501373164466482,False
2025-03-13,23.700000762939453,0.0,0.0437,0.9855722816338641,1.53,O:INTC250404C00023500,1.29,O:INTC250404P00023500,0.5887160885638258,0.5993765464761265,0.5940463220119476,-0.3915259596219165,0.11923653131096212,0.22241328767828553,4.711532973037901,-22.041350069656396,3.7497670095582372e-06,-0.0004355581542849703,0.00039019656649605253,0.5596193836303164,0.11220442595508899,2.355765485054412,-11.434387923327362,0.007449510996186797,-0.0011135012127151261,0.0009974759820810322,-0.44038285231935426,0.11020886172319654,2.355767487983489,-10.606962146329035,-0.007445761229177238,0.0006779430584301559,-0.0006072794155849797,False
2025-03-14,24.049999237060547,0.0,0.0437,0.9525368395173878,1.55,O:INTC250404C00023500,0.95,O:INTC250404P00023500,0.5283720757175411,0.5332583622126634,0.5308156313180925,-0.42172120819929526,0.20781924735398438,0.24744025050784135,4.521949306006537,-20.27186387475734,0.0014869361549462931,-0.19452236993406835,0.3007399893980617,0.6041472323064095,0.12426946210724138,2.2606073114400553,-10.600525590036796,0.007726035997643667,-0.09857336948526338,0.15275053077521475,-0.39632798495242516,0.12317078840059997,2.261341994566482,-9.671338284720544,-0.006239099842697374,-0.09594900044880499,0.14798945862284693,False
2025-03-17,25.690000534057617,0.0,0.0437,0.9765987002576707,2.58,O:INTC250404C00023500,0.43,O:INTC250404P00023500,0.48290988659876416,0.5391469185670222,0.5114727455139161,-0.4651259547437546,0.5888149050722638,0.18405416812145992,3.444205568623345,-16.397958042008298,0.006731475125426378,-0.7835120833385492,3.9178946813182574,0.8053941860538887,0.09417212352935964,1.6674168345670732,-8.038340888395403,0.010061431705472943,-0.42609027694634105,2.221553763439683,-0.21657928098162493,0.08988204459210027,1.776788734056272,-8.359617153612893,-0.0033299565800465653,-0.35742180639220805,1.696340917878574,False
2025-03-18,25.920000076293945,0.0,0.0437,0.7883297993402067,2.8,O:INTC250404C00023500,0.36,O:INTC250404P00023500,0.5242485072674478,0.5450116602818118,0.5346983221530914,-0.2536314771871153,0.6247402610667104,0.1711077113369533,3.1701742921566876,-17.00096418311921,0.006723511070978927,-0.7710580617417968,4.027260389931226,0.8163715455234763,0.08608788860232013,1.5641992287951327,-8.75032177600378,0.00947160939640019,-0.39660806479819,2.1051990373561735,-0.19163128445676592,0.08501982273463315,1.605975063361555,-8.250642407115429,-0.0027480983254212625,-0.3744499969436068,1.9220613525750527,False
2025-03-19,24.1200008392334,0.0,0.0437,0.7973126831669324,1.47,O:INTC250404C00023500,0.76,O:INTC250404P00023500,0.5332358109462885,0.5127160932905919,0.5229815885305404,-0.27433109463639194,0.23854643802070352,0.2769068845737103,4.010451303811818,-22.176855605446406,0.0016779715644073849,-0.276282169102258,0.4417242739025296,0.6178572422382755,0.13589339194801692,2.0074881452415356,-11.826887717173179,0.006396532000625542,-0.13124822496026403,0.20714605524669036,-0.379310804217572,0.1410134926256934,2.0029631585702825,-10.349967888273227,-0.004718560436218157,-0.14503394414199397,0.23457821865583925,False
2025-03-20,23.959999084472656,0.0,0.0436,0.7950543367108398,1.29,O:INTC250404C00023500,0.75,O:INTC250404P00023500,0.515345058371181,0.49707901540519905,0.5062154018878938,-0.288838934822946,0.2006842523042558,0.30494678694537547,3.8671072259118535,-22.544123368572357,0.0012084261712800512,-0.22676925763415,0.2887491691002244,0.599307458888216,0.14982629019085,1.9348704001647705,-11.991450046441742,0.005704899517026658,-0.10791620489665611,0.13589466398474925,-0.3986232065839602,0.15512049675452547,1.9322368257470832,-10.552673322130614,-0.004496473345746607,-0.11885305273749389,0.15285450511547513,False
2025-03-21,24.260000228881836,0.0,0.0436,0.7795718240591792,1.4,O:INTC250404C00023500,0.62,O:INTC250404P00023500,0.4993089682890603,0.5108240306335696,0.5050700963020327,-0.27450172775714654,0.29894263668968535,0.3037016114549077,3.582006894326637,-23.023763747789495,0.002076328743854888,-0.4158413189604395,0.7716578060113397,0.6506681050823742,0.15339360652392764,1.7887831104321756,-11.880953747261689,0.005708416023104967,-0.2132443008881334,0.39895048821564805,-0.3517254683926888,0.1503080049309801,1.7932237838944614,-11.142810000527806,-0.0036320872792500788,-0.2025970180723061,0.37270731779569166,False
2025-03-24,24.219999313354492,0.0,0.0435,0.7744637365829484,1.36,O:INTC250404C00023500,0.55,O:INTC250404P00023500,0.5195238270330174,0.4880071022332352,0.5037922366142273,-0.2706714999687211,0.29696064843844516,0.3220476478593527,3.39593929010302,-24.182936490684533,0.0018865666790258786,-0.42212048385144185,0.7377908646275715,0.6451610419043222,0.15653559993977487,1.7037615547903673,-13.012588425798587,0.005094928568544911,-0.1963947229893692,0.33466074344783736,-0.34820039346587706,0.16551204791957785,1.6921777353126528,-11.170348064885948,-0.0032083618895190325,-0.22572576086207266,0.40313012117973407,False
2025-03-25,24.200000762939453,0.0,0.0436,0.7481727672114366,1.3,O:INTC250404C00023500,0.48,O:INTC250404P00023500,0.5232044135054409,0.4682651531504459,0.4958256397247315,-0.25234712748670507,0.30580058801821886,0.3464003384348392,3.1839941291651233,-25.114261690071437,0.001784245861380442,-0.45697806601725155,0.7787891636074986,0.6466619990115527,0.16475030126814053,1.602573001138772,-13.83157998768507,0.0045553082125217555,-0.20110834390135715,0.32632636722672215,-0.3408614109933339,0.18165003716669864,1.5814211280263515,-11.282681702386366,-0.0027710623511413134,-0.25586972211589437,0.4524627963807765,False
2025-03-26,23.420000076293945,0.0,0.0436,0.7547993783582758,0.8,O:INTC250404C00023500,0.84,O:INTC250404P00023500,0.5297199005374766,0.5222975799127687,0.5260088762760162,-0.2287905020822596,0.014959589509605298,0.3885587669711362,3.1138616281584737,-29.426301300721335,-0.00035823511459552766,0.10452468393780986,-0.007648947313999566,0.5076737416623657,0.19290690897851628,1.5569166194654636,-15.328646653936104,0.0030804775190181283,0.0519934521671108,-0.0039039854287049036,-0.4927141521527604,0.19565185799261994,1.55694500869301,-14.09765464678523,-0.003438712633613656,0.05253123177069906,-0.0037449618852946624,False
2025-03-27,23.6200008392334,0.0,0.0437,0.751794844012256,0.91,O:INTC250404C00023500,0.73,O:INTC250404P00023500,0.5767782873062675,0.552161797204343,0.5644705456256867,-0.1873242983865694,0.09076796476520455,0.3855026109779781,2.889168326127786,-34.269900413637046,0.00011998557236419854,-0.03788174085004317,0.015749699696951103,0.5451514310222736,0.18856125864556675,1.4446807918882576,-18.021405826026758,0.002849161251965568,-0.016783570423761815,0.006937954024261706,-0.45438346625706905,0.19694135233241136,1.4444875342395282,-16.24849458761029,-0.0027291756796013695,-0.021098170426281353,0.008811745672689398,False
2025-03-28,22.709999084472656,0.0,0.0438,0.7586701764146664,0.44,O:INTC250404C00023500,1.2,O:INTC250404P00023500,0.58884421495445,0.5808191308521393,0.5848342887401582,-0.1738358876745082,-0.28367471481996687,0.3992547707069787,2.38928283553829,-34.85893842939559,-0.001603621530525692,0.5693272892507271,0.6618530356862955,0.3593047887358516,0.19847957982557182,1.1959690519697626,-18.08496206976503,0.0015317086157217918,0.2814348678460385,0.3243884081355917,-0.6429795035558185,0.20077519088140688,1.1933137835685275,-16.77397635963056,-0.0031353301462474837,0.2878924214046885,0.3374646275507037,False
2025-03-31,22.709999084472656,0.0,0.0438,0.7433809194001101,0.46,O:INTC250404C00023500,1.25,O:INTC250404P00023500,0.6782654121942102,0.6934478418292436,0.6858624478340151,-0.05751847156609502,-0.2695481917846919,0.38319998192921445,2.151330803618329,-46.13621972310432,-0.0012430855855003276,0.4725237642984642,0.465913728365014,0.3634327140740873,0.1934058384696291,1.073897756899945,-23.28557047850302,0.0012370724768079261,0.2405789635523371,0.24043676430489838,-0.6329809058587792,0.1897941434595853,1.0774330467183837,-22.850649244601303,-0.0024801580623082537,0.23194480074612708,0.22547696406011558,True
2025-04-01,22.049999237060547,0.0,0.0438,0.7150441721220254,1.58,O:INTC250502C00022000,1.55,O:INTC250502P00022000,0.5707231834101164,0.6115910365199488,0.591154687654972,-0.12388948446705339,0.09902802497675744,0.20129111947121167,5.27411117056693,-17.038685607147748,-0.0008638070980453317,0.07242260520124882,-0.06007268111343836,0.5487729144992546,0.10414788981736024,2.6376698927071747,-8.70765620526943,0.009601991030104973,0.034591172104447704,-0.028241797974585422,-0.44974488952249714,0.09714322965385143,2.6364412778597552,-8.33102940187832,-0.010465798128150305,0.03783143309680111,-0.03183088313885293,False
2025-04-02,21.979999542236328,0.0,0.0438,0.7083703314234083,1.63,O:INTC250502C00022000,1.52,O:INTC250502P00022000,0.6184637457811871,0.6005942849147811,0.6095284503936769,-0.09884188102973146,0.08460289947150745,0.20047033011291432,5.152617794543056,-17.93092283999051,-0.0011265643961732817,0.09613480482209666,-0.06632985271165909,0.5427309599564838,0.09875434959875899,2.576012568525095,-9.575627390310933,0.008991387997254949,0.04837075735743798,-0.033712207595366424,-0.45812806048497634,0.10171598051415534,2.5766052260179606,-8.355295449679579,-0.01011795239342823,0.04776404746465868,-0.03261764511629267,False
2025-04-03,22.43000030517578,0.0,0.0436,0.7103654074930275,2.36,O:INTC250502C00022000,1.6,O:INTC250502P00022000,0.8224080277563371,0.7232856239402491,0.7728441634416578,0.06247875594863039,0.17025186663083758,0.1564446705689309,5.0482253191455,-23.402703765457726,-0.00011770881626047176,0.007284543499335333,-0.010187214555878298,0.5853278489555058,0.07319740907331834,2.523831536300566,-12.92324010396769,0.008974086525583303,0.010363504503910836,-0.014463667028446456,-0.41507598232466825,0.08324726149561257,2.524393782844934,-10.479463661490037,-0.009091795341843775,-0.0030789610045755035,0.004276452472568157,False
2025-04-04,19.850000381469727,0.0,0.0436,0.8280961585654418,1.08,O:INTC250502C00022000,3.07,O:INTC250502P00022000,0.8304768096574426,0.7908298831440767,0.8106959885597231,-0.017400170005718696,-0.25193764035319016,0.16722531780730654,4.237149389604506,-21.242916334263825,-0.007262668458029689,0.5141016948388604,0.9248211384016066,0.37912311783506375,0.0819288115278592,2.1277208943253467,-11.413271918880149,0.0051155508203571485,0.2482028521179435,0.4271977038706166,-0.6310607581882539,0.08529650627944733,2.109428495279159,-9.829644415383678,-0.012378219278386837,0.26589884272091685,0.49762343453099,False
2025-04-07,19.56999969482422,0.0,0.0436,0.8202308355880358,0.91,O:INTC250502C00022000,3.31,O:INTC250502P00022000,0.818936025115437,0.8401408797641566,0.8295544320344928,0.009323596446456972,-0.3002079011967609,0.16618421696285418,3.9802176880471203,-21.456474531130947,-0.007611361196876358,0.547808834743749,1.1355469309532586,0.3469925369377742,0.08390295137926673,1.9840924844218053,-11.031682723846025,0.004433818769745711,0.2787776989963343,0.5894107137207032,-0.6472004381345351,0.08228126558358745,1.9961252036253152,-10.424791807284922,-0.012045179966622068,0.26903113574741466,0.5461362172325553,False
2025-04-08,18.1299991607666,0.0,0.0436,0.8611262534961569,0.54,O:INTC250502C00022000,4.35,O:INTC250502P00022000,0.8719511448013973,0.8774973910053261,0.8747272488117219,0.013600995315565023,-0.5144388659860963,0.14761338411514613,3.031537286311603,-17.94258434323247,-0.010154840148995462,0.6660229913857605,2.2506327749257107,0.24185708944864215,0.07388873198797494,1.5126480719732207,-9.400322807203333,0.0027463348776638114,0.33417233769012616,1.1340024878543264,-0.7562959554347385,0.07372465212717119,1.5188892143383823,-8.542261536029137,-0.012901175026659273,0.3318506536956344,1.116630287071384,False
2025-04-09,21.530000686645508,0.0,0.0436,1.0855060072896099,1.45,O:INTC250502C00022000,2.05,O:INTC250502P00022000,0.7315046464075666,0.8187449060233652,0.7751228542804718,-0.3103831530091381,0.006152807011413297,0.18464651231361978,4.461383988720577,-25.483894934146292,-0.002271746469600225,0.1998882025773337,-0.007961062979682517,0.4987299345541131,0.09752647828359763,2.2308794294698258,-12.500190747116406,0.006265482109833968,0.10535347956474478,0.0018755726284293054,-0.4925771275426998,0.08712003403002216,2.2305045592507513,-12.983704187029884,-0.008537228579434192,0.09453472301258893,-0.009836635608111823,False
2025-04-10,19.8799991607666,0.0,0.0436,0.9823076513367653,0.8,O:INTC250502C00022000,3.22,O:INTC250502P00022000,0.7756420505477402,0.9671041937926126,0.8723803736686706,-0.10992727766809474,-0.269098990025531,0.17365769779689466,3.7600767770451196,-25.453898066362168,-0.005949008060870007,0.49367989537029416,0.8759039506344926,0.3421627812754187,0.0945319888390645,1.8398918945624767,-11.50008872192187,0.0038109179711751672,0.2850751476104367,0.5805882709710329,-0.6112617713009497,0.07912570895783018,1.9201848824826429,-13.953809344440298,-0.009759926032045174,0.2086047477598575,0.2953156796634596,False
2025-04-11,19.739999771118164,0.0,0.0437,0.9789436611285969,0.83,O:INTC250502C00022000,3.26,O:INTC250502P00022000,0.8455059532118196,0.9720026453121333,0.9092304140090943,-0.06971324711950255,-0.28736664797287526,0.1708547149411137,3.5876298844260783,-26.988543199196233,-0.0058110818840544955,0.4869157454812667,0.8738680236431737,0.3410055999848498,0.09008412079139154,1.7666475641199595,-12.805066059949866,0.00351276813431604,0.26725340846085444,0.5273550949319972,-0.6283722479577251,0.08077059414972215,1.8209823203061188,-14.183477139246367,-0.009323850018370536,0.2196623370204123,0.3465129287111765,False
2025-04-14,20.309999465942383,0.0,0.0434,0.9477639621816509,0.91,O:INTC250502C00022000,2.38,O:INTC250502P00022000,0.805329878527854,0.7125156960789556,0.7591786937952041,-0.18858526838644685,-0.27017723602098764,0.20743307274528944,3.5965849562310552,-24.20148185750151,-0.004876277510720026,0.5218019174168507,0.8703562813362247,0.3769612618487018,0.09852008198532727,1.8182177601174607,-13.471165794397573,0.003747823903793389,0.23736478908632944,0.35619508245430476,-0.6471384978696895,0.10891299075996216,1.7783671961135945,-10.730316063103936,-0.008624101414513415,0.2844371283305212,0.5141611988819199,False
2025-04-15,19.850000381469727,0.0,0.0435,0.9459959306280487,0.61,O:INTC250502C00022000,2.75,O:INTC250502P00022000,0.7513432076056029,0.7760290225711389,0.7637189101934434,-0.18227702043460525,-0.3782285454353827,0.20520769299138375,3.1849032649442672,-23.103549378885724,-0.0056064237311619,0.6170119707411572,1.3731388869114443,0.3070789161602138,0.10371668901884326,1.583984250891718,-11.773588571502415,0.002829829993570507,0.3155402897752238,0.7172065341998786,-0.6853074615955965,0.10149100397254049,1.6009190140525493,-11.329960807383308,-0.008436253724732407,0.30147168096593335,0.6559323527115658,False
2025-04-16,19.229999542236328,0.0,0.0435,0.9245039483914201,0.33,O:INTC250502C00022000,3.14,O:INTC250502P00022000,0.696810262753353,0.7645913342588422,0.7312388638973237,-0.1932650844940964,-0.5481650377672327,0.19602890798683603,2.5206114827633064,-18.7581231344779,-0.006672006393016195,0.7510300903841308,2.3802785534644735,0.21320344811277397,0.09943991426922622,1.2201536760730187,-9.091254584169162,0.001795191528386515,0.3953384982499172,1.3194710760525539,-0.7613684858800067,0.0965889937176098,1.3004578066902879,-9.666868550308738,-0.00846719792140271,0.35569159213421364,1.0608074774119196,False
2025-04-17,18.93000030517578,0.0,0.0436,0.924654601126373,0.3,O:INTC250502C00022000,3.32,O:INTC250502P00022000,0.755919498837743,0.7483877452411728,0.7521623858451844,-0.17249221528118863,-0.6133619506978143,0.184388099803744,2.1693597609688524,-18.026633747950555,-0.00664842702590558,0.745947886754939,2.554205766541005,0.1947235942063304,0.09214121926068802,1.0894890987497983,-9.58120952644308,0.0014780672490181915,0.37117970500872743,1.2634047735457137,-0.8080855449041446,0.09224688054305595,1.079870662219054,-8.445424221507475,-0.008126494274923771,0.37476818174621157,1.2908009929952913,False
2025-04-21,18.84000015258789,0.0,0.0435,0.9210582411923122,0.22,O:INTC250502C00022000,3.67,O:INTC250502P00022000,0.7682580766954211,1.0827463324722597,0.9357870084762575,0.014728767283945343,-0.5790895462312696,0.17370790823563342,2.0261834510206165,-26.218871280271493,-0.005285731121199632,0.6159576710004366,1.8541656607825723,0.1623837179725247,0.08981402948444214,0.8746918674442574,-9.531357238278959,0.0010140390254929131,0.36131356893444305,1.2667581332153728,-0.7414732642037943,0.08389387875119128,1.151491583576359,-16.687514041992532,-0.006299770146692545,0.2546441020659936,0.5874075275671994,False
2025-04-22,19.510000228881836,0.0,0.0433,0.9354459877702433,0.3,O:INTC250502C00022000,2.8,O:INTC250502P00022000,0.7667010813702325,0.8059448887390217,0.7864977127552034,-0.14894827501503993,-0.5633132638219968,0.21569107152392075,2.0490842076846016,-24.778240481268554,-0.004473092668602982,0.6884825507674366,1.8635390747950933,0.21159045387734188,0.10861497439278145,1.006282164208075,-12.317160590019911,0.0012152793027225674,0.3539751820460771,0.9855103508806372,-0.7749037176993386,0.10707609713113929,1.0428020434765266,-12.461079891248641,-0.005688371971325549,0.33450736872135955,0.8780287239144561,False
2025-04-23,20.59000015258789,0.0,0.0433,0.9629487533914467,0.56,O:INTC250502C00022000,1.97,O:INTC250502P00022000,0.7911200543557679,0.8122177712369364,0.801685170507431,-0.16126358288401565,-0.325520462888391,0.2655705189210246,2.506844445805415,-35.77555738881853,-0.0025645739945951243,0.5046019599729974,0.7275694437858023,0.33457886442229234,0.13412628313996836,1.2495869538675708,-18.068364164637163,0.0017580496859743561,0.2573672160857268,0.37739448466966047,-0.6600993273106833,0.13144423578105627,1.257257491937844,-17.707193224181363,-0.00432262368056948,0.2472347438872705,0.3501749591161419,False
2025-04-24,21.489999771118164,0.0,0.0434,0.973564677052114,0.88,O:INTC250502C00022000,1.39,O:INTC250502P00022000,0.8277313890955301,0.845009771018921,0.8363714320182802,-0.1371932450338338,-0.0869771533510953,0.28601098075944176,2.630024852305893,-46.01367328048781,-0.0009855092870494162,0.22599856501923477,0.08188258034548881,0.45553534694163716,0.14444420705082942,1.3146588980005345,-23.238543477770026,0.002121298690836193,0.1146710831448791,0.04246906380578934,-0.5425125002927325,0.14156677370861237,1.3153659543053589,-22.77512980271778,-0.0031068079778856094,0.11132748187435568,0.039413516539699475,False
2025-04-25,20.049999237060547,0.0,0.0434,0.9987412169584384,0.13,O:INTC250502C00022000,2.08,O:INTC250502P00022000,0.6082229538599355,0.63608780412764,0.6223261198043823,-0.3764150971540561,-0.6854189151483632,0.2737660567174101,1.3586212749553082,-20.620297120510394,-0.0031652080805142056,0.8455021183079415,2.4031868960563036,0.15140004210645047,0.13657667435443463,0.6625787815389502,-10.281591486174614,0.0005765021287153226,0.43051362630223333,1.252886631139346,-0.8368189572548137,0.13718938236297548,0.696042493416358,-10.338705634335781,-0.0037417102092295283,0.4149884920057082,1.1503002649169576,False
2025-04-28,20.510000228881836,0.0,0.0435,0.9963021226297066,0.14,O:INTC250502C00022000,1.63,O:INTC250502P00022000,0.5771460859834857,0.5992340106968771,0.5882816490173339,-0.4080204736123727,-0.6319692306475224,0.35004036516012604,1.3746995027556175,-24.83746228730766,-0.0023383633436868173,0.8814116349060277,2.0513696252055587,0.17914854879194303,0.17542381212964359,0.676028616504101,-12.444012655675047,0.0005610058375756511,0.449367296684075,1.0666704963186664,-0.8111177794394654,0.17461655303048243,0.6986708862515165,-12.393449631632611,-0.0028993691812624683,0.43204433822195265,0.9846991288868925,False
2025-04-29,20.34000015258789,0.0,0.0435,0.9963756219304661,0.06,O:INTC250502C00022000,1.6,O:INTC250502P00022000,0.5552098043594765,1.0,0.3460147102355957,-0.6503609116948704,-0.6407711882650442,0.29168756750696256,1.1144072816916522,-38.63633563985114,-0.0017932629388976492,0.6765629231080063,1.5595754973959308,0.10451635256520003,0.14708173322982673,0.40219668182172325,-9.468613747467224,0.00024593602703858305,0.4298258388494155,1.1983202039828982,-0.7452875408302443,0.1446058342771358,0.712210599869929,-29.16772189238392,-0.0020391989659362324,0.24673708425859073,0.36125529341303275,False
2025-04-30,20.100000381469727,0.0,0.0435,0.99242068342908,0.02,O:INTC250502C00022000,1.91,O:INTC250502P00022000,0.5921431096033628,0.5778475647671052,0.5851232376098634,-0.40729744581921656,-0.9109271191107118,0.17937648012181662,0.3365641724860645,-11.529067401577208,-0.0016063202731441606,0.56284334510121,1.713792111177591,0.04654856872156726,0.09185866329600757,0.17440879744625912,-6.5461527045408126,7.26687499254263e-05,0.2848966557661109,0.8566861072515224,-0.957475687832279,0.08751781682580904,0.1621553750398054,-4.982914697036395,-0.001678989023069587,0.27794668933509914,0.8571060039260685,True
2025-05-01,19.979999542236328,0.0,0.0438,0.9924834575805374,1.33,O:INTC250606C00020000,1.13,O:INTC250606P00020000,0.5070962227332416,0.45613519743202796,0.48161183476448066,-0.5108716228160567,0.07978046960616691,0.2575736282570339,5.094972290175326,-11.853470891010367,-0.0008934778808934903,0.08969285936974199,-0.057726635873859775,0.5410356516576648,0.12193606209871204,2.5467498901971846,-6.673771328359109,0.009780841027134744,0.04682815643090636,-0.030967647294281985,-0.46125518205149785,0.13563756615832187,2.548222399978141,-5.179699562651257,-0.010674318908028235,0.042864702938835625,-0.026758988579577786,False
2025-05-02,20.6200008392334,0.0,0.0438,0.9969415627414491,1.54,O:INTC250606C00020000,0.87,O:INTC250606P00020000,0.4529227749263172,0.4678053534579593,0.46036741745471954,-0.5365741452867295,0.24577568293572205,0.2541571683834282,4.9341584368036795,-11.564979711794361,0.0026368003853142093,-0.27756340250485867,0.5645995343947381,0.6239198270947448,0.129024613476693,2.4649808592403577,-6.122932651667158,0.011235344601495327,-0.14508260148718025,0.297560275434052,-0.37814414415902275,0.12513255490673522,2.4691775775633213,-5.442047060127203,-0.008598544216181118,-0.13248080101767842,0.26703925896068603,False
2025-05-05,20.270000457763672,0.0,0.0438,0.9066746959808302,1.3,O:INTC250606C00020000,0.95,O:INTC250606P00020000,0.4508821467773009,0.4522118208698863,0.45154684791564936,-0.4551278480651808,0.15526493260735408,0.2771089710066039,4.8963315533689125,-11.646648185347086,0.000854495480976868,-0.0979229555267531,0.11996296146004909,0.5776650173962925,0.1387562298996,2.4481258992669597,-6.250961403790726,0.009913590635292293,-0.049282684492435315,0.06040045597631299,-0.4224000847889384,0.13835274110700396,2.448205654101953,-5.395686781556359,-0.009059095154315425,-0.04864027103431779,0.059562505483736095,False
2025-05-06,19.940000534057617,0.0,0.0437,0.9072361530513042,1.11,O:INTC250606C00020000,1.06,O:INTC250606P00020000,0.4583740936903578,0.4456932618607366,0.4520336743116379,-0.45520247873966635,0.06017405106942708,0.29223264026636503,4.7928219416278965,-11.826339496448487,-0.0008854355539448331,0.10749131683071045,-0.04888322623323645,0.5304278113448321,0.1440573835023178,2.396255999300276,-6.430917470951482,0.008640270212475402,0.0539201395631647,-0.024798316276484517,-0.470253760275405,0.14817525676404722,2.3965659423276207,-5.395422025497005,-0.009525705766420235,0.05357117726754574,-0.024084909956751936,False
2025-05-07,20.309999465942383,0.0,0.0437,0.8627362674443372,1.3,O:INTC250606C00020000,0.88,O:INTC250606P00020000,0.4626200561898534,0.4481680981964823,0.45539496978521354,-0.40734129765912364,0.16631478525907162,0.28567015796774853,4.683673242803443,-12.268192569333001,0.001045744856959581,-0.12938673935955985,0.1630916575700357,0.582690357506969,0.1406045242358413,2.3424251172989567,-6.666730417978695,0.009196734075201544,-0.060827926260671114,0.07621048950921852,-0.41637557224789734,0.14506563373190726,2.341248125504486,-5.601462151354307,-0.008150989218241964,-0.06855881309888875,0.08688116806081715,False
2025-05-08,21.0,0.0,0.0437,0.5532728249778573,1.69,O:INTC250606C00020000,0.58,O:INTC250606P00020000,0.45408486135188725,0.43684414514252057,0.44547796802520756,-0.10779485695264979,0.36319415736808347,0.2643706828974174,4.326607125877752,-11.798906192177803,0.004464231087275678,-0.5508886596503049,1.5778349757245564,0.6792243907304589,0.1300422295709883,2.1700951360852447,-6.461915317311429,0.010478093504450581,-0.26365846184881114,0.7440789580224066,-0.31603023336237546,0.1343284533264291,2.1565119897925076,-5.336990874866373,-0.006013862417174903,-0.2872301978014937,0.8337560177021497,False
2025-05-09,21.420000076293945,0.0,0.0437,0.4785607629540658,1.95,O:INTC250606C00020000,0.45,O:INTC250606P00020000,0.4481277682084698,0.4426551877759299,0.4453940488815308,-0.03316671407253502,0.4759160196534704,0.24235048453474728,3.930457790809447,-11.369470911201613,0.00618581045816402,-0.7481949688224568,2.8764616587753657,0.7369344270112836,0.12067341642930221,1.9691638533811653,-6.163948538569291,0.010980266256194663,-0.369686386518672,1.4141780364477878,-0.26101840735781323,0.12167706810544505,1.9612939374282814,-5.205522372632322,-0.004794455798030644,-0.3785085823037848,1.4622836223275777,False
2025-05-12,22.18000030517578,0.0,0.0438,0.48903605854808857,2.55,O:INTC250606C00020000,0.24,O:INTC250606P00020000,0.4660839327280187,0.42529332415612087,0.4460425149917603,-0.042993543556328284,0.6500837970511448,0.18986886022164098,3.1372053995920526,-9.796489769959635,0.008767790377884936,-0.9406846543240444,5.372498202740411,0.8154589402254897,0.09389095925972642,1.6231702107325852,-5.697527322325829,0.011714313941195785,-0.44042657404080904,2.4092493670797155,-0.16537514317434487,0.09597790096191457,1.5140351888594672,-4.098962447633805,-0.0029465235633108493,-0.5002580802832354,2.9632488356606954,False
2025-05-13,22.559999465942383,0.0,0.043899999999999995,0.4835913162812522,2.74,O:INTC250606C00020000,0.17,O:INTC250606P00020000,0.38070813546864885,0.42573400072073214,0.4040447980880738,-0.07954651819317837,0.7706302639015297,0.15890999679528478,2.3317215033008836,-7.2439062639235114,0.010339584530041076,-1.0494177031845573,7.6365181660458425,0.8971459361630039,0.07803836562875503,1.0800664035941534,-3.646563426669771,0.012499722743364075,-0.5475538411425624,4.177810523196853,-0.1265156722614742,0.08087163116652975,1.2516550997067304,-3.5973428372537404,-0.002160138213322999,-0.501863862041995,3.4587076428489896,False
2025-05-14,21.520000457763672,0.0,0.043899999999999995,0.508359977460214,2.0,O:INTC250606C00020000,0.33,O:INTC250606P00020000,0.47641832094397235,0.4239501911339888,0.4505069180727005,-0.057853059387513506,0.5235644420369092,0.2464205711466753,3.4589874396742064,-11.950430153442255,0.00602900077576011,-0.8221994682702425,3.290705425564127,0.7510415530238403,0.11907029991571999,1.7722493868709641,-6.879720689137211,0.00955400982550928,-0.3687257120071804,1.3968599936738695,-0.22747711098693113,0.1273502712309553,1.6867380528032423,-5.070709464305043,-0.003525009049749169,-0.453473756263062,1.8938454318902573,False
2025-05-15,21.549999237060547,0.0,0.0437,0.49079896820122704,1.91,O:INTC250606C00020000,0.32,O:INTC250606P00020000,0.424846746086586,0.4344125473476111,0.429642997789383,-0.06115597041184406,0.5583037519689854,0.25440768012974985,3.2226413040835444,-11.332280629071027,0.006223139954908214,-0.9133405263210754,3.8162938310236303,0.7813358127479115,0.12789974550467595,1.6021970831847965,-6.0127639674393425,0.009477959472130522,-0.4650844562806703,1.9615488745734866,-0.22303206077892612,0.1265079346250739,1.620444220898748,-5.319516661631685,-0.003254819517222307,-0.4482560700404051,1.8547449564501435,False
2025-05-16,21.65999984741211,0.0,0.0437,0.48407554769076183,2.03,O:INTC250606C00020000,0.24,O:INTC250606P00020000,0.4623285276667978,0.41018024388085883,0.43671938421726225,-0.04735616347349958,0.5927806583182493,0.24561484081611623,2.9879898742133095,-11.434946263972035,0.00629144581471555,-0.9401386407281063,4.141283151610945,0.7841689587760623,0.11986244793709612,1.5475384627352144,-6.663495752815436,0.008901844956806442,-0.42663786839486073,1.7728805004081931,-0.19138830045781297,0.1257523928790201,1.4404514114780953,-4.7714505111565995,-0.002610399142090892,-0.5135007723332455,2.3684026512027514,False
2025-05-19,21.3799991607666,0.0,0.0437,0.4876095947519215,1.7,O:INTC250606C00020000,0.25,O:INTC250606P00020000,0.4059677292819325,0.3914349464057734,0.3987369122505188,-0.08887268250140268,0.5663847761056393,0.29229113853205424,2.958964634794179,-11.063553159311187,0.005644058909894193,-1.0151946953471993,4.008026980330303,0.7795051170417548,0.1449190893493376,1.4940322471765015,-6.112766189036899,0.008314343748981106,-0.49282744813162044,1.9136031607696642,-0.21312034093611554,0.14737204918271665,1.4649323876176776,-4.950786970274288,-0.0026702848390869134,-0.5223672472155789,2.094423819560639,False
2025-05-20,21.270000457763672,0.0,0.0436,0.4770520435667651,1.54,O:INTC250606C00020000,0.26,O:INTC250606P00020000,0.37123949483560714,0.3957427871263719,0.38359618220329283,-0.09345586136347228,0.5626967201346649,0.3185890055352373,2.8500866046327387,-11.042670877383,0.0052456854536906215,-1.0623095424627937,3.9930503690362906,0.7878497435030201,0.16165755898561346,1.4006447564712552,-5.703240125856401,0.007850330843827656,-0.5581315291780384,2.154332694295015,-0.2251530233683552,0.15693144654962382,1.4494418481614832,-5.339430751526598,-0.0026046453901370347,-0.5041780132847553,1.8387176747412755,False
2025-05-21,20.690000534057617,0.0,0.0435,0.4502250892042965,1.25,O:INTC250606C00020000,0.43,O:INTC250606P00020000,0.47148368098972265,0.4177495688782945,0.4447265102386475,-0.005498578965648981,0.32604701441815576,0.3648842558330124,3.2966279171213095,-15.618247591331235,0.002412339477352113,-0.5356015170124394,1.0237638441362515,0.6558797374925696,0.1729149545392028,1.6618848523566216,-8.76321828666315,0.005866739104285169,-0.23292750328138623,0.4219685894710443,-0.3298327230744138,0.19196930129380962,1.634743064764688,-6.855029304668085,-0.003454399626933056,-0.3026740137310532,0.6017952546652072,False
2025-05-22,20.549999237060547,0.0,0.0437,0.42085722266210646,1.06,O:INTC250606C00020000,0.44,O:INTC250606P00020000,0.43165714036912467,0.41169470521909685,0.4216887980461121,0.0008315753840056339,0.29145346191071053,0.41116695498980194,3.194444630287273,-15.626614984585991,0.0019596449451960867,-0.504716339588289,0.8108186869907732,0.6432107641859759,0.2012367269033938,1.6012603091272672,-8.448633411632773,0.005307055073261917,-0.23921576393784846,0.3769884655894437,-0.35175730227526536,0.20993022808640813,1.5931843211600056,-7.177981572953217,-0.0033474101280658304,-0.2655005756504405,0.4338302214013295,False
2025-05-23,20.049999237060547,0.0,0.0436,0.35546887792652127,0.75,O:INTC250606C00020000,0.65,O:INTC250606P00020000,0.4447323914858622,0.4350091369406598,0.43987064342498783,0.08440176549846656,0.07334811659782059,0.4522865261583806,3.1733201899032064,-17.590800121566105,2.8027651518306232e-05,-0.00802966908692273,0.0029527669905040823,0.5366545914073277,0.22364485750949556,1.586667252638186,-9.32752594701694,0.003972192122334112,-0.0030515896328295027,0.0011214268700565923,-0.46330647480950715,0.22864166864888505,1.5866529372650202,-8.263274174549167,-0.003944164470815806,-0.004978079454093228,0.0018313401204474902,False
2025-05-27,20.549999237060547,0.0,0.0435,0.3572250880200392,0.89,O:INTC250606C00020000,0.35,O:INTC250606P00020000,0.38474064232412375,0.4130584003657933,0.3989400347232819,0.04171494670324266,0.33798551580197256,0.49699214920269275,2.655010135559025,-16.932102914713923,0.001811302251386585,-0.667038157865957,1.070010338337445,0.67370427553908,0.2559062497321504,1.3199638109016358,-8.562064732254038,0.004112578523280164,-0.35757071273981167,0.5893729899526462,-0.3357187597371074,0.2410858994705423,1.3350463246573896,-8.370038182459885,-0.0023012762718935794,-0.30946744512614527,0.480637348384799,False
2025-05-28,20.3700008392334,0.0,0.0435,0.35737962464828,0.83,O:INTC250606C00020000,0.39,O:INTC250606P00020000,0.45703890639907135,0.4215914801125298,0.439340427017212,0.081960802368932,0.23879002549855677,0.5115751794618875,2.5864696815474533,-20.613812205547756,0.001012264727723936,-0.40145428983031384,0.4153518637636916,0.6158497442817734,0.2461904751430215,1.296892597632082,-11.17874314334069,0.0032541277244059453,-0.1825636596339531,0.1825933040597139,-0.37705971878321665,0.265384704318866,1.2895770839153715,-9.435069062207067,-0.0022418629966820093,-0.2188906301963607,0.23275855970397769,False
2025-05-29,20.25,0.0,0.0434,0.3553328978400761,0.65,O:INTC250606C00020000,0.39,O:INTC250606P00020000,0.40640543648997324,0.4152120572653326,0.41080982542037964,0.05547692758030354,0.19276315873226302,0.6034199007194225,2.419983338061826,-21.001536370890506,0.0006817747534114058,-0.34057333923159394,0.259700635248689,0.5971312117305203,0.3048013801584819,1.209420157535805,-10.81839223291469,0.0027242635803673286,-0.17449673797914564,0.13409005443082117,-0.4043680529982573,0.29861852056094057,1.2105631805260209,-10.183144137975814,-0.002042488826955923,-0.16607660125244833,0.12561058081786786,False
2025-05-30,19.549999237060547,0.0,0.0433,0.37624166628132244,0.29,O:INTC250606C00020000,0.72,O:INTC250606P00020000,0.42806946869654544,0.42534969443514603,0.4267096422672272,0.050467975985904745,-0.26182600267603484,0.6421198069672063,2.077818386609813,-22.077607646318686,-0.0012160115382061176,0.697371379696738,0.6419562311555027,0.3695611643412582,0.32017159889835795,1.0393456712032139,-11.512068218276948,0.0013759762858966073,0.3467790922428992,0.3180162186406368,-0.631387167017293,0.32194820806884833,1.0384727154065994,-10.565539428041738,-0.002591987824102725,0.3505922874538388,0.323940012514866,True
2025-06-02,19.739999771118164,0.0,0.0433,0.35831035868744204,1.29,O:INTC250711C00019500,0.92,O:INTC250711P00019500,0.4207362766010375,0.4081235911302805,0.4144302689313889,0.05611991024394686,0.15286529753191735,0.28227523531913823,5.244644742808969,-9.478636267663436,0.0009293360004153511,-0.0987301705755652,0.12748978165603017,0.576121670235469,0.1390115409078916,2.6227238185918695,-5.230987238205427,0.011603039980910586,-0.045849612788213645,0.05894419381653523,-0.42325637270355165,0.1432636944112466,2.6219209242170995,-4.24764902945801,-0.010673703980495235,-0.052880557787351554,0.06854558783949495,False
2025-06-03,20.290000915527344,0.0,0.0433,0.3685515921655384,1.56,O:INTC250711C00019500,0.36,O:INTC250711P00019500,0.4020193222006927,0.27172275443163424,0.3378752685189247,-0.030676323646613712,0.3594716448610079,0.3234303632245146,4.827519844224987,-7.596375760687139,0.005970755559262187,-0.8103680077221489,2.716262922700456,0.6551499952334942,0.13548362793379737,2.491468314506219,-5.0153214542043445,0.013036660003439256,-0.24305942529416047,0.6563439465881601,-0.29567835037248624,0.18794673529071726,2.3360515297187687,-2.5810543064827947,-0.007065904444177069,-0.5673085824279884,2.059918976112296,False
2025-06-04,20.25,0.0,0.0432,0.3634755716553639,1.58,O:INTC250711C00019500,0.68,O:INTC250711P00019500,0.4289775743294247,0.404618886970718,0.4168145739197733,0.05333900226440935,0.2953316993119648,0.2689911243408337,4.921984075063094,-9.735022399002586,0.003986214547572094,-0.4330849194497572,1.0895452942707076,0.6450337006446641,0.1309265602504962,2.4676049099813846,-5.435906268530852,0.012302070469344048,-0.20092920195832964,0.4953706901577329,-0.34970200133269935,0.1380645640903375,2.4543791650817086,-4.2991161304717345,-0.008315855921771954,-0.23215571749142755,0.5941746041129746,False
2025-06-05,19.989999771118164,0.0,0.0426,0.3604601085308308,1.4,O:INTC250711C00019500,0.81,O:INTC250711P00019500,0.43135763460770093,0.4254766238661957,0.42841758756637577,0.06795747903554494,0.22136744167430478,0.27882705715212064,4.9247080852209075,-10.31894156211687,0.002285456857875406,-0.2569188830951004,0.4637554800919928,0.6103060355744978,0.1384952375261492,2.4630357412849992,-5.6088733685137715,0.011142875210222294,-0.12588625754277782,0.22642094844261976,-0.38893859390019303,0.14033181962597147,2.4616723439359083,-4.710068193603099,-0.008857418352346888,-0.1310326255523226,0.23733453164937304,False
2025-06-06,20.059999465942383,0.0,0.042800000000000005,0.3372344225797885,1.44,O:INTC250711C00019500,0.7,O:INTC250711P00019500,0.43931031194520087,0.3987394048170847,0.41905249722003934,0.08181807464025087,0.24591366611582066,0.2875647364724232,4.7997155922449295,-10.25733947973838,0.0027708611219752054,-0.330643487098771,0.6568120528087176,0.6196232786799839,0.13721613756951082,2.4064558047607383,-5.798548190336331,0.010902423253378625,-0.14402319632263277,0.2770820016609763,-0.37370961256416324,0.15034859890291238,2.3932597874841908,-4.45879128940205,-0.00813156213140342,-0.18662029077613826,0.3797300511477413,False
2025-06-09,20.479999542236328,0.0,0.0429,0.33806335083360084,1.68,O:INTC250711C00019500,0.53,O:INTC250711P00019500,0.43510517948457106,0.394849019933855,0.4150591856956483,0.07699583486204747,0.3685814549937615,0.2716396818189366,4.4940453285839626,-10.023771947903597,0.005084331456713883,-0.6054846732650797,1.843048440568639,0.6782247610870633,0.1303416078610643,2.2654157383191302,-5.698704973473724,0.011628612187235184,-0.27058650910996057,0.7913686146446178,-0.3096433060933018,0.14129807395787228,2.2286295902648323,-4.325066974429872,-0.006544280730521301,-0.33489816415511914,1.0516798259240212,False
2025-06-10,22.079999923706055,0.0,0.0429,0.42382354595044786,2.38,O:INTC250711C00019500,0.26,O:INTC250711P00019500,1.0,0.44945073837558985,0.00010000000000000002,-0.42372354595044787,0.5616556501511693,0.1304365199402866,3.850235501481275,-16.62971790078598,0.007395359246230689,-0.5584285875030989,3.500194407631521,0.7174612144952456,0.050684375467202884,2.2552751252033802,-12.861331091881848,0.010772513909846177,-0.09236952886866179,0.35448505575544437,-0.15580556434407633,0.07975214447308371,1.5949603762778948,-3.7683868089041317,-0.003377154663615488,-0.4660590586344371,3.145709351876077,False
2025-06-11,20.68000030517578,0.0,0.043,0.4743237145372628,1.63,O:INTC250711C00019500,0.53,O:INTC250711P00019500,0.3651848083942077,0.4397802444303539,0.40295718691349036,-0.07136652762377244,0.44418395817596046,0.27420649246911144,4.094854302678174,-9.763758631200595,0.006133568912457288,-0.7948049354657032,2.9020288759820807,0.7367141748738238,0.14630495261665696,1.9947797563211864,-4.757133502109658,0.011877598648682246,-0.4696424152853868,1.8172003337434033,-0.2925302166978634,0.12790153985245448,2.100074546356988,-5.006625129090936,-0.005744029736224958,-0.32516252018031633,1.0848285422386774,False
2025-06-12,20.770000457763672,0.0,0.0418,0.4478902145087041,1.95,O:INTC250711C00019500,0.47,O:INTC250711P00019500,0.5019284754181628,0.4323016576222075,0.46742663860321054,0.019536424094506455,0.4269972990061085,0.24394898993313896,4.079243923589162,-11.717779057398566,0.005373945079850604,-0.6310759642361341,2.1523631964157977,0.702617764033954,0.11507402443149199,2.076399438163453,-6.781716945668908,0.010536142733848428,-0.26704869203322057,0.8517313211018207,-0.27562046502784554,0.12887496550164698,2.0028444854257095,-4.936062111729659,-0.005162197653997824,-0.3640272722029135,1.3006318753139772,False
2025-06-13,20.139999389648438,0.0,0.042300000000000004,0.459281399793037,1.39,O:INTC250711C00019500,0.62,O:INTC250711P00019500,0.44907071920129804,0.41867547371266045,0.43389474213123325,-0.025386657661803758,0.2760086953406735,0.304859909048412,4.2532574156561544,-11.77713402127749,0.0028165198061101777,-0.40009897283425266,0.8032310870697745,0.6349726648422227,0.1475255638872664,2.1327030152311934,-6.515877370607763,0.009046308795528417,-0.18292594830002498,0.3581253488909001,-0.3589639695015492,0.15733434516114556,2.1205544004249615,-5.261256650669727,-0.006229788989418239,-0.2171730245342277,0.44510573817887444,False
2025-06-16,20.739999771118164,0.0,0.0424,0.4731963447277645,1.74,O:INTC250711C00019500,0.41,O:INTC250711P00019500,0.4322443773508228,0.4174879712202326,0.4248858313322068,-0.0483105133955577,0.46100033539226914,0.27310311509296004,3.762343284601376,-10.915738603794924,0.005587769450789652,-0.7742494984339463,2.7101051703339545,0.7276451744195096,0.13490510077939252,1.891160019822367,-5.987037376896726,0.010066502153468306,-0.3741617209266492,1.2906452370726802,-0.26664483902724045,0.13819801431356754,1.871183264779009,-4.928701226898197,-0.004478732702678653,-0.4000877775072972,1.419459933261274,False
2025-06-17,20.799999237060547,0.0,0.042300000000000004,0.4715690304724898,1.94,O:INTC250711C00019500,0.38,O:INTC250711P00019500,0.5289409597132513,0.4204165811082692,0.47555487520694745,0.003985844734457622,0.45291344611628337,0.25424302949441613,3.694595620167603,-12.622624122565295,0.005071856666909398,-0.6809501918235851,2.3288417649081525,0.7083574226796763,0.11672188714817976,1.9079109556801452,-7.605384935524312,0.00913845275093103,-0.26423370980341987,0.8058187445568258,-0.2554439765633929,0.13752114234623639,1.7866846644874579,-5.017239187040983,-0.004066596084021631,-0.4167164820201652,1.5230230203513269,False
2025-06-18,21.489999771118164,0.0,0.042,0.48643783970472565,2.4,O:INTC250711C00019500,0.27,O:INTC250711P00019500,0.5119782527264694,0.4569004114769696,0.484931409072876,-0.0015064306318496312,0.6099641771719062,0.20400705480910872,3.0752992750587893,-11.502955854356081,0.0070415956536843795,-0.8375116601869015,4.038699969405551,0.7934780959349921,0.09986296166025527,1.5928583557987204,-6.659737073858082,0.009884180543671203,-0.382136250658269,1.7459165851997722,-0.18351391876308587,0.10414409314885345,1.482440919260069,-4.843218780497999,-0.0028425848899868234,-0.45537540952863254,2.2927833842057788,False
2025-06-20,21.079999923706055,0.0,0.042,0.480972795604381,1.91,O:INTC250711C00019500,0.28,O:INTC250711P00019500,0.4372773478689722,0.4363919231355406,0.4368347730398178,-0.04413802256456317,0.580777672294727,0.25628299399049315,2.9612057833028445,-11.288104530873454,0.005983805528370844,-0.9242182871392794,3.8395434889314455,0.7901842548988308,0.12808518783945191,1.4814527962346027,-6.06094582712174,0.008778026210107781,-0.4613665701437107,1.914997925988594,-0.20940658260410383,0.1281978061510412,1.4797529870682415,-5.227158703751715,-0.0027942206817369373,-0.46285171699556876,1.9245455629428516,False
2025-06-23,21.190000534057617,0.0,0.042,0.480165306020599,1.9,O:INTC250711C00019500,0.19,O:INTC250711P00019500,0.37950693988787676,0.40007432379830854,0.3899077600717545,-0.0902575459488445,0.6711203122591387,0.25440723627843387,2.4734841587263854,-9.191990257303658,0.006739466541771155,-1.1243389208740875,5.488648247920244,0.8413402298953083,0.12766048594964338,1.2085528463850783,-4.7968637284933004,0.00884888884489208,-0.5805582461717788,2.8995620532360844,-0.17021991763616962,0.12674675032879051,1.264931312341307,-4.395126528810357,-0.002109422303120925,-0.5437806747023087,2.5890861946841595,False
2025-06-24,22.549999237060547,0.0,0.0421,0.5172309749618673,3.26,O:INTC250711C00019500,0.07,O:INTC250711P00019500,0.56578177921981,0.4480738424028787,0.5124721462249755,-0.004758828736891818,0.8204578823519232,0.12247206201693768,1.643476441041781,-8.894471716805137,0.00782647698706313,-0.7706458764368334,5.380253092477554,0.8872452863532716,0.06604835015447971,0.9802724682982775,-6.080615332288066,0.008639521702165654,-0.36653029384127195,2.2752713420959605,-0.06678740400134842,0.05642371186245797,0.6632039727435036,-2.8138563845170714,-0.0008130447151025243,-0.40411558259556146,3.1049817503815933,False
2025-06-25,22.200000762939453,0.0,0.0421,0.5179281961498063,2.85,O:INTC250711C00019500,0.07,O:INTC250711P00019500,0.48309748558568083,0.42861328815481103,0.4572762367248535,-0.06065195942495283,0.8306317411364875,0.1397468182199919,1.4991117937459695,-7.873862310068256,0.007390488231881782,-0.8631868446521909,5.769428521267654,0.9035123807247769,0.07305003142815003,0.8282126665006343,-4.925584065818603,0.00819427406734061,-0.42339216704888294,2.67017497741839,-0.07288063958828939,0.06669678679184188,0.6708991272453351,-2.948278244249654,-0.0008037858354588283,-0.43979467760330787,3.0992535438492643,False
2025-06-26,22.5,0.0,0.041100000000000005,0.5164723349062692,3.02,O:INTC250711C00019500,0.06,O:INTC250711P00019500,1.0,0.4637633647153201,0.3808258968353272,-0.135646438070942,0.7262477198914165,0.11729775930091725,1.933535607829549,-19.168016318189736,0.005506963604230091,-0.5489280222721991,3.3845443342624955,0.7875591507871684,0.061724550720840966,1.3640023485185837,-16.201706314585824,0.006135319919575274,-0.170919208156493,0.641153241520441,-0.06131143089575197,0.055573208580076285,0.5695332593109653,-2.966310003603913,-0.0006283563153451831,-0.3780088141157061,2.7433910927420544,False
2025-06-27,22.690000534057617,0.0,0.04190000000000001,0.5147891535010136,3.23,O:INTC250711C00019500,0.04,O:INTC250711P00019500,0.35251920125250735,0.465469474069504,0.42188905963897716,-0.09290009386203646,0.9419385049746826,0.06630811980887794,0.581003640563549,-3.9459191217855265,0.007183565547986093,-0.5336720866465622,4.584344220252062,0.9866654295718993,0.02147550005675155,0.15466588608703555,-1.4896826515599602,0.007602158382508952,-0.20831862801322124,2.0868734126213035,-0.04472692459721672,0.044832619752126386,0.42633775447651345,-2.4562364702255666,-0.0004185928345228585,-0.325353458633341,2.4974708076307577,False
2025-06-30,22.399999618530273,0.0,0.042800000000000005,0.4974213104746332,3.05,O:INTC250711C00019500,0.04,O:INTC250711P00019500,0.5959831656330389,0.45779044097861027,0.5356843720912934,0.038263061616660154,0.8552442294227528,0.11944992729951281,1.1479385420695583,-9.44680933059451,0.005738382290292863,-0.6857628692499307,4.305225923553984,0.9033493468713394,0.06784754942756217,0.7246130467258498,-6.781519555337016,0.00613750893761342,-0.34127856066113943,1.8793752761523372,-0.04810511744858659,0.05160237787195064,0.42332549534370845,-2.6652897752574938,-0.0003991266473205566,-0.34448430858879125,2.4258506474016466,True
2025-07-01,22.850000381469727,0.0,0.0432,0.49945115291298925,1.47,O:INTC250801C00023000,1.42,O:INTC250801P00023000,0.5444123765440605,0.5045758146890605,0.5244916563034058,0.025040503390416524,0.050068778740551934,0.22025261596395285,5.497064690137901,-15.719240132835889,-0.0015935060672046877,0.14530856733858535,-0.06293934308251693,0.5264808220766232,0.10591904635349005,2.7479053540613094,-8.651639419706012,0.009638174629429742,0.07168882872550224,-0.03287320382933907,-0.47641204333607123,0.1143335696104628,2.749159336076592,-7.067600713129878,-0.01123168069663443,0.07361973861308312,-0.03006613925317786,False
2025-07-02,21.8799991607666,0.0,0.0433,0.5237748958720377,0.95,O:INTC250801C00023000,1.91,O:INTC250801P00023000,0.5334670838734282,0.5043527004584971,0.5189272449016572,-0.004847650970380535,-0.17763738072505075,0.2320776328694344,5.0295490990462906,-14.656376050438709,-0.005889981202621728,0.5671357041969998,0.8248350814634684,0.4153046698401892,0.11305948776399789,2.5207593291844876,-8.05403120803066,0.007103613024065372,0.27156528086748594,0.375564277287476,-0.59294205056524,0.11901814510543651,2.508789769861803,-6.6023448424080495,-0.0129935942266871,0.2955704233295139,0.4492708041759924,False
2025-07-03,22.489999771118164,0.0,0.0435,0.5297245041088677,1.2,O:INTC250801C00023000,1.65,O:INTC250801P00023000,0.5371766525784739,0.5461511281385472,0.5416640878915786,0.011939583782710872,-0.03353915789786188,0.2267025497583946,5.17552473361121,-16.66359194058304,-0.003003579711205344,0.2920319682313943,0.07975154325949627,0.4825752660606981,0.11428246303943734,2.5875835192017402,-8.759847335283588,0.008044264686043655,0.14747183693362076,0.04183137715840229,-0.51611442395856,0.11242008671895727,2.5879412144094704,-7.903744605299449,-0.011047844397248999,0.14456013129777354,0.03792016610109398,False
2025-07-07,22.0,0.0,0.0437,0.534824643288373,0.95,O:INTC250801C00023000,1.8,O:INTC250801P00023000,0.5543733589125908,0.5228731511193765,0.5386396610260009,0.003815017737627935,-0.16208246611747296,0.24032066514039901,4.719868607542692,-16.584043853283216,-0.004761923445916815,0.5119271926784625,0.6340307752812036,0.4229853037821298,0.11689982108461751,2.3649100116942496,-9.05942893659974,0.006299914959560723,0.24467922252253507,0.28713394111320345,-0.5850677698996027,0.12342084405578149,2.3549585958484425,-7.524614916683476,-0.011061838405477538,0.26724797015592744,0.3468968341680001,False
2025-07-08,23.59000015258789,0.0,0.0436,0.5850472374589425,1.78,O:INTC250801C00023000,1.07,O:INTC250801P00023000,0.575162697891421,0.555204120940846,0.5651860040068626,-0.019861233452079907,0.2081304450118795,0.21631981067758344,4.858275797554222,-19.310703730880064,0.0014712837354202918,-0.15399331031974067,0.2563129534311145,0.6032976251560682,0.10630700063846328,2.430414955548902,-10.32808625043381,0.008894136478205396,-0.0725012780360677,0.11971035801953767,-0.3951671801441887,0.11001281003912014,2.4278608420053196,-8.982617480446256,-0.007422852742785104,-0.08149203228367295,0.13660259541157685,False
2025-07-09,23.440000534057617,0.0,0.0436,0.5855445391688024,1.62,O:INTC250801C00023000,1.1,O:INTC250801P00023000,0.562886506783771,0.5576313852047006,0.5602588536024096,-0.02528568556639288,0.17661878066881553,0.22817133796077713,4.738098850774415,-19.736908003983004,0.0009578989414455504,-0.10791641415633568,0.14664691542863267,0.5881676237276172,0.11355989483407894,2.3692420654154605,-10.414901980979915,0.00820766031916439,-0.052982495548502775,0.07187792895617444,-0.4115488430588017,0.11461144312669819,2.368856785358955,-9.32200602300309,-0.007249761377718839,-0.0549339186078329,0.07476898647245825,False
2025-07-10,23.81999969482422,0.0,0.0436,0.5244285768624125,1.83,O:INTC250801C00023000,0.93,O:INTC250801P00023000,0.5716872446241753,0.5644330961775701,0.5680609498977661,0.04363237303535361,0.2628711069465113,0.2212051988926484,4.526641001316589,-20.402532769564903,0.0022232315474565107,-0.2556244692985255,0.5150249121763595,0.6309720173015954,0.10994203349559388,2.264254361192369,-10.769266270034013,0.00838079572035976,-0.1256261944976222,0.2521653581080662,-0.3681009103550841,0.11126316539705451,2.2623866401242205,-9.63326649953089,-0.006157564172903249,-0.1299982748009033,0.2628595540682933,False
2025-07-11,23.43000030517578,0.0,0.0437,0.4673417190065681,1.57,O:INTC250801C00023000,1.04,O:INTC250801P00023000,0.5812746015880051,0.5631880100769747,0.5722325896024705,0.10489087059590235,0.17502550083625357,0.2380875723786234,4.450790203505314,-21.459050907997508,0.0008874092488136715,-0.1110508478367156,0.14043563663075626,0.5870110741621666,0.11719638727383205,2.226029308911757,-11.401474480715056,0.007252184313548291,-0.0522860003330888,0.0657135951006645,-0.411985573325913,0.12089118510479135,2.2247608945935573,-10.057576427282454,-0.006364775064734619,-0.05876484750362679,0.07472204153009174,False
2025-07-14,23.299999237060547,0.0,0.0437,0.4693093546873044,1.4,O:INTC250801C00023000,1.08,O:INTC250801P00023000,0.5586984296568425,0.5752975105882506,0.566998609828949,0.09768925514164462,0.1444019781065231,0.2520808147931369,4.309911598227634,-22.032097134147804,0.000491425544284458,-0.06697209642416341,0.06695083149623932,0.5724786269008265,0.12786912213413248,2.1546783245130547,-11.356062010499715,0.006632639761123738,-0.03581536357622839,0.0359334817144686,-0.4280766487943034,0.12421169265900438,2.1552332737145794,-10.67603512364809,-0.00614121421683928,-0.03115673284793502,0.03101734978177071,False
2025-07-15,22.920000076293945,0.0,0.0436,0.45732928529331784,1.24,O:INTC250801C00023000,1.22,O:INTC250801P00023000,0.6039660177903431,0.5806571965481133,0.5923111983537674,0.1349819130604496,0.04631578052650087,0.258428080208401,4.146608838886605,-23.744114127937408,-0.0007214186503328533,0.10281915611371788,-0.031084179924692194,0.5237569830480251,0.12666032084982876,2.073123279879246,-12.60503244605342,0.005553120285256441,0.051161967610401926,-0.015869798262202868,-0.4774412025215242,0.1317677593585723,2.073485559007359,-11.13908168188399,-0.006274538935589294,0.05165718850331595,-0.015214381662489326,False
2025-07-16,22.690000534057617,0.0,0.0436,0.4526845295552936,1.08,O:INTC250801C00023000,1.33,O:INTC250801P00023000,0.6077897239583976,0.601563167788239,0.6046763980865479,0.15199186853125435,-0.016859954876459304,0.2664443518792764,3.949733669525634,-24.95551149961372,-0.0013297868500719281,0.2019582866091562,0.021136348980286938,0.49188438932729794,0.13253847812408898,1.9748997282714291,-13.042924854926621,0.0048004081221576156,0.10038914866457015,0.01011236475117173,-0.5087443442037572,0.1339058737551874,1.9748339412542049,-11.912586644687098,-0.006130194972229544,0.10156913794458608,0.011023984229115208,False
2025-07-17,22.799999237060547,0.0,0.0436,0.452623802227202,1.1,O:INTC250801C00023000,1.24,O:INTC250801P00023000,0.6173930243225133,0.6088314248748811,0.6131121792793276,0.1604883770521256,0.00855470200207642,0.27319029752297774,3.8005448071365553,-26.59740757086167,-0.0009362889210187738,0.15274496276871816,-0.007797585626312684,0.5046042718711267,0.13564023007903955,1.900255706249267,-13.89218261605877,0.004541855045653613,0.07588727975583527,-0.004172154914587178,-0.49604956986905024,0.1375500674439382,1.900289100887288,-12.705224954802901,-0.005478143966672387,0.07685768301288289,-0.0036254307117255065,False
2025-07-18,23.100000381469727,0.0,0.0435,0.4415281750646098,1.2,O:INTC250801C00023000,0.99,O:INTC250801P00023000,0.6171366546277671,0.5785906966171294,0.5978632126092911,0.1563350375446813,0.08800545235687807,0.288553007919518,3.649213155246738,-27.482963284332428,-6.23309591209131e-05,0.011232311272293882,-0.005718150191921496,0.5441123231154024,0.13962114443332227,1.8245508381175843,-14.682116002382077,0.004511505901400068,0.007797889893822087,-0.0039758185622597395,-0.4561068707585243,0.14893186348619575,1.8246623171291538,-12.80084728195035,-0.004573836860520981,0.0034344213784717947,-0.0017423316296617565,False
2025-07-21,23.260000228881836,0.0,0.0435,0.4330850785690663,1.17,O:INTC250801C00023000,0.91,O:INTC250801P00023000,0.5829742378232969,0.6036315110931617,0.5933039236783983,0.16021884510933204,0.1351526854110785,0.3016283615367198,3.456843258450297,-28.759725454497183,0.00037987553342702825,-0.07707912882577164,0.05769273658398784,0.5679739349394954,0.15341371257292227,1.7281241571605988,-14.62811280015227,0.004300383520246993,-0.04116761622687011,0.030983934292714992,-0.43282124952841694,0.1482146489637975,1.728719101289698,-14.131612654344913,-0.0039205079868199644,-0.03591151259890153,0.02670880229127285,False
2025-07-22,23.239999771118164,0.0,0.0437,0.43363343557854594,1.23,O:INTC250801C00023000,0.92,O:INTC250801P00023000,0.6632942245068909,0.6399264551714183,0.6516110400676727,0.21797760448912673,0.126680504920475,0.2920716772889033,3.262123569388133,-33.513501386829084,0.0002520809223355469,-0.052481103675096494,0.034663127579171664,0.5630341182811311,0.14343539194038038,1.6312639001083362,-17.559684485003366,0.0037634643745984775,-0.0240450301940586,0.015797594342233368,-0.43635361336065615,0.14863628534852294,1.630859669279797,-15.95381690182572,-0.0035113834522629305,-0.02843607348103789,0.018865533236938296,False
2025-07-23,23.489999771118164,0.0,0.0437,0.3742946206783621,1.4,O:INTC250801C00023000,0.9,O:INTC250801P00023000,0.7269085607883611,0.7387159356465258,0.7328128246545791,0.358518203976217,0.19247359187478696,0.2699945869657763,3.032382261993152,-40.096147004884564,0.0006170012858569504,-0.12842735481091594,0.12250148139332398,0.5966158217834681,0.1360526746047858,1.5158296290243245,-20.38490550371867,0.003504029310316425,-0.06575290736008141,0.06296484644309824,-0.4041422299086811,0.13394191236099046,1.5165526329688277,-19.711241501165894,-0.0028870280244594746,-0.06267444745083454,0.05953663495022573,False
2025-07-24,22.6299991607666,0.0,0.0437,0.394554267470857,0.95,O:INTC250801C00023000,1.3,O:INTC250801P00023000,0.7944784813221347,0.7972961975736974,0.7958871205806732,0.40133285310981626,-0.04958210039106681,0.28654330969590336,2.780739520305433,-46.328906349716135,-0.0008028673548187825,0.18509686507675527,0.04019101763766281,0.4750785627282408,0.14352235309082156,1.3903414488986,-23.62482852033783,0.0023335779704376884,0.09276544274081275,0.020248454926915706,-0.5246606631193076,0.14302095660508182,1.3903980714068331,-22.704077829378306,-0.003136445325256471,0.0923314223359425,0.019942562710747104,False
2025-07-25,20.700000762939453,0.0,0.0437,0.49650971272668054,0.04,O:INTC250801C00023000,2.26,O:INTC250801P00023000,0.4829070841248027,1.0,0.37267429637908933,-0.12383541634759121,-0.6824897670908169,0.2008970979936167,1.3049162558438747,-27.242257156770503,-0.0033443864749998285,0.6784185393612012,2.3449167284276484,0.06652740403980997,0.09168525341442428,0.37642048732661165,-4.639190249119661,0.0002653010544405953,0.41976438177143216,1.8385607029309583,-0.7490171711306268,0.10921184457919245,0.9284957685172631,-22.60306690765084,-0.0036096875294404237,0.25865415758976906,0.5063560254966903,False
2025-07-28,20.68000030517578,0.0,0.044000000000000004,0.49457908929756933,0.03,O:INTC250801C00023000,2.31,O:INTC250801P00023000,0.512377997140474,0.3902420236413987,0.46472215347290047,-0.029856935824668862,-0.9288030422207002,0.1236910215301715,0.3961133483126798,-5.025893094451721,-0.0034202614597733765,0.5917915261712836,2.788613088592986,0.054354896097127944,0.08255549155793704,0.2871421656780502,-4.682586431744533,0.0001736602012502229,0.358898312616583,1.4998964589617962,-0.9831579383178282,0.041135529972234464,0.10897118263462961,-0.34330666270718824,-0.0035939216610235995,0.23289321355470066,1.28871662963119,False
2025-07-29,20.40999984741211,0.0,0.044000000000000004,0.4946436443539518,0.01,O:INTC250801C00023000,2.53,O:INTC250801P00023000,0.5375458701218708,1.0,0.00010000000000000002,-0.4945436443539518,-0.8269844505559102,0.15001170855945206,0.640221591945017,-23.684093670743753,-0.0023371313477303537,0.47430935523782985,1.538191023739289,0.022820795296078715,0.04522068813349812,0.1205478345260227,-2.741653592121601,5.425862244176756e-05,0.2071798116482919,0.9221400069723916,-0.8498052458519889,0.10479102042595395,0.5196737574189944,-20.942440078622152,-0.0023913899701721213,0.26712954358953794,0.6160510167668976,False
2025-07-30,20.34000015258789,0.0,0.0441,0.48631693938589304,0.01,O:INTC250801C00023000,2.75,O:INTC250801P00023000,0.6753930554000678,1.0740909235972007,0.9261401214599609,0.4398231820740679,-0.8688129483247587,0.13937647243232593,0.4345679841972371,-26.080901595296126,-0.0016215599604361842,0.3937760109835542,1.1083106276681485,0.022387307778832244,0.04352234333487908,0.09651620117870806,-4.126381717515214,3.534586060614928e-05,0.16300640352013737,0.5927437950868437,-0.891200256103591,0.09585412909744684,0.338051783018529,-21.954519877780914,-0.0016569058210423335,0.23076960746341685,0.5155668325813048,False
2025-07-31,19.799999237060547,0.0,0.0449,0.47332942984427845,0.01,O:INTC250801C00023000,3.25,O:INTC250801P00023000,1.133993929986879,1.5345271516328332,1.3789144176483152,0.9055849878040367,-0.9133945996794858,0.1015741198918661,0.2213839486146746,-38.8310879073726,-0.0008470322371741681,0.22479740284086502,0.48325501054582043,0.019748323420077072,0.033866109690132346,0.059745588984213525,-8.553750695510642,1.5119713835347261e-05,0.0899898147025025,0.23110498034722732,-0.9331429230995628,0.06770801020173375,0.16163835963046108,-30.277337211861955,-0.0008621519510095153,0.13480758813836252,0.2521500301985931,True
2025-08-01,19.309999465942383,0.0,0.0449,0.46223177696445733,0.93,O:INTC250905C00019500,1.03,O:INTC250905P00019500,0.40341429975997795,0.4020401059723381,0.40272736289501193,-0.0595044140694454,0.017032694566521678,0.3256712261287914,4.8516903986584055,-9.774458430099386,-0.0016181534494223975,0.208966277869913,-0.027133105242461125,0.508588137157199,0.16255717188742652,2.425835877707476,-5.331427650861833,0.008820274461200098,0.1043405508190101,-0.013662418193009142,-0.4915554425906773,0.1631140542413649,2.4258545209509292,-4.443030779237553,-0.010438427910622496,0.10462572705090291,-0.013470687049451981,False
2025-08-04,19.5,0.0,0.044800000000000006,0.46261497052573963,0.91,O:INTC250905C00019500,0.9,O:INTC250905P00019500,0.3624519996587065,0.3930057249268347,0.3777280407190324,-0.08488692980670726,0.07564277691968224,0.35000531018083597,4.779938456613749,-9.463945451803546,-0.0003190150953017133,0.04521614153899049,-0.025868130824942635,0.5374740744092792,0.18209496800412603,2.3901676741005726,-4.9769548796400365,0.009114994715219775,0.019486881026930195,-0.01103172227104439,-0.46183129748959695,0.16791034217670994,2.389770782513177,-4.48699057216351,-0.009434009810521489,0.0257292605120603,-0.014836408553898244,False
2025-08-05,20.190000534057617,0.0,0.0449,0.39364113043637483,1.43,O:INTC250905C00019500,0.63,O:INTC250905P00019500,0.41854018039657814,0.4052044395425928,0.4118774104356766,0.018236279999301774,0.29210580553075793,0.29613648452081814,4.536817427446058,-10.409181143870498,0.0035025863691408214,-0.4522047659980172,1.0339236436676118,0.6445461681902209,0.14589586088614856,2.2718522534039525,-5.729161182578818,0.010572139366653297,-0.21730786039742386,0.49127491451630445,-0.352440362659463,0.15024062363466958,2.2649651740421057,-4.68001996129168,-0.007069552997512476,-0.23489690560059334,0.5426487291513072,False
2025-08-06,20.40999984741211,0.0,0.044800000000000006,0.3990043041361522,1.51,O:INTC250905C00019500,0.49,O:INTC250905P00019500,0.39874887112247015,0.38289485212027424,0.390836592411995,-0.0081677117241572,0.3735644415457603,0.300810867107479,4.273995897845934,-9.819357126767917,0.00491023429717644,-0.6738304443505188,1.9793063311335592,0.6841135316222018,0.14790592848627182,2.1448315610191258,-5.456128727311771,0.010871454590177672,-0.3223636713609804,0.931637172723595,-0.3105490900764415,0.1529049386212072,2.129164336826808,-4.363228399456146,-0.0059612202930012315,-0.3514667729895384,1.0476691584099642,False
2025-08-07,19.770000457763672,0.0,0.0449,0.39868189724389075,1.16,O:INTC250905C00019500,0.81,O:INTC250905P00019500,0.43406570651257054,0.43084978482370784,0.4324576267957688,0.033775729551878075,0.16050877232556737,0.316721777389134,4.461160097822281,-11.62960825924663,0.0010027154186262946,-0.14046095886929172,0.1623678370299773,0.5801414638406373,0.15778133955656506,2.230710580581015,-6.272541710665587,0.008591164171414239,-0.06929283050610886,0.07998424760654659,-0.4196326915150699,0.15894043783256895,2.2304495172412664,-5.3570665485810425,-0.007588448752787944,-0.07116812836318287,0.08238358942343074,False
2025-08-08,19.950000762939453,0.0,0.044800000000000006,0.40264147165443137,1.22,O:INTC250905C00019500,0.66,O:INTC250905P00019500,0.4239599989704456,0.40501814924059415,0.4144941619157792,0.011852690261347831,0.22384487748304915,0.3290991904992754,4.306646108925525,-11.36198323063097,0.0020521472036241564,-0.3101965342622187,0.4961108879388006,0.6104554762704475,0.16096874773810863,2.1556673109601685,-6.248619986229015,0.008697291442330056,-0.14571746363840893,0.2297269562035631,-0.38661059878739834,0.16813044276116676,2.1509787979653567,-5.113363244401956,-0.006645144238705899,-0.16447907062380981,0.2663839317352375,False
2025-08-11,20.649999618530273,0.0,0.0446,0.430391667108406,1.76,O:INTC250905C00019500,0.5,O:INTC250905P00019500,0.47480271742467234,0.45201729291190124,0.4634414329051971,0.03304976579679114,0.4112357493398324,0.2624775250249285,3.9088300709666326,-12.291952928452119,0.004698743780669741,-0.6156535982896094,1.8891723883726308,0.7021146036451588,0.12873312511093868,1.9651543373860902,-6.755809678090663,0.009604549986162864,-0.29206229124025157,0.878518634049699,-0.29087885430532634,0.13374439991398984,1.9436757335805426,-5.536143250361455,-0.004905806205493123,-0.3235913070493579,1.0106537543229317,False
2025-08-12,21.809999465942383,0.0,0.0444,0.48058356528419505,2.58,O:INTC250905C00019500,0.23,O:INTC250905P00019500,0.4389355899175097,0.4547287593886356,0.4468969644546509,-0.03368660082954417,0.6941232472448606,0.18134357010964755,2.753086597768912,-9.161064791323039,0.008806305465506146,-0.956251918258138,5.709875084667832,0.850836984783145,0.09078993231878409,1.3540096589319996,-4.869629084538628,0.011411967274088872,-0.48831377277512705,2.960304715956118,-0.15671373753828433,0.09055363779086346,1.3990769388369122,-4.291435706784411,-0.002605661808582726,-0.467938145483011,2.749570368711714,False
2025-08-13,22.219999313354492,0.0,0.0444,0.4850958112296786,2.97,O:INTC250905C00019500,0.18,O:INTC250905P00019500,0.48314773111346865,0.47346059738191004,0.4783323127746583,-0.006763498455020278,0.7446174256335188,0.15136755791487144,2.4114608582699137,-9.144582606121187,0.009036578478845234,-0.885094021124166,5.810610051393461,0.8701651577597196,0.07580059160923958,1.2198010492884344,-5.0946889423063375,0.011039927640267289,-0.4381990229567246,2.8505581380994385,-0.12554773212620074,0.07556696630563187,1.1916598089814792,-4.04989366381485,-0.0020033491614220534,-0.44689499816744144,2.9600519132940217,False
2025-08-14,23.860000610351562,0.0,0.044800000000000006,0.552441233236607,4.7,O:INTC250905C00019500,0.14,O:INTC250905P00019500,0.7470832301946376,0.6092415809405243,0.6831379365444185,0.13069670330781147,0.8019253185557009,0.08453480268159605,2.081886695158556,-11.924829795147224,0.00907551656520342,-0.5684705626132083,4.4554276110804025,0.8812322973878886,0.04421355885836215,1.1939463285586052,-7.755734979849839,0.010365843272086683,-0.26393735710321214,1.8743178866482155,-0.07930697883218762,0.0403212438232339,0.8879403665999507,-4.169094815297385,-0.0012903267068832636,-0.30453320550999613,2.581109724432187,False
2025-08-15,24.559999465942383,0.0,0.044800000000000006,0.5593856612657704,5.82,O:INTC250905C00019500,0.09,O:INTC250905P00019500,1.1603271582642058,0.6236433329044204,0.9375655221462251,0.37817986088045474,0.7792429394253442,0.06520452438410516,2.153495415121175,-18.632977201460896,0.007873932247693942,-0.40244026575612885,3.3139263111965906,0.8329564706320703,0.03598815574788961,1.499296312951424,-15.269019522934274,0.008712744329688629,-0.14724540370456357,0.852224590893661,-0.05371353120672617,0.02921636863621555,0.6541991021697509,-3.3639576785266243,-0.0008388120819946875,-0.2551948620515653,2.46170172030293,False
2025-08-18,23.65999984741211,0.0,0.0447,0.577114161353617,4.44,O:INTC250905C00019500,0.09,O:INTC250905P00019500,0.7276226001412182,0.5659657874310191,0.6550126262664795,0.07789846491286245,0.8278224654854249,0.08519065339030774,1.732100041591987,-11.019172074358803,0.008364599670594147,-0.5767370896998447,4.469810203150729,0.8902288177632867,0.046270727625303924,1.0470549608444257,-7.599787449955564,0.009234896495800676,-0.27255171180443916,1.8661042275426745,-0.06240635227786173,0.038919925765003804,0.6850450807475612,-3.4193846244032393,-0.0008702968252065293,-0.3041853778954056,2.6037059756080545,False
2025-08-19,25.309999465942383,0.0,0.0446,0.6256758217518763,5.85,O:INTC250905C00019500,0.04,O:INTC250905P00019500,1.0,0.6272031469463352,0.5499382293701172,-0.07573759238175914,0.8707374491748122,0.048491345188399176,1.3858561606876805,-12.821640585369963,0.008169916836787475,-0.365102513799878,3.336097489032856,0.8982917190191017,0.03090817043524273,1.0214106501743874,-10.639047579645318,0.008550320853278117,-0.18563033715314406,1.357243785487784,-0.027554269844289436,0.017583174753156447,0.3644455105132932,-2.182593005724645,-0.00038040401649064174,-0.17947217664673393,1.9788537035450722,False
2025-08-20,23.540000915527344,0.0,0.044500000000000005,0.6791276711251374,4.21,O:INTC250905C00019500,0.08,O:INTC250905P00019500,0.6535958276349438,0.5825206448024762,0.6200822363376617,-0.059045434787475704,0.8609743479034868,0.08360084467187234,1.367938373687634,-9.646872801030398,0.007608255684711261,-0.5772176093794326,4.401145456925457,0.9201840146704354,0.044202814352855696,0.7623472684908857,-6.008378834269571,0.008310063117997946,-0.286936153841792,2.0728281208459416,-0.05920966676694861,0.03939803031901665,0.6055911051967483,-3.638493966760827,-0.0007018074332866852,-0.2902814555376405,2.328317336079515,False
2025-08-21,23.5,0.0,0.0449,0.6646498988922659,3.8,O:INTC250905C00019500,0.07,O:INTC250905P00019500,1.0,0.5861729294169745,0.00010000000000000002,-0.6645498988922659,0.788298981755262,0.08743510293092077,1.7237320265932548,-17.793639284493594,0.006098718862420669,-0.47114215733478926,3.143845518726378,0.8430108247843817,0.04894269077757192,1.1798198841311704,-14.20249800289757,0.006690505030001224,-0.1917540984231494,0.9479795142072993,-0.05471184302911969,0.03849241215334885,0.5439121424620844,-3.591141281596025,-0.000591786167580555,-0.27938805891163987,2.195866004519079,False
2025-08-22,24.799999237060547,0.0,0.0447,0.6021656544299269,5.31,O:INTC250905C00019500,0.03,O:INTC250905P00019500,1.0,0.6367080107245998,0.4628911903381348,-0.13927446409179206,0.8815733916779321,0.05210418541369424,1.1110979259728635,-13.438510864823677,0.00645300962503626,-0.3526372899274084,2.8282500450839194,0.905820917575572,0.03399415611485682,0.8296731940667306,-11.208995897925554,0.006703540824941846,-0.18746315022455465,1.218266185336584,-0.0242475258976399,0.01811002929883742,0.2814247319061329,-2.229514966898122,-0.000250531199905586,-0.16517413970285372,1.6099838597473357,False
2025-08-25,24.549999237060547,0.0,0.044500000000000005,0.6051796096110769,5.5,O:INTC250905C00019500,0.02,O:INTC250905P00019500,1.225472920733679,0.6066537591082805,1.0012248680114748,0.39604525840039795,0.849251469927337,0.05389453474944354,1.2045858858419245,-19.505191467862407,0.005474686763853097,-0.30304865067827197,2.234376529740203,0.8680169267550981,0.03759842760823619,0.9917868289098364,-17.719247390157538,0.005646362460569035,-0.15446056428632757,0.8005139077279825,-0.018765456827761096,0.01629610714120736,0.21279905693208814,-1.7859440777048698,-0.00017167569671593818,-0.1485880863919444,1.4338626220122206,False
2025-08-26,24.350000381469727,0.0,0.044199999999999996,0.6030212660398956,4.8,O:INTC250905C00019500,0.01,O:INTC250905P00019500,1.0,0.5642551513306946,0.00010000000000000002,-0.6029212660398956,0.8989638963764243,0.04957987358045529,0.8324165660779995,-12.957488444098868,0.005336040872230762,-0.30442354773321273,2.2421390854656185,0.9104600139166749,0.037287469077430885,0.701859684976946,-11.810041935646469,0.005428082290164262,-0.18853357699063053,1.0990063390745684,-0.011496117540250594,0.012292404503024403,0.13055688110105354,-1.1474465084523997,-9.204141793350009e-05,-0.1158899707425822,1.1431327463910501,False
2025-08-27,24.850000381469727,0.0,0.044199999999999996,0.6021815713093315,4.7,O:INTC250905C00019500,0.01,O:INTC250905P00019500,1.0,0.64912541623806,0.00010000000000000002,-0.6020815713093315,0.928326109200217,0.03956730796164576,0.6162252020855467,-11.138431266635122,0.004880044813627383,-0.2611724755625435,1.969536104525869,0.9388703725421114,0.02918485673647737,0.5006196179824548,-9.7996893571332,0.004955607299201936,-0.16664808678695356,1.0666086365929581,-0.0105442633418944,0.010382451225168392,0.11560558410309181,-1.3387419095019208,-7.556248557455198e-05,-0.09452438877558998,0.9029274679329108,False
2025-08-28,24.93000030517578,0.0,0.044199999999999996,0.5868056613419423,5.45,O:INTC250905C00019500,0.01,O:INTC250905P00019500,1.0,0.7085523449202454,0.6459112136840821,0.05910555234213977,0.9427209857690049,0.03558714183688426,0.4829286929713935,-10.285495576463166,0.004276774729766891,-0.23481508235364074,1.7235214387149598,0.953132282596916,0.025458967733078302,0.37673508529607985,-8.717291522634495,0.004340954166218591,-0.14902891243139596,0.9608284044432233,-0.010411296827911087,0.010128174103805959,0.10619360767531365,-1.5682040538286717,-6.417943645170016e-05,-0.08578616992224476,0.7626930342717365,False
2025-08-29,24.350000381469727,0.0,0.0441,0.5855890444364222,4.97,O:INTC250905C00019500,0.01,O:INTC250905P00019500,1.0757453657628016,0.7122487946114443,0.9458573057174683,0.36026826128104605,0.9275964306246777,0.04499592617852327,0.5166789427690249,-13.835964373228165,0.003493447111023977,-0.24829379900387893,1.5465646288686008,0.9391147562296175,0.03265724874077887,0.41329151222362503,-11.993107320442741,0.003551080292149808,-0.15635220734145386,0.829824100177167,-0.011518325604939816,0.012338677437744403,0.10338743054539992,-1.8428570527854238,-5.763318112583107e-05,-0.09194159166242508,0.7167405286914337,True
2025-09-02,24.209999084472656,0.0,0.044000000000000004,0.5890640025356699,1.06,O:INTC251003C00024500,1.38,O:INTC251003P00024500,0.39394955534309306,0.43788258504434346,0.4159160192251206,-0.1731479833105493,-0.00012302821273491027,0.263014346627958,5.835645345122065,-13.18900851502615,-0.002229702610996304,0.24201446222859108,0.000894864563481511,0.49728776319099854,0.13845256109856233,2.9178196831160226,-6.780207953724676,0.010020822805801239,0.1274058888330496,0.00633532367469594,-0.49741079140373345,0.12456178552939567,2.917825662006042,-6.408800561301474,-0.012250525416797543,0.1146085733955415,-0.005440459111214429,False
2025-09-03,24.0,0.0,0.0435,0.5861497451507299,0.95,O:INTC251003C00024500,1.43,O:INTC251003P00024500,0.40053748565547387,0.4263700131165196,0.4134568545460702,-0.17269289060465975,-0.06117825428791951,0.27159443083844226,5.641243422358999,-13.19105115367207,-0.0033596078676198984,0.3832405273551077,0.2093089202680439,0.46693911855290965,0.1399748044838946,2.81927642822424,-6.9135440935426,0.008954121214124457,0.1998219276548677,0.11756223363955351,-0.5281173728408292,0.13161962635454763,2.821966994134759,-6.277507060129469,-0.012313729081744355,0.18341859970024,0.09174668662849039,False
2025-09-04,24.610000610351562,0.0,0.0433,0.5889261246190404,1.29,O:INTC251003C00024500,1.08,O:INTC251003P00024500,0.4212093170764231,0.41702816930008363,0.4191187742710114,-0.16980735034802896,0.101333505424548,0.26580998548536117,5.622630977133014,-14.1446617594628,0.00010318135862266188,-0.01201033053045703,0.010866079135810135,0.5506542050316338,0.1322425962453246,2.811326840504806,-7.635869645345073,0.010218000268267635,-0.005375492163513978,0.004862018961709873,-0.44932069960708576,0.13356738924003653,2.811304136628207,-6.508792114117727,-0.010114818909644973,-0.006634838366943052,0.006004060174100262,False
2025-09-05,24.489999771118164,0.0,0.0429,0.5714751881727371,1.15,O:INTC251003C00024500,1.09,O:INTC251003P00024500,0.4051908111455473,0.41003055082674755,0.4076106464743614,-0.16386454169837572,0.06655510440256407,0.2827430363589867,5.485663243352684,-14.060720951880029,-0.0004841789749324855,0.0610906224697438,-0.035199257086574134,0.5332036321700447,0.1422129961999358,2.7428742120580147,-7.5126007171787155,0.0094509181188917,0.030243573327893864,-0.01738659218971601,-0.46664852776748067,0.14053004015905085,2.74278903129467,-6.5481202347013125,-0.009935097093824185,0.030847049141849932,-0.01781266489685813,False
2025-09-08,24.479999542236328,0.0,0.0426,0.5729717869001895,1.1,O:INTC251003C00024500,0.96,O:INTC251003P00024500,0.39986334437746734,0.3694088703160596,0.38463539682626735,-0.1883363900739221,0.060200572619749315,0.30820947684001854,5.347972619115607,-13.616288333768694,-0.0004420440550278598,0.06209937662151287,-0.03155433040616054,0.5305742130926909,0.14799009121670031,2.6737457223497376,-7.5964875216691095,0.008963518784880754,0.03290985910121346,-0.016970122596055705,-0.4703736404729416,0.16021938562331822,2.674226896765869,-6.019800812099584,-0.009405562839908614,0.029189517520299406,-0.014584207810104836,False
2025-09-09,24.440000534057617,0.0,0.0425,0.5672075173933178,1.04,O:INTC251003C00024500,1.06,O:INTC251003P00024500,0.3966626608416135,0.40983426837700776,0.4032482814431191,-0.16395923595019868,0.0472902551032266,0.30247012863628964,5.202515850810704,-14.645204832632913,-0.0006744472428724668,0.0957273419947875,-0.03708346732986031,0.5233298878837601,0.15371211426899073,2.6013800390530233,-7.722475063480342,0.008392987670976711,0.04769109771501489,-0.018227405690902927,-0.4760396327805335,0.14875801436729888,2.60113581175768,-6.922729769152572,-0.009067434913849178,0.0480362442797726,-0.01885606163895738,False
2025-09-10,24.770000457763672,0.0,0.042300000000000004,0.5397587169103775,1.28,O:INTC251003C00024500,1.01,O:INTC251003P00024500,0.4324665735954544,0.4600974114334157,0.4462842593431473,-0.09347445756723016,0.1406828199131117,0.2738229507426748,5.053214714038484,-16.765416394001612,0.0008059575290477582,-0.10833874281196035,0.1236977193061699,0.5710870314073343,0.14110377444068742,2.5257571219464663,-8.64013600345909,0.008679327083313638,-0.060656521344120994,0.06990785030193856,-0.4304042114942226,0.13271917630198737,2.5274575920920173,-8.125280390542523,-0.00787336955426588,-0.047682221467839354,0.05378986900423135,False
2025-09-11,24.610000610351562,0.0,0.042199999999999994,0.5398375335716545,1.11,O:INTC251003C00024500,0.89,O:INTC251003P00024500,0.4138962151879798,0.3957990845039059,0.40484775171279913,-0.1349897818588554,0.09648354885411059,0.3156477564046445,4.911572065053408,-15.67477289405348,0.00023775250551663282,-0.03771631902156369,0.0283678783496948,0.5480717549179616,0.15430463802047362,2.455913836953955,-8.527239405913976,0.007859076967014296,-0.015787368920236928,0.011825406605044596,-0.45158820606385097,0.1613431183841709,2.455658228099453,-7.147533488139504,-0.0076213244614976635,-0.02192895010132677,0.016542471744650202,False
2025-09-12,24.079999923706055,0.0,0.0424,0.48334664248081166,0.81,O:INTC251003C00024500,1.14,O:INTC251003P00024500,0.414681544265193,0.4025721140589229,0.40862768927812576,-0.0747189532026859,-0.07831690013596626,0.33082941561198514,4.664887476552808,-15.849492202103628,-0.002283256517439861,0.3848905771566431,0.2224534329267702,0.4620063792901714,0.16301142443355818,2.3331165280299384,-8.564363879980144,0.006139948558368474,0.18823392013675164,0.10547716223342826,-0.5403232794261377,0.16781799117842697,2.3317709485228693,-7.285128322123484,-0.008423205075808335,0.19665665701989143,0.11697627069334193,False
2025-09-15,24.770000457763672,0.0,0.042199999999999994,0.4828192370843657,1.17,O:INTC251003C00024500,0.85,O:INTC251003P00024500,0.4314269938379104,0.4346446067096627,0.4330360013484955,-0.04978323573587018,0.1439357166649624,0.3104473939822371,4.582320236363358,-17.923993086220243,0.0008584932042664771,-0.14376990703451786,0.15225483797638617,0.5720835021406598,0.1557920842853751,2.2910376517950937,-9.444360845288719,0.007222504783279547,-0.07275887513907357,0.0771765746635319,-0.42814778547569743,0.15465530969686198,2.2912825845682643,-8.479632240931524,-0.00636401157901307,-0.07101103189544429,0.07507826331285428,False
2025-09-16,25.270000457763672,0.0,0.042,0.4661159976509977,1.46,O:INTC251003C00024500,0.6,O:INTC251003P00024500,0.441871537283952,0.424476477549664,0.43318381347656254,-0.032932184174435164,0.30040611050999877,0.2980007869210791,4.250865982920487,-18.08018399709367,0.0028534290933069422,-0.49195373942965254,1.0902813205594555,0.648065439148966,0.14634043999328605,2.130167210714073,-9.749481844787045,0.007695078621881644,-0.23496191161086777,0.5125959484822608,-0.3476593286389672,0.15166034692779307,2.1206987722064143,-8.330702152306625,-0.004841649528574702,-0.25699182781878477,0.5776853720771947,False
2025-09-17,24.899999618530273,0.0,0.0417,0.3989684650674697,1.16,O:INTC251003C00024500,0.68,O:INTC251003P00024500,0.4276529938669544,0.4127300397221504,0.4201939882993698,0.021225523231900134,0.19291024765476839,0.3393016519630293,4.20804887344753,-18.689752088545518,0.0014111738538163015,-0.28127255387521977,0.37338053087310913,0.5954065953529786,0.16675042049314048,2.1054156200466223,-10.023923099777031,0.0065074399986474055,-0.13423603993905484,0.17612922321723024,-0.4024963476982102,0.17255123146988885,2.102633253400908,-8.665828988768485,-0.005096266144831104,-0.1470365139361649,0.1972513076558789,False
2025-09-18,30.56999969482422,0.0,0.042,0.8528424503665745,6.25,O:INTC251003C00024500,0.07,O:INTC251003P00024500,0.7333149410127687,0.6365296633708657,0.689035163640976,-0.16380728672559852,0.8968779588507554,0.047711834995705193,1.3426783946461818,-11.547697412153758,0.009209251913173969,-0.45224142521959565,4.726502262547557,0.9373984982179421,0.026291524419345715,0.7864829546799682,-7.547354542273752,0.009780515470196935,-0.23174661502691848,2.2695033873505523,-0.04052053936718669,0.021420310576359482,0.5561954399662137,-4.000342869880006,-0.000571263557022967,-0.22049481019267717,2.4569988751970047,False
2025-09-19,29.579999923706055,0.0,0.04190000000000001,0.867342549321929,5.15,O:INTC251003C00024500,0.05,O:INTC251003P00024500,0.5010239167905293,0.5512374494706715,0.5280849214553832,-0.3392576278665458,0.937626131814483,0.04493544384936413,0.8251616524155627,-6.455206981299478,0.008942452741086172,-0.4648651534176532,5.109291330081643,0.9746772688436743,0.020010596916104947,0.3481082355101257,-3.1898049036848906,0.009397203784934069,-0.2186872644216754,2.5185511145887656,-0.03705113702919138,0.024924846933259186,0.47705341690543707,-3.2654020776145867,-0.00045475104384789795,-0.2461778889959778,2.5907402154928776,False
2025-09-22,28.760000228881836,0.0,0.0417,0.8634729250177442,4.41,O:INTC251003C00024500,0.06,O:INTC251003P00024500,0.6132353209694905,0.5309534170230288,0.5753771734237673,-0.28809575159397693,0.8788543431507948,0.07628465393387704,1.297579751823819,-11.380750015299702,0.007430661110775235,-0.5971184194700211,5.053228837627978,0.9270413379718908,0.04158460308684559,0.753319936109713,-7.395369768528398,0.007947038961519466,-0.30246002698106883,2.390416002795584,-0.04818699482109601,0.03470005084703145,0.5442598157141061,-3.9853802467713044,-0.0005163778507442313,-0.29465839248895226,2.662812834832395,False
2025-09-23,29.34000015258789,0.0,0.0416,0.8614283847746129,4.95,O:INTC251003C00024500,0.02,O:INTC251003P00024500,0.6500481408315477,0.5071028662528849,0.591691817855835,-0.2697365669187779,0.9280711300008504,0.0495238853965695,0.808616303358582,-8.63651467161417,0.007066541935186385,-0.4342279499104428,4.110404259295281,0.9480071884332695,0.03130896453792643,0.5561909204897387,-6.645590754351643,0.007258581286757553,-0.2471457363468598,2.1005515458385617,-0.01993605843241908,0.018214920858643072,0.25242538286884325,-1.990923917262528,-0.0001920393515711675,-0.18708221356358298,2.009852713456719,False
2025-09-24,31.219999313354492,0.0,0.0418,0.8790017214529611,7.05,O:INTC251003C00024500,0.01,O:INTC251003P00024500,1.204067835955013,0.6298053053742165,1.0137278667926788,0.13472614533971772,0.8967406481021041,0.03415186132805855,0.9999386455370367,-21.26142907788591,0.005815622893890209,-0.24164748725499163,2.1262624937587806,0.9055700683535208,0.02685808695994742,0.8755668464345265,-19.86342909529636,0.005894971364497583,-0.15558283579913995,1.0637149720972043,-0.008829420251416753,0.00729377436811113,0.1243717991025102,-1.397999982589551,-7.934847060737437e-05,-0.0860646514558517,1.0625475216615763,False
2025-09-25,33.9900016784668,0.0,0.0424,0.9183708479192675,9.55,O:INTC251003C00024500,0.01,O:INTC251003P00024500,1.0431639011099525,0.8794119028609542,0.9775901855468752,0.05921933762760767,0.9766034061685432,0.011611340252894918,0.31554774893841286,-7.588887304111771,0.005627321765444094,-0.1274083796889347,1.5101790047262065,0.9830269392864771,0.00769537145929219,0.2208183801623889,-5.849139922838739,0.0056816874562679595,-0.07909631133069012,0.8797601415892167,-0.006423533117933866,0.003915968793602729,0.09472936877602396,-1.739747381273032,-5.4365690823865966e-05,-0.0483120683582446,0.6304188631369897,False
2025-09-26,35.5,0.0,0.042199999999999994,0.9216834230913514,11.1,O:INTC251003C00024500,0.01,O:INTC251003P00024500,1.4438207018833271,1.0717526760659821,1.312088077735901,0.39040465464454954,0.9675742765590806,0.011567064727706031,0.3899234233844899,-14.420216282982667,0.004610890241636379,-0.10965985425667371,1.1659509716644614,0.9731549666124895,0.00859200501240983,0.3101944019892105,-12.27566395533076,0.004652182800544319,-0.07415436180177958,0.7154116616780373,-0.005580690053408888,0.002975059715296201,0.07972902139527939,-2.144552327651907,-4.129255890793966e-05,-0.035505492454894136,0.45053930998642416,False
2025-09-29,34.47999954223633,0.0,0.042199999999999994,0.9252278095889145,10.05,O:INTC251003C00024500,0.01,O:INTC251003P00024500,1.4127517711879436,1.1163486581877249,1.3016744749069211,0.37644666531800663,0.9717906688296811,0.012151371472443983,0.3039706764989306,-13.81392432613702,0.003721800288316965,-0.10505741931883322,0.9969164117761817,0.977919777656547,0.00857848175174474,0.22870214903372046,-11.176448053945876,0.0037569322993557985,-0.0683664151558542,0.5977087774975498,-0.006129108826865903,0.003572889720699243,0.07526852746521015,-2.6374762721911433,-3.513201103883381e-05,-0.036691004162979025,0.399207634278632,False
2025-09-30,33.54999923706055,0.0,0.042,0.9357648087429323,9.0,O:INTC251003C00024500,0.01,O:INTC251003P00024500,1.0,1.1993528797623834,0.00010000000000000002,-0.9356648087429323,0.9916340323025864,0.0057305957311467835,0.08823719639590438,-5.298784797851665,0.002880392640533753,-0.05169703314503045,0.4934275936494893,0.9983606759875299,0.001445453992370995,0.01936912563631315,-1.8396043137063693,0.0029084496513073045,-0.014980649465930678,0.16124242355401516,-0.006726643684943467,0.004285141738775788,0.06886807075959123,-3.4591804841452953,-2.8057010773551365e-05,-0.03671638367909977,0.33218517009547416,True
2025-10-01,35.939998626708984,0.0,0.0417,0.9485246488665253,3.28,O:INTC251107C00036000,3.15,O:INTC251107P00036000,0.6905553090908231,0.6842166606715907,0.6873858663797379,-0.26113878248678746,0.09943178586248969,0.09790371207666587,9.313433532845117,-29.756523120618333,-0.0030604518778402506,0.11523688653843482,-0.1693818742426175,0.5498985054488607,0.048723332641196715,4.656448353027923,-15.693186373384952,0.017660733782851462,0.0576812025510266,-0.08509588662940336,-0.45046671958637097,0.049180379435469164,4.656985179817194,-14.063336747233382,-0.020721185660691713,0.05755568398740822,-0.08428598761321414,False
2025-10-02,37.29999923706055,0.0,0.042300000000000004,0.9501530604007615,4.0,O:INTC251107C00036000,2.75,O:INTC251107P00036000,0.688433822426305,0.7335344370391976,0.7109902711987497,-0.23916278920201184,0.22727089927155408,0.08992935475117561,9.169008075945058,-31.665785538955802,0.001782036254178998,-0.06542178042697887,0.22664699682515646,0.6143688974530433,0.04636595662327821,4.581966150407881,-16.08675813539717,0.01951646605409041,-0.03866027903080945,0.13466089774827852,-0.38709799818148927,0.0435633981278974,4.587041925537178,-15.579027403558632,-0.01773442979991141,-0.026761501396169413,0.09198609907687794,False
2025-10-03,36.83000183105469,0.0,0.0424,0.9535008276948036,3.65,O:INTC251107C00036000,2.5,O:INTC251107P00036000,0.6879559450194601,0.6504536598843692,0.6692061666607858,-0.2842946610340178,0.1846945231443914,0.10009227075330218,9.006649206939212,-30.40534079923924,0.0006471226444382076,-0.02669377947948208,0.07239383923057233,0.5920991718152929,0.04865130582610809,4.503996851211136,-16.38655648298576,0.0180129102997254,-0.009178059993825396,0.024801712071712046,-0.40740464867090154,0.05144096492719409,4.502652355728077,-14.018784316253482,-0.017365787655287193,-0.017515719485656684,0.04759212715886028,False
2025-10-06,36.59000015258789,0.0,0.042199999999999994,0.9556633734342375,3.45,O:INTC251107C00036000,2.53,O:INTC251107P00036000,0.6894590433673213,0.6474131121637142,0.6684357555449008,-0.2872276178893367,0.15971315867373526,0.10368683833968026,8.828538696275691,-30.97612472631061,-0.00012961476167401564,0.005336294199256567,-0.012155629779128374,0.579915069412406,0.050211331487804586,4.414136246837442,-16.72752801128095,0.016922945217417096,0.006290934464367967,-0.014326417280368962,-0.42020191073867075,0.05347550685187567,4.414402449438249,-14.24859671502966,-0.017052559979091112,-0.0009546402651113997,0.0021707875012405876,False
2025-10-07,37.16999816894531,0.0,0.042,0.9519689476662676,3.73,O:INTC251107C00036000,2.38,O:INTC251107P00036000,0.6900965413795458,0.6802942064520031,0.6851956244111064,-0.26677332325516123,0.2178615369559611,0.09981269784162619,8.623643553733423,-32.453913941308585,0.001814364975553328,-0.0779469094601449,0.24206406368443548,0.6087398007337842,0.04955623472163746,4.3124147891756195,-17.096876653812245,0.017247131643202164,-0.03759157114121306,0.1165232062079802,-0.3908782637778231,0.050256463119988735,4.311228764557803,-15.357037287496343,-0.015432766667648836,-0.04035533831893185,0.12554085747645527,False
2025-10-08,37.43000030517578,0.0,0.042,0.953086112863511,3.95,O:INTC251107C00036000,2.45,O:INTC251107P00036000,0.720645857543922,0.7353131361969365,0.7279805601000786,-0.22510555276343236,0.24017736646370902,0.09458840819282205,8.421239339195445,-35.219857707718035,0.0022609704682827157,-0.094827015577348,0.3206526505075007,0.6204362468751026,0.04775744648034327,4.209444555009495,-18.183252397041194,0.016825572857829298,-0.049488611290753826,0.16782095106906464,-0.38025888041139355,0.04683096171247879,4.211794784185949,-17.036605310676837,-0.014564602389546582,-0.04533840428659418,0.15283169943843608,False
2025-10-09,37.79999923706055,0.0,0.042,0.948272262151879,3.94,O:INTC251107C00036000,2.02,O:INTC251107P00036000,0.6789483380402827,0.6803670994236214,0.6796576761484148,-0.2686145860034642,0.28460083791734825,0.10066551195169714,8.146533580665958,-33.42264107752398,0.003998259546785465,-0.18499572588763458,0.7360334080145281,0.6423660349449102,0.050382063987547236,4.07300572764183,-17.446503114160752,0.016951196359026012,-0.09279749121272564,0.3693862377115054,-0.35776519702756193,0.0502834479641499,4.073527853024128,-15.976137963363223,-0.012952936812240547,-0.09219823467490895,0.36664717030302274,False
2025-10-10,36.369998931884766,0.0,0.04190000000000001,0.9601647914069221,3.14,O:INTC251107C00036000,2.7,O:INTC251107P00036000,0.7126791798498692,0.7249650094444661,0.7188219299197198,-0.2413428614872023,0.13355261160209198,0.1068196466928123,8.060401686225227,-36.46097721773167,-0.0007799140148266413,0.037562763506167496,-0.06472862399980192,0.5666609003218174,0.05386888851519968,4.030399699727586,-18.82797652117756,0.013864647888448678,0.01815638826537036,-0.03123091761058046,-0.4331082887197254,0.05295075817761262,4.030001986497641,-17.633000696554106,-0.01464456190327532,0.019406375240797132,-0.03349770638922146,False
2025-10-13,37.220001220703125,0.0,0.04190000000000001,0.9598927304724744,3.5,O:INTC251107C00036000,2.2,O:INTC251107P00036000,0.6960408410330775,0.7046128395024629,0.7003272950053216,-0.2595654354671527,0.2250412527768606,0.10701716306859312,7.827880734827222,-36.4669753635958,0.0020176459665953456,-0.10237888777648194,0.2991513681587835,0.6127399919048075,0.0538272916195636,3.913299412543858,-18.87213134142922,0.014556249273283353,-0.05245113472810996,0.15356183383169975,-0.38769873912794695,0.053189871449029515,3.9145813222833636,-17.59484402216658,-0.012538603306688007,-0.04992775304837197,0.14558953432708374,False
2025-10-14,35.630001068115234,0.0,0.04190000000000001,0.9871857603001142,2.57,O:INTC251107C00036000,2.9,O:INTC251107P00036000,0.7089646915163674,0.7267842661057408,0.7178740250468256,-0.26931173525328855,0.04599411160539535,0.11654245952468362,7.5852326546579185,-37.95614060203158,-0.0027365926816925595,0.14890326811787657,-0.08176540670201501,0.5223337656838467,0.059000050424139035,3.7929806267289377,-19.495732914859804,0.011457680449449947,0.07498567392815515,-0.03999530793786668,-0.47633965407845136,0.057542409100544575,3.792252027928981,-18.46040768717178,-0.014194273131142507,0.07391759418972141,-0.04177009876414834,False
2025-10-15,37.150001525878906,0.0,0.042,0.9822218670998791,3.49,O:INTC251107C00036000,2.21,O:INTC251107P00036000,0.7463663313199344,0.7387753682564936,0.7425710475802423,-0.23965081951963685,0.21604379626555104,0.10725258212204489,7.414819997848049,-40.90710970939779,0.001569145441891755,-0.08414136804291925,0.2225986970886672,0.6078622374517817,0.05335830181904716,3.7078323721372204,-21.313194360840832,0.012879579834546967,-0.041135348162093785,0.10865628716429053,-0.39181844118623066,0.05389428030299772,3.7069876257108287,-19.593915348556955,-0.011310434392655212,-0.043006019880825454,0.11394240992437668,False
2025-10-16,36.84000015258789,0.0,0.042,0.6147930850181345,3.34,O:INTC251107C00036000,2.32,O:INTC251107P00036000,0.7801309100544512,0.7568066120027658,0.7684694012641908,0.15367631624605638,0.18170371278697306,0.10896143693064295,7.213707449785253,-43.698641914665494,0.0006564855916176976,-0.03656800032809841,0.0780057538209607,0.5906389837400565,0.05366078409466164,3.6073076976916716,-22.935210257288755,0.011694692222925738,-0.01624601078634471,0.03456366801216879,-0.40893527095308346,0.055300652835981304,3.6063997520935813,-20.76343165737674,-0.01103820663130804,-0.020321989541753703,0.043442085808791914,False
2025-10-17,37.0099983215332,0.0,0.0418,0.5946018369052342,3.43,O:INTC251107C00036000,2.37,O:INTC251107P00036000,0.8034714705460795,0.8147771647110794,0.8091246502757075,0.2145228133704733,0.1985555019181261,0.1058153330893192,6.980263162680073,-47.50712602369363,0.0009217492813815686,-0.051675253352064396,0.1173472492855425,0.5994237673906717,0.053272273423602017,3.489800018140086,-24.33716523661436,0.011163495610128497,-0.026854978489148886,0.06107188478860574,-0.4008682654725456,0.05254305966571718,3.4904631445399863,-23.169960787079265,-0.010241746328746928,-0.02482027486291551,0.05627536449693674,False
2025-10-20,38.099998474121094,0.0,0.0415,0.5784608740886625,3.95,O:INTC251107C00036000,1.8,O:INTC251107P00036000,0.7830483989514666,0.7930398982591164,0.7880456871867181,0.20958481309805554,0.31858332510273457,0.10363804144207944,6.586145394899793,-46.976836304887016,0.0035489023334970057,-0.20922264995711862,0.7713822291451092,0.6598142209566173,0.052117209835317084,3.2911461959616846,-24.07348104885056,0.011771622673139177,-0.1064243474041512,0.3937138571554644,-0.3412308958538828,0.05152083160676235,3.294999198938108,-22.903355256036452,-0.008222720339642171,-0.10279830255296742,0.3776683719896448,False
2025-10-21,38.119998931884766,0.0,0.0412,0.5802335772937137,3.92,O:INTC251107C00036000,1.68,O:INTC251107P00036000,0.8001773152007647,0.7864038998233932,0.7932937329530716,0.21306015565935787,0.32513711767004494,0.1063901374394059,6.32634406717283,-48.92238977206029,0.0035049581554712954,-0.22046006903990417,0.8007915134646107,0.6618095775773939,0.052779626389478244,3.165928612509805,-25.43146137182886,0.01099231528074197,-0.10769204072793301,0.38919519063970665,-0.33667245990734895,0.05361051104992765,3.160415454663024,-23.490928400231432,-0.007487357125270675,-0.11276802831197118,0.4115963228249041,False
2025-10-22,36.91999816894531,0.0,0.041100000000000005,0.5694520991348089,3.1,O:INTC251107C00036000,2.15,O:INTC251107P00036000,0.8130166214203557,0.82595365644601,0.8194855652332307,0.2500334660984218,0.19081558512632457,0.11738465040962641,6.243524058365086,-53.796810879359114,0.0008547195492714914,-0.059265399747836095,0.11530958535390617,0.5955994151331981,0.05914859813301282,3.121389228367099,-27.42264356303502,0.008995013960067891,-0.03076432154025482,0.059974422778651164,-0.40478383000687357,0.05823605227661359,3.1221348299979867,-26.374167316324097,-0.0081402944107964,-0.028501078207581274,0.055335162575255004,False
2025-10-23,38.15999984741211,0.0,0.0412,0.4959867826340974,3.78,O:INTC251107C00036000,1.51,O:INTC251107P00036000,0.8148850108478549,0.7991857279885956,0.8070397840499879,0.3110530014158905,0.3404857129387584,0.1125450379027017,5.772868014679954,-53.68364701901343,0.0033623921544317457,-0.2440707335447581,0.8574595592612848,0.6692851297558972,0.05579076380923192,2.8897981556300203,-27.87028175671671,0.009498377973927094,-0.11906815315742417,0.41573321107597105,-0.32879941681713876,0.056754274093469795,2.8830698590499337,-25.813365262296717,-0.006135985819495348,-0.12500258038733394,0.44172634818531376,False
2025-10-24,38.279998779296875,0.0,0.041100000000000005,0.47506388571079694,3.26,O:INTC251107C00036000,0.78,O:INTC251107P00036000,0.6318583145691179,0.5767515834986414,0.6044751828670503,0.12941129715625332,0.44133081237706295,0.14611873630560027,5.126806858502592,-39.58710777194824,0.0051008503805793845,-0.5186285529943124,2.320959481733572,0.7135441298176228,0.07063204123033542,2.5951636635875963,-21.649812957164954,0.009545423975552797,-0.23585636099181026,1.013958056270875,-0.2722133174405599,0.07548669507526484,2.5316431949149956,-17.937294814783286,-0.004444573594973413,-0.2827721920025022,1.307001425462697,False
2025-10-27,39.540000915527344,0.0,0.0409,0.46874308024254085,4.04,O:INTC251107C00036000,0.49,O:INTC251107P00036000,0.5844824644634568,0.6059430788738871,0.5952817453145982,0.12653866507205735,0.6336063164847967,0.11930120167357468,3.9645331393237155,-33.883422939796986,0.007329569404961432,-0.7050925311006363,4.76136923215114,0.8205853827662515,0.05995782421437518,1.956737955822921,-17.173309541741013,0.010144980994944706,-0.36162060856041905,2.479495980868277,-0.18697906628145478,0.0593433774591995,2.0077951835007948,-16.710113398055974,-0.0028154115899832748,-0.34347192254021724,2.2818732512828634,False
2025-10-28,41.529998779296875,0.0,0.0407,0.4741039845560675,6.16,O:INTC251107C00036000,0.23,O:INTC251107P00036000,0.8787236841165739,0.6511930213069865,0.7743771182537079,0.3002731336976404,0.7444862226204078,0.07277220201655021,3.0586789682833118,-38.7903162820321,0.007786829179882184,-0.5436896320858483,4.714894925072143,0.8411588009668824,0.037242371979195166,1.7918553531767758,-25.970169649101265,0.009134388564237922,-0.2322199008059981,1.7170080770902163,-0.09667257834647469,0.03552983003735505,1.266823615106536,-12.820146632930834,-0.0013475593843557381,-0.3114697312798502,2.997886847981926,False
2025-10-29,41.34000015258789,0.0,0.0403,0.4199386489040832,5.67,O:INTC251107C00036000,0.22,O:INTC251107P00036000,0.7272849314926904,0.6715415123105881,0.7002049923896791,0.2802663434855959,0.7905279791029058,0.07520036878351624,2.498559017250546,-32.60655596600398,0.00744178521576087,-0.590090408257277,5.11276186068185,0.8870319938031106,0.038246436958800874,1.320486662712247,-18.535957017692972,0.008611084099769704,-0.28715021439986277,2.3957114825019135,-0.09650401470020475,0.03695393182471536,1.1780723545382994,-14.070598948311007,-0.0011692988840088338,-0.3029401938574142,2.717050378179937,False
2025-10-30,40.15999984741211,0.0,0.0405,0.42212824674593397,4.94,O:INTC251107C00036000,0.16,O:INTC251107P00036000,0.9607316299684634,0.562902627694185,0.7849132621049881,0.36278501535905416,0.6988961589716751,0.09621276765139616,2.8121630792550807,-48.95002463885685,0.005468492770871107,-0.5659738324544051,3.995884026985592,0.7934009286987078,0.047944799962633365,1.7688121578547473,-36.776810275607126,0.006410233613208565,-0.1990708656832871,1.009434020206561,-0.0945047697270327,0.048267967688762806,1.0433509214003334,-12.173214363249727,-0.0009417408423374587,-0.36690296677111806,2.986450006779031,False
2025-10-31,39.9900016784668,0.0,0.0406,0.41878616691301573,4.1,O:INTC251107C00036000,0.13,O:INTC251107P00036000,0.5049576828140399,0.5666096143528936,0.5375220106124878,0.1187358436994721,0.8505111200046288,0.09297230930586914,1.5856988053850505,-22.758660768750772,0.005909115300900877,-0.7152080997858037,5.826201409571317,0.9363278126447026,0.04386743374288125,0.702861121839507,-10.297617392738516,0.006615823571281152,-0.3591720084988939,3.084687183498707,-0.08581669264007374,0.0491048755629879,0.8828376835455435,-12.461043376012254,-0.0007067082703802747,-0.3560360912869097,2.7415142260726095,True
2025-11-03,39.5,0.0,0.0406,0.42126708140408575,2.56,O:INTC251205C00040000,2.8,O:INTC251205P00040000,0.559487170323939,0.5377540241876271,0.5486200789570808,0.127352997552995,0.026466144216054532,0.11928782066041504,9.720798022153748,-27.823185733786126,-0.004109130765206227,0.19793159641468377,-0.07994975894621495,0.5143081732313014,0.05845720509983884,4.859964218055271,-14.996070065646624,0.016909688421559824,0.09747430802130876,-0.04262455611562455,-0.48784202901524687,0.0608306155605762,4.860833804098477,-12.827115668139504,-0.02101881918676605,0.10045728839337502,-0.037325202830590404,False
2025-11-04,37.029998779296875,0.0,0.04019999999999999,0.4801936251203972,1.55,O:INTC251205C00040000,3.8,O:INTC251205P00040000,0.5908940283732252,0.45211023798086103,0.5224928548812867,0.04229922976088951,-0.3071289202011472,0.12793361946423482,8.233904697809876,-22.94266804530507,-0.015263040532664005,0.8001606148884142,3.6753415321235154,0.37358479740474976,0.05729492210346321,4.237019131592512,-14.20934499490157,0.01121144546082532,0.3210511302832104,1.157846993284062,-0.6807137176058969,0.0706386973607716,3.9968855662173635,-8.7333230504035,-0.026474485993489325,0.4791094846052038,2.5174945388394536,False
2025-11-05,38.380001068115234,0.0,0.04,0.4967851212201725,1.76,O:INTC251205C00040000,3.9,O:INTC251205P00040000,0.5273046580438473,0.6742549556675055,0.6009517708659173,0.10416664964574485,-0.10155319743918118,0.11777710273828221,8.96843542127692,-30.494547410467263,-0.008343946832386148,0.4101110263105825,0.6230765674899218,0.4344556962702511,0.065813896596494,4.462840003535209,-14.074431702023054,0.01302051674253132,0.23945648507574493,0.44816255512425623,-0.5360088937094323,0.051963206141788204,4.505595417741711,-16.420115708444207,-0.021364463574917468,0.1706545412348376,0.1749140123656656,False
2025-11-06,37.2400016784668,0.0,0.04019999999999999,0.507906994165903,1.36,O:INTC251205C00040000,4.25,O:INTC251205P00040000,0.553211033427238,0.6179337347978129,0.5857116252422333,0.07780463107633029,-0.2508291430791143,0.12069912204247973,8.147077663581577,-28.036866962193546,-0.012459064757728655,0.635427401723826,2.200152254635,0.3643453178478231,0.0631645781215836,4.038337118078075,-13.895086356494694,0.010173516873495372,0.3439764963278118,1.2826608160810336,-0.6151744609269374,0.05753454392089613,4.108740545503503,-14.141780605698852,-0.022632581631224027,0.29145090539601415,0.9174914385539663,False
2025-11-07,38.130001068115234,0.0,0.0401,0.4944275283356187,1.62,O:INTC251205C00040000,3.97,O:INTC251205P00040000,0.54611606436995,0.6899031515730386,0.6182569949626923,0.12382946662707356,-0.1373838303699806,0.1198312919020316,8.436548650504932,-32.439884056099096,-0.008594004443451972,0.44987612246041875,0.869410317860952,0.4154346760332964,0.06647180414609145,4.1887602916866165,-14.981803534134974,0.011286130667366424,0.26236293796723076,0.6019470466178436,-0.552818506403277,0.05335948775594015,4.247788358818315,-17.45808052196412,-0.019880135110818396,0.18751318449318796,0.2674632712431085,False
2025-11-10,38.45000076293945,0.0,0.0404,0.48900248284940573,1.7,O:INTC251205C00040000,3.05,O:INTC251205P00040000,0.5472386773592979,0.5283572586845138,0.5378026152491568,0.04880013239975112,-0.13753512170756027,0.13846840754402037,8.298301491673499,-29.190437435161776,-0.007568503379253326,0.46922024352714164,0.8589457907114474,0.4334463554112942,0.0680863883912059,4.153200026360731,-15.676824431008479,0.011283898461462575,0.22849825571492574,0.4043403768161659,-0.5709814771188545,0.07038201915281447,4.1451014653127665,-13.513613004153296,-0.0188524018407159,0.24072198781221593,0.4546054138952815,False
2025-11-11,37.880001068115234,0.0,0.0404,0.46452052932704185,1.22,O:INTC251205C00040000,3.3,O:INTC251205P00040000,0.4997309109683538,0.519287391441332,0.5095221022367478,0.04500157290970591,-0.24401495707203702,0.14743274563694897,7.696621036573278,-26.895859453611383,-0.009830919167517136,0.6672457009273937,2.1010048951662634,0.3747319586004221,0.07493466374756745,3.8380524550208923,-13.9501379663219,0.009267747851458296,0.34358631593147804,1.1108200999262854,-0.6187469156724591,0.07249808188938153,3.8585685815523862,-12.945721487289482,-0.019098667018975432,0.3236593849959156,0.9901847952399783,False
2025-11-12,37.88999938964844,0.0,0.0403,0.44085995259999566,1.22,O:INTC251205C00040000,3.11,O:INTC251205P00040000,0.5137956110049106,0.4838055634096128,0.49883528537750244,0.05797533277750677,-0.2607628284029565,0.1538845623677612,7.428264326344593,-26.89338365573042,-0.009586315791806143,0.700724975346086,2.3001561983658307,0.3748656743840505,0.07498504393956992,3.7313210443922196,-14.73260523195139,0.008758818371087839,0.3338771754388631,1.0481357156650823,-0.635628502787007,0.0788995184281913,3.6969432819523727,-12.160778423779032,-0.018345134162893982,0.366847799907223,1.2520204827007482,False
2025-11-13,35.90999984741211,0.0,0.0405,0.47953233569083137,0.63,O:INTC251205C00040000,4.67,O:INTC251205P00040000,0.533829652244667,0.5525033872445014,0.5432137311697005,0.06368139547886914,-0.5167194514839168,0.1269762533033858,5.646155052535658,-23.189117812514382,-0.01514628280885227,0.9628804837162277,6.1111709408143335,0.23714597887688843,0.06393839327532275,2.794567863802187,-12.06748706704167,0.005006928295418069,0.4917777633441327,3.183916655760466,-0.7538654303608053,0.06303786002806304,2.851587188733471,-11.121630745472714,-0.02015321110427034,0.47110272037209494,2.9272542850538676,False
2025-11-14,35.52000045776367,0.0,0.0404,0.4803427462528025,0.46,O:INTC251205C00040000,4.99,O:INTC251205P00040000,0.5183025792557918,0.5767436236358847,0.5481120343685151,0.06776928811571259,-0.5796984206215485,0.12146220341420369,4.990921643234209,-21.95175364512817,-0.015500528670144197,0.9905423564791209,6.951852326679614,0.19569299457767642,0.06151558129224343,2.3944465445275602,-10.687038703699523,0.0038636995577263317,0.52432923237659,3.894549412714106,-0.7753914151992249,0.05994662212196026,2.5964750987066485,-11.264714941428648,-0.01936422822787053,0.46621312410253085,3.0573029139655077,False
2025-11-17,34.709999084472656,0.0,0.0404,0.4712459480512703,0.4,O:INTC251205C00040000,5.75,O:INTC251205P00040000,0.5768713763486699,0.6455169561068986,0.6120946596622467,0.14084871161097645,-0.631124717132054,0.10640086365919799,4.351883821031532,-22.876028010441487,-0.015586854641023138,0.9091052465298627,6.717391001544549,0.1688383279029418,0.05338312491775578,2.0611978576472247,-10.922013685171136,0.003033543448297225,0.4781142479655002,3.7502709598457744,-0.7999630450349958,0.05301773874144221,2.290685963384307,-11.954014325270352,-0.018620398089320363,0.43099099856436246,2.9671200416987746,False
2025-11-18,34.33000183105469,0.0,0.04019999999999999,0.471470946460633,0.33,O:INTC251205C00040000,5.72,O:INTC251205P00040000,0.5937627498609133,0.4634771359033069,0.5348799880266188,0.06340904156598587,-0.7694615173842191,0.09223236007953559,2.992011755951613,-14.397386350936529,-0.016748134877358836,0.952101183630655,9.066100202607736,0.14670751435601115,0.04961879861705037,1.7912230030381413,-10.497565331241091,0.0024279404791320443,0.4586699574011572,3.757573602209582,-0.9161690317402302,0.04261356146248522,1.2007887529134718,-3.8998210196954366,-0.01917607535649088,0.4934312262294978,5.308526600398153,False
2025-11-19,35.11000061035156,0.0,0.0401,0.4700458863782089,0.38,O:INTC251205C00040000,5.12,O:INTC251205P00040000,0.5784286204176853,0.5389410265817859,0.5590711116313934,0.08902522525318457,-0.6795182221868541,0.11369340666179151,3.7290981873787317,-20.72865244709852,-0.013979945331297835,0.9721396876698669,7.413397497865137,0.16984028938675966,0.057066304729983676,1.9376347026600216,-11.992107379124876,0.0026586155543006757,0.4726445885682965,3.4575361769110295,-0.8493585115736138,0.05662710193180784,1.7914634847187099,-8.736545067973644,-0.01663856088559851,0.49949509910157036,3.9558613209541074,False
2025-11-20,33.619998931884766,0.0,0.0404,0.47097618814109743,0.22,O:INTC251205C00040000,4.36,O:INTC251205P00040000,0.6329735724633209,1.0,0.00010000000000000002,-0.47087618814109744,-0.6553383387886591,0.08574868976462718,3.472300759974957,-33.08524633700891,-0.012851771508545244,0.687907342988078,4.929404920248273,0.10851811062751654,0.04188211662853651,1.3079819018019672,-9.621930603379113,0.0014965145395738036,0.402062355011661,3.4862600761132434,-0.7638564494161757,0.04386657313609068,2.1643188581729897,-23.463315733629795,-0.014348286048119047,0.28584498797641694,1.4431448441350299,False
2025-11-21,34.5,0.0,0.0403,0.48375860078709937,0.2,O:INTC251205C00040000,5.34,O:INTC251205P00040000,0.5728315955396399,1.0,0.4225165459632874,-0.06124205482381195,-0.6270135823855514,0.09529208291104932,3.5356213425976737,-36.44319418452865,-0.011214800033973711,0.7123726688834477,4.894895817951356,0.11024704222436449,0.04784021343586312,1.2943678647071823,-9.487552570515343,0.0014299694272780254,0.44035028701129725,3.7079130815089814,-0.7372606246099159,0.047451869475186204,2.2412534778904916,-26.95564161401331,-0.012644769461251737,0.2720223818721505,1.186982736442375,False
2025-11-24,35.790000915527344,0.0,0.0403,0.4886161385899528,0.19,O:INTC251205C00040000,4.3,O:INTC251205P00040000,0.48122006095247,0.4486601341820485,0.4653839703559876,-0.023232168233965178,-0.7720580004068412,0.12244970644430848,2.6062699540369456,-15.702588007870622,-0.011472127336214668,1.0716620559193502,8.752438946508487,0.12270320762246778,0.062430121877185656,1.3743688211025182,-9.42855625096959,0.0015005528261236635,0.5288859060619151,4.155215311847654,-0.894761208029309,0.06001958456712283,1.2319011329344274,-6.2740317569010315,-0.01297268016233833,0.542776149857435,4.597223634660833,False
2025-11-25,35.83000183105469,0.0,0.0404,0.4445945913832148,0.19,O:INTC251205C00040000,4.36,O:INTC251205P00040000,0.5071314299376444,0.5446094903907595,0.5263197585582732,0.0817251671750584,-0.7351105788898448,0.12748387415561413,2.733441630458417,-21.43048079456819,-0.009806035996079616,0.9840691470857841,7.016208385576764,0.12321798954570451,0.062948193252027,1.3010287796336153,-10.56241921209665,0.0013412383463623722,0.5020868631769951,3.7151163801158575,-0.8583285684355493,0.06453568090358712,1.4324128508248017,-10.868061582471539,-0.011147274342441988,0.4819822839087889,3.301092005460907,False
2025-11-26,36.810001373291016,0.0,0.0406,0.46102306352210476,0.22,O:INTC251205C00040000,3.28,O:INTC251205P00040000,0.4640192925613795,0.40019370069794374,0.4336301107406617,-0.027392952781443047,-0.730577825190696,0.16267222507725537,2.6500852956438052,-19.524895132344643,-0.008442380763490524,1.1763911293248634,8.030319902846475,0.15353226881151438,0.08317991202333219,1.452725837786254,-12.3541905144812,0.0015087563960545366,0.5606953678598193,3.51348245378331,-0.8841100940022104,0.0794923130539232,1.1973594578575515,-7.170704617863444,-0.00995113715954506,0.615695761465044,4.516837449063165,False
2025-11-28,40.560001373291016,0.0,0.0405,0.5888327723511164,1.64,O:INTC251205C00040000,1.07,O:INTC251205P00040000,0.584852459701415,0.5947970555566173,0.5898255705356599,0.000992798184543453,0.17301122548526526,0.23120155683807347,4.4509138311771554,-66.33111743831611,0.0008546300681105358,-0.17898108495955262,0.22352212658810808,0.586950506383547,0.11654645202543121,2.2249013696555995,-33.68897566410164,0.004398157409716371,-0.09143945067833528,0.11477865271416172,-0.4139392808982817,0.11465510481264228,2.2260124615215564,-32.64214177421448,-0.003543527341605835,-0.08754163428121735,0.10874347387394635,True
2025-12-01,40.0099983215332,0.0,0.0398,0.5908886962811408,2.54,O:INTC260102C00040000,2.4,O:INTC260102P00040000,0.5006032931284847,0.5049568695204376,0.5027799619436264,-0.08810873433751443,0.08253000025240687,0.12783939388296567,9.799013359834674,-25.800236865758247,-0.0015599760270708675,0.08135191317807978,-0.10408644098475717,0.5411764554964467,0.06419791544901216,4.899619968081,-13.637697197499453,0.018202351501015755,0.04049893561086549,-0.05170465996616277,-0.4586464552440398,0.06364147843395353,4.899393391753674,-12.162539668258795,-0.019762327528086623,0.040852977567214295,-0.05238178101859439,False
2025-12-02,43.470001220703125,0.0,0.039,0.6619060022710788,4.87,O:INTC260102C00040000,1.28,O:INTC260102P00040000,0.5359097357294145,0.5410116131974371,0.5384622864723205,-0.12344371579875824,0.4612010689698337,0.0934129368302643,8.674822104720725,-26.131431077461865,0.01268505768712261,-0.5544569535111403,4.47559711581445,0.7313077009656,0.046866273579413024,4.331702983134308,-13.76712256817533,0.02456979258074354,-0.27996302751392615,2.2676665355869,-0.27010663199576634,0.04654666325085127,4.343119121586416,-12.364308509286536,-0.01188473489362093,-0.27449392599721417,2.2079305802275497,False
2025-12-03,43.7599983215332,0.0,0.0383,0.6110437066187228,4.95,O:INTC260102C00040000,1.05,O:INTC260102P00040000,0.5168475012394809,0.5152567280980439,0.5160522990107537,-0.09499140760796909,0.5081543249611284,0.09441904200575432,8.145715406625346,-24.69713358671512,0.014175012419140239,-0.6530115612585609,5.803706363679696,0.7538174650277547,0.04716351086696537,4.0751657820132206,-13.13682567609602,0.02447679055935925,-0.32554087879953564,2.889797094646395,-0.24566314006662626,0.04725553113878895,4.070549624612125,-11.5603079106191,-0.010301778140219013,-0.3274706824590252,2.9139092690333013,False
2025-12-04,40.5,0.0,0.0383,0.6692421557984458,2.59,O:INTC260102C00040000,1.95,O:INTC260102P00040000,0.4892699734326413,0.48653753572946756,0.4879038632869721,-0.1813382925114737,0.14385529903795646,0.13759687785795272,9.17631175549765,-26.91220244349244,0.0010717830091976945,-0.06505500650957999,0.1378823413881271,0.5718832117271372,0.06860720309898034,4.5882500615543265,-14.25723755818455,0.017142725062457544,-0.03202878267767531,0.06784109396651279,-0.4280279126891807,0.06898967475897237,4.588061693943325,-12.654964885307889,-0.01607094205325985,-0.03302622383190468,0.0700412474216143,False
2025-12-05,41.40999984741211,0.0,0.0382,0.6604543705025827,3.16,O:INTC260102C00040000,1.45,O:INTC260102P00040000,0.5071274051998748,0.4663483904113539,0.48676809396743786,-0.17368627653514485,0.2689903803340079,0.13266408808938102,8.773640630346922,-27.156677507053647,0.005181660006814758,-0.3207250899247778,1.2898411871783924,0.6312395647394123,0.06375049708639366,4.399877332663146,-14.935001638619019,0.018237801809158377,-0.14299398138713493,0.559064082565817,-0.36224918440540443,0.06891359100298737,4.373763297683776,-12.221675868434628,-0.013056141802343619,-0.17773110853764285,0.7307771046125755,False
2025-12-08,40.29999923706055,0.0,0.0382,0.6668547651689086,2.54,O:INTC260102C00040000,1.88,O:INTC260102P00040000,0.5302220641292019,0.47415436192176313,0.5021889518380167,-0.16466581333089192,0.1147008742579001,0.1425369519486717,8.737815627793712,-29.107370834483866,0.00015263721256307365,-0.010742627363500516,0.017200487249469182,0.5572102259182716,0.06729366737056035,4.369131631961819,-16.123556892690758,0.015015708805888293,0.001259268926392602,-0.0020052125725658673,-0.44250935166037153,0.07524328457811134,4.3686839958318915,-12.98381394179311,-0.014863071593325219,-0.012001896289893118,0.01920569982203505,False
2025-12-09,40.5,0.0,0.0381,0.6666386577757225,2.41,O:INTC260102C00040000,1.68,O:INTC260102P00040000,0.48838529807001396,0.45982308311396536,0.4741063163518906,-0.1925323414238319,0.14518630844424052,0.1530362663002824,8.492977752883451,-28.25435846209671,0.0012786039228512448,-0.09348315925985953,0.18537061390881376,0.5719281733859399,0.07423694208872553,4.2478059317898955,-15.312654530928642,0.014823636444378974,-0.04078708369536622,0.08003431277162311,-0.4267418649416994,0.07879932421155685,4.245171821093556,-12.94170393116807,-0.01354503252152773,-0.05269607556449331,0.10533630113719067,False
2025-12-10,40.779998779296875,0.0,0.0379,0.6632031931948047,2.48,O:INTC260102C00040000,1.55,O:INTC260102P00040000,0.48077511682226165,0.4691201794364222,0.47494860707521447,-0.18825458611959023,0.18888335737769169,0.1541643217214215,8.213132628572428,-29.051185455769883,0.0024775901752365024,-0.18886296260499508,0.47817483483466167,0.5938916288192087,0.07616251635954345,4.107958655224915,-15.462171488392782,0.014665130883761637,-0.09091114517526737,0.22875738598880635,-0.40500827144151696,0.07800180536187805,4.105173973347512,-13.589013967377102,-0.012187540708525135,-0.09795181742972771,0.24941744884585532,False
2025-12-11,39.5099983215332,0.0,0.0377,0.6751333838861455,1.61,O:INTC260102C00040000,2.07,O:INTC260102P00040000,0.4512810415533229,0.4678118450010503,0.4595468217372894,-0.21558656214885613,-0.022260495599668917,0.1743866984400135,7.940288404695268,-28.56347761258271,-0.002894928345257588,0.24949265284049854,0.06944440657988737,0.4878390681024357,0.0887553225878898,3.969857887472953,-14.7741850506589,0.011215568737717814,0.12741652994783434,0.038673775442603885,-0.5100995637021046,0.0856313758521237,3.970430517222315,-13.789292561923808,-0.014110497082975402,0.12207612289266419,0.03077063113728349,False
2025-12-12,37.810001373291016,0.0,0.037599999999999995,0.6658564052164028,0.84,O:INTC260102C00040000,2.76,O:INTC260102P00040000,0.44614643414961713,0.3911016978633466,0.4188760762929917,-0.2469803289234111,-0.36895723670451486,0.1845506188021041,6.553730193133589,-22.413818730718944,-0.010446591444335424,0.9946297730764287,4.445320720045499,0.32913616982045957,0.08790230879418957,3.3371967573839174,-12.942913267882462,0.006907523233875786,0.4469107522010106,1.8234317471587738,-0.6980934065249744,0.09664831000791453,3.216533435749672,-9.470905462836484,-0.01735411467821121,0.5477190208754181,2.621888972886725,False
2025-12-15,37.5099983215332,0.0,0.0377,0.6651057263076307,0.67,O:INTC260102C00040000,3.0,O:INTC260102P00040000,0.43772645695610507,0.41226165818071325,0.425067020392418,-0.24003870591521265,-0.43204304801788646,0.18046148770062276,5.991678388774865,-22.176414022160042,-0.011042185558878342,1.071640633922085,5.420050747611796,0.2907943870040159,0.08856348182037822,3.0302542115065996,-12.32376313282178,0.005687609426906618,0.5122732152062077,2.4958338122067296,-0.7228374350219023,0.09189800588024453,2.961424177268266,-9.852650889338262,-0.01672979498578496,0.5593674187158771,2.924216935405066,False
2025-12-16,37.310001373291016,0.0,0.037599999999999995,0.6587855664936416,0.56,O:INTC260102C00040000,3.09,O:INTC260102P00040000,0.4355747168178944,0.4052086524241026,0.42052894965410237,-0.23825661683953925,-0.4918605355520541,0.17997886374483235,5.429829871389973,-21.311417351068442,-0.011349885886503572,1.1559244296647835,6.497747968744486,0.26283548334609463,0.08836780235746479,2.764076502796217,-12.016832951167888,0.004769964253162835,0.54932085442537,2.954214919922233,-0.7546960188981487,0.09161106138736758,2.665753368593756,-9.294584399900552,-0.01611985013966641,0.6066035752394136,3.5435330488222525,False
2025-12-17,36.04999923706055,0.0,0.0373,0.6707212961117436,0.33,O:INTC260102C00040000,4.12,O:INTC260102P00040000,0.47192090200008724,0.4253490463631414,0.4492919977426529,-0.2214292983690907,-0.6808190594536943,0.13739377570885453,3.815569590980796,-16.945297920338948,-0.013806441225658056,1.1839618135626904,9.315518445691977,0.1733819212677153,0.06902596962021063,2.015918424950713,-10.210049031571437,0.0028192467282958226,0.5668303362438658,4.195514245979892,-0.8542009807214095,0.06836780608864391,1.7996511660300827,-6.7352488887675115,-0.016625687953953878,0.6171314773188246,5.120004199712085,False
2025-12-18,36.279998779296875,0.0,0.0371,0.6669371638603114,0.3,O:INTC260102C00040000,3.89,O:INTC260102P00040000,0.4572663168942021,0.4216712021454842,0.43986206078529366,-0.22707510307501777,-0.6828407153835744,0.14506868167598458,3.6634922377680064,-17.40024685061831,-0.01264278029866162,1.2018204051794097,9.134880045672382,0.16927751948010228,0.07281039303243053,1.9128867499060358,-10.235991277171182,0.0025498123095676916,0.5809028352221547,4.213953639002396,-0.8521182348636767,0.07225828864355403,1.7506054878619706,-7.164255573447125,-0.015192592608229312,0.620917569957255,4.920926406669985,False
2025-12-19,36.81999969482422,0.0,0.0371,0.6464760024917051,0.32,O:INTC260102C00040000,3.35,O:INTC260102P00040000,0.4398838268322484,0.39130739804918546,0.4162803045988084,-0.23019569789289673,-0.6543649564138809,0.16749967610617839,3.744613592638093,-18.64360343030533,-0.011017348212485317,1.2625664114865023,8.780167129302392,0.18814920836137078,0.08360156870773244,1.9784243182688115,-11.210632394521596,0.002622084839065918,0.596247887604131,3.8692306988933796,-0.8425141647752517,0.08389810739844594,1.7661892743692815,-7.432971035783734,-0.013639433051551235,0.6663185238823712,4.910936430409012,False
2025-12-22,36.369998931884766,0.0,0.037200000000000004,0.644419396911146,0.18,O:INTC260102C00040000,3.62,O:INTC260102P00040000,0.4227498606670653,0.29863940229537034,0.3705076566696167,-0.2739117402415293,-0.8205101390437329,0.12331749953247145,2.1629105227790766,-10.295697860304257,-0.012014983171650423,1.1965226704017513,11.369113580984013,0.1283513404850778,0.07216267758421828,1.4412013413246283,-8.696706065262596,0.0016029064701243794,0.6021925734130938,4.694578438392869,-0.9488614795288107,0.05115482194825317,0.7217091814544483,-1.5989917950416608,-0.013617889641774803,0.5943300969886575,6.674535142591144,False
2025-12-23,36.349998474121094,0.0,0.0371,0.631834203230957,0.14,O:INTC260102C00040000,3.8,O:INTC260102P00040000,0.41971254213790954,0.46316002464586087,0.44220607504844667,-0.1896281281825103,-0.7551681989265371,0.14149343004667136,2.6228526121753575,-17.135014396366522,-0.009965194564661717,1.1386832842761987,8.603815857799557,0.11002714448449746,0.06918561746621109,1.2180525034240834,-8.195089574961655,0.0012252338203566295,0.5830389237229935,4.630981705823727,-0.8651953434110345,0.07230781258046026,1.4048001087512743,-8.939924821404865,-0.011190428385018346,0.5556443605532052,3.972834151975831,False
2025-12-24,36.15999984741211,0.0,0.037200000000000004,0.6322880716448417,0.1,O:INTC260102C00040000,4.14,O:INTC260102P00040000,0.4287354190376316,0.615601893957759,0.53306905105114,-0.09921902059370169,-0.7352541227917441,0.1313277281416836,2.5220136967860864,-23.601575936902467,-0.00856299693554405,0.9615856326804861,6.743465120349416,0.08656212244761152,0.061050298101627466,0.9506737259487616,-7.44929418037206,0.0008416906484714729,0.5274970036853904,4.330606110136294,-0.8218162452393556,0.07027743004005613,1.5713399708373248,-16.152281756530407,-0.009404687584015524,0.43408862899509576,2.412859010213122,False
2025-12-26,36.20000076293945,0.0,0.037000000000000005,0.6247063708151224,0.06,O:INTC260102C00040000,3.68,O:INTC260102P00040000,0.4483031115092689,1.0,0.00010000000000000002,-0.6246063708151224,-0.67455770859138,0.11755081500186779,2.2887271880544784,-47.929819332554345,-0.00575588771134286,0.6894945358439075,4.240281649246092,0.06207959232761877,0.05351767887637088,0.6238147586639471,-7.128313460040212,0.00043398438286166067,0.4368167682702141,3.42469010431378,-0.7366373009189987,0.06403313612549691,1.6649124293905313,-40.801505872514134,-0.006189872094204521,0.25267776757369337,0.8155915449323125,False
2025-12-29,36.68000030517578,0.0,0.0369,0.49945802111246007,0.04,O:INTC260102C00040000,3.48,O:INTC260102P00040000,0.4115284950643087,0.5995374030491186,0.5209966146945955,0.02153859358213539,-0.8135515815998082,0.13369778364457996,1.490160537010887,-24.037866072123602,-0.005295408295453522,0.8570745115904685,5.421316634238318,0.05113181110804523,0.05520693608072856,0.4851898072841043,-6.357317581039381,0.000291351563023379,0.43009578743796034,3.247657762470629,-0.8646833927078534,0.07849084756385141,1.0049707297267827,-17.68054849108422,-0.005586759858476901,0.42697872415250815,2.1736588717676883,False
2025-12-30,37.29999923706055,0.0,0.0365,0.5038530637244243,0.06,O:INTC260102C00040000,2.75,O:INTC260102P00040000,0.4378242067226093,0.4500937188243135,0.4440456208229065,-0.05980744290151779,-0.8413235087960312,0.16346528037437136,1.2022485244168066,-21.17827136173601,-0.004070400742406317,0.969942247870245,5.565087690370935,0.07636228391270625,0.0805402655623405,0.584051557635518,-10.841673645395222,0.00033194203948620765,0.48437476741174584,2.8188939721311645,-0.9176857927087375,0.08292501481203088,0.6181969667812887,-10.336597716340787,-0.004402342781892525,0.4855674804584991,2.74619371823977,False
2025-12-31,36.900001525878906,0.0,0.0374,0.3770166013353943,0.03,O:INTC260102C00040000,2.84,O:INTC260102P00040000,0.5204379415704348,1.0,0.00010000000000000002,-0.3769166013353943,-0.7608420981796042,0.1380312242050573,1.2116915521386065,-65.97881385133762,-0.0025028031284040297,0.5733911168150655,2.490868026980964,0.04360649075857191,0.05401660327844299,0.30379347705318976,-10.019713643310297,0.00012532377583567686,0.31192753975365656,1.7537334944550405,-0.8044485889381762,0.08401462092661433,0.9078980750854166,-55.95910020802732,-0.0026281269042397067,0.26146357706140894,0.7371345325259233,True
2026-01-02,39.380001068115234,0.0,0.037200000000000004,0.460099142398412,4.32,O:INTC260206C00037000,1.58,O:INTC260206P00037000,0.6042753981068306,0.5541729088544635,0.5792906187176707,0.11919147631925875,0.3500273239779148,0.1003489783412799,8.927656614692115,-26.361708332760006,0.007821504357261835,-0.33872461718394076,1.912141605314249,0.6707893200093745,0.048271294078221304,4.487606515978792,-14.489180528459375,0.021920321565922083,-0.15074037121278197,0.8265886213238721,-0.3207619960314597,0.05207768426305859,4.440050098713323,-11.872527804300631,-0.014098817208660248,-0.18798424597115881,1.0855529839903768,False
2026-01-05,39.369998931884766,0.0,0.0371,0.37946566385252717,4.55,O:INTC260206C00037000,1.55,O:INTC260206P00037000,0.6710812519166437,0.5574507763749489,0.6145597845077516,0.23509412065522445,0.3428147813449959,0.09759661669898581,8.782560001468529,-28.624620844374526,0.00704439769084474,-0.3056134248390312,1.6693625968596262,0.662903061121759,0.044790569990703605,4.437140719635001,-16.432279315768795,0.02052237410314933,-0.11607699362469925,0.5928963134786961,-0.32008827977676313,0.052806046708282206,4.345419281833528,-12.19234152860573,-0.013477976412304589,-0.18953643121433192,1.07646628338093,False
2026-01-06,40.040000915527344,0.0,0.037000000000000005,0.3754384921737247,4.52,O:INTC260206C00037000,1.2,O:INTC260206P00037000,0.5709276859425008,0.5329180418865225,0.5520004469633102,0.17656195478958547,0.436538208517106,0.10122352343158425,8.16737214248361,-25.13671787728107,0.010732411753167241,-0.5039162511646177,3.528255423622886,0.7134908770147727,0.049282483114464114,4.117078409722757,-13.76673075876476,0.021948731487480708,-0.23316908172007725,1.589676992020436,-0.27695266849766664,0.05194104031712013,4.050293732760852,-11.369987118516313,-0.011216319734313467,-0.2707471694445404,1.9385784316024497,False
2026-01-07,42.630001068115234,0.0,0.037000000000000005,0.4298945542016382,7.43,O:INTC260206C00037000,0.7,O:INTC260206P00037000,0.8357259562024638,0.5639179751654759,0.7063067723989489,0.2764122181973107,0.5908429285388935,0.06512508448486021,7.096685745914285,-29.63044152831185,0.014891585827119778,-0.5250881926396902,5.776430085760804,0.7611945439263574,0.029451639449120326,3.905046350534437,-19.616962660241825,0.021842616383084486,-0.17183946863331837,1.5370911923295334,-0.1703516153874639,0.03567344503573988,3.191639395379848,-10.013478868070022,-0.006951030555964708,-0.3532487240063718,4.23933889343127,False
2026-01-08,41.11000061035156,0.0,0.037000000000000005,0.45127792357425295,5.35,O:INTC260206C00037000,1.08,O:INTC260206P00037000,0.6102865265530942,0.5977693574581836,0.6040403291225434,0.1527624055482904,0.5216821051579514,0.08657438250967607,7.364295378389294,-27.246132295748676,0.012513626384544068,-0.5493601866210369,4.623191511234845,0.7591222018054193,0.04300868654312823,3.696610409504902,-14.492677185663982,0.021547928482960183,-0.26913905205784916,2.246913708285694,-0.2374400966474679,0.04356569596654784,3.667684968884392,-12.753455110084694,-0.009034302098416115,-0.2802211345631877,2.3762778029491516,False
2026-01-09,45.54999923706055,0.0,0.037000000000000005,0.5898570800621616,9.2,O:INTC260206C00037000,0.47,O:INTC260206P00037000,0.6819302379605123,0.6526864475974107,0.6675084728479384,0.07765139278577671,0.7759013098496365,0.04448563123270942,4.888826481160781,-21.515042446060768,0.02037484450133745,-0.5867613647793369,9.15938152260005,0.8836600968000506,0.022364619536232436,2.511352441614924,-11.938049678310364,0.024643425980208824,-0.28738235557659914,4.4012887970518575,-0.10775878695041419,0.02212101169647698,2.377474039545857,-9.576992767750403,-0.0042685814788713744,-0.2993790092027378,4.7580927255481935,False
2026-01-12,44.060001373291016,0.0,0.0371,0.5911981837999103,8.57,O:INTC260206C00037000,0.52,O:INTC260206P00037000,0.9093726485629327,0.6175969925059582,0.7734561533331872,0.1822579695332769,0.6692503209891911,0.05374254297745374,5.950489570028932,-31.715623061737844,0.015378818697433568,-0.5088657264817692,6.314971284691528,0.7982620628977932,0.025579428145236886,3.4046681788897333,-21.519024912637974,0.020056631911227592,-0.1812629678110768,1.8320612001714087,-0.1290117419086021,0.028163114832216854,2.5458213911391985,-10.196598149099872,-0.004677813213794024,-0.32760275867069244,4.482910084520119,False
2026-01-13,47.290000915527344,0.0,0.037200000000000004,0.6069878351015474,11.5,O:INTC260206C00037000,0.32,O:INTC260206P00037000,1.0183072806086184,0.6913820812350505,0.8729902179002762,0.2660023827987288,0.7768762843199648,0.034220767395543764,4.714626227631209,-30.410929903560664,0.01779891442624465,-0.43318120091209195,6.99604344659096,0.8525575551491352,0.017909167322023304,2.9131634472966357,-21.83747788525923,0.020583891116815894,-0.17549184596979583,2.3232824732871937,-0.07568127082917042,0.016311600073520456,1.8014627803345733,-8.573452018301433,-0.002784976690571244,-0.2576893549422961,4.672760973303767,False
2026-01-14,48.720001220703125,0.0,0.037200000000000004,0.6055506763255626,11.35,O:INTC260206C00037000,0.26,O:INTC260206P00037000,1.0,0.7336412351874391,0.00010000000000000002,-0.6054506763255626,0.8244647653292932,0.028240749947787552,3.972906655700805,-27.475453621629622,0.01841430483489858,-0.40453058230833416,7.130395296891367,0.8847312818388873,0.015364562684328176,2.46027223350242,-19.369286740390454,0.0205704612192063,-0.1826124051175356,2.7705889609892194,-0.060266516509594026,0.012876187263459377,1.5126344221983847,-8.106166881239169,-0.0021561563843077204,-0.22191817719079854,4.359806335902147,False
2026-01-15,48.31999969482422,0.0,0.0375,0.6068433758122133,11.87,O:INTC260206C00037000,0.22,O:INTC260206P00037000,0.8568601036027745,0.7113783985183963,0.7903041134595872,0.18346073764737392,0.8566482499596332,0.02823379956713904,3.3066279580631672,-21.844221505056765,0.018605233762933788,-0.43484871539978887,7.8186679278627835,0.9123361203991864,0.015263700283740597,1.93884476937355,-14.290913038119017,0.020453384799533843,-0.2117447096083046,3.494047870596831,-0.055687870439553255,0.012970099283398444,1.367783188689617,-7.553308466937749,-0.0018481510366000556,-0.22310400579148426,4.324620057265952,False
2026-01-16,46.959999084472656,0.0,0.0375,0.6013121485871213,10.38,O:INTC260206C00037000,0.29,O:INTC260206P00037000,0.7514603511744418,0.7226479680189011,0.7373048829078677,0.13599273432074632,0.8467193907638277,0.03406281812525502,3.296528398038195,-21.514497199966613,0.017316632032782497,-0.4871279689100583,7.973302072453303,0.9198493384393147,0.01729221194214432,1.705703335701592,-11.997459445635286,0.019533407197001782,-0.24184689365640866,3.8904448806908016,-0.07312994767548697,0.016770606183110704,1.5908250623366031,-9.517037754331325,-0.0022167751642192864,-0.2452810752536496,4.082857191762502,False
2026-01-20,48.560001373291016,0.0,0.0375,0.6047038925295779,11.61,O:INTC260206C00037000,0.18,O:INTC260206P00037000,1.0,0.7645735054066437,0.6525141244888305,0.0478102319592526,0.8583401338068888,0.02701008749834772,2.946119801321183,-27.138530709460742,0.015134851087763442,-0.3773510178419919,6.230402738016394,0.9064361240841021,0.015153215161144566,1.8433380254745262,-19.06071937675065,0.0164325509925589,-0.18250538091919535,2.655285977228364,-0.04809599027721334,0.011856872337203152,1.1027817758466567,-8.077811332710091,-0.001297699904795458,-0.19484563692279652,3.57511676078803,False
2026-01-21,54.25,0.0,0.0375,0.7044447198584873,11.61,O:INTC260206C00037000,0.14,O:INTC260206P00037000,1.0,0.9841203057720381,0.00010000000000000002,-0.7043447198584873,0.9404561201130414,0.011511488307235397,1.600697514034111,-17.930145524629275,0.015910010885757653,-0.22725227417525462,5.069077523740579,0.9693257588399936,0.00585444021015912,0.8204754019529248,-9.93188674904427,0.016722476552870593,-0.11454723897263269,2.5371305352939295,-0.02886963872695225,0.005657048097076277,0.7802221120811863,-7.998258775585003,-0.0008124656671129385,-0.11270503520262191,2.5319469884466494,False
2026-01-22,54.31999969482422,0.0,0.0379,0.6977302747469106,17.57,O:INTC260206C00037000,0.09,O:INTC260206P00037000,1.0901816340593464,0.9543774264503302,1.0295037121772768,0.33177343743036614,0.943623522269558,0.010958989118217796,1.4573318603972614,-18.581271351541787,0.014665631899159716,-0.2098918550150204,4.553736189575419,0.9646152465046988,0.0063016160537222405,0.8848353448033341,-12.369389815228018,0.015202654716402314,-0.11293814150315294,2.316026261057627,-0.02099172423514073,0.004657373064495556,0.5724965155939273,-6.21188153631377,-0.0005370228172425977,-0.09695371351186745,2.2377099285177917,False
2026-01-23,45.06999969482422,0.0,0.0378,0.973395995764397,7.81,O:INTC260206C00037000,0.14,O:INTC260206P00037000,1.0,0.647398807272105,0.00010000000000000002,-0.973295995764397,0.8096634391950341,0.04323100220830407,2.9475182444663943,-33.797851391172244,0.010931878601623379,-0.44688174933535585,5.547733827427572,0.8638027647052408,0.02432969004560883,1.9611515053909552,-25.849362240725902,0.011955711690600763,-0.19623406177209143,1.9337126519527916,-0.054139325510206615,0.01890131216269524,0.9863667390754391,-7.948489150446338,-0.0010238330889773847,-0.2506476875632644,3.61402117547478,False
2026-01-26,42.4900016784668,0.0,0.0377,1.003126930135138,6.02,O:INTC260206C00037000,0.15,O:INTC260206P00037000,0.7500584507990438,0.5325669460799375,0.6534276988029479,-0.34969923133219005,0.7794395140900984,0.07106987463115065,2.9721335337339805,-28.75879421223612,0.009624423664982559,-0.6346133070580595,6.475602215205426,0.8546092170464883,0.037911509770915675,1.833503121268419,-20.395304633849268,0.010818695380978027,-0.2784446826453369,2.3619929706061127,-0.07516970295638992,0.033158364860234976,1.1386304124655615,-8.363489578386849,-0.0011942717159954682,-0.35616862441272257,4.1136092445993135,False
2026-01-27,43.93000030517578,0.0,0.0377,1.005995332554635,7.4,O:INTC260206C00037000,0.09,O:INTC260206P00037000,0.8769749490649517,0.5920519233353841,0.7578593513488769,-0.24813598120575797,0.8365289306961312,0.0494043471530006,2.2950172652807255,-29.451592259475756,0.009288481327228397,-0.48751067142226945,5.534250365300206,0.8818935249157326,0.0288169298101588,1.5482702015632588,-22.566836025451124,0.009949708831327203,-0.23192787465783218,2.150284994798722,-0.04536459421960137,0.020587417342841797,0.7467470637174668,-6.884756234024633,-0.0006612275040988067,-0.2555827967644373,3.3839653705014845,False
2026-01-28,48.779998779296875,0.0,0.037599999999999995,1.0653508860799346,11.86,O:INTC260206C00037000,0.03,O:INTC260206P00037000,0.8085900199663899,0.7714254133352496,0.7909730825424194,-0.2743778035375152,0.9701193130266248,0.011716503989775265,0.6129634384711808,-10.070022298304945,0.009842338584780858,-0.19416566325786147,3.4278411271926252,0.9832537156356527,0.006331315899872973,0.3383790207817704,-6.282455310884085,0.01002864306901285,-0.10250263757490813,1.7718015068467698,-0.013134402609027873,0.005385188089902291,0.27458441768941044,-3.7875669874208593,-0.0001863044842319915,-0.09166302568295334,1.6560396203458556,False
2026-01-29,48.65999984741211,0.0,0.037200000000000004,1.067480366368239,11.55,O:INTC260206C00037000,0.08,O:INTC260206P00037000,1.0,0.9647311326905852,0.00010000000000000002,-1.067380366368239,0.9410410573966516,0.01816138035090594,1.0065518625672238,-22.04862946313755,0.008076322069517326,-0.23678689076865528,3.3579884938530746,0.9684312608283208,0.009452691360121522,0.5329057350067304,-12.505421426649496,0.008412704758756774,-0.12093494808823026,1.6873178682874144,-0.027390203431669202,0.008708688990784417,0.47364612756049335,-9.543208036488055,-0.00033638268923944783,-0.11585194268042501,1.67067062556566,False
2026-01-30,46.470001220703125,0.0,0.037200000000000004,1.08546908317953,9.76,O:INTC260206C00037000,0.04,O:INTC260206P00037000,1.176410700456863,0.810972940405634,1.0354696003913881,-0.049999482788141814,0.9084353645355726,0.026810641703464748,1.2099732747978253,-34.18607563462784,0.00643154613073372,-0.2658668515762228,2.9936823215468644,0.9282050349992931,0.017778818196634977,0.8961416992809614,-27.808114475697582,0.006621763712198399,-0.15092045498880408,1.4448305622670747,-0.019769670463720468,0.009031823506829769,0.31383157551686386,-6.377961158930256,-0.00019021758146468005,-0.1149463965874187,1.5488517592797895,True
2026-02-02,48.810001373291016,0.0,0.037200000000000004,1.0760922268023465,4.91,O:INTC260306C00046000,1.99,O:INTC260306P00046000,0.5512511075664681,0.5609610121528462,0.5561086704969407,-0.5199835563054058,0.348715373587304,0.08600745225422644,10.85158417793492,-32.05861619904617,0.009638855108270578,-0.36325813997106204,2.473428830495301,0.6752393353679361,0.04333158903861697,5.4197896509654555,-16.728643204709805,0.026712793225342046,-0.18556970507895065,1.2702395539486813,-0.32652396178063214,0.042675863215609476,5.431794526969464,-15.329972994336362,-0.017073938117071467,-0.1776884348921114,1.2031892765466201,False
2026-02-03,49.25,0.0,0.037200000000000004,1.0750779302714748,5.0,O:INTC260306C00046000,2.12,O:INTC260306P00046000,0.5232109155601363,0.6236863237661968,0.5738111992895604,-0.5012667309819144,0.38522235838958796,0.08288715574750308,10.455143661052201,-33.32765635089375,0.010817485177214679,-0.4112426804969901,3.1169186377129536,0.702777766115244,0.04447454827364705,5.151433602362641,-15.867040568515629,0.027026647403454073,-0.2477122223599236,1.9622786854260956,-0.31755540772565605,0.038412607473856025,5.303710058689561,-17.460615782378117,-0.016209162226239394,-0.16353045813706651,1.154639952286858,False
2026-02-04,48.599998474121094,0.0,0.037200000000000004,1.0791042551034724,4.12,O:INTC260306C00046000,2.06,O:INTC260306P00046000,0.45126952202027537,0.5849606627603254,0.5187231688022614,-0.560381086301211,0.3566226208751545,0.09766119935887292,10.284744584046878,-31.006683306016775,0.00973574977254487,-0.44439848419008143,3.032753146600256,0.6926523061157027,0.05423791005584969,5.047003441152817,-14.143196492773543,0.02579142152567585,-0.2882084264372031,2.083301348843143,-0.3360296852405482,0.04342328930302323,5.237741142894062,-16.86348681324323,-0.016055671753130978,-0.1561900577528783,0.9494517977571131,False
2026-02-05,48.2400016784668,0.0,0.037200000000000004,1.0626163686875614,4.7,O:INTC260306C00046000,2.35,O:INTC260306P00046000,0.6240231650789729,0.6302653133928937,0.627144795179367,-0.4354715735081943,0.288828124466437,0.08530860579535907,10.374893838803326,-39.295447349403034,0.0057358910075411135,-0.22482593303103043,1.159344635678969,0.6447648876368872,0.04285170378378904,5.185637908473291,-20.39795776813375,0.022002882718183243,-0.11402776751036225,0.5894732523659395,-0.3559367631704502,0.04245690201157003,5.1892559303300345,-18.897489581269287,-0.01626699171064213,-0.1107981655206682,0.5698713833130294,False
2026-02-06,50.59000015258789,0.0,0.037200000000000004,1.0584475377692883,6.38,O:INTC260306C00046000,1.43,O:INTC260306P00046000,0.6517230822350928,0.6031796665223924,0.6275922844767572,-0.43085525329253116,0.4803506069911302,0.07258344004936453,9.2410571959106,-37.15928770426456,0.013088045461092719,-0.48402822400803636,4.4525326193423815,0.7343154350321582,0.03530979703743603,4.674306006116969,-20.336632109480387,0.02441985553200359,-0.22259043644908905,1.9856510259782423,-0.25396482804102805,0.037273643011928495,4.5667511897936315,-16.822655594784173,-0.011331810070910872,-0.2614377875589473,2.466881593364139,False
2026-02-09,50.2400016784668,0.0,0.037200000000000004,0.9979263771819201,5.82,O:INTC260306C00046000,1.39,O:INTC260306P00046000,0.6028781983076333,0.5892594324783111,0.5960806460261345,-0.4018457311557856,0.47635548734130284,0.07918353259874249,8.981400858101265,-36.12583947034497,0.012607932904281905,-0.5179188801049917,4.557454643167858,0.7364147559524185,0.039276209298430745,4.506210707707961,-19.175787480617313,0.023506829084398696,-0.2529165621955215,2.2062160923675473,-0.2600592686111156,0.03990732330031174,4.4751901503933045,-16.950051989727655,-0.010898896180116791,-0.2650023179094702,2.351238550800311,False
2026-02-10,47.130001068115234,0.0,0.037200000000000004,1.0184416344144311,3.55,O:INTC260306C00046000,2.3,O:INTC260306P00046000,0.5816152206491473,0.582039791144597,0.5818275039672853,-0.4366141304471458,0.1981120266211701,0.10549754566073263,9.738754362637536,-39.79364340086005,0.0024907285901872994,-0.12677829177181477,0.40066997083242717,0.5990694698847807,0.05276755802032931,4.869334653184583,-20.742804225991705,0.017631531968246385,-0.06347254504558168,0.20062635345410515,-0.4009574432636106,0.052729987640403334,4.869419709452953,-19.050839174868347,-0.015140803378059085,-0.06330574672623307,0.200043617378322,False
2026-02-11,48.290000915527344,0.0,0.0371,0.9896267406540555,4.25,O:INTC260306C00046000,2.0,O:INTC260306P00046000,0.5929693462681489,0.6265479919964325,0.6097812806546689,-0.3798454599993867,0.312307579046724,0.09629376462783173,9.230427658914099,-42.04662184028275,0.005957645465379817,-0.29457097726137554,1.4869735982664316,0.6586221672492805,0.04934283197019836,4.602768396496455,-21.25121910863923,0.018588599444870003,-0.15762406026195372,0.8080060021107155,-0.34631458820255645,0.046950932657633365,4.627659262417644,-20.795402731643517,-0.012630953979490185,-0.13694691699942182,0.6789675961557161,False
2026-02-12,46.47999954223633,0.0,0.037200000000000004,0.9940439535371283,2.95,O:INTC260306C00046000,2.44,O:INTC260306P00046000,0.5702709659972821,0.587293274758853,0.5787823357224466,-0.4152616178146816,0.12736537495819844,0.11622835327843983,9.22539896659313,-42.068265766327656,0.00033647147285934854,-0.019749110428292492,0.037088893530787516,0.5637665128992597,0.0589667795490799,4.612542095899035,-21.57943470138754,0.014764360166021733,-0.011623617882005315,0.021853034303478385,-0.4364011379410613,0.05726157372935994,4.612856870694095,-20.488831064940115,-0.014427888693162385,-0.008125492546287177,0.015235859227309129,False
2026-02-13,46.790000915527344,0.0,0.037200000000000004,0.9939038653355464,3.1,O:INTC260306C00046000,2.25,O:INTC260306P00046000,0.5835832881412142,0.592945967083882,0.588264960551262,-0.40563890478428444,0.16308601220513175,0.11633094109586259,8.91738774793879,-44.14946513439919,0.0013576158692784647,-0.08277799432089514,0.19452884280361626,0.5817367099539132,0.058622406919683914,4.458238706086731,-22.751974225016657,0.014356822137702062,-0.04280174097936261,0.10081842744824918,-0.4186506977487815,0.05770853417617868,4.45914904185206,-21.397490909382533,-0.012999206268423597,-0.03997625334153253,0.0937104153553671,False
2026-02-17,46.18000030517578,0.0,0.037200000000000004,0.9896048742543386,2.59,O:INTC260306C00046000,2.24,O:INTC260306P00046000,0.5885057366078035,0.5688363694910126,0.5786707614064217,-0.4109341128479169,0.08762575602438305,0.13070105530824727,8.31832284267399,-46.625451335692276,-0.00040415687621767754,0.029277473383257986,-0.03380085179694853,0.5439570183913018,0.06423726300857964,4.158995049983919,-24.560932678804203,0.011622585657899476,0.015670938344238033,-0.01814763836240015,-0.4563312623669188,0.06646379229966763,4.159327792690071,-22.064518656888072,-0.012026742534117153,0.013606535039019952,-0.015653213434548376,False
2026-02-18,45.459999084472656,0.0,0.0371,0.9833154877572498,1.85,O:INTC260306C00046000,2.42,O:INTC260306P00046000,0.5210375801474363,0.5491448353916197,0.5350919315457345,-0.4482235562115152,-0.022079476986464897,0.1503562549674261,7.912074805420108,-44.258124556729996,-0.00251130143028111,0.21547362688007318,0.05941194842618169,0.4874474005969767,0.07714471690670169,3.9556220433724825,-22.39426843937346,0.009671123040412921,0.11109683637504647,0.034683007528743925,-0.5095268775834416,0.0732115380607244,3.9564527620476255,-21.86385611735654,-0.012182424470694031,0.10437679050502671,0.02472894089743777,False
2026-02-19,44.619998931884766,0.0,0.037200000000000004,0.8786475973491972,1.5,O:INTC260306C00046000,2.95,O:INTC260306P00046000,0.55370268749697,0.5932342242658761,0.5734870854377747,-0.30516051191142246,-0.14366310736688392,0.1469781071015992,7.316869423710527,-47.66231078171944,-0.004740584312295957,0.4125147720656085,0.6983683919692314,0.424098800119755,0.07588418811348965,3.6515662035688186,-23.807885821332206,0.007605403495711422,0.21725024616493127,0.3876771295139656,-0.5677619074866389,0.07109391898810956,3.6653032201417077,-23.854424960387234,-0.012345987808007379,0.1952645259006772,0.31069126245526585,False
2026-02-20,44.11000061035156,0.0,0.037200000000000004,0.8779846540950199,1.21,O:INTC260306C00046000,3.09,O:INTC260306P00046000,0.5564840125366265,0.5737652792407442,0.56513283932209,-0.3128518147729299,-0.23838391493359928,0.15348134319006373,6.695525941830035,-47.12624886385621,-0.0058790137433408,0.5610334303440643,1.496286168477811,0.3783850269550593,0.0777659947332213,3.3413041507607457,-24.004094467841483,0.006143080861085607,0.2873918415246216,0.7821455096712755,-0.6167689418886586,0.07571534845684244,3.3542217910692895,-23.12215439601473,-0.012022094604426407,0.2736415888194426,0.7141406588065355,False
2026-02-23,43.630001068115234,0.0,0.037200000000000004,0.6390233756147238,0.95,O:INTC260306C00046000,3.53,O:INTC260306P00046000,0.5582550938744586,0.6474212035078188,0.6031720520734789,-0.03585132354124487,-0.3092852337322093,0.14884759438112138,6.073760848600621,-50.64945205758892,-0.006419326813603056,0.6306221661547129,2.093207824941436,0.3314027948837339,0.07881052381006387,2.9910889227940576,-23.879607463102335,0.004824680105269173,0.3519034639090991,1.2651994337983838,-0.6406880286159432,0.07003707057105753,3.0826719258065634,-26.76984459448658,-0.01124400691887223,0.27871870224561385,0.8280083911430521,False
2026-02-24,46.119998931884766,0.0,0.037200000000000004,0.6340791590527001,2.12,O:INTC260306C00046000,1.96,O:INTC260306P00046000,0.6212287891188657,0.6256055518168624,0.6234170686721802,-0.010662090380519906,0.07141510461155498,0.1551273484217388,6.5302497377557,-64.09009637204841,-0.00024963030209353837,0.027343628868246372,-0.020138418563892806,0.5356776319880376,0.07783646944463589,3.265146904805835,-32.78753012051449,0.007169984703213604,0.013519376706243048,-0.00994848105238163,-0.46426252737648266,0.0772908789771029,3.265102832949865,-31.302566251533914,-0.007419615005307142,0.013824252162003324,-0.010189937511511175,False
2026-02-25,46.880001068115234,0.0,0.0371,0.6264679896463731,2.44,O:INTC260306C00046000,1.52,O:INTC260306P00046000,0.6292814753668521,0.6317205675647255,0.6305010841131211,0.004033094466748044,0.19174675458893442,0.15726456319727244,6.0532390068816815,-68.88490853578072,0.0013969689055380007,-0.1690743160266429,0.3205905005110936,0.5959764732276175,0.07877929731574715,3.0264240190799936,-35.22653320534705,0.007083160472633948,-0.0849836052319786,0.16131757087741688,-0.40422971863868307,0.07848526588152531,3.026814987801688,-33.65837533043367,-0.005686191567095948,-0.0840907107946643,0.15927292963367673,False
2026-02-26,45.459999084472656,0.0,0.0374,0.49465357120341086,1.38,O:INTC260306C00046000,1.9,O:INTC260306P00046000,0.5749661839747646,0.5824725081197711,0.5787196347713472,0.08406606356793639,-0.06187095276931864,0.19596419212988192,5.580026318390177,-67.58682453577066,-0.0014506317752973046,0.22945538075421323,0.12495193613258615,0.46863395801964325,0.09860930541854189,2.789778721811123,-34.429758256002955,0.004743833167268041,0.11580806870505835,0.06393540593056206,-0.5305049107889619,0.09735488671134004,2.790247596579054,-33.1570662797677,-0.0061944649425653454,0.11364731204915489,0.061016530202024084,False
2026-02-27,45.61000061035156,0.0,0.0374,0.49516820528325284,1.35,O:INTC260306C00046000,1.73,O:INTC260306P00046000,0.5914282189794448,0.6008520955319626,0.5961402476906779,0.10097204240742502,-0.040338813318893996,0.20807412081502985,5.119518505982769,-76.72518447976037,-0.0009761613690665904,0.17986985960400775,0.058461566867757844,0.47940686152111023,0.10485378159207932,2.5596215624320853,-38.915865979673185,0.004070584771147732,0.09090813858788849,0.030161508147607544,-0.5197456748400042,0.10322033922295054,2.5598969435506835,-37.80931850008719,-0.005046746140214322,0.08896172101611928,0.0283000587201503,True
2026-03-02,45.5,0.0,0.0374,0.4693936907051983,3.55,O:INTC260410C00046000,4.1,O:INTC260410P00046000,0.5997954686285583,0.6401074554142818,0.6199481325924397,0.15055444188724143,0.058685836470633856,0.08324440032060336,12.281998424409366,-32.89597630211338,-0.0057307158244840825,0.1755294556087269,-0.199272572257058,0.5275747933549527,0.042989032871253795,6.143008350691407,-16.773732306335035,0.023539084913962696,0.08911079559721158,-0.09514564144932489,-0.46888895688431886,0.040255367449349565,6.13899007371796,-16.122243995778348,-0.029269800738446778,0.08641866001151532,-0.10412693080773311,False
2026-03-03,43.099998474121094,0.0,0.0375,0.46346548502800855,2.25,O:INTC260410C00046000,4.95,O:INTC260410P00046000,0.5822939224844167,0.5807336412629156,0.5815137608051303,0.11804827577712174,-0.17220360883164898,0.09327163033139961,11.19491675234109,-28.74667334801888,-0.0162466391976469,0.551232696905629,1.7226998073978494,0.4141132145726951,0.046578848593973585,5.598130345231888,-15.2538432072259,0.017331421017996153,0.27508415171985123,0.8575014440146695,-0.5863168234043441,0.046692781737426026,5.596786407109201,-13.492830140792979,-0.03357806021564305,0.2761485451857778,0.86519836338318,False
2026-03-04,45.58000183105469,0.0,0.0375,0.513356252260956,3.48,O:INTC260410C00046000,3.6,O:INTC260410P00046000,0.6036788612628409,0.5842171892883384,0.593947383248806,0.08059113098784998,0.05635358814563629,0.08983950598920609,11.874356745426917,-32.74358189852004,-0.0048336464455022085,0.165814322264466,-0.17483673014599363,0.5289834575047931,0.04417738390790498,5.9363276428378535,-17.497297398116054,0.02210471460178512,0.08231291685872233,-0.08929901137585008,-0.47262986935915685,0.04566212208130112,5.938029102589064,-15.24628450040399,-0.026938361047287328,0.08350140540574366,-0.08553771877014354,False
2026-03-05,45.95000076293945,0.0,0.0375,0.5135194103112763,3.3,O:INTC260410C00046000,3.75,O:INTC260410P00046000,0.5510205610355255,0.649726422767085,0.6003550390005112,0.08683562868923489,0.08833735323410241,0.09010221668922476,11.70386996934156,-33.93818713054825,-0.0030858477118619228,0.10791079109210505,-0.1770093304628314,0.5414992812227375,0.04878789760348663,5.8563060026265745,-16.44759298039317,0.022267031826119634,0.052408282212003346,-0.08060980462271707,-0.4531619279886351,0.04131431908573813,5.8475639667149855,-17.49059415015508,-0.025352879537981557,0.055502508880101706,-0.09639952584011435,False
2026-03-06,43.41999816894531,0.0,0.0375,0.5465941486270833,2.5,O:INTC260410C00046000,3.75,O:INTC260410P00046000,0.6390093905076707,0.649726422767085,0.5305672115802765,-0.0160269370468068,-0.1307496591031987,0.08932825234071479,10.764989024161018,-34.4677771559024,-0.013039705779447786,0.4490545893047321,1.0111416931268995,0.4334221468451388,0.04501307786536091,5.3797862377814365,-17.938148562165868,0.016189671450789953,0.22711758940379778,0.5207881286159678,-0.5641718059483375,0.04431517447535388,5.385202786379582,-16.52962859373653,-0.02922937723023774,0.22193699990093432,0.49035356451093176,False
2026-03-09,45.58000183105469,0.0,0.0375,0.5479420345132375,3.16,O:INTC260410C00046000,3.55,O:INTC260410P00046000,0.5847968685328877,0.6087202993760326,0.596757720935345,0.04881568642210743,0.04916385708375104,0.09490972926125205,11.2019322675925,-34.92776031518957,-0.004256296480096105,0.16351658612916065,-0.1417584306730502,0.5236041538329822,0.048413254650672706,5.601814141714164,-17.975068118824936,0.01971988408614778,0.08258483674065885,-0.06877205485768972,-0.47444029674923116,0.04649647461057935,5.600118125878337,-16.952692196364637,-0.023976180566243885,0.08093174938850178,-0.07298637581536047,False
2026-03-10,46.779998779296875,0.0,0.0375,0.5587064953060278,4.45,O:INTC260410C00046000,2.75,O:INTC260410P00046000,0.7115408436293222,0.573461319734716,0.6425070050120356,0.08380050970600783,0.16049607909718944,0.08709044552571281,11.04731849804204,-38.89654111415874,0.0002811169380045539,-0.013240350691351002,0.03825418357980484,0.5798942990470721,0.038873973764310316,5.52467174641004,-22.385610156130735,0.02069767681886885,0.007328790839110858,-0.020883169910083127,-0.4193982199498827,0.04821647176140249,5.522646751632,-16.510930958028,-0.020416559880864295,-0.02056914153046186,0.05913735348988797,False
2026-03-11,47.97999954223633,0.0,0.0375,0.5214174806711316,4.3,O:INTC260410C00046000,2.37,O:INTC260410P00046000,0.5648984474975143,0.6025562407786471,0.5837462007522586,0.062328720081127,0.2735346581502994,0.09078221612671997,10.639699695687801,-35.8146076910758,0.00563461273819179,-0.2287034686733425,1.1359906282858172,0.6389142324102498,0.046764498714418415,5.309202418264342,-18.16532486008166,0.023008424632086723,-0.12506644482004262,0.6304093959940997,-0.3653795742599504,0.044017717412301545,5.330497277423459,-17.64928283099414,-0.017373811893894933,-0.1036370238532999,0.5055812322917174,False
2026-03-12,45.25,0.0,0.037599999999999995,0.5526418852471835,2.91,O:INTC260410C00046000,3.4,O:INTC260410P00046000,0.6115271070921993,0.5892485515638942,0.600387700712681,0.0477458154654975,0.007869358180332742,0.10176697488062972,10.421851997155521,-37.31903068044656,-0.004961592951949947,0.21728086785579426,-0.027843213802971827,0.5051444666859896,0.04993790072201408,5.210770135213472,-19.86919991467668,0.016623155931284193,0.10674311576739648,-0.017980847852398337,-0.4972751085056568,0.05182907415861563,5.2110818619420485,-17.449830765769878,-0.02158474888323414,0.11053775208839778,-0.00986236595057349,False
2026-03-13,45.77000045776367,0.0,0.0375,0.5388966320479174,3.16,O:INTC260410C00046000,3.2,O:INTC260410P00046000,0.6234939268475034,0.6131032861594965,0.6182984777212144,0.079401845673297,0.060104716038946515,0.09980270839242295,10.258904592472941,-39.825959624493166,-0.0028642913645930343,0.12711673845067045,-0.12358580202101933,0.530382558623614,0.04947892977489105,5.1291312604759804,-20.93912317589802,0.016758420596024497,0.06342797007133717,-0.06234637463406402,-0.47027784258466754,0.0503237786175319,5.12977333199696,-18.886836448595144,-0.01962271196061753,0.06368876837933328,-0.061239427386955314,False
2026-03-16,45.7599983215332,0.0,0.0375,0.5382827186831792,3.03,O:INTC260410C00046000,3.09,O:INTC260410P00046000,0.6153776857406023,0.6053537860435535,0.6103654961705209,0.07208277748734171,0.055372896000629446,0.1037932707715617,10.001264650721247,-40.34750583559182,-0.0027038329788559336,0.12798659381810362,-0.11169172945781164,0.5280071728996426,0.051467587379640946,5.000352426264957,-21.19850202805395,0.015932561093937432,0.06383611478710374,-0.0563566790089682,-0.47263427689901316,0.05232568339192076,5.00091222445629,-19.149003807537866,-0.018636394072793366,0.06415047903099988,-0.05533505044884344,False
2026-03-17,44.060001373291016,0.0,0.0374,0.552314686054056,1.86,O:INTC260410C00046000,3.67,O:INTC260410P00046000,0.5576389095016063,0.5560594886528822,0.5568491615772247,0.004534475523168768,-0.1563038186067145,0.11933864445077381,9.214650400608088,-35.45381347786777,-0.008869104616044616,0.4862148566970592,1.1288784661535005,0.42204007461704873,0.0595904733494736,4.607770940175257,-18.61219876258134,0.011953633048007865,0.24258970825428233,0.5618325403414904,-0.5783438932237632,0.059748171101300214,4.606879460432831,-16.841614715286433,-0.02082273766405248,0.24362514844277688,0.5670459258120101,False
2026-03-18,45.029998779296875,0.0,0.0373,0.5559543072566929,2.42,O:INTC260410C00046000,3.14,O:INTC260410P00046000,0.6007472689450312,0.5719105848146648,0.5863305289268494,0.030376221670156522,-0.03777024035716364,0.11628953527241648,9.321246383283004,-40.23704309700919,-0.004898154599682774,0.2715720791895311,0.15088479278416406,0.48307125438004944,0.0567284469438858,4.661706748888746,-21.47781300875698,0.01304189944110316,0.13168702986040315,0.0653753819631035,-0.5208414947372131,0.05956108832853069,4.659539634394259,-18.759230088252213,-0.017940054040785934,0.13988504932912796,0.08550941082106056,False
2026-03-19,46.18000030517578,0.0,0.0373,0.5583864884349031,2.89,O:INTC260410C00046000,2.75,O:INTC260410P00046000,0.5933292044542194,0.6256079871465986,0.6094676566958428,0.05108116826093967,0.09366782877964908,0.11180837796132972,9.220342267721797,-44.20447484431895,-0.0008345521513467066,0.04660630452580522,-0.06384425210078637,0.5464572110904465,0.05739084280078334,4.610686914181063,-22.376767893105516,0.014187551857093458,0.0218973216245351,-0.02973944449261683,-0.45278938231079746,0.05441753516054638,4.609655353540735,-21.827706951213433,-0.015022104008440165,0.024708982901270122,-0.03410480760816954,False
2026-03-20,43.869998931884766,0.0,0.0373,0.5870485833556475,1.8,O:INTC260410C00046000,3.72,O:INTC260410P00046000,0.6172137464762559,0.5912291240701993,0.6042339153289795,0.017185331973332052,-0.18422258557281757,0.12011931620828138,8.310973460213646,-41.676393572863745,-0.008096336090659854,0.48919367291241345,1.2213075053596332,0.4110644936147215,0.058882631488452644,4.163406026606057,-22.191081805793957,0.009662737437984275,0.23658409466340904,0.569258379761681,-0.5952870791875391,0.06123668471982874,4.147567433607588,-19.485311767069792,-0.01775907352864413,0.2526095782490044,0.6520491255979523,False
2026-03-23,44.0099983215332,0.0,0.0373,0.5855914730395871,1.55,O:INTC260410C00046000,3.35,O:INTC260410P00046000,0.5630768237856978,0.5393896891693536,0.5512461282968522,-0.034345344742734985,-0.20483410866325724,0.13496452487917815,8.002118645709448,-39.182138540673265,-0.007730415988034835,0.5455213535429777,1.4707241881569963,0.4008112420844274,0.06617893727927583,4.0097531747631185,-20.92033762430086,0.00893872338410405,0.2635894611915785,0.6869822449389323,-0.6056453507476847,0.0687855875999023,3.9923654709463294,-18.2618009163724,-0.016669139372138885,0.2819318923513992,0.7837419432180639,False
2026-03-24,44.060001373291016,0.0,0.0374,0.5470542910051904,1.41,O:INTC260410C00046000,3.31,O:INTC260410P00046000,0.5434717177359641,0.5561047872738358,0.5497920860886574,0.002737795083466943,-0.21069866639502044,0.13994910134851035,7.704528586398844,-40.532093008554966,-0.0072239676944165585,0.5491744437095416,1.46902406687902,0.3929165607894355,0.07069426738032925,3.8476270625121956,-20.862087955665164,0.008203363281889964,0.2795610925251194,0.760191444321317,-0.6036152271844559,0.0692548339681811,3.8569015238866484,-19.670005052889806,-0.015427330976306523,0.2696133511844222,0.708832622557703,False
2026-03-25,47.18000030517578,0.0,0.0373,0.6022333710355848,3.05,O:INTC260410C00046000,1.76,O:INTC260410P00046000,0.5842444432810879,0.5770672254075753,0.5806562120556833,-0.021577158979901534,0.21843206344835653,0.1284381182912177,7.904846051156053,-48.400010940011654,0.0026169642000728674,-0.19911370987448107,0.5684439544037856,0.6088587981647149,0.0638387371857157,3.953442821793381,-25.210371748818122,0.012226646801533306,-0.09783428621856595,0.27835075314482766,-0.39042673471635836,0.06459938110550201,3.9514032293626715,-23.18963919119353,-0.009609682601460438,-0.10127942365591514,0.29009320125895793,False
2026-03-26,44.099998474121094,0.0,0.0374,0.638090680604263,1.4,O:INTC260410C00046000,3.21,O:INTC260410P00046000,0.5848870804594988,0.5806619145844206,0.5827749320268631,-0.05531574857739985,-0.2144981257266555,0.1431942712500247,7.084192929586216,-46.76381400761116,-0.006141390364671452,0.5197153448514917,1.3032629068331851,0.39329989747674154,0.07136541719037257,3.5434730214405397,-24.336232536356498,0.0069599116533555225,0.25836584845683574,0.6444717072211739,-0.607798023203397,0.07182885405965214,3.5407199081456757,-22.427581471254662,-0.013101302018026974,0.26134949639465593,0.6587911996120112,False
2026-03-27,43.130001068115234,0.0,0.0374,0.6422671653657106,1.03,O:INTC260410C00046000,3.75,O:INTC260410P00046000,0.6070354389749352,0.5803499319821726,0.593734486103058,-0.04853267926265259,-0.36397868115302834,0.13988829416597073,6.128348870241291,-45.08387541306064,-0.008126349566230675,0.7112108131135486,2.8949455644628665,0.32275252591850434,0.0688121862980408,3.0834563125621535,-24.066365276684454,0.005115205074445228,0.3434596879758101,1.3574614075980245,-0.6867312070715327,0.07107610786792994,3.044892557679138,-21.01751013637618,-0.013241554640675904,0.3677511251377385,1.537484156864842,False
2026-03-30,41.189998626708984,0.0,0.0374,0.6601455577948312,0.4,O:INTC260410C00046000,5.22,O:INTC260410P00046000,0.5798376600397371,0.6146413990335083,0.5974755633831026,-0.0626699944117286,-0.637542008096415,0.11332282218483929,4.1007813722279955,-33.122907726561195,-0.0113858408707001,0.9033106133541502,6.412255197110115,0.17336980201833607,0.0567726066668492,1.9946687218777492,-16.444293830796262,0.0024075363953743128,0.4642504057342444,3.4003481533998654,-0.8109118101147511,0.05655021551799009,2.1061126503502465,-16.67861389576493,-0.013793377266074413,0.43906020761990583,3.0119070437102495,False
2026-03-31,44.130001068115234,0.0,0.0374,0.6854725382011654,0.97,O:INTC260410C00046000,2.75,O:INTC260410P00046000,0.5400961047345045,0.5279782389815932,0.5340431806564331,-0.1514293575447323,-0.2932002871285759,0.17705351189727775,5.845038279347741,-48.54119447585949,-0.005288548883858964,0.6561918555079735,1.9413287484845068,0.3553874053872362,0.08770042233186977,2.9283976656194386,-25.4607301360232,0.004670871929947121,0.322062980155388,0.939025909992968,-0.648587692515812,0.08935308956540797,2.9166406137283025,-23.08046433983629,-0.009959420813806085,0.33412887535258556,1.002302838491539,True
