Date,Stock_Close,Stock_Dividends,r,RV,K,Expiry,Call_Close,Call_Sym,Put_Close,Put_Sym,Call_imp_vol,Put_imp_vol,Straddle_imp_vol,VRP,Straddle_Delta,Straddle_Gamma,Straddle_Vega,Straddle_Theta,Straddle_Rho,Straddle_Vanna,Straddle_Volga,Call_Delta,Call_Gamma,Call_Vega,Call_Theta,Call_Rho,Call_Vanna,Call_Volga,Put_Delta,Put_Gamma,Put_Vega,Put_Theta,Put_Rho,Put_Vanna,Put_Volga,Force_Close
2024-05-01,500.3500061035156,0.0,0.0547,0.13724505758199476,500.0,2024-06-07,10.8,O:SPY240607C00500000,7.25,O:SPY240607P00500000,0.13928997729663617,0.13497104637151888,0.13713087237030266,-0.00011418521169209717,0.13391728475249265,0.03503319970308687,128.83073362735735,-85.1225406867642,0.05245233668922414,-0.7102719978550223,19.625336873152733,0.5661921773312143,0.017246511963373255,64.43653576041372,-56.79046613626954,0.29195813505368123,-0.3420434805616201,9.337720101401658,-0.43227489257872165,0.01778668773971361,64.39419786694364,-28.332074550494653,-0.2395057983644571,-0.36822851729340217,10.287616771751075,False
2024-05-02,505.0299987792969,0.0,0.055099999999999996,0.13696695782026921,500.0,2024-06-07,13.37,O:SPY240607C00500000,5.52,O:SPY240607P00500000,0.138458506273116,0.13869712452138855,0.1385778219804168,0.0016108641601475793,0.29222627447408445,0.033085027587930596,120.6513230883941,-88.1167319013484,0.13277852821682817,-1.7729257472158941,107.80765088527176,0.6462189002018898,0.016554992573443627,60.31923034338455,-57.719419284868366,0.32292611864615467,-0.8879976167788498,54.03804735293273,-0.3539926257278053,0.016530035014486973,60.33209274500955,-30.397312616480043,-0.1901475904293265,-0.8849281304370443,53.76960353233902,False
2024-05-03,511.2900085449219,0.0,0.055099999999999996,0.13923612038623373,500.0,2024-06-07,17.27,O:SPY240607C00500000,3.16,O:SPY240607P00500000,0.1338987814239582,0.13204311900331242,0.13297237483263016,-0.006263745553603567,0.5064170002526991,0.029476470059459685,101.64698114468109,-81.2637086319707,0.2366031273675562,-3.0511573827371,336.42526703383146,0.751793095256577,0.014680648159804013,50.9795426339624,-54.63153495182693,0.36420069255729026,-1.5082796153215066,165.20350048238126,-0.24537609500387791,0.01479582189965567,50.66743851071868,-26.63217368014378,-0.12759756518973406,-1.5428777674155936,171.22176655145017,False
2024-05-06,516.5700073242188,0.0,0.055099999999999996,0.14458153527519468,500.0,2024-06-07,20.19,O:SPY240607C00500000,2.16,O:SPY240607P00500000,0.10562203271382004,0.13674100872465098,0.12220533413290978,-0.022376201142284904,0.70120528512356,0.023853005122791412,73.52390642363662,-66.314446438329,0.32368725644957996,-3.838547346599503,651.2026697268179,0.8805031190515402,0.011845192810084358,31.7955052365678,-41.58040374123388,0.4139538120547157,-2.161961703444042,405.8312791779797,-0.17929783392798027,0.012007812312707056,41.728401187068826,-24.734042697095123,-0.09026655560513573,-1.676585643155461,245.37139054883824,False
2024-05-07,517.1400146484375,0.0,0.055099999999999996,0.1445751784971259,500.0,2024-06-07,21.59,O:SPY240607C00500000,1.83,O:SPY240607P00500000,0.13620518213808408,0.13332863847350623,0.1347738649442792,-0.009801313552846691,0.6688458226732839,0.02363191617685461,77.73580234934813,-75.16527595758325,0.29431506294843607,-3.437825398796292,522.0405187422195,0.8319506978459121,0.011803961459616544,39.243252629541736,-51.798379756732004,0.3729696392709798,-1.6980208615116692,255.17953788517184,-0.16310487517262828,0.011827954717238066,38.4925497198064,-23.36689620085124,-0.07865457632254375,-1.739804537284623,266.86098085704765,False
2024-05-08,517.1900024414062,0.0,0.055099999999999996,0.13982256860031453,500.0,2024-06-07,21.48,O:SPY240607C00500000,1.72,O:SPY240607P00500000,0.13764077815199996,0.1330926364560113,0.13538451379835603,-0.0044380548019584964,0.6756421915070064,0.023730497700439113,75.01234844507889,-76.14659431567517,0.2848086709067685,-3.429385688367215,516.6995596047526,0.8339219061682116,0.011851698761174331,38.09343235383888,-52.61015736094592,0.3577759364728472,-1.6827112850944612,249.36988244416133,-0.15827971466120516,0.01187879893926478,36.91891609124,-23.53643695472926,-0.07296726556607874,-1.746674403272754,267.3296771605913,False
2024-05-09,520.1699829101562,0.0,0.055099999999999996,0.13874075705470004,500.0,2024-06-07,23.63,O:SPY240607C00500000,1.21,O:SPY240607P00500000,0.13151857320915517,0.13286983753038684,0.13219651016443965,-0.006544246890260397,0.7603025021032934,0.020136478014123507,60.021810048145824,-68.03150053801559,0.3088721162713493,-3.439731441846308,607.3047348445152,0.881313263472096,0.010050869865154279,29.80575084513239,-47.477688003928755,0.3623355876656451,-1.7259837016392232,306.23405552345724,-0.12101076136880262,0.01008560814896923,30.21605920301343,-20.55381253408683,-0.053463471394295824,-1.7137477402070849,301.07067932105804,False
2024-05-10,520.8400268554688,0.0,0.055099999999999996,0.1284320288543513,500.0,2024-06-07,24.43,O:SPY240607C00500000,1.11,O:SPY240607P00500000,0.14499799417265175,0.13493621843446066,0.14008586329668762,0.011653834442336336,0.7566834746729801,0.01964550464512979,59.22501415402086,-72.62127672178,0.2925166994204517,-3.2509432576034207,557.5036159284562,0.8701589812787102,0.009934682711379225,31.01374102049514,-51.956638367992845,0.34030446601407205,-1.5835093348949947,261.88987916956194,-0.11347550660573003,0.009710821933750564,28.211273133525722,-20.664638353787165,-0.04778776659362033,-1.6674339227084258,295.6137367588943,False
2024-05-13,520.9099731445312,0.0,0.055,0.11819951987478809,500.0,2024-06-07,23.7,O:SPY240607C00500000,1.12,O:SPY240607P00500000,0.12280928130272396,0.13859760100316088,0.1310792769625783,0.012879757087790197,0.7980579050976736,0.01881418137830212,50.41787972610062,-65.45294917667735,0.29472341731476276,-3.339598610434048,612.205380948285,0.9122525209890104,0.009071828579799606,22.793154270458736,-43.39576702924006,0.34041774952297266,-1.7141488774466804,332.16141172671126,-0.11419461589133684,0.009742352798502515,27.624725455641883,-22.057182147437288,-0.04569433220820991,-1.6254497329873672,280.0439692215738,False
2024-05-14,523.2999877929688,0.0,0.055,0.11790331612196764,500.0,2024-06-07,26.27,O:SPY240607C00500000,0.82,O:SPY240607P00500000,0.14759464933524347,0.1395955918594488,0.14368762168586258,0.025784305563894938,0.8093128332964238,0.01685764481448987,47.373296252011116,-69.48273932287319,0.2831595684176508,-2.9949927059392873,548.6107985886545,0.8986626586103679,0.008584675018852515,24.783799457192988,-50.02570203599987,0.3171429702005728,-1.482208698784798,264.09164115893174,-0.08934982531394409,0.008272969795637353,22.589496794818128,-19.457037286873312,-0.033983401782922015,-1.5127840071544891,284.5191574297228,False
2024-05-15,529.780029296875,0.0,0.054900000000000004,0.11958203542577964,500.0,2024-06-07,31.91,O:SPY240607C00500000,0.4,O:SPY240607P00500000,0.13449797911150338,0.14396972611866124,0.13946651259958748,0.01988447717380784,0.9144637525966918,0.009460815528902322,24.995797216526405,-50.70454612971962,0.3050249512661624,-2.1900435644767517,518.484906755149,0.9624296853871185,0.004424564624081142,11.267455414330811,-37.47249357514599,0.3224373991130827,-1.062194437952968,260.1042274373561,-0.04796593279042671,0.005036250904821179,13.728341802195596,-13.23205255457363,-0.01741244784692029,-1.127849126523784,258.380679317793,False
2024-05-16,528.6900024414062,0.0,0.055099999999999996,0.11958191209886894,500.0,2024-06-07,32.32,O:SPY240607C00500000,0.4,O:SPY240607P00500000,0.21341789699634012,0.14406137717912393,0.18440044590532784,0.0648185338064589,0.821336582176508,0.012729920053489122,41.67248850579877,-84.7390035606361,0.2549285331022948,-2.206244805103105,411.50599952849353,0.8706495769552064,0.0074148874888657875,28.08387552275707,-70.78151637772348,0.2717356996609888,-1.0625585045368182,159.87746394599628,-0.04931299477869844,0.005315032564623334,13.588612983041703,-13.957487182912633,-0.016807166558694023,-1.143686300566287,251.62853558249725,False
2024-05-17,529.4500122070312,0.0,0.055,0.11169008768879032,500.0,2024-06-07,29.95,O:SPY240607C00500000,0.3,O:SPY240607P00500000,1.0,0.14287951018720202,0.00010000000000000002,-0.11159008768879032,0.6045112963468285,0.007533388671535546,59.207284455153115,-431.44303490874074,0.15047746249197239,-1.0788562885132245,235.92516288269866,0.6443020574576059,0.002884132280504467,48.123346321699586,-419.3154236791053,0.1631960452037748,-0.046944010070842625,2.2435261181912787,-0.039790761110777395,0.004649256391031079,11.083938133453525,-12.127611229635411,-0.012718582711802404,-1.0319122784423818,233.68163676450737,False
2024-05-20,530.0599975585938,0.0,0.055,0.10975497200842667,500.0,2024-06-07,31.53,O:SPY240607C00500000,0.26,O:SPY240607P00500000,1.0,0.14579930457230728,0.1250484527349472,0.015293480726520522,0.6119339453203843,0.007267981480473958,56.17263947969536,-444.6135583630421,0.143578741334904,-1.0032649645932021,216.79099838567066,0.6474737629017159,0.0029724242696290435,46.39683480721636,-432.8362116162244,0.15418887223512262,-0.05303327211885891,2.507918769742439,-0.03553981758133162,0.004295557210844915,9.775804672479007,-11.77734674681772,-0.010610130900218607,-0.9502316924743431,214.28307961592822,False
2024-05-21,531.3599853515625,0.0,0.055,0.10460494457070409,500.0,2024-06-07,32.78,O:SPY240607C00500000,0.22,O:SPY240607P00500000,0.0917664859923254,0.15120016508964707,0.1355104521155357,0.03090550754483161,0.9682497608806541,0.004125286697421034,8.80072979597422,-39.12631043656291,0.24838727475621333,-0.9623481269905273,234.70840028351972,0.9989121812306657,0.0003284288574628542,0.4389811937704463,-27.780550521372913,0.2569057740405123,-0.12066726553871995,44.63760561512198,-0.030662420350011654,0.0037968578399581792,8.361748602203773,-11.345759915189998,-0.008518499284298948,-0.8416808614518073,190.07079466839775,False
2024-05-22,529.8300170898438,0.0,0.054900000000000004,0.10585378610076683,500.0,2024-06-07,30.31,O:SPY240607C00500000,0.27,O:SPY240607P00500000,1.0,0.15672881142054162,0.00010000000000000002,-0.10575378610076683,0.6135910980252006,0.007654680524559824,52.13187894358071,-479.2166150696868,0.1251798848995133,-0.9651651193191263,189.40925998411376,0.650488932643339,0.0032020017806161675,42.80311666564162,-464.95280888031414,0.13461778030251634,-0.062351900492992406,2.787303813461267,-0.03689783461813834,0.0044526787439436565,9.328762277939093,-14.263806189372655,-0.00943789540300306,-0.9028132188261339,186.62195617065248,False
2024-05-23,525.9600219726562,0.0,0.055099999999999996,0.10924593453009229,500.0,2024-06-07,26.87,O:SPY240607C00500000,0.35,O:SPY240607P00500000,1.0,0.15474679616056772,0.1051658142566681,-0.004080120273424193,0.591075220758568,0.00935784735927264,52.237957295117376,-504.59849057406035,0.1104198850927156,-1.118115583633272,195.51868580354736,0.639920641346647,0.0034048064856562893,41.114029921604875,-486.31557096067064,0.12178687411428138,-0.055867107218254095,2.1993136244432185,-0.04884542058807895,0.005953040873616351,11.123927373512501,-18.2829196133897,-0.011366989021565781,-1.0622484764150177,193.31937217910414,False
2024-05-24,529.4400024414062,0.0,0.0556,0.10717653045145256,500.0,2024-06-07,30.1,O:SPY240607C00500000,0.19,O:SPY240607P00500000,1.0,0.15878851574061453,0.00010000000000000002,-0.10707653045145256,0.6255454753487394,0.007455684840745451,45.86919664088435,-518.9861652904758,0.10838844699312081,-0.8513373776771894,158.52564302198476,0.65464026433923,0.003494761363643966,38.8732175275317,-505.85608628257074,0.11457652046699286,-0.07322768083182171,3.0728590827056412,-0.02909478899049056,0.003960923477101486,6.995979113352648,-13.130079007905096,-0.006188073473872048,-0.7781096968453677,155.45278393927913,False
2024-05-28,529.8099975585938,0.0,0.055,0.10713215039462068,500.0,2024-06-07,30.09,O:SPY240607C00500000,0.16,O:SPY240607P00500000,1.0,0.17304623750184683,0.00010000000000000002,-0.10703215039462068,0.6386119501003698,0.00750923425220857,40.046020464407675,-573.1296474473168,0.09025366980161327,-0.7502811302145642,125.21764177132032,0.6641834304718635,0.0038629966201060776,34.423424524738316,-558.5593259851834,0.09460542407246747,-0.08960940825360826,3.5858306251638616,-0.025571480371493704,0.003646237632102492,5.622595939669359,-14.57032146213337,-0.004351754270854205,-0.6606717219609559,121.63181114615645,False
2024-05-29,526.0999755859375,0.0,0.055,0.09108612013835207,500.0,2024-06-07,27.06,O:SPY240607C00500000,0.23,O:SPY240607P00500000,0.17223077277809218,0.177166829678991,0.17475528733730317,0.0836691671989511,0.9303815147009448,0.010035840748705803,13.485650470092601,-67.85420194992065,0.12838435893604766,-1.5707871551195076,249.9179837928042,0.9671299359590895,0.004859096821084343,6.434286065328551,-46.44336406683091,0.13381862102680642,-0.7718051177184835,124.5339331370986,-0.0367484212581447,0.005176743927621459,7.051364404764051,-21.410837883089748,-0.005434262090758765,-0.7989820374010242,125.38405065570558,False
2024-05-30,522.6099853515625,0.0,0.0548,0.09457976655233913,500.0,2024-06-07,23.76,O:SPY240607C00500000,0.19,O:SPY240607P00500000,0.2008978369004544,0.16481688574763304,0.18512919545769696,0.09054942890535783,0.8954493539479107,0.014091298163074154,17.023057519432356,-91.35286092040127,0.1057192318451865,-1.8059457198379203,237.93178369344034,0.9311373464908952,0.008183983329834065,10.691683968972784,-70.47147961653033,0.11020516071664271,-0.9591308512913275,114.80401261022276,-0.03568799254298449,0.005907314833240088,6.3313735504595705,-20.88138130387093,-0.0044859288714562155,-0.8468148685465929,123.12777108321758,False
2024-05-31,527.3699951171875,0.0,0.0548,0.09433725091141915,500.0,2024-06-07,27.49,O:SPY240607C00500000,0.04,O:SPY240607P00500000,1.0,0.16561520777205416,0.00010000000000000002,-0.09423725091141914,0.6664150192263772,0.006923780370653427,28.608157666785658,-697.661037308428,0.0608145759717968,-0.472668193190026,66.36172961366624,0.6759849315474789,0.004839026751268115,26.702893289617137,-689.9881715420045,0.06182387847458475,-0.11346245152468644,3.8476320643168913,-0.009569912321101604,0.002084753619385312,1.9052643771685225,-7.672865766423538,-0.001009302502787953,-0.3592057416653396,62.51409754934935,True
2024-06-03,527.7999877929688,0.0,0.054900000000000004,0.08632644754056687,527.0,2024-07-05,8.1,O:SPY240705C00527000,6.31,O:SPY240705P00527000,0.09518327087874896,0.12289669117588639,0.10907566855028271,0.02274922100971584,0.1745251582606253,0.04452253730147032,126.80420659153266,-76.904625143663,0.07400416799954351,-1.3803218120442673,51.017006795694584,0.5965103762967878,0.02497538496887702,63.069918321631214,-48.35673137561643,0.29213158983601956,-0.8744312467579147,34.79910032634399,-0.4219852180361625,0.0195471523325933,63.73428826990145,-28.54789376804657,-0.21812742183647604,-0.5058905652863525,16.217906469350595,False
2024-06-04,528.3900146484375,0.0,0.0548,0.07993787231360423,527.0,2024-07-05,8.43,O:SPY240705C00527000,6.12,O:SPY240705P00527000,0.09796278940432589,0.125617691751749,0.11183436139449478,0.031896489080890544,0.19463073389078567,0.04399778299224193,123.51618648201652,-80.54232398982134,0.08058299744550823,-1.519118585061472,61.40891296380447,0.6074968199010977,0.024579357044101986,61.35757119750365,-50.05708076602005,0.2852778107947597,-0.9542493545200431,41.55523393739965,-0.41286608601031205,0.019418425948139938,62.15861528451287,-30.485243223801298,-0.2046948133492515,-0.5648692305414288,19.853679026404816,False
2024-06-05,534.6699829101562,0.0,0.0548,0.08856173923539329,527.0,2024-07-05,12.09,O:SPY240705C00527000,3.8,O:SPY240705P00527000,0.08939500404908743,0.1260178512124746,0.10828634880632163,0.019724609570928336,0.47449754998352345,0.038826570910006825,102.49571022331752,-76.9642435665556,0.20761155288465202,-3.7899782183265267,399.38405045868893,0.7707655694782067,0.021460966548831752,47.88023484299694,-46.43501450344006,0.34921963114818616,-2.4239636259815383,283.89532351264853,-0.2962680194946833,0.017365604361175076,54.615475380320575,-30.52922906311554,-0.14160807826353414,-1.3660145923449885,115.48872694604042,False
2024-06-06,534.6599731445312,0.0,0.0548,0.08859009264226722,527.0,2024-07-05,11.77,O:SPY240705C00527000,3.71,O:SPY240705P00527000,0.08664089743181243,0.12657956246275417,0.10733997867628933,0.018749886034022112,0.4847264488822627,0.039811767271053705,98.97790006735093,-77.57298650994073,0.20306985845152878,-3.921113431463029,417.86608003065965,0.7799585036779286,0.02214450605947101,45.70492895122892,-45.9667904444901,0.33770216052524177,-2.553277792661859,304.2511823809028,-0.29523205479566594,0.0176672612115827,53.27297111612201,-31.606196065450625,-0.134632302073713,-1.3678356388011703,113.61489764975688,False
2024-06-07,534.010009765625,0.0,0.0547,0.08778164638249832,527.0,2024-07-05,11.61,O:SPY240705C00527000,3.66,O:SPY240705P00527000,0.09785262545675448,0.12432786588835243,0.11134087451249361,0.023559228129995294,0.44037598701116343,0.04057526326825822,101.03071128441655,-83.06116074874161,0.1745199881939508,-3.4123227797913733,307.07348701122874,0.7423508591548638,0.021930900967799802,48.568781363056445,-50.99053104935445,0.3054069758308006,-2.055600490737326,201.19795563905578,-0.30197487214370033,0.01864436230045842,52.46192992136011,-32.07062969938716,-0.13088698763684983,-1.3567222890540473,105.87553137217297,False
2024-06-10,535.6599731445312,0.0,0.0547,0.08800338653753309,527.0,2024-07-05,11.8,O:SPY240705C00527000,3.14,O:SPY240705P00527000,0.07630910480827752,0.1259387312484831,0.10282533139213922,0.014821944854606126,0.566099594949204,0.03978187364883065,84.8967322001044,-74.78617265641935,0.21736670566369984,-4.612514842432764,584.5922299442102,0.8377317714517798,0.021878119210424863,36.11750934289457,-42.17784427893899,0.32943842007005697,-3.102802441191299,449.6087177816951,-0.27163217650257576,0.017903754438405788,48.77922285720983,-32.608328377480355,-0.11207171440635713,-1.509712401241465,134.98351216251518,False
2024-06-11,536.9500122070312,0.0,0.0546,0.0879334711974003,527.0,2024-07-05,12.39,O:SPY240705C00527000,2.68,O:SPY240705P00527000,0.06373784647135336,0.12597934191403526,0.09904016378074884,0.011106692583348537,0.6634778203743295,0.0352934098092952,68.64772541407386,-68.94085770420654,0.24370315982077795,-5.0185736049708725,809.8740479277571,0.9091413293751351,0.0178795171500992,23.468906212330896,-36.44823304274673,0.33983817707563785,-3.382904402417279,648.334148130157,-0.2456635090008057,0.017413892659196,45.17881920174296,-32.492624661459814,-0.09613501725485989,-1.6356692025535937,161.5398997976001,False
2024-06-12,541.3599853515625,0.0,0.0547,0.09050805312352153,527.0,2024-07-05,16.3,O:SPY240705C00527000,1.38,O:SPY240705P00527000,1.0,0.11836946769728875,0.09533928782343862,0.004831234699917086,0.44148283157954726,0.017146928161686274,88.08987710484936,-442.2839023067496,0.11737854726569956,-1.9770709571945466,281.22998149663533,0.5977701484624868,0.0027516268694674556,54.40141872086101,-417.4316473740799,0.1753861223781024,0.0047014857409320866,-0.16366669280573443,-0.1562873168829395,0.014395301292218818,33.688458383988355,-24.85225493266971,-0.05800757511240283,-1.9817724429354786,281.3936481894411,False
2024-06-13,542.4500122070312,0.0,0.0547,0.08131223623047235,527.0,2024-07-05,17.07,O:SPY240705C00527000,1.05,O:SPY240705P00527000,1.0,0.11583171982932353,0.09018827356696128,0.008876037336488937,0.4698331978947149,0.016229286252994617,81.79821100698626,-452.65741798509845,0.12140611494372014,-2.005982190597335,307.96290460445414,0.6004246007365978,0.0028257379032127724,52.7923221576451,-430.1313224603385,0.1670501200648073,-0.0009539873009487004,0.03317860704862029,-0.13059140284188286,0.013403548349781844,29.00588884934117,-22.526095524759945,-0.04564400512108716,-2.0050282032963866,307.9297259974055,False
2024-06-14,542.780029296875,0.0,0.0547,0.08044397807164277,527.0,2024-07-05,16.48,O:SPY240705C00527000,1.31,O:SPY240705P00527000,1.0,0.12951563493389603,0.07552244958281516,-0.004921528488827612,0.45484970654236956,0.016282902765097647,81.48424441472162,-472.55946865215867,0.10982888777213562,-1.812018108011879,252.0632406784728,0.6011256011821615,0.0029152833925097797,51.12333972059269,-443.94348732416404,0.15786795585428615,-0.00474332951349742,0.16096674233817457,-0.14627589463979196,0.013367619372587866,30.36090469412892,-28.61598132799463,-0.04803906808215052,-1.8072747784983816,251.90227393613463,False
2024-06-17,547.0999755859375,0.0,0.0545,0.08382134598573102,527.0,2024-07-05,21.6,O:SPY240705C00527000,0.79,O:SPY240705P00527000,1.0,0.13343107840988638,0.10959612518548967,0.02577477919975865,0.5174731475480386,0.012898273700156596,71.36945210554074,-482.4765251530017,0.12246048296139916,-1.647993985280198,274.04115422558334,0.6139018421140295,0.0029667438688683414,49.33338769187336,-458.9321270415081,0.1522083365407533,-0.020582613651919587,0.768394706366759,-0.0964286945659909,0.009931529831288255,22.036064413667376,-23.544398111493585,-0.02974785357935414,-1.6274113716282783,273.2727595192166,False
2024-06-18,548.489990234375,0.0,0.054000000000000006,0.08385594069698109,527.0,2024-07-05,21.44,O:SPY240705C00527000,0.58,O:SPY240705P00527000,1.0,0.13328678717897682,0.00010000000000000002,-0.08375594069698108,0.5418683848829174,0.011734249122347211,65.4302494708741,-496.16577384356714,0.12161327196895541,-1.5382769439592485,269.5510749155296,0.6185985758258843,0.0030597869658216008,47.48663703604167,-475.289150592051,0.14362337680438875,-0.02846424730276317,1.0701932989787737,-0.07673019094296685,0.008674462156525611,17.943612434832428,-20.87662325151614,-0.022010104835433343,-1.5098126966564853,268.48088161655085,False
2024-06-20,547.0,0.0,0.0542,0.08525571745377948,527.0,2024-07-05,20.58,O:SPY240705C00527000,0.66,O:SPY240705P00527000,1.0,0.14136101177838833,0.00010000000000000002,-0.08515571745377948,0.5281083933998364,0.013189636816121484,61.84258539580149,-542.161796730374,0.10134402870145845,-1.5252681892307367,232.43112888316932,0.6156480635732129,0.003343091774676308,43.66315323373158,-515.3562806731145,0.12253395709166506,-0.032529738378890255,1.0932405631397721,-0.0875396701733765,0.009846545041445175,18.17943216206992,-26.805516057259474,-0.02118992839020661,-1.4927384508518464,231.33788832002955,False
2024-06-21,544.510009765625,1.759,0.0542,0.0865827157039515,527.0,2024-07-05,18.51,O:SPY240705C00527000,0.5,O:SPY240705P00527000,1.0,0.12564704814918431,0.10116725778579713,0.014584542081845633,0.528032886606708,0.014461482996087875,57.815458975519434,-563.35177495988,0.09309156918393363,-1.6626104093424174,249.71592286244248,0.6081423376360463,0.0035419684172998595,41.673106821909684,-540.1872904110372,0.1105996636134197,-0.028920495964776163,0.8610392691204183,-0.08010945102933831,0.010919514578788016,16.14235215360975,-23.16448454884281,-0.01750809442948608,-1.6336899133776412,248.85488359332206,False
2024-06-24,542.739990234375,0.0,0.0542,0.08227792272000223,527.0,2024-07-05,18.73,O:SPY240705C00527000,0.48,O:SPY240705P00527000,0.18814068893907127,0.12121062578395357,0.15882537164986132,0.0765474489298591,0.7322430193381857,0.026159908333206083,43.067657243168775,-119.1568903429592,0.13507413184457012,-2.945376316814426,356.8324226888137,0.8159241294848438,0.013789495938452863,27.293343114683545,-94.87630952917614,0.15146594788164117,-1.222555858945674,112.84841751315108,-0.08368111014665813,0.012370412394753219,15.774314128485228,-24.280580813783068,-0.01639181603707103,-1.722820457868752,243.98400517566267,False
2024-06-25,544.8300170898438,0.0,0.054299999999999994,0.08060311430031747,527.0,2024-07-05,18.52,O:SPY240705C00527000,0.28,O:SPY240705P00527000,1.0,0.12349819115750504,0.08588539099693299,0.005282276696615518,0.5577368375301287,0.01317589938255315,47.92265778658814,-620.3600073388643,0.08110574901990052,-1.4563749005553381,221.16047127008585,0.6123724671301443,0.003945514216736344,37.18049028383966,-601.0970140253554,0.09064452076869127,-0.04110981776894784,1.1393821348889372,-0.054635629600015556,0.009230385165816805,10.74216750274848,-19.262993313508918,-0.00953877174879075,-1.4152650827863904,220.02108913519692,False
2024-06-26,545.510009765625,0.0,0.054400000000000004,0.08055915987567866,527.0,2024-07-05,19.08,O:SPY240705C00527000,0.13,O:SPY240705P00527000,1.0,0.11667051883692393,0.00010000000000000002,-0.08045915987567866,0.5864789733406018,0.01083065622324517,41.07920225664318,-652.571369305408,0.07603686306915611,-1.1626573992121099,189.70000653768898,0.6177297304088402,0.004195438465539966,34.68009695566148,-640.0672659485355,0.08080841884512165,-0.05067726587971501,1.3800529541243378,-0.03125075706823832,0.006635217757705205,6.399105300981695,-12.504103356872513,-0.004771555775965542,-1.1119801333323949,188.31995358356465,False
2024-06-27,546.3699951171875,0.0,0.0548,0.07408279653356248,527.0,2024-07-05,20.28,O:SPY240705C00527000,0.1,O:SPY240705P00527000,0.14348283236046894,0.12435169554941536,0.13501838077306746,0.060935584239504986,0.9303983326485024,0.013358037305636911,12.862994602558622,-63.514105400833124,0.11618136487290506,-2.0130907022369326,308.48628002625924,0.9554680631151422,0.007770144785485896,7.924163805974653,-51.3730084440016,0.11946644785210685,-1.0993585173075404,157.59467827542002,-0.02506973046663985,0.005587892520151015,4.938830796583968,-12.141096956831525,-0.0032850829792017795,-0.913732184929392,150.8916017508392,False
2024-06-28,544.219970703125,0.0,0.0547,0.07049096240789993,527.0,2024-07-05,19.0,O:SPY240705C00527000,0.1,O:SPY240705P00527000,0.22042643499445497,0.12347791383538102,0.18389997072815895,0.11340900832025902,0.8338208896878269,0.019766757290276937,21.801207061656317,-133.04256030120914,0.08624642463443864,-2.0322374552726497,231.4080260158152,0.8612679024847002,0.013090879348045144,16.957073778925658,-118.79188032824885,0.08922999854320902,-1.058702796481154,88.14069426171336,-0.027447012796873338,0.006675877942231792,4.8441332827306605,-14.250679972960285,-0.0029835739087703777,-0.9735346587914956,143.26733175410186,True
2024-07-01,545.3400268554688,0.0,0.0548,0.06536743276888383,545.0,2024-08-02,8.76,O:SPY240802C00545000,5.4,O:SPY240802P00545000,0.10543541108929085,0.10265577117185475,0.1040458989799023,0.03867846621101846,0.1569955546505939,0.04468893791437268,131.67223730779682,-75.84076616039933,0.06805329522794673,-1.2483079898853746,41.62122179776639,0.5776306425705493,0.02205580381551275,65.86502137430585,-53.240886461507216,0.29166200964949046,-0.6061437920296725,19.97746591051427,-0.4206350879199554,0.02263313409885993,65.80721593349098,-22.59987969889211,-0.22360871442154373,-0.6421641978557021,21.64375588725212,False
2024-07-02,549.010009765625,0.0,0.0548,0.0676553266616341,545.0,2024-08-02,10.5,O:SPY240802C00545000,4.31,O:SPY240802P00545000,0.10031392872738591,0.10916029016373684,0.10475129958018663,0.03709597291855253,0.3154162189554466,0.04235130101719681,121.84222297985698,-78.60721190082462,0.14453187354467106,-2.63584060568452,178.17649354163495,0.6635195660085524,0.021934026175964245,60.52954617240971,-52.650844948507796,0.32289342533818766,-1.425302056127132,99.78234645410029,-0.34810334705310586,0.020417274841232562,61.31267680744728,-25.95636695231683,-0.1783615517935166,-1.210538549557388,78.39414708753466,False
2024-07-03,551.4600219726562,0.0,0.054900000000000004,0.0681297822950246,545.0,2024-08-02,12.44,O:SPY240802C00545000,3.47,O:SPY240802P00545000,0.10846153389063191,0.11015840554798298,0.10931084181815384,0.04118105952312924,0.4034822335961523,0.03894118875119014,113.0055850194208,-82.0900714098192,0.1803601218610807,-3.1544016558924706,272.1357698734769,0.7030791526143035,0.01958194788061425,56.38737014720976,-55.630076419364514,0.32762543606676225,-1.5992570624344737,138.96211415770995,-0.2995969190181512,0.019359240870575892,56.618214872211055,-26.459994990454685,-0.14726531420568156,-1.5551445934579968,133.1736557157669,False
2024-07-05,554.6400146484375,0.0,0.0548,0.05943874622110701,545.0,2024-08-02,14.75,O:SPY240802C00545000,2.78,O:SPY240802P00545000,0.11699433724924649,0.11770485400187991,0.11734982492923737,0.057911078708130365,0.502515421030506,0.03456857147901564,99.04045917911134,-87.53409499300327,0.20728980990589374,-3.4860619362043233,369.56230265770307,0.7518769307484039,0.017313699618700235,49.45458619323093,-58.4956637216102,0.31926272371755343,-1.7515442212634789,186.2157722301636,-0.24936150971789794,0.0172548718603154,49.58587298588041,-29.038431271393065,-0.11197291381165968,-1.7345177149408444,183.34653042753948,False
2024-07-08,555.280029296875,0.0,0.0548,0.05909667612553098,545.0,2024-08-02,14.8,O:SPY240802C00545000,2.31,O:SPY240802P00545000,0.11260395889270801,0.11341436606068399,0.11300955721512436,0.05391288108959338,0.5472732285263853,0.03493074433880987,91.7690212265446,-84.49039871190473,0.21622293623099226,-3.833896264749672,438.94201077081476,0.7744133598943095,0.017494146693167234,45.79558300686348,-56.95133899302826,0.31305988850119315,-1.9272759416842558,221.4078090734841,-0.22714013136792421,0.01743659764564263,45.97343821968112,-27.539059718876466,-0.0968369522702009,-1.9066203230654166,217.53420169733067,False
2024-07-09,555.8200073242188,0.0,0.0545,0.05806787298060575,545.0,2024-08-02,15.07,O:SPY240802C00545000,2.26,O:SPY240802P00545000,0.11453579295563567,0.11744128521286286,0.11599379765838383,0.05792592467777808,0.5618564959625936,0.03428695626085471,87.75169521422728,-87.32916611711171,0.21068648692934894,-3.7915422177127747,436.80581331734356,0.7836819809433306,0.017234281754506413,43.55868207667356,-57.84132612141371,0.30036866027698583,-1.9305432123151216,225.0334875933708,-0.22182548498073706,0.0170526745063483,44.19301313755373,-29.487839995698,-0.0896821733476369,-1.8609990053976533,211.77232572397273,False
2024-07-10,561.3200073242188,0.0,0.0546,0.06442361356562357,545.0,2024-08-02,19.72,O:SPY240802C00545000,1.57,O:SPY240802P00545000,0.12397061828133071,0.12903030251678335,0.1265262760072947,0.06210266244167115,0.6954626079802282,0.025533071701334786,68.65437248533364,-84.54819934025579,0.248987313313019,-3.7005261061990624,554.2677534000908,0.85241222276872,0.012761235354218081,33.62644148518801,-55.94543442571201,0.30947827766557356,-1.8877209733243256,288.1050463332639,-0.1569496147884918,0.012771836347116707,35.02793100014563,-28.602764914543783,-0.06049096435255458,-1.8128051328747368,266.1627070668269,False
2024-07-11,556.47998046875,0.0,0.0548,0.07527649338711032,545.0,2024-08-02,16.09,O:SPY240802C00545000,2.06,O:SPY240802P00545000,0.13762541233556225,0.12193130993106757,0.1299098327025771,0.054633339315466795,0.5540528580410966,0.032814298797668534,83.59463360170162,-101.50932745254602,0.18423449118816784,-3.365648132174872,361.9235428438015,0.7638614029394803,0.015966677689134814,43.20477260475926,-69.23763793283425,0.2596721133895834,-1.5315942700475313,154.3648039013518,-0.20980854489838374,0.016847621108533717,40.389860996942346,-32.27168951971177,-0.07543762220141556,-1.8340538621273406,207.5587389424497,False
2024-07-12,559.989990234375,0.0,0.0547,0.07340353724793486,545.0,2024-08-02,18.3,O:SPY240802C00545000,1.39,O:SPY240802P00545000,0.12884925903805983,0.12436308197520189,0.12662539357542996,0.0532218563274951,0.6824133022433373,0.027989840761181536,66.14579007109442,-90.19315358858165,0.21574679670181024,-3.7043703894410394,506.0537304221232,0.8370521197180045,0.013987028953528354,33.64020593893036,-61.049043333155076,0.2681195287777072,-1.8172794936036243,243.91698652777038,-0.15463881747466723,0.014002811807653181,32.50558413216407,-29.14411025542657,-0.05237273207589693,-1.8870908958374153,262.13674389435283,False
2024-07-15,561.530029296875,0.0,0.0548,0.07349134187884868,545.0,2024-08-02,19.05,O:SPY240802C00545000,1.22,O:SPY240802P00545000,0.11692003135160033,0.12996320234065917,0.1236620286151767,0.05017068673632802,0.7487371532180264,0.025223870334444128,54.58759153104856,-82.79224389249572,0.2223157753234316,-3.7366989201191947,569.5483232762753,0.8865683794350631,0.01242104532431237,25.440200928499095,-53.007627102026525,0.26599153782102986,-1.9414018750986541,310.5211066116288,-0.1378312262170367,0.012802825010131759,29.147390602549468,-29.784616790469187,-0.04367576249759823,-1.7952970450205405,259.02721666464646,False
2024-07-16,564.8599853515625,0.0,0.0548,0.0748201740903186,545.0,2024-08-02,21.75,O:SPY240802C00545000,0.86,O:SPY240802P00545000,0.10908920382313694,0.13577006566512823,0.12381398305892946,0.04899380896861086,0.8394732829067295,0.018551582118445882,37.81404221796707,-70.65379629688901,0.23295528816326908,-3.2733125404081407,596.4494228097516,0.9419132037041922,0.008297765970652488,14.89935219897342,-43.71786388943664,0.2632495245955679,-1.6461007270955497,331.7841127349018,-0.10243992079746267,0.010253816147793396,22.914690018993653,-26.93593240745237,-0.030294236432298813,-1.627211813312591,264.6653100748498,False
2024-07-17,556.9400024414062,0.0,0.0547,0.09063491954876714,545.0,2024-08-02,16.13,O:SPY240802C00545000,1.93,O:SPY240802P00545000,0.16015312367145076,0.13683732784770625,0.14875277974456552,0.058117860195798385,0.5579482383100159,0.032933741362013824,72.0423855369676,-128.7312403633495,0.13937318724121317,-2.9606177926155044,279.4776036755187,0.7618030816112873,0.015905926392194084,37.62633449884795,-85.5984664983675,0.1943564810154532,-1.3090404345267552,113.29263923229041,-0.20385484330127135,0.017027814969819737,34.41605103811965,-43.13277386498203,-0.054983293774240015,-1.6515773580887492,166.1849644432283,False
2024-07-18,552.6599731445312,0.0,0.0548,0.09533679341800848,545.0,2024-08-02,12.14,O:SPY240802C00545000,2.88,O:SPY240802P00545000,0.14732784399908241,0.1397613672699899,0.14355941850543025,0.04822262508742177,0.4248386716089322,0.041158339758827336,78.73010496043692,-141.52125515475896,0.09593192925649346,-2.522588736270742,163.45356236508297,0.7076521335865548,0.020197996532637492,39.67357112690925,-87.71858202214696,0.16541512303887976,-1.2028408186415191,75.90722500523972,-0.2828134619776226,0.02096034322618984,39.056533833527666,-53.80267313261201,-0.0694831937823863,-1.3197479176292226,87.54633735984326,False
2024-07-19,548.989990234375,0.0,0.0548,0.0980158140607106,545.0,2024-08-02,8.96,O:SPY240802C00545000,4.21,O:SPY240802P00545000,0.1387052004400435,0.14901587131039212,0.14387061369642618,0.04585479963571558,0.27001791626134497,0.04783382412399436,82.20683845510806,-156.43421504588383,0.053598068734691404,-1.6578052036126345,62.72541619161383,0.6392721825043333,0.02468046055930685,40.94249599958952,-90.29588043996104,0.1357119163611753,-0.8876857504359615,34.60987645818938,-0.3692542662429883,0.023153363564687512,41.26434245551853,-66.13833460592278,-0.0821138476264839,-0.770119453176673,28.11553973342445,False
2024-07-22,554.6500244140625,0.0,0.054900000000000004,0.10255165975430215,545.0,2024-08-02,12.73,O:SPY240802C00545000,1.86,O:SPY240802P00545000,0.1420477891564925,0.1372086398530492,0.1396396852359176,0.03708802548161545,0.5484379714903247,0.04106653905463473,62.991540730629296,-139.05487458285137,0.10342897652739548,-3.127638264851185,246.9253541026551,0.7704361703166176,0.02037203593295889,31.79427701359943,-85.98941959964226,0.14806872881271022,-1.5234620055424457,118.21430637243084,-0.2219981988262929,0.020694503121675843,31.197263717029866,-53.06545498320912,-0.044639752285314735,-1.6041762593087394,128.71104773022427,False
2024-07-23,553.780029296875,0.0,0.054900000000000004,0.10181050677266523,545.0,2024-08-02,11.65,O:SPY240802C00545000,1.89,O:SPY240802P00545000,0.1399838561075421,0.13896105192423117,0.13947291977852586,0.03766241300586062,0.5319682862218944,0.04455712330050235,60.50158373880562,-148.33403474854993,0.08922330575522827,-3.081196125333049,220.62754239280554,0.7651962878135117,0.022238418675100766,30.307204620285688,-89.44399329206868,0.13082553101054809,-1.531972977930228,109.30556112672518,-0.23322800159161727,0.022318704625401586,30.194379118519937,-58.89004145648125,-0.041602225255319814,-1.5492231474028209,111.32198126608034,False
2024-07-24,541.22998046875,0.0,0.055,0.13128821041804464,545.0,2024-08-02,5.0,O:SPY240802C00545000,6.81,O:SPY240802P00545000,0.1762977779829374,0.1443796107296191,0.16037146862894294,0.0290832582108983,-0.15163611026819357,0.05467321514309118,70.65283064006417,-198.8317012410958,-0.026077780277450807,1.083964640095512,19.084866665074205,0.4326798125981616,0.024728048413477165,35.47299610949312,-125.17344782371325,0.06366091292270143,0.4437511210326566,6.787068838052435,-0.5843159228663551,0.029945166729614017,35.17983453057104,-73.65825341738254,-0.08973869320015224,0.6402135190628554,12.297797827021771,False
2024-07-25,538.4099731445312,0.0,0.054900000000000004,0.13227683967363313,545.0,2024-08-02,3.45,O:SPY240802C00545000,9.04,O:SPY240802P00545000,0.17799796501026716,0.16860824632580745,0.17331358267366886,0.041036743000035736,-0.30564701593695615,0.051327844549998516,61.35783192357148,-213.61035833259456,-0.04215557181960061,1.7908187594993061,58.54810501741889,0.35137547996108626,0.025083279522486856,30.81599935818285,-125.38568872964846,0.04422239588797505,0.8524639279598552,27.02612349481017,-0.6570224958980424,0.02624456502751166,30.541832565388635,-88.2246696029461,-0.08637796770757566,0.938354831539451,31.521981522608716,False
2024-07-26,544.4400024414062,0.0,0.054900000000000004,0.13865466308203642,545.0,2024-08-02,5.11,O:SPY240802C00545000,5.1,O:SPY240802P00545000,0.16648639968136136,0.167249356000659,0.1668678712591529,0.028213208177116478,0.011455485781194819,0.06234333997201913,61.182899718640186,-257.0602805322694,-0.0007883284312140484,0.04373222266881128,-0.04815323885726001,0.5057194014218476,0.03124294118060989,30.591459044034497,-143.18044988722463,0.053615847647773246,0.021837640872921178,-0.024010205082846577,-0.49426391564065275,0.031100398791409238,30.591440674605693,-113.87983064504476,-0.054404176078987294,0.0218945817958901,-0.02414303377441343,False
2024-07-29,544.760009765625,0.0,0.055,0.13794058947203097,545.0,2024-08-02,4.86,O:SPY240802C00545000,4.68,O:SPY240802P00545000,0.173201748117419,0.17523317556247647,0.17421747171729804,0.03627688224526707,0.024477641364739178,0.06669968153022357,54.73568693223963,-300.5899391003735,0.00060229208712613,-0.039985853111736885,0.08420888498425064,0.5122591246582155,0.03354422319682226,27.367800708484552,-164.39565984874156,0.04352353742084761,-0.02051889797226834,0.04328194191375586,-0.48778148329347637,0.03315545833340131,27.367886223755082,-136.1942792516319,-0.04292124533372148,-0.01946695513946855,0.04092694307049477,False
2024-07-30,542.0,0.0,0.055,0.13890430683380264,545.0,2024-08-02,2.25,O:SPY240802C00545000,7.88,O:SPY240802P00545000,0.14418343771140746,0.2736982176244457,0.20944315809309483,0.07053885125929218,-0.17726023551160552,0.06909007029686233,45.88012655209526,-398.9307308580529,-0.012643458053248836,1.094874276160556,17.18788333362538,0.3815607361067612,0.04471065390499309,22.54476354244458,-147.77499896084225,0.024351895115460067,0.8384724753402485,14.944075914027648,-0.5588209716183667,0.024379416391869236,23.335363009650685,-251.1557318972107,-0.0369953531687089,0.2564018008203077,2.243807419597732,False
2024-07-31,550.8099975585938,0.0,0.054900000000000004,0.14901751174319045,545.0,2024-08-02,8.41,O:SPY240802C00545000,1.24,O:SPY240802P00545000,0.24611707939718522,0.17740319039724398,0.2127328123658896,0.06371530062269914,0.4565795513693013,0.06464652254959337,32.40266612204629,-449.66198545770885,0.019193538220240364,-1.9095381929093969,59.605390201498736,0.6965385347199771,0.028938579843046913,17.14952322924276,-286.5110522594419,0.029781776873696583,-0.6994224195107519,17.656993163791228,-0.23995898335067578,0.03570794270654646,15.253142892803531,-163.15093319826698,-0.01058823865345622,-1.210115773398645,41.94839703770751,True
2024-08-01,543.010009765625,0.0,0.0555,0.15643968071283856,543.0,2024-09-06,12.42,O:SPY240906C00543000,9.52,O:SPY240906P00543000,0.15557902290143813,0.1586327908770881,0.15710599773153666,0.0006663170186980982,0.11061255788879776,0.028839874864644247,137.82685482696013,-107.05175975484559,0.03933400315969526,-0.4458225138668718,10.816478354770261,0.5556465570804254,0.01455835513447765,68.90517290904431,-68.00797706512311,0.29848582150985803,-0.22845032815052072,5.576091629631523,-0.44503399919162767,0.014281519730166599,68.9216819179158,-39.043782689722484,-0.25915181835016277,-0.21737218571635106,5.2403867251387375,False
2024-08-02,532.9000244140625,0.0,0.0554,0.16663233661175292,543.0,2024-09-06,8.49,O:SPY240906C00543000,17.42,O:SPY240906P00543000,0.1737199877689968,0.20121688795505446,0.18749362329095604,0.020861286679203117,-0.15582371094512026,0.02499514289776516,131.33788881021178,-118.09120915689891,-0.1080837890545242,1.0767033974178744,35.95344757046724,0.4147524553213686,0.01336828568721533,65.42691701398358,-69.05870492968528,0.21084483488743472,0.6059552820036098,21.901500192375863,-0.5705761662664889,0.011626857210549828,65.9109717962282,-49.032504227213636,-0.3189286239419589,0.4707481154142644,14.051947378091379,False
2024-08-05,517.3800048828125,0.0,0.0552,0.19190746683764576,543.0,2024-09-06,5.0,O:SPY240906C00543000,24.85,O:SPY240906P00543000,0.20627971255785582,0.14407348994721245,0.176952890111506,-0.014954576726139757,-0.5685447771528387,0.020919324825755467,92.43875756396642,-68.93223600155366,-0.30857495198041157,2.8662641278169403,379.5689825686504,0.25952441706483065,0.009839033718669909,51.74149210065954,-63.17026109673804,0.12311689920782097,1.1129864642188632,114.58774755757699,-0.8280691942176693,0.011080291107085558,40.69726546330687,-5.761974904815627,-0.43169185118823256,1.7532776635980774,264.9812350110734,False
2024-08-06,522.1500244140625,0.0,0.055,0.1966083248228579,543.0,2024-09-06,4.39,O:SPY240906C00543000,21.06,O:SPY240906P00543000,0.17492746380246674,0.1456056557776365,0.16060109894201158,-0.036007225880846316,-0.5067740149635637,0.025004768312890002,99.30507599859223,-71.60274809938915,-0.2647391856575261,2.911032454956683,319.38188537054754,0.26779785574340587,0.011933280344728606,51.94404230296093,-57.22712252346144,0.12361647258065153,1.2656215035384633,123.67868416723208,-0.7745718707069695,0.013071487968161396,47.361033695631306,-14.37562557592771,-0.3883556582381776,1.6454109514182198,195.70320120331547,False
2024-08-07,518.6599731445312,0.0,0.055,0.19085778105872153,543.0,2024-09-06,3.39,O:SPY240906C00543000,19.52,O:SPY240906P00543000,0.17643604342048663,1.0,0.09994640709012748,-0.09091137396859406,-0.27333550345645746,0.013643780325904478,106.882252973521,-384.32766158106045,-0.19102866895240195,1.4910734071211962,160.51454621089619,0.22316539403432117,0.011040628149189026,45.747640500995324,-52.40750166899289,0.09808940714626409,1.3767021086411462,160.6682777670432,-0.49650089749077864,0.0026031521767154527,61.13461247252568,-331.92015991206756,-0.289118076098666,0.11437129848004995,-0.15373155614701445,False
2024-08-08,530.6500244140625,0.0,0.0555,0.21242232202783706,543.0,2024-09-06,5.91,O:SPY240906C00543000,17.02,O:SPY240906P00543000,0.1633878748216272,0.18533539711929942,0.17440763082802296,-0.0380146911998141,-0.2671787798484283,0.028270096888309365,115.27095957407798,-111.51559010946768,-0.1372570217078962,1.701848422783547,89.72419903208444,0.3571309242779658,0.014906047702934546,57.150161467135604,-66.21574568660462,0.15300127807260958,0.9437349897393803,52.93133317734657,-0.6243097041263941,0.013364049185374819,58.12079810694237,-45.29984442286306,-0.29025829978050577,0.7581134330441668,36.792865854737876,False
2024-08-09,532.989990234375,0.0,0.0554,0.21150858267225936,543.0,2024-09-06,5.41,O:SPY240906C00543000,17.02,O:SPY240906P00543000,0.14416498455902294,0.18533539711929942,0.17884650949612263,-0.03266207317613673,-0.22631526099762356,0.03136366752710185,114.85219537336584,-111.55138044727634,-0.11225338431875684,1.5931229101508344,71.02561528457825,0.3708625464612586,0.017455439379579305,56.73592444355413,-62.18078591540949,0.15258414683863644,0.9702457817108898,48.01344502419321,-0.5971778074588822,0.013908228147522546,58.11627092981171,-49.37059453186686,-0.2648375311573933,0.6228771284399447,23.01217026038504,False
2024-08-12,533.27001953125,0.0,0.0553,0.21093911468977863,543.0,2024-09-06,5.22,O:SPY240906C00543000,13.6,O:SPY240906P00543000,0.14338778317862003,0.15974039351762206,0.15158870144560932,-0.059350413244169314,-0.24677771125463782,0.03430051141729695,111.1783218163267,-103.4645881258217,-0.11341126758381392,1.7924552556484126,83.0132889559955,0.3693180978685618,0.01797212555905203,55.2533979595177,-63.14222285128659,0.14455552047653325,0.9816784723261595,47.9619695893423,-0.6160958091231996,0.016328385858244924,55.924923856808995,-40.322365274535116,-0.2579667880603472,0.810776783322253,35.05131936665321,False
2024-08-13,542.0399780273438,0.0,0.0548,0.2196325754950108,543.0,2024-09-06,9.01,O:SPY240906C00543000,8.46,O:SPY240906P00543000,0.14579850475388972,0.1564039983755999,0.1511014727383852,-0.0685311027566256,0.05848522175980275,0.036397327905838384,115.27582995848562,-122.7084954371054,0.010165234512577004,-0.1743844454815869,1.8567046814735573,0.5297031427162372,0.018835784256791017,57.63302031844201,-74.06010064332877,0.19865019988494573,-0.09702433199662476,1.0474713315462558,-0.47121792095643444,0.01756154364904737,57.642809640043616,-48.64839479377663,-0.18848496537236872,-0.07736011348496215,0.8092333499273013,False
2024-08-14,543.75,0.0,0.054900000000000004,0.21555583566559042,543.0,2024-09-06,9.33,O:SPY240906C00543000,6.09,O:SPY240906P00543000,0.1401278002708924,0.1314479157660979,0.13578928360268472,-0.0797665520629057,0.12863701523926707,0.04110485902751598,111.21573951336055,-114.92643894684025,0.0367836670483323,-0.7362287530583532,16.867165775639208,0.5627245415277458,0.019909008409913484,55.64432199544758,-74.07804045471858,0.20012202304551976,-0.3415825852134273,7.616366585359716,-0.4340875262884787,0.021195850617602503,55.57141751791297,-40.848398492121675,-0.16333835599718746,-0.3946461678449259,9.25079919027949,False
2024-08-15,553.0700073242188,0.0,0.0553,0.2233824397461035,543.0,2024-09-06,14.9,O:SPY240906C00543000,3.15,O:SPY240906P00543000,0.13508767477695105,0.14004276189111498,0.13757410014867782,-0.08580833959742568,0.4835958200635705,0.033722192673632065,90.07813175743676,-111.38911045270137,0.1583570436473145,-2.887405517398776,261.2592768210759,0.7453733962629524,0.017043739786377875,44.715725185611284,-69.54238374874654,0.2522816950669389,-1.4868006583088849,136.75308943698587,-0.2617775761993819,0.01667845288725419,45.36240657182548,-41.84672670395483,-0.0939246514196244,-1.4006048590898912,124.50618738409,False
2024-08-16,554.3099975585938,0.0,0.0553,0.22203201819975055,543.0,2024-09-06,15.65,O:SPY240906C00543000,2.58,O:SPY240906P00543000,0.13716570874890682,0.13775669893862513,0.13746136360019445,-0.0845706545995561,0.5343693437863035,0.03289040767908778,82.6883933256403,-110.85045894282882,0.1654620652676031,-3.096146543893136,305.5004103424168,0.7676421179803681,0.01646260190258267,41.299060261141335,-70.24979695967892,0.2439652979426021,-1.5531992016551746,153.5692489436416,-0.23327277419406456,0.016427805776505117,41.38933306449898,-40.60066198314991,-0.078503232674999,-1.5429473422379616,151.93116139877515,False
2024-08-19,559.6099853515625,0.0,0.055099999999999996,0.22161228389644796,543.0,2024-09-06,17.8,O:SPY240906C00543000,1.55,O:SPY240906P00543000,1.0,0.14171242426308747,0.1036726137548685,-0.11793967014157947,0.44590701673009425,0.015735364058642044,82.47363126675138,-508.5766545862411,0.10372107239350387,-1.6597156679922516,220.31937823235566,0.6020559687085896,0.0029250361761945843,50.88967144418938,-473.19428040907934,0.1531280239098093,-0.008862228649911838,0.3023723991778449,-0.15614895197849532,0.01281032788244746,31.583959822562004,-35.38237417716177,-0.04940695151630545,-1.6508534393423397,220.01700583317782,False
2024-08-20,558.7000122070312,0.0,0.0548,0.22161963228694245,543.0,2024-09-06,18.55,O:SPY240906C00543000,1.9,O:SPY240906P00543000,0.13396216215211595,0.15258171814463445,0.14355244511067866,-0.07806718717626379,0.6735416975243174,0.027072862086828825,62.441441708362206,-106.55116638024526,0.18357741310215425,-3.266711002823639,409.37925042744666,0.8519689597875211,0.013595213018549945,29.327047220462223,-63.146301012567946,0.23598356694574987,-1.750182544509759,232.0676244250962,-0.1784272622632037,0.013477649068278882,33.114394487899986,-43.404865367677324,-0.052406153843595635,-1.5165284583138803,177.3116260023505,False
2024-08-21,560.6199951171875,0.0,0.0545,0.20405336801960366,543.0,2024-09-06,20.06,O:SPY240906C00543000,1.6,O:SPY240906P00543000,0.1378038669804881,0.15874597121715703,0.1486957409515977,-0.055357627068005955,0.7223720115844865,0.024313309123416435,53.994658105328696,-105.43535685404531,0.18253152076537316,-3.1395747075464513,419.9364201862871,0.877642434291436,0.012029308944779049,24.809611031036933,-61.620065951643,0.22474471296528642,-1.6676705883337777,237.33084763996143,-0.15527042270694946,0.012284000178637388,29.185047074291766,-43.81529090240231,-0.04221319219991328,-1.4719041192126738,182.60557254632565,False
2024-08-22,556.219970703125,0.0,0.055099999999999996,0.20547230835452981,543.0,2024-09-06,17.43,O:SPY240906C00543000,2.41,O:SPY240906P00543000,0.1792801087926971,0.1650751440420004,0.17225690476298333,-0.03321540359154648,0.5494256662174232,0.030010050645431843,69.72526554239151,-153.3857113059939,0.12473717490623015,-2.50889733225906,220.60258519533815,0.7658162336229117,0.014721562813285882,35.64275977015688,-95.70510779561698,0.1783275838621765,-1.1764776753097046,99.13952871248483,-0.21639056740548857,0.015288487832145963,34.08250577223463,-57.680603510376926,-0.05359040895594635,-1.3324196569493554,121.46305648285332,False
2024-08-23,562.1300048828125,0.0,0.055099999999999996,0.2051302576052229,543.0,2024-09-06,21.09,O:SPY240906C00543000,0.98,O:SPY240906P00543000,0.14540453152889618,0.15539962844664457,0.15052732990384105,-0.054602927701381865,0.7864786603296885,0.021824259097140773,41.18242100272134,-101.31747473591341,0.1666798623695866,-2.9675518751644367,413.93123741621207,0.9006608530627955,0.01072641437512587,19.55714724854092,-62.565029488938336,0.1925390832261695,-1.5090565396005375,217.19778530859725,-0.11418219273310704,0.011097844722014904,21.625273754180423,-38.752445246975064,-0.025859220856582904,-1.4584953355638992,196.7334521076148,False
2024-08-26,560.7899780273438,0.0,0.054900000000000004,0.20561067939697086,543.0,2024-09-06,21.83,O:SPY240906C00543000,0.9,O:SPY240906P00543000,0.23093840758963238,0.15171676023885672,0.19502390619516374,-0.01058677320180712,0.67600299777365,0.02375994341716944,50.97385287030292,-161.73839171720564,0.12727346652425447,-2.4469028529561334,272.518166257674,0.7897052038274837,0.011785184268252978,30.56856136784381,-121.94684752258817,0.150367415679462,-0.9514220675875239,81.20923488231065,-0.11370220605383363,0.011974759148916462,20.405291502459114,-39.79154419461748,-0.02309394915520752,-1.4954807853686094,191.3089313753634,False
2024-08-27,561.5599975585938,0.0,0.054900000000000004,0.20413543867575154,543.0,2024-09-06,19.95,O:SPY240906C00543000,0.57,O:SPY240906P00543000,0.13706240287594848,0.14563970700233583,0.14147908200621606,-0.06265635666953548,0.8433167879586113,0.020655611806293037,29.255518752236675,-90.12175974879423,0.14382634075782944,-2.875045627448375,407.8030914630658,0.9278308831991458,0.010022841623795777,13.752795409017075,-57.198051860959104,0.15907387571558856,-1.4394807103353786,210.25555096059747,-0.08451409524053444,0.010632770182497258,15.502723343219598,-32.92370788783513,-0.015247534957759122,-1.4355649171129963,197.54754050246837,False
2024-08-28,558.2999877929688,0.0,0.0547,0.19843279365873645,543.0,2024-09-06,17.71,O:SPY240906C00543000,1.26,O:SPY240906P00543000,0.1864534101312108,0.17204425225918682,0.17938815452307463,-0.019044639135661817,0.6811140016149826,0.02908881110773906,45.14298314692619,-165.6427749599904,0.10035998299646243,-2.6192485166289856,243.51884357632719,0.831122777790174,0.014523754688196961,23.446713223872,-103.10388273247159,0.12397384352630897,-1.2535049820258135,111.81115000905338,-0.15000877617519137,0.014565056419542097,21.696269923054192,-62.53889222751881,-0.02361386052984655,-1.3657435346031719,131.7076935672738,False
2024-08-29,558.3499755859375,0.0,0.054000000000000006,0.1905198239609601,543.0,2024-09-06,16.28,O:SPY240906C00543000,0.49,O:SPY240906P00543000,0.11803957515107188,0.1402798220506957,0.1301743746906519,-0.06034544927030819,0.8591057379988531,0.023855511323500268,23.068487994809892,-88.56342127835238,0.1102170637708091,-2.9829960961871764,380.9965271733231,0.9463241264268415,0.01072964844825963,9.401060401860027,-50.95704354779535,0.12192858402066914,-1.4716674619676153,204.16175939353332,-0.08721838842798835,0.013125862875240637,13.667427592949867,-37.60637773055703,-0.011711520249860035,-1.5113286342195609,176.83476777978981,False
2024-08-30,563.6799926757812,0.0,0.0541,0.17689012442509694,543.0,2024-09-06,19.38,O:SPY240906C00543000,0.15,O:SPY240906P00543000,1.0,0.14852037267631318,0.00010000000000000002,-0.17679012442509695,0.6020811321348873,0.01086586756702361,35.60080582243718,-790.0382177743426,0.05880940319908105,-0.9655155498795465,132.59906576593835,0.6343523793166073,0.00473680469498393,29.86208879305085,-769.552074208645,0.06244842232111085,-0.07617672500069549,2.077035109852772,-0.03227124718171992,0.00612906287203968,5.738717029386326,-20.486143565697596,-0.0036390191220297984,-0.889338824878851,130.52203065608558,True
2024-09-03,552.0800170898438,0.0,0.0538,0.1579817336525867,564.0,2024-10-04,4.22,O:SPY241004C00564000,15.5,O:SPY241004P00564000,0.11889859803134736,0.15322546173744644,0.13623741361796854,-0.021744320034618153,-0.3001849997773469,0.033033124667795136,123.36532569488296,-82.21880008139993,-0.16925639744307203,2.382216863526112,158.06655207992463,0.3299599135933523,0.018260951014316525,60.39924030346847,-48.91490238400678,0.16240945709993532,1.449589719291238,106.38661751037417,-0.6301449133706992,0.014772173653478615,62.966085391414495,-33.30389769739315,-0.33166585454300734,0.9326271442348741,51.67993456955047,False
2024-09-04,550.9500122070312,0.0,0.0533,0.15744163180096962,564.0,2024-10-04,3.7,O:SPY241004C00564000,15.5,O:SPY241004P00564000,0.11953749652679459,0.15322546173744644,0.13140400173142552,-0.0260376300695441,-0.3485149281740787,0.032782953748519354,117.07223953568081,-80.46520071548693,-0.1849258822253551,2.658820521295067,201.33453113812283,0.30383380605695676,0.017969906372409052,56.92414347297353,-47.6966887533373,0.14291028815205398,1.605180852933128,134.15530772850187,-0.6523487342310355,0.014813047376110304,60.14809606270727,-32.768511962149624,-0.3278361703774091,1.0536396683619391,67.17922340962097,False
2024-09-05,549.6099853515625,0.0,0.053,0.15476875622364586,564.0,2024-10-04,3.18,O:SPY241004C00564000,17.5,O:SPY241004P00564000,0.12059228174674899,0.1639876452038547,0.14274783753976222,-0.012020918683883636,-0.39116547243463096,0.03142084915622256,110.65896931193157,-82.60890171411813,-0.19639037464569548,2.8078886189879535,238.10692386324592,0.27487045658959897,0.01743553558556064,52.92767148934809,-46.134264058505735,0.1232429563498223,1.7509583842148986,166.1685254356033,-0.6660359290242299,0.013985313570661925,57.73129782258347,-36.474637655612405,-0.3196333309955178,1.056930234773055,71.93839842764261,False
2024-09-06,540.3599853515625,0.0,0.0528,0.15062212360297392,564.0,2024-10-04,1.4,O:SPY241004C00564000,25.02,O:SPY241004P00564000,0.1267786504280422,0.18319650958848913,0.15701610352098944,0.006393979918015519,-0.6213206305841118,0.02275804316071725,81.26631505153487,-62.41098578659356,-0.28742603717543974,3.263494502936591,461.02155269852364,0.14373567309454371,0.011740320944535832,34.49228064541035,-31.576177707360806,0.060530957307829106,1.9648708419157217,318.1595909736299,-0.7650563036786555,0.01101772221618142,46.77403440612453,-30.834808079232747,-0.34795699448326883,1.2986236610208695,142.86196172489372,False
2024-09-09,546.4099731445312,0.0,0.0525,0.15456450496609334,564.0,2024-10-04,2.02,O:SPY241004C00564000,25.02,O:SPY241004P00564000,0.11956674233151689,0.18319650958848913,0.19751841466128828,0.04295390969519494,-0.4967603713436263,0.02842220060895714,94.60289015205191,-81.57589640119805,-0.2215920599930502,3.13163315157506,339.55675286574467,0.20380791813220178,0.01578327540505606,42.48130276658609,-39.42460768854316,0.08244090882507633,2.0387265732285194,253.2999444049526,-0.700568289475828,0.012638925203901079,52.12158738546582,-42.15128871265489,-0.3040329688181265,1.0929065783465404,86.25680846079204,False
2024-09-10,548.7899780273438,0.0,0.0518,0.15491106240360045,564.0,2024-10-04,2.22,O:SPY241004C00564000,17.69,O:SPY241004P00564000,0.11623129413729266,0.1647375501702429,0.1413304950565099,-0.013580567347090539,-0.4686746103383265,0.03218631484772362,95.5683277515706,-80.80300446243768,-0.19793852079253155,3.2041329770297127,310.22761472166366,0.22800765670935658,0.017724965544314065,44.31928860913958,-42.42566870821903,0.08779165493970992,2.0186567851447386,220.70294727041133,-0.6966822670476831,0.014461349303409558,51.24903914243102,-38.37733575421866,-0.28573017573224146,1.1854761918849739,89.52466745125234,False
2024-09-11,554.4199829101562,0.0,0.0521,0.14840423316023657,564.0,2024-10-04,3.68,O:SPY241004C00564000,13.4,O:SPY241004P00564000,0.11786364866613243,0.15731693083824547,0.1377989772289991,-0.010605255931237484,-0.2890189493356301,0.03820377520652053,107.09030251777722,-100.3100131639269,-0.11961920540370291,2.274280650965926,126.31254940874837,0.33377642701774535,0.021434247277269593,52.385880605289096,-55.21263141438933,0.1223543435067799,1.4201825397595984,87.83740387254453,-0.6227953763533755,0.016769527929250943,54.704421912488115,-45.09738174953756,-0.2419735489104828,0.8540981112063277,38.47514553620383,False
2024-09-12,559.0900268554688,0.0,0.0518,0.15050163931110042,564.0,2024-10-04,4.95,O:SPY241004C00564000,13.4,O:SPY241004P00564000,0.11290190352637566,0.15731693083824547,0.16136672702431681,0.010865087713216398,-0.11733262021107088,0.042566595731984916,111.13679173308597,-114.13654919662,-0.05144600349653142,1.112885395847046,24.495484475046013,0.4295500539368286,0.024690183240569267,55.323355054292165,-61.3718631805839,0.14933787377225993,0.7164178585305581,17.916562490697167,-0.5468826741478995,0.017876412491415652,55.813436678793806,-52.7646860160361,-0.20078387726879135,0.3964675373164879,6.578921984348846,False
2024-09-13,562.010009765625,0.0,0.051500000000000004,0.13955417846121085,564.0,2024-10-04,5.94,O:SPY241004C00564000,8.43,O:SPY241004P00564000,0.1109604134071733,0.1516594816511246,0.1313098907031119,-0.008244287758098962,0.0008095550992941458,0.04540521453002179,109.401739904134,-119.95379365200438,-0.00828275114924995,0.1929832230962304,-0.007763121341983738,0.49848685652725244,0.026221013007152547,54.701136778117544,-65.10720236613815,0.16322297803864097,0.11096797118029109,0.05771093891493017,-0.4976773014279583,0.01918420152286924,54.70060312601646,-54.846591285866225,-0.17150572918789092,0.08201525191593931,-0.06547406025691391,False
2024-09-16,562.8400268554688,0.0,0.051100000000000007,0.1394785582410554,564.0,2024-10-04,6.32,O:SPY241004C00564000,7.8,O:SPY241004P00564000,0.11526948134883037,0.15155645577152563,0.13341344205066563,-0.006065116190389769,0.03270210269852092,0.04589148544906148,105.76048598669638,-127.2083205138461,0.00238114020059213,-0.06276651939970809,0.348588903554393,0.5168688396735186,0.02606504798463884,52.8774268266357,-69.39915958719601,0.15810803977922122,-0.052307863557904594,0.2935082587141786,-0.4841667369749977,0.019826437464422635,52.88305916006069,-57.809160926650094,-0.1557268995786291,-0.010458655841803506,0.055080644840214375,False
2024-09-17,563.0700073242188,0.0,0.050499999999999996,0.13558319001212674,564.0,2024-10-04,6.4,O:SPY241004C00564000,7.59,O:SPY241004P00564000,0.120161025288012,0.1540546333351679,0.13710858134776352,0.0015253913356367832,0.037254868432489374,0.04615839932225498,101.92936072748532,-135.8073907861947,0.0036044558545586802,-0.09611008239335889,0.5853026332442025,0.5193942578880362,0.025929792570773994,50.960099678526056,-73.79584379357246,0.147568225067907,-0.07077100328786048,0.44017302613625503,-0.4821393894555468,0.020228606751480988,50.96926104895927,-62.011546992622236,-0.14396376921334833,-0.025339079105498406,0.14512960710794748,False
2024-09-18,561.4000244140625,0.0,0.049100000000000005,0.13592424211099655,564.0,2024-10-04,6.0,O:SPY241004C00564000,8.52,O:SPY241004P00564000,0.13533598802346336,0.16068785591755336,0.14801450882628564,0.012090266715289094,-0.04389159707535656,0.04425806203278911,97.596202764646,-149.7592713796618,-0.01864797317603359,0.47572086008913783,3.2680577403091062,0.4750747567081937,0.024015146498982214,48.77801217958401,-82.1156276762288,0.12414618095927843,0.2708196056516914,2.0742211758534763,-0.5189663537835503,0.020242915533806898,48.818190585061984,-67.64364370343303,-0.14279415413531202,0.20490125443744645,1.1938365644556297,False
2024-09-19,570.97998046875,0.0,0.0489,0.14818217868882225,564.0,2024-10-04,10.02,O:SPY241004C00564000,3.68,O:SPY241004P00564000,0.10317411633432852,0.14871335493520824,0.12657845726460223,-0.021603721424220013,0.4363002709167576,0.04575508857807242,80.16765409535228,-128.37778807862222,0.10276213975524533,-3.0946086356524605,225.5331323197776,0.7518757553455644,0.02571544428756116,37.75710582582505,-65.12490920460135,0.18302166845728265,-2.021140336515203,164.05160457557898,-0.3155754844288068,0.02003964429051126,42.41054826952722,-63.25287887402086,-0.08025952870203733,-1.073468299137257,61.48152774419862,False
2024-09-20,568.25,1.746,0.0487,0.1461506660212842,564.0,2024-10-04,8.69,O:SPY241004C00564000,3.6,O:SPY241004P00564000,0.12508009219541372,0.1310109325390969,0.1280502011671662,-0.01810046485411801,0.29829492491502285,0.0511759985460403,83.92820627460435,-143.07390937717838,0.06238733773133856,-2.072182774841511,89.9339227711905,0.6522170239476439,0.02609947998154419,41.831014275261104,-83.55216591133149,0.1436239380389913,-1.082485745996207,47.94966136682158,-0.35392209903262106,0.0250765185644961,42.09719199934325,-59.52174346584688,-0.08123660030765273,-0.9896970288453043,41.984261404368915,False
2024-09-23,569.6699829101562,0.0,0.048499999999999995,0.14191938398364862,564.0,2024-10-04,9.31,O:SPY241004C00564000,2.75,O:SPY241004P00564000,0.12511820763472142,0.127393236491338,0.12625696588605645,-0.015662418097592168,0.3855947337425396,0.05170746840813277,75.65998587872845,-143.80639555940613,0.07414348049334243,-2.6718525267565014,144.93578955938875,0.6943168176415979,0.026030348259359393,37.747581713247996,-84.85247703864084,0.1379362320143297,-1.3576854874486743,74.26996672660309,-0.3087220838990583,0.025677120148773377,37.91240416548045,-58.953918520765285,-0.06379275152098726,-1.314167039307827,70.66582283278565,False
2024-09-24,571.2999877929688,0.0,0.0478,0.14162649324984622,564.0,2024-10-04,10.0,O:SPY241004C00564000,2.14,O:SPY241004P00564000,0.12092618543818874,0.1299336269258035,0.12546339952349667,-0.016163093726349553,0.4876467513713201,0.05044680064654736,65.51257045253851,-142.22710686072352,0.08458812162086271,-3.2530046782116537,217.44029062592142,0.7511381607949681,0.025753683980029474,32.268411860582106,-81.49219693011085,0.13305562606126978,-1.7210867014633318,118.79273646218826,-0.263491409423648,0.024693116666517884,33.244158591956406,-60.73490993061267,-0.04846750444040706,-1.531917976748322,98.64755416373315,False
2024-09-25,570.0399780273438,0.0,0.0479,0.1420593257945129,564.0,2024-10-04,8.8,O:SPY241004C00564000,2.14,O:SPY241004P00564000,0.12303403548473187,0.1271021058376162,0.12507354503571988,-0.016985780758793007,0.44172865172819586,0.056582283030200416,63.86429607379856,-155.32282383188826,0.06690638636810672,-3.0356260869308826,168.91590465860543,0.7239505545587259,0.028599199500786314,31.76049590524429,-89.68308396236168,0.11218909950376096,-1.5599287494880396,88.12453299476725,-0.28222190283053006,0.0279830835294141,32.10380016855427,-65.63973986952658,-0.04528271313565425,-1.4756973374428428,80.79137166383819,False
2024-09-26,572.2999877929688,0.0,0.049,0.1402671435948626,564.0,2024-10-04,10.64,O:SPY241004C00564000,1.5,O:SPY241004P00564000,0.1406718032671637,0.1337829114204268,0.13725135713517667,-0.0030157864596859207,0.5503252984658613,0.049482830970556675,52.93851712409823,-167.44801904782838,0.07209789561766054,-3.212282686045817,214.67211969794317,0.7696332561455712,0.024465351666404997,26.838404880206614,-100.34477708933261,0.10233835788027934,-1.5467610136848327,100.75498188832232,-0.2193079576797099,0.025017479304151678,26.10011224389162,-67.10324195849579,-0.030240462262618794,-1.6655216723609845,113.91713780962084,False
2024-09-27,571.469970703125,0.0,0.049,0.1405461643610051,564.0,2024-10-04,9.77,O:SPY241004C00564000,1.98,O:SPY241004P00564000,0.14789363939645758,0.1567782488230724,0.15236404459923505,0.011817880238229966,0.4969281811112487,0.05201292279142278,51.316952744500824,-210.41088278744994,0.05401379625023993,-2.7158063274667423,146.61644549474454,0.7544908062309906,0.02643570009743525,25.333582244607566,-115.06477017073101,0.08361088074059683,-1.421192724689894,78.7870575948187,-0.25756262511974193,0.025577222693987527,25.983370499893255,-95.34611261671893,-0.029597084490356904,-1.294613602776848,67.82938789992583,False
2024-09-30,573.760009765625,0.0,0.0493,0.13752617247204235,564.0,2024-10-04,11.0,O:SPY241004C00564000,1.14,O:SPY241004P00564000,0.1394124072751149,0.1583005196105057,0.1491307437002659,0.011604571228223559,0.6669763297945673,0.04634167007105695,36.0347269984113,-187.8604753813204,0.05881656277720056,-3.1869547079617764,224.38759136719165,0.84852848852535,0.02328698660172107,16.964252217731268,-97.95784753125974,0.07553201807344696,-1.7045193967637229,126.92855553794354,-0.18155215873078268,0.02305468346933588,19.07047478068003,-89.90262785006067,-0.016715455296246406,-1.4824353111980537,97.45903582924811,True
2024-10-01,568.6199951171875,0.0,0.0496,0.1182670954967088,569.0,2024-11-01,11.32,O:SPY241101C00569000,8.85,O:SPY241101P00569000,0.1489525743733911,0.14484290732341676,0.14689784184023735,0.02863074634352855,0.08692432895870139,0.03143662221981828,136.2505164530652,-111.09809996517609,0.026702736693879042,-0.3499533706718275,6.564387673960463,0.5431028039273594,0.015499994892930762,68.1319969764051,-70.35173776652168,0.27152696886897393,-0.16842414872579006,3.1320823426978026,-0.45617847496865804,0.015936627326887515,68.11851947666008,-40.74636219865441,-0.24482423217509489,-0.18152922194603743,3.432305331262661,False
2024-10-02,568.8599853515625,0.0,0.0492,0.11760698118374503,569.0,2024-11-01,10.87,O:SPY241101C00569000,8.45,O:SPY241101P00569000,0.14462246381903776,0.1428016637680016,0.14371208816915754,0.026105106985412505,0.0928175862824211,0.03280920560340674,133.20010726285892,-111.28136673125438,0.029228755436733228,-0.40882584237538283,8.012287747438773,0.546222714646123,0.016301579630365798,66.60370021305513,-69.92016043347294,0.2617775158710417,-0.2010927126466493,3.924942946008267,-0.45340512836370195,0.016507625973040944,66.59640704980377,-41.361206297781436,-0.23254876043430847,-0.20773312972873353,4.087344801430505,False
2024-10-03,567.8200073242188,0.0,0.0499,0.11734974086540644,569.0,2024-11-01,10.55,O:SPY241101C00569000,9.29,O:SPY241101P00569000,0.1523012871866744,0.15109314269597898,0.15169722117632625,0.03434748031091982,0.05536761685601377,0.032011197984018636,130.470641105442,-119.33098282560815,0.009665700507255237,-0.13463453064042435,1.5326772961059092,0.5276431463220785,0.015941976794748215,65.23578343942214,-74.03687385766868,0.2408802793409804,-0.06632413973624973,0.7539057793426385,-0.47227552946606477,0.016069221189270424,65.23485766601988,-45.29410896793946,-0.23121457883372518,-0.06831039090417464,0.7787715167632708,False
2024-10-04,572.97998046875,0.0,0.0501,0.09759470914050289,569.0,2024-11-01,12.59,O:SPY241101C00569000,6.63,O:SPY241101P00569000,0.14262834680121791,0.14712799881189098,0.14487941657006742,0.04728470742956453,0.22716613003279207,0.03273271210867939,123.53671592132469,-118.316096099521,0.08804892440424658,-1.3099396947331412,61.06587478066645,0.6150559258645524,0.0166023300838208,61.699727214442056,-72.46603866398843,0.26970216856274615,-0.6762537712335651,31.93164052625629,-0.3878897958317603,0.01613038202485859,61.836988706882636,-45.85005743553258,-0.18165324415849957,-0.6336859234995762,29.13423425441016,False
2024-10-07,567.7999877929688,0.0,0.05,0.10129009645225012,569.0,2024-11-01,10.04,O:SPY241101C00569000,9.47,O:SPY241101P00569000,0.15387406363339443,0.15984940127343739,0.15686176501065494,0.05557166855840481,0.04789082579062787,0.032578065218916805,124.17343548131042,-129.55446237231067,0.005792293479641192,-0.08638868667214794,0.8092893894365111,0.5240742514413951,0.016598965463960745,62.08551134152099,-77.73026190394673,0.2167880046765727,-0.046920219868727034,0.44171130424642474,-0.4761834256507672,0.015979099754956063,62.08792413978943,-51.82420046836394,-0.2109957111969315,-0.03946846680342091,0.36757808519008633,False
2024-10-08,573.1699829101562,0.0,0.0496,0.104472107854186,569.0,2024-11-01,12.45,O:SPY241101C00569000,6.5,O:SPY241101P00569000,0.14847217484925002,0.1524364451403963,0.15045525659099224,0.04598314873680624,0.22806847100237138,0.033200183246676104,117.19633350637034,-128.9742958340015,0.0798371440191247,-1.269859617158476,56.400803879505446,0.615292318529911,0.016802964866831485,58.54230664596458,-77.71809266867481,0.24301220549752808,-0.6523982812651973,29.29590283866623,-0.3872238475275396,0.016397218379844616,58.65402686040576,-51.25620316532668,-0.16317506147840338,-0.6174613358932787,27.104901040839216,False
2024-10-09,577.1400146484375,0.0,0.0493,0.10169372468712114,569.0,2024-11-01,14.74,O:SPY241101C00569000,4.98,O:SPY241101P00569000,0.14903751477785043,0.15405412789903988,0.151549930562824,0.04985620587570287,0.35818326944530055,0.0315275582467396,107.33704383435364,-129.78906145517186,0.12615207362564532,-2.01287303620176,140.42399393279433,0.6816149585461635,0.0159730239174799,53.492573842829444,-77.7568651733579,0.2554366484809031,-1.037985997566756,73.47521056238243,-0.32343168910086295,0.015554534329259694,53.844469991524186,-52.032196281813974,-0.12928457485525777,-0.974887038635004,66.9487833704119,False
2024-10-10,576.1300048828125,0.0,0.049800000000000004,0.09960047078119388,569.0,2024-11-01,13.24,O:SPY241101C00569000,4.86,O:SPY241101P00569000,0.1391666071114709,0.14959327793653912,0.14439726890474558,0.044796798123551695,0.34578278001370155,0.03446689508973665,104.76283811826038,-128.16271561524908,0.1149941807858326,-2.06176703587641,134.38419214920802,0.6782541223565011,0.017741114644966298,52.0327010852551,-75.8251869735193,0.23969685766669124,-1.1016834326085876,74.02037767823599,-0.3324713423427995,0.016725780444770355,52.73013703300528,-52.3375286417298,-0.12470267688085865,-0.9600836032678226,60.36381447097203,False
2024-10-11,579.5800170898438,0.0,0.049699999999999994,0.10001403733339861,569.0,2024-11-01,15.82,O:SPY241101C00569000,3.58,O:SPY241101P00569000,0.14847652921355184,0.14892042637821226,0.14869854222983123,0.04868450489643261,0.45648863854190913,0.03155241528094043,93.81148813006894,-129.36197780453134,0.14593553150444133,-2.548622491432101,218.9377548451293,0.7285271500396099,0.015791583569831607,46.88144776535192,-78.66973801922728,0.24191653456570245,-1.277576065289664,109.90297482746713,-0.27203851149770075,0.015760831711108824,46.93004036471702,-50.69223978530406,-0.0959810030612611,-1.2710464261424375,109.03478001766217,False
2024-10-14,584.3200073242188,0.0,0.049699999999999994,0.10273283027736747,569.0,2024-11-01,19.28,O:SPY241101C00569000,2.48,O:SPY241101P00569000,0.15179231246274916,0.15407916101406105,0.15293857484459877,0.0502057445672313,0.5944176583622339,0.02680485973192499,77.75768378627711,-123.21215240608109,0.18087229471547894,-2.9374081411854487,336.49729483684683,0.798888122231357,0.013436324756397045,38.68648554628247,-75.09285769678513,0.24862572968525268,-1.483896389601285,171.19219044886964,-0.20447046386912304,0.013368534975527945,39.07119823999465,-48.11929470929596,-0.06775343496977372,-1.453511751584164,165.3051043879772,False
2024-10-15,579.780029296875,0.0,0.0493,0.10825466625192362,569.0,2024-11-01,15.7,O:SPY241101C00569000,3.26,O:SPY241101P00569000,0.1572648993806436,0.1523001750783946,0.15478984724655748,0.04653518099463386,0.46731665204663864,0.032225958627824874,86.48214271922731,-142.17542410652206,0.12999012733288612,-2.4990439857880418,205.41480486267466,0.7305575431278656,0.01594948112089303,43.49583530312358,-86.40658277512284,0.21040534757343055,-1.2156129222283858,98.3675639686625,-0.26324089108122695,0.016276477506931845,42.98630741610373,-55.76884133139921,-0.08041522024054444,-1.2834310635596557,107.04724089401216,False
2024-10-16,582.2999877929688,0.0,0.049100000000000005,0.10737503479989605,569.0,2024-11-01,17.28,O:SPY241101C00569000,2.38,O:SPY241101P00569000,0.15791434649252317,0.1507041884830474,0.15433331339657308,0.04695827859667703,0.5603213344539705,0.030191500571586337,75.2054470278475,-136.9442171360567,0.14600719343461285,-2.8364637075246657,278.768893219188,0.7750500724707186,0.014944489488909377,38.10455889935043,-84.4921473322234,0.2066817370183995,-1.3693898935223954,131.4758089738166,-0.21472873801674808,0.015247011082676962,37.100888128497076,-52.45206980383329,-0.06067454358378666,-1.46707381400227,147.29308424537138,False
2024-10-17,582.3499755859375,0.0,0.0493,0.09115813460374392,569.0,2024-11-01,17.11,O:SPY241101C00569000,1.95,O:SPY241101P00569000,0.1614153917582833,0.1446361115151915,0.1531703955188394,0.062012260915095485,0.5822436702591581,0.03086730038440228,69.84597623491464,-138.43776134514826,0.13968672455418096,-2.9293181642206987,290.2430624207173,0.7788591099448062,0.015121364238178461,36.132348195008085,-88.32394994900247,0.1905176357251457,-1.3515584215574798,126.34895961949489,-0.1966154396856481,0.01574593614622382,33.71362803990657,-50.11381139614579,-0.05083091117096474,-1.5777597426632188,163.89410280122243,False
2024-10-18,584.5900268554688,0.0,0.0492,0.08901775575804226,569.0,2024-11-01,18.09,O:SPY241101C00569000,1.34,O:SPY241101P00569000,0.14545394551880894,0.14363602445042967,0.14454788231104618,0.05553012655300392,0.6927313592822439,0.028146689954445775,55.17379338402448,-119.45848918539792,0.1529896206057219,-3.252187947182808,386.6919835282401,0.8448876236649487,0.014074496241567985,27.762631512697446,-74.29160770050407,0.18881860262227476,-1.6157046658483611,190.9292227990014,-0.1521562643827048,0.01407219371287779,27.411161871327028,-45.16688148489385,-0.035828982016552845,-1.6364832813344465,195.7627607292387,False
2024-10-21,583.6300048828125,0.0,0.0492,0.0895722889585005,569.0,2024-11-01,15.92,O:SPY241101C00569000,1.2,O:SPY241101P00569000,0.09472915810118486,0.13970236772939373,0.1203957083940506,0.0308234194355501,0.7875333508467377,0.026987636946000967,39.33703715512341,-90.05002253202359,0.15803860478573553,-3.6690661964702476,527.2779213301777,0.9363943779552628,0.011932670466066216,13.75113405649608,-44.34178941412848,0.18949566263509587,-1.983777638907612,333.7152643428237,-0.1488610271085251,0.015054966479934753,25.585903098627334,-45.70823311789511,-0.03145705784936034,-1.6852885575626355,193.56265698735407,False
2024-10-22,583.3200073242188,0.0,0.0489,0.08956046705793021,569.0,2024-11-01,14.97,O:SPY241101C00569000,1.16,O:SPY241101P00569000,1.0,0.14385678392078724,0.10997984070181847,0.020419373643888267,0.44533812559863395,0.019218568913794837,64.37725020324098,-699.6931464816371,0.0665707175339607,-1.6606239366105249,178.11157927144646,0.5937883338617125,0.0037319045890922367,40.311942258964685,-649.4584805083741,0.09442912279469107,-0.022933289453993477,0.5656104286124962,-0.14845020826307853,0.015486664324702599,24.065307944276285,-50.234665973262985,-0.027858405260730367,-1.6376906471565313,177.54596884283396,False
2024-10-23,577.989990234375,0.0,0.048799999999999996,0.09605399240196721,569.0,2024-11-01,10.32,O:SPY241101C00569000,2.03,O:SPY241101P00569000,0.09047495594504813,0.14725064427683654,0.12141811534762384,0.025364122945656625,0.6322219345925424,0.04589815839083711,50.08262430153776,-129.397338395312,0.09807443050030827,-4.031184857927208,381.8166296807791,0.8722358249333322,0.02398168315985469,20.134746909926346,-56.889016619167556,0.13717321553758255,-2.5919113498422415,283.89565986032574,-0.2400138903407898,0.021916475230982415,29.947877391611417,-72.50832177614446,-0.03909878503727428,-1.439273508084967,97.9209698204534,False
2024-10-24,579.239990234375,0.0,0.0487,0.09545531926766312,569.0,2024-11-01,12.92,O:SPY241101C00569000,1.51,O:SPY241101P00569000,0.16841057738428153,0.14885400821287326,0.15881410693526266,0.06335878766759953,0.5706907919663932,0.04119373649583964,52.12416884636704,-189.4360821253336,0.07527069732511119,-2.8275287119654733,201.01580814929798,0.7715594029804819,0.020096041264539007,27.03632530659808,-116.75297183292312,0.103332871678013,-1.2896516235259625,85.75800786263667,-0.2008686110140887,0.021097695231300635,25.08784353976896,-72.68311029241048,-0.02806217435290181,-1.537877088439511,115.25780028666131,False
2024-10-25,579.0399780273438,0.0,0.0489,0.09521773399942841,569.0,2024-11-01,12.15,O:SPY241101C00569000,1.8,O:SPY241101P00569000,0.16240577508243642,0.17259390391972126,0.16754727063328026,0.07232953663385185,0.5732500773132302,0.042589923719072165,47.4408346344274,-215.91058989678052,0.06309220479595734,-2.6806156227366635,174.03569051061908,0.7934481523785724,0.02154562535890338,23.278078830604045,-117.14085277500567,0.08874765887284208,-1.398071961185704,93.32796286148721,-0.22019807506534217,0.021044298360168783,24.16275580382335,-98.76973712177485,-0.02565545407688474,-1.2825436615509593,80.70772764913185,False
2024-10-28,580.8300170898438,0.0,0.048799999999999996,0.09484743255155215,569.0,2024-11-01,13.81,O:SPY241101C00569000,0.91,O:SPY241101P00569000,0.19698905058510036,0.1629401810059146,0.18067993119955067,0.08583249864799852,0.6618329404322079,0.038181497591201013,36.76276267658713,-228.12455395707627,0.058681339381247755,-2.62572882981981,186.57491921617483,0.8086017133065277,0.018909838797896143,19.947453856861692,-146.02253207246332,0.0723571661839218,-1.1733568107220806,74.93785804820577,-0.14676877287431989,0.01927165879330487,16.81530881972544,-82.10202188461295,-0.013675826802674042,-1.4523720190977294,111.63706116796907,False
2024-10-29,581.77001953125,0.0,0.048799999999999996,0.08783817874660457,569.0,2024-11-01,13.75,O:SPY241101C00569000,0.55,O:SPY241101P00569000,0.17695763951351057,0.16871303196242754,0.17290703971982002,0.08506886097321545,0.7765385407035929,0.03464112037011257,24.130231963379927,-196.65721364346498,0.05207938595141642,-2.635802457986683,203.82702516823355,0.8828343298956983,0.017510609012625414,12.485155483335951,-117.18543243109072,0.05950673158884268,-1.3004294764398028,98.17047868012601,-0.10629578919210547,0.017130511357487156,11.645076480043974,-79.47178121237427,-0.0074273456374262655,-1.33537298154688,105.65654648810754,False
2024-10-30,580.010009765625,0.0,0.0487,0.08906522373170503,569.0,2024-11-01,11.06,O:SPY241101C00569000,0.54,O:SPY241101P00569000,1.0,0.1843877549596243,0.1408998730301857,0.05183464929848067,0.4887413302575997,0.027875824241959682,29.960466148722247,-1383.45956780194,0.020351044827419985,-1.3145468272770966,78.14980964839634,0.6041130683715491,0.007456321998524016,19.907883324221416,-1269.969601908623,0.02570475617266986,-0.06739322988567574,0.9193552096854013,-0.1153717381139494,0.020419502243435667,10.05258282450083,-113.48996589331716,-0.005353711345249873,-1.247153597391421,77.23045443871094,False
2024-10-31,568.6400146484375,0.0,0.047599999999999996,0.11506711256923212,569.0,2024-11-01,2.98,O:SPY241101C00569000,2.35,O:SPY241101P00569000,0.217204518339958,0.15541612771952615,0.18631401694715022,0.0712469043779181,-0.02634864719647173,0.12285939698597885,28.56461346205458,-669.617546994166,-0.0008060672669748872,0.20100594495792348,0.25290775348728123,0.4897854754471383,0.051258002532672,14.285808605546048,-404.0860194441252,0.010933794441779866,0.07213970514299739,0.066170902866838,-0.51613412264361,0.07160139445330685,14.27880485650853,-265.5315275500408,-0.011739861708754754,0.1288662398149261,0.18673685062044323,True
2024-11-01,571.0399780273438,0.0,0.0475,0.11125768411090135,571.0,2024-12-06,14.01,O:SPY241206C00571000,11.1,O:SPY241206P00571000,0.1760562164691363,0.1734522318527021,0.17475425920858983,0.06349657509768848,0.09108735049388783,0.0252207294471675,142.57188028071886,-126.84980514024298,0.026690990699008432,-0.26933377972385797,5.542788244011584,0.5453683682732209,0.012517050330687703,71.28954758852598,-77.38419303123949,0.29505668753526676,-0.13173714054805358,2.7003926180631197,-0.45428101777933305,0.012703679116479797,71.28233269219287,-49.46561210900349,-0.2683656968362583,-0.13759663917580436,2.842395625948464,False
2024-11-04,569.8099975585938,0.0,0.0475,0.10654132465616244,571.0,2024-12-06,12.85,O:SPY241206C00571000,11.24,O:SPY241206P00571000,0.17333598597920877,0.17015255040580232,0.17174428574666378,0.06520296109050135,0.057792224697820416,0.02635229289398488,139.93754116595437,-126.59566386941604,0.008419607060924372,-0.09036277427099243,1.1520780692241273,0.5288242254297139,0.013054203103129276,69.96968700373519,-77.37615780215654,0.2747422196200289,-0.043206628931926006,0.54942923320707,-0.47103200073189344,0.013298089790855604,69.96785416221918,-49.2195060672595,-0.26632261255910455,-0.04715614533906643,0.6026488360170573,False
2024-11-05,576.7000122070312,0.0,0.0472,0.10993405230942589,571.0,2024-12-06,16.8,O:SPY241206C00571000,7.8,O:SPY241206P00571000,0.17817209098852752,0.16544675634170344,0.1718182216115296,0.061884169302103706,0.2363425143844886,0.025508233375473387,132.86271140359958,-130.3376320013217,0.10194725442076294,-1.1073646703281959,58.15377806136277,0.6146581289318155,0.01231707939704471,66.61539910743254,-80.95968752539868,0.30819393097368913,-0.5099940642949892,25.899325651402552,-0.3783156145473269,0.013191153978428679,66.24731229616704,-49.37794447592303,-0.2062466765529262,-0.5973706060332067,32.254452409960216,False
2024-11-06,591.0399780273438,0.0,0.046799999999999994,0.13885003336575888,571.0,2024-12-06,25.46,O:SPY241206C00571000,2.94,O:SPY241206P00571000,0.15774568480839782,0.15459323876508144,0.1561750197313726,0.01732498636561372,0.6097837465992719,0.020225620837938788,96.32532818432618,-101.69983066257882,0.28984700746874037,-2.8720615187757677,431.02273261143523,0.802628498176287,0.010082050532319514,48.502286528878784,-64.82922965564573,0.3919191134276605,-1.4163470446656878,210.4996485815303,-0.19284475157701508,0.010143570305619274,47.8230416554474,-36.87060100693309,-0.10207210595892013,-1.4557144741100798,220.52308402990496,False
2024-11-07,595.6099853515625,0.0,0.046900000000000004,0.1402264053736086,571.0,2024-12-06,28.47,O:SPY241206C00571000,2.1,O:SPY241206P00571000,0.14406675512084433,0.15634614297466568,0.150348241802305,0.010121836428696407,0.7224160002041238,0.017115838241971777,76.01970706264976,-87.3879176144064,0.3330901527494271,-3.0698357248747303,574.4452187196675,0.8706351814707518,0.008511274402550199,36.249419894815674,-54.31919225585663,0.4084075064019578,-1.5919122024054033,309.12760014761994,-0.14821918126662803,0.008604563839421578,39.77028716783409,-33.06872535854978,-0.07531735365253069,-1.4779235224693268,265.3176185720476,False
2024-11-08,598.1900024414062,0.0,0.047,0.13967688049231256,571.0,2024-12-06,32.24,O:SPY241206C00571000,1.8,O:SPY241206P00571000,0.19012948649424433,0.16136034221779527,0.17635115170627838,0.036674271213965826,0.7030744621012479,0.015581067848651469,77.78707928946751,-104.89287414819516,0.3067715192070126,-2.6171360050056744,464.53289349610037,0.8327073131789406,0.007816776772929211,42.20704435002687,-72.45249102893946,0.36974380135197404,-1.2005208173687152,195.21556430399687,-0.12963285107769273,0.007764291075722257,35.580034939440644,-32.4403831192557,-0.06297228214496141,-1.4166151876369595,269.3173291921035,False
2024-11-11,598.760009765625,0.0,0.047,0.13751396784271838,571.0,2024-12-06,30.94,O:SPY241206C00571000,1.47,O:SPY241206P00571000,0.1470917829702223,0.1573070353920479,0.1523270021647215,0.014813034322003121,0.785751960700887,0.014725083212641486,60.613621783397605,-81.87061150422795,0.3302884992694356,-2.906350858353422,594.2881974503414,0.9003044510366777,0.007240824235423233,28.789561596567072,-51.96473625312879,0.3831111006349338,-1.4796302385831157,312.1811976205754,-0.11455249033579062,0.007484258977218253,31.824060186830536,-29.905875251099165,-0.05282260136549823,-1.4267206197703064,282.10699982976604,False
2024-11-12,596.9000244140625,0.0,0.047,0.13441543636233189,571.0,2024-12-06,29.99,O:SPY241206C00571000,1.49,O:SPY241206P00571000,0.17477603617112678,0.154890150660333,0.1651846606507897,0.030769224288457825,0.7316501871138553,0.01639980485906852,68.84031076675035,-98.8173641525889,0.2894585818220096,-2.7846523827406138,494.2047182183841,0.8519671041566681,0.008289005563134104,36.868840053501685,-67.59833976718947,0.34182084662220935,-1.3199456492200534,220.0246872772606,-0.12031691704281278,0.00811079929593442,31.97147071324867,-31.219024385399425,-0.052362264800199725,-1.4647067335205606,274.1800309411235,False
2024-11-13,597.1900024414062,0.0,0.046900000000000004,0.1340253385703597,571.0,2024-12-06,30.35,O:SPY241206C00571000,1.09,O:SPY241206P00571000,0.1855156023432843,0.14632114816024494,0.1673505255386233,0.033325186968263615,0.7463774089263913,0.015962260910017567,63.95917216670115,-99.47351479738919,0.2794807600477096,-2.7332055865514766,493.1729282447627,0.8462488397003585,0.00823685825540013,36.76338319354486,-72.82807929556866,0.32045090845213425,-1.2422109554702905,196.623430529421,-0.0998714307739672,0.007725402654617437,27.195788973156287,-26.645435501820536,-0.04097014840442464,-1.490994631081186,296.5494977153417,False
2024-11-14,593.3499755859375,0.0,0.047,0.13677395047239854,571.0,2024-12-06,29.62,O:SPY241206C00571000,1.42,O:SPY241206P00571000,0.2488576649475459,0.14675338084771575,0.20246374357342722,0.06568979310102868,0.6276301236116877,0.01796464800224659,78.2031300598422,-144.18962944552376,0.21673924985523435,-2.3600540558508243,348.4294401651424,0.7552941218221214,0.008443670076815634,46.97032626780753,-111.72137621098163,0.2657357134878464,-0.7934759855163628,82.00423332939097,-0.12766399821043373,0.009520977925430956,31.232803792034662,-32.46825323454213,-0.04899646363261208,-1.5665780703344614,266.42520683575145,False
2024-11-15,585.75,0.0,0.047,0.14467879842691772,571.0,2024-12-06,21.71,O:SPY241206C00571000,2.66,O:SPY241206P00571000,0.20952737153853995,0.1499550849206158,0.18078685658574106,0.03610805815882334,0.5045521407115938,0.02487182682772212,89.87651545219639,-150.07936018912534,0.1614115573939377,-2.3187681140147816,236.5625044138393,0.7187709275727541,0.011265906579001376,48.20834510883362,-103.61570315857436,0.23768456596770232,-0.8501962942511122,70.37219011321822,-0.21421878686116025,0.013605920248720746,41.66817034336277,-46.463657030550976,-0.07627300857376462,-1.4685718197636692,166.19031430062105,False
2024-11-18,588.1500244140625,0.0,0.047,0.14517549276836375,571.0,2024-12-06,21.71,O:SPY241206C00571000,1.89,O:SPY241206P00571000,0.20952737153853995,0.1465086616986616,0.1625630814358592,0.017387588667495457,0.5796295617737642,0.023434230381340487,79.20993852033791,-144.24113310532357,0.17553071634089043,-2.537521034588908,298.16345448254486,0.7507268698584371,0.010923392997532713,43.984742862060244,-102.61244827819118,0.23248676407821303,-0.9500554625006253,89.13486754518323,-0.17109730808467283,0.012510837383807772,35.22519565827766,-41.6286848271324,-0.0569560477373226,-1.5874655720882827,209.02858693736164,False
2024-11-19,590.2999877929688,0.0,0.0467,0.14556970175230566,571.0,2024-12-06,21.71,O:SPY241206C00571000,1.66,O:SPY241206P00571000,0.20952737153853995,0.1549988390995955,0.14471703183501963,-0.0008526699172860253,0.6287759627670889,0.02182540345461975,71.13606839545636,-143.95773276091043,0.17808348399176854,-2.530829786335042,314.244189385538,0.7802163863598323,0.010534132689168075,39.67600254154406,-100.94766939581774,0.225056445998755,-1.0244278254596668,106.16038017529799,-0.15144042359274335,0.011291270765451679,31.460065853912297,-43.0100633650927,-0.04697296200698644,-1.5064019608753751,208.08380921024,False
2024-11-20,590.5,0.0,0.046799999999999994,0.14094531796840531,571.0,2024-12-06,21.71,O:SPY241206C00571000,1.82,O:SPY241206P00571000,0.20952737153853995,0.1670018356698788,0.15218652104139327,0.011241203072987954,0.6314357008819387,0.021912652297265963,68.30225391507672,-152.59580094033558,0.16523270444616844,-2.4422761590647974,288.70931873508925,0.7898902020749559,0.01067771350632426,37.148350815472575,-102.4309609004932,0.21065526775782406,-1.0461251042827637,108.65523372776511,-0.15845450119301718,0.011234938790941703,31.15390309960414,-50.16484003984238,-0.045422563311655624,-1.396151054782034,180.05408500732418,False
2024-11-21,593.6699829101562,0.0,0.0472,0.1417204775282465,571.0,2024-12-06,25.79,O:SPY241206C00571000,1.2,O:SPY241206P00571000,0.1947984080650122,0.1670755511204713,0.1815607841998339,0.03984030667158739,0.7312776580677005,0.019200315935977923,53.50519224933399,-130.88166227614389,0.17772315644618303,-2.5499029003001557,352.6715687260927,0.8479356685931148,0.009738127103579733,29.183889210262077,-87.66171299347546,0.2084779163773144,-1.1920625328108028,151.94020357629384,-0.11665801052541425,0.009462188832398192,24.32130303907191,-43.21994928266843,-0.030754759931131366,-1.3578403674893527,200.73136514979885,False
2024-11-22,595.510009765625,0.0,0.0472,0.14172759115878922,571.0,2024-12-06,25.79,O:SPY241206C00571000,0.8,O:SPY241206P00571000,0.1947984080650122,0.1645956172498058,0.1473274357378483,0.005599844579059071,0.7874311389262522,0.01705861218158997,43.2974241291723,-119.9028736977811,0.17503464522311893,-2.453928377013093,366.044382814222,0.875084135954717,0.00890389120042543,24.40859822729775,-83.23076421329209,0.19606569169788698,-1.17450598948845,160.3349155111005,-0.08765299702846485,0.00815472098116454,18.88882590187455,-36.67210948448902,-0.021031046474768066,-1.2794223875246429,205.7094673031215,False
2024-11-25,597.530029296875,0.0,0.047400000000000005,0.14177803930331892,571.0,2024-12-06,27.38,O:SPY241206C00571000,0.37,O:SPY241206P00571000,1.0,0.15334767163339533,0.1263320341825485,-0.015446005120770406,0.5839889514211981,0.009333484071867824,54.2037913059499,-633.4337148862071,0.10340404512529039,-1.150351393517883,204.52109695981775,0.6344881947919616,0.003330183943022836,42.46485671411197,-609.6796030677722,0.11431290740057694,-0.05820621383478647,2.2594916606310385,-0.0504992433707635,0.006003300128844988,11.738934591837932,-23.754111818434936,-0.010908862275286545,-1.0921451796830965,202.26160529918673,False
2024-11-26,600.6500244140625,0.0,0.047400000000000005,0.14240820478178284,571.0,2024-12-06,30.29,O:SPY241206C00571000,0.24,O:SPY241206P00571000,1.0,0.1623045950356945,0.10713505325317382,-0.03527315152860902,0.6140360022121929,0.007873155813442282,47.88879470937043,-660.8494563063961,0.09841588231084107,-0.9188753829266887,167.0908403429373,0.648641257554865,0.0034658846504831446,39.6959819107037,-640.9028061713238,0.10509069103034294,-0.07547502471732176,3.082762959673174,-0.034605255342672114,0.004407271162959138,8.192812798666733,-19.946650135072204,-0.006674808719501864,-0.8434003582093669,164.00807738326412,False
2024-11-27,598.8300170898438,0.0,0.047599999999999996,0.14241028782697587,571.0,2024-12-06,30.29,O:SPY241206C00571000,0.15,O:SPY241206P00571000,1.0,0.15182705499517518,0.2212863664478063,0.07887607862083043,0.6209831994892839,0.007690446513094864,43.08765887944016,-699.0657600120818,0.08804011102348142,-0.8383862419951346,150.5676493042464,0.6468381694605351,0.003723298746186216,37.08792250607955,-683.4132765828396,0.09238253660952077,-0.07808564382325434,2.9365148285164735,-0.02585496997125114,0.003967147766908648,5.999736373360612,-15.652483429242238,-0.004342425586039359,-0.7603005981718802,147.63113447572994,False
2024-11-29,602.5499877929688,0.0,0.047599999999999996,0.11888414742331196,571.0,2024-12-06,32.91,O:SPY241206C00571000,0.05,O:SPY241206P00571000,0.27594477063211625,0.16845618827339187,0.2394277422964573,0.12054359487314534,0.9130453142492775,0.008049968295407479,14.53091958593572,-119.41921345476754,0.10261814344351777,-1.0947583035477881,160.59963397647238,0.9232647717818309,0.006150231531628078,12.22557407311116,-109.92828870657594,0.10384983669976594,-0.7248004188026629,87.80834447039128,-0.010219457532553378,0.0018997367637794006,2.3053455128245615,-9.490924748191597,-0.001231693256248164,-0.3699578847451252,72.79128950608111,True
2024-12-02,603.6300048828125,0.0,0.0475,0.11884611917400764,603.0,2025-01-03,8.52,O:SPY250103C00603000,6.29,O:SPY250103P00603000,0.09056256319700699,0.10595885300867468,0.09827087019607425,-0.02057524897793339,0.15843913436536117,0.04297858717578852,145.68033209710302,-79.0069239946292,0.07697963376246802,-1.3672787933423205,51.48362208274913,0.5844150807801795,0.02311611217302915,72.64669122354282,-50.89201817425826,0.32785759815707516,-0.7977315401072193,31.682765585796094,-0.4259759464148183,0.01986247500275937,73.0336408735602,-28.11490582037094,-0.25087796439460713,-0.5695472532351012,19.800856496953035,False
2024-12-03,603.9099731445312,0.0,0.0466,0.11775555579951473,603.0,2025-01-03,8.24,O:SPY250103C00603000,6.22,O:SPY250103P00603000,0.08756954296105944,0.10792741082383177,0.0977687410727143,-0.01998681472680043,0.16785770372933073,0.04419910439554919,142.31222619285452,-80.28902435322618,0.07932347821743965,-1.489200613238535,58.726369642449924,0.591340109203846,0.024312777885179493,70.8694992728772,-50.25577031235872,0.31841874435624157,-0.9072866711470359,38.23669168287047,-0.4234824054745153,0.019886326510369694,71.44272691997732,-30.03325404086746,-0.23909526613880192,-0.5819139420914992,20.48967795957945,False
2024-12-04,607.6599731445312,0.0,0.04650000000000001,0.113462648491458,603.0,2025-01-03,10.21,O:SPY250103C00603000,4.83,O:SPY250103P00603000,0.08428677309831033,0.11062683779802167,0.09760738446637988,-0.015855264025078114,0.3325731963572114,0.042155864760782265,130.43117613984504,-81.72924916601113,0.16329885835215543,-3.0884015748735627,246.22009152244092,0.6860112181973781,0.02344174153300481,63.69314601576752,-49.656102376599826,0.35501326529312094,-1.9346793059872662,168.32245391882753,-0.3534380218401667,0.018714123227777456,66.73803012407751,-32.0731467894113,-0.1917144069409655,-1.1537222688862965,77.89763760361339,False
2024-12-05,606.6599731445312,0.0,0.045899999999999996,0.07810980330970754,603.0,2025-01-03,9.38,O:SPY250103C00603000,5.16,O:SPY250103P00603000,0.085271897945299,0.1119156819943,0.09870380178689955,0.02059399847719201,0.28660563675190764,0.04385271711937985,130.47979466480098,-84.67608437299461,0.1327768065791743,-2.650420279161018,176.2079698643999,0.6603882756878567,0.02452544844370838,64.14049741616522,-50.77471873094642,0.3260426113281534,-1.670388969941094,120.96842871495949,-0.3737826389359491,0.019327268675671475,66.33929724863575,-33.90136564204819,-0.1932658047489791,-0.9800313092199237,55.239541149440406,False
2024-12-06,607.8099975585938,0.0,0.045700000000000005,0.07441169757319875,603.0,2025-01-03,9.81,O:SPY250103C00603000,4.25,O:SPY250103P00603000,0.08299670643851689,0.10621655731749487,0.09474254105761647,0.020330843484417715,0.3498307535862717,0.044925485497504684,123.10078776718339,-82.65991136492588,0.15759573768508095,-3.3311210140069782,265.8256202246755,0.6937869310052809,0.024690748846707095,60.08419596833,-50.23972427939121,0.3268893911432572,-2.043018154503819,177.22762769405776,-0.3439561774190092,0.02023473665079759,63.0165917988534,-32.42018708553466,-0.16929365345817626,-1.2881028595031592,88.59799253061772,False
2024-12-09,604.6799926757812,0.0,0.045599999999999995,0.07640735512253669,603.0,2025-01-03,7.5,O:SPY250103C00603000,5.76,O:SPY250103P00603000,0.08208284843674672,0.11336939815140198,0.09779486150220036,0.021387506379663676,0.19830616217562502,0.04879712858993451,128.28159727757307,-88.12004323262241,0.08041204782327213,-1.868085778700411,81.53711229080609,0.6130401019532565,0.028089108899833366,63.56157340463294,-51.16064093718758,0.2738360556675417,-1.2345677818509206,58.881558141732526,-0.4147339397776315,0.02070801969010115,64.72002387294013,-36.95940229543482,-0.19342400784426958,-0.6335179968494904,22.655554149073566,False
2024-12-10,602.7999877929688,0.0,0.0453,0.07747675493628212,603.0,2025-01-03,6.67,O:SPY250103C00603000,5.91,O:SPY250103P00603000,0.08965551147736456,0.1051476532176507,0.09740539442524311,0.019928639488960995,0.09969574916308799,0.05076502651484574,127.53452527774711,-89.11379186640508,0.033940425984657324,-0.8181104363180491,16.696930105670404,0.5529720837696481,0.02737616981298515,63.70420681319564,-54.77780162586076,0.23332968953299738,-0.48167507809977284,10.334336324119807,-0.45327633460656014,0.023388856701860587,63.83031846455147,-34.33599024054432,-0.19938926354834005,-0.33643535821827625,6.362593781550596,False
2024-12-11,607.4600219726562,0.0,0.0449,0.0805573852620724,603.0,2025-01-03,9.12,O:SPY250103C00603000,4.08,O:SPY250103P00603000,0.08635503705345511,0.10799994383818966,0.0972807822450995,0.016723396983027106,0.3323154367524348,0.04790154850377325,114.68752802200504,-91.25375988501847,0.12727626280536997,-3.09063638380138,214.14037599405611,0.6825405138072238,0.026159223428974303,56.2336541724515,-54.198742643772576,0.27354893983125356,-1.8671345741913947,139.8755393098016,-0.350225077054789,0.021742325074798948,58.45387384955354,-37.05501724124589,-0.1462726770258836,-1.2235018096099852,74.2648366842545,False
2024-12-12,604.3300170898438,0.0,0.0443,0.08336932802903133,603.0,2025-01-03,6.7,O:SPY250103C00603000,5.08,O:SPY250103P00603000,0.0832493169547064,0.10693640077263321,0.09512557115480302,0.011756243125771698,0.17766678675260072,0.054520499211674206,118.43761797467923,-92.98936786037471,0.0606916649361777,-1.693514331057918,59.56281345604983,0.5985539969227501,0.030504684265635067,58.88639765861319,-54.3328072366418,0.2254121569457162,-1.0620186393401128,40.36650636086052,-0.4208872101701494,0.024015814946039143,59.55122031606604,-38.656560623732915,-0.1647204920095385,-0.6314956917178052,19.19630709518931,False
2024-12-13,604.2100219726562,0.0,0.0443,0.07922369207819688,603.0,2025-01-03,5.91,O:SPY250103C00603000,4.72,O:SPY250103P00603000,0.07446829641129217,0.10253298137177705,0.08855319130271674,0.009329499224519866,0.18282441141291228,0.06097375954977981,114.45323693594156,-89.61157222295829,0.05942520335531762,-1.9347694764458718,68.98220479038115,0.6043252833430148,0.035091904882490865,56.786477468305065,-51.43571688242845,0.21382701948054447,-1.2745704350610247,49.707186804575876,-0.42150087193010255,0.025881854667288946,57.66675946763649,-38.175855340529836,-0.15440181612522685,-0.660199041384847,19.275017985805274,False
2024-12-16,606.7899780273438,0.0,0.0443,0.06109365226259001,603.0,2025-01-03,7.6,O:SPY250103C00603000,4.0,O:SPY250103P00603000,0.07884261487387721,0.11068149421297392,0.0949712177440524,0.03387756548146239,0.31990228363508644,0.055271103241333726,104.58941440917647,-97.69183038371636,0.10139638869879505,-3.1675807685095227,196.4624064575904,0.6839900375288261,0.03154628252001213,50.87606356599695,-54.15033365734175,0.22635461102391016,-2.0767944884402807,142.24190598370467,-0.3640877538937397,0.023724820721321593,53.71335084317951,-43.541496726374625,-0.12495822232511511,-1.090786280069242,54.22050047388573,False
2024-12-17,604.2899780273438,0.0,0.0446,0.06384838275983018,603.0,2025-01-03,5.86,O:SPY250103C00603000,5.06,O:SPY250103P00603000,0.08040991655700143,0.11545819563562117,0.09799826708286999,0.03414988432303981,0.17186716377465794,0.059777057499267525,106.89518559407432,-105.7482820009138,0.04794400238386712,-1.6544782212367255,52.16998904766197,0.5995256165809897,0.035017155673388256,53.04251076294673,-57.23574523244806,0.18387123736974403,-1.1239480788121814,38.892810738483874,-0.42765845280633175,0.024759901825879265,53.85267483112759,-48.51253676846574,-0.13592723498587692,-0.5305301424245442,13.277178309178101,False
2024-12-18,586.280029296875,0.0,0.0444,0.12707070642926854,603.0,2025-01-03,1.45,O:SPY250103C00603000,20.5,O:SPY250103P00603000,0.12426917665824853,0.2148843291213733,0.17269248862788078,0.04562178219861224,-0.5301166341716708,0.02865179651869655,76.96963617452508,-127.83125051842062,-0.15845085514901383,2.928889318407231,304.8654891751776,0.17222212402682158,0.016049468976093877,32.64487391643911,-47.014597240185,0.04739066281905471,1.9969298504972708,241.53677907988455,-0.7023387581984923,0.012602327542602675,44.324762258085975,-80.81665327823562,-0.20584151796806854,0.9319594679099603,63.32871009529304,False
2024-12-19,586.0999755859375,0.0,0.044199999999999996,0.12704759537256757,603.0,2025-01-03,1.24,O:SPY250103C00603000,17.87,O:SPY250103P00603000,0.12443535254253929,0.15198200468317064,0.13878785824626685,0.011740262873699281,-0.6363368456562115,0.031114737890894525,64.38925192433565,-85.47372542890405,-0.17114036137852856,3.591351834511066,405.8222406404001,0.1571567313180216,0.01578137807599393,29.445861016419144,-45.98710422497761,0.039665282550604745,1.994715125696635,245.77532148309714,-0.7934935769742332,0.015333359814900596,34.94339090791651,-39.48662120392644,-0.2108056439291333,1.5966367088144309,160.04691915730297,False
2024-12-20,591.1500244140625,1.966,0.0443,0.12948399117757042,603.0,2025-01-03,1.5,O:SPY250103C00603000,13.37,O:SPY250103P00603000,0.10994841978682932,0.1397026341479671,0.1252983029127121,-0.004185688264858323,-0.5300969552559713,0.04191380934920306,72.07906227640115,-99.70066512723602,-0.13025270954023935,3.727174223734919,325.0768379608365,0.20754609917571382,0.022105548928372964,33.704289673251225,-52.06099676375265,0.04809161968045667,2.1784893952144255,209.0701281583422,-0.7376430544316852,0.019808260420830094,38.37477260314992,-47.63966836348338,-0.178344329220696,1.5486848285204933,116.0067098024943,False
2024-12-23,594.6900024414062,0.0,0.0444,0.13085340524500513,603.0,2025-01-03,1.85,O:SPY250103C00603000,8.73,O:SPY250103P00603000,0.10256782345864217,0.089317724001958,0.09604819002151488,-0.034805215223490255,-0.4979788952434694,0.059153133845727957,71.49881418327378,-82.6309644784867,-0.10954395372432416,4.599931312655306,350.0058460784668,0.26617735334946835,0.028478868166964537,36.894115960752124,-59.92415809989932,0.05587250389758656,2.0605572496239457,144.60057711878332,-0.7641562485929377,0.03067426567876342,34.604698222521655,-22.706806378587373,-0.1654164576219107,2.53937406303136,205.40526895968347,False
2024-12-24,601.2999877929688,0.0,0.0444,0.13629542653375082,603.0,2025-01-03,2.93,O:SPY250103C00603000,4.02,O:SPY250103P00603000,0.07804580724880338,0.08366860477879916,0.08085767768397929,-0.055437748849771526,-0.07254243364253227,0.09183386673570906,85.12813553474771,-106.16672604679266,-0.016053893480548226,1.0385793611292058,10.15675412278087,0.4622721002657763,0.04749815199788147,42.54985909092395,-64.51471893807518,0.08731244706248932,0.552726549567918,5.608512668552715,-0.5348145339083086,0.044335714737827596,42.57827644382376,-41.652007108717484,-0.10336634054303755,0.4858528115612878,4.548241454228155,False
2024-12-26,601.3400268554688,0.0,0.044500000000000005,0.13507452196796513,603.0,2025-01-03,2.71,O:SPY250103C00603000,3.9,O:SPY250103P00603000,0.08623170202941384,0.09081734154441515,0.08852496991455555,-0.046549552053409576,-0.09353386890439885,0.09653117730521743,73.52502507419318,-133.88845756535403,-0.014965633152111218,1.1754734990685183,12.833607703976853,0.45188717245806764,0.04949643412352733,36.74783902533195,-78.51714188296323,0.06405424867180387,0.6163452221592066,6.913965292168635,-0.5454210413624665,0.0470347431816901,36.77718604886123,-55.3713156823908,-0.07901988182391509,0.5591282769093116,5.919642411808217,False
2024-12-27,595.010009765625,0.0,0.0444,0.13990739817736444,603.0,2025-01-03,0.89,O:SPY250103C00603000,8.28,O:SPY250103P00603000,0.1008137432631142,0.09776355476863084,0.09929794097989797,-0.040609457197466475,-0.6232504243379928,0.06487213909163453,45.24334326053625,-96.35093606129138,-0.0753988573555116,4.882590599289061,361.849717699961,0.19209768527829052,0.03233329329272088,22.897480066526636,-63.20659907968361,0.022501993173291667,2.3966472349811028,174.79472044149276,-0.8153481096162833,0.03253884579891364,22.34586319400961,-33.144336981607765,-0.09790085052880328,2.485943364307958,187.05499725846823,False
2024-12-30,588.219970703125,0.0,0.0443,0.1430082653639303,603.0,2025-01-03,0.15,O:SPY250103C00603000,15.39,O:SPY250103P00603000,0.11194999466753644,0.18222908067873336,0.15391014157831673,0.01090187621438643,-0.8062260254123665,0.02850930202696883,24.17627500426301,-101.7171718623276,-0.0777425792139934,2.7910656012853976,285.50045095094606,0.04432498557328941,0.011286717208113906,6.93954029640321,-25.620149112080462,0.00411473678021218,1.4358965870815956,181.17393605390987,-0.850551010985656,0.017222584818854924,17.236734707859803,-76.09702275024713,-0.08185731599420558,1.355169014203802,104.32651489703619,False
2024-12-31,586.0800170898438,0.0,0.044000000000000004,0.14281838708494968,603.0,2025-01-03,0.03,O:SPY250103C00603000,16.82,O:SPY250103P00603000,0.11318395606542855,0.156393405913571,0.14049815781116487,-0.0023202292737848074,-0.9362746101338767,0.014915512504577714,8.774388569019424,-29.115639674369344,-0.06733117137000585,1.7419407412279018,206.59405606034412,0.012033795566834172,0.00432595166637074,2.002170574021023,-9.826772376895054,0.0008360437037459355,0.6275064226817627,90.52820025853077,-0.9483084057007108,0.010589560838206974,6.7722179949984005,-19.28886729747429,-0.06816721507375179,1.1144343185461392,116.06585580181334,True
2025-01-02,584.6400146484375,0.0,0.044500000000000005,0.14267950935903237,587.0,2025-02-07,10.9,O:SPY250207C00587000,10.72,O:SPY250207P00587000,0.1433399163966311,0.14532883633684895,0.14433437424823642,0.0016548648892040496,0.0281750736146964,0.029420163387149277,149.7421675766737,-104.51056812598952,-0.005311144376141497,0.06099496423899055,-0.4045743812962216,0.5140572051148248,0.014811473285270115,74.87128496929435,-64.8980443203891,0.2988332821484172,0.030035485173696877,-0.19878719554730048,-0.4858821315001284,0.01460869010187916,74.87088260737933,-39.61252380560042,-0.3041444265245587,0.03095947906529367,-0.2057871857489211,False
2025-01-03,591.9500122070312,0.0,0.0444,0.14885322835467918,587.0,2025-02-07,14.43,O:SPY250207C00587000,7.24,O:SPY250207P00587000,0.1383867977497955,0.1431830821183742,0.14078662986755372,-0.00806659848712546,0.24416787520130667,0.028969640019320723,141.74026772849095,-106.03030448012109,0.12189005625593088,-1.440532993899803,83.56221631048447,0.6238102543501586,0.014711104666813314,70.77004649773595,-65.11459741446475,0.3520183409498488,-0.745820336974919,43.87256179578264,-0.3796423791488519,0.01425853535250741,70.97022123075499,-40.915707065656335,-0.2301282846939179,-0.694712656924884,39.689654514701836,False
2025-01-06,595.3599853515625,0.0,0.0443,0.1509104601993537,587.0,2025-02-07,18.0,O:SPY250207C00587000,6.39,O:SPY250207P00587000,0.16251258700200077,0.15098643630029418,0.15676473350077866,0.0058542733014249615,0.3139482603022201,0.025558441130971804,135.08513257522674,-118.38762814264535,0.15478307776637534,-1.6733742151270845,124.5830375696124,0.6521639154125636,0.01237689319944214,67.89982143047054,-74.33458494892733,0.35264028488270716,-0.7754830755984388,55.73422597423414,-0.33821565511034346,0.013181547931529666,67.18531114475621,-44.05304319371802,-0.1978572071163318,-0.8978911395286456,68.84881159537827,False
2025-01-07,588.6300048828125,0.0,0.044199999999999996,0.15489253561114621,587.0,2025-02-07,12.51,O:SPY250207C00587000,8.64,O:SPY250207P00587000,0.14698556963543782,0.14874982204662415,0.14786775462776425,-0.0070247809833819674,0.13870104127664995,0.029884551947956074,139.73880877525355,-115.87042210678872,0.05521240777342426,-0.6911611992478132,21.4761799437766,0.5696553415545716,0.015029390892970637,69.85993339137443,-70.5210206509873,0.2946247305181793,-0.35036492562908617,10.934420428131217,-0.4309543002779217,0.014855161054985437,69.87887538387912,-45.34940145580143,-0.23941232274475502,-0.340796273618727,10.541759515645383,False
2025-01-08,589.489990234375,0.0,0.0441,0.15463576086616712,587.0,2025-02-07,12.88,O:SPY250207C00587000,7.81,O:SPY250207P00587000,0.1493383704176836,0.14456775939266372,0.1469537333011627,-0.007682027565004412,0.16470463541037061,0.03051377270628862,136.00004127298544,-117.83346082056889,0.0666999264377596,-0.8745359395549132,31.6850361737018,0.581309898314289,0.0150177080215989,68.03777057519177,-72.73683215539776,0.2879174626257772,-0.4214470185910948,15.066225271229634,-0.4166052629039184,0.01549606468468972,67.96227069779367,-45.09662866517112,-0.22121753618801762,-0.45308892096381836,16.618810902472166,False
2025-01-10,580.489990234375,0.0,0.044199999999999996,0.16242599750542075,587.0,2025-02-07,7.71,O:SPY250207C00587000,12.64,O:SPY250207P00587000,0.14928620732574446,0.15666433080356215,0.15297664540782574,-0.00944935209759501,-0.12391407904813484,0.03152602540825069,128.90345928414115,-120.15338782615316,-0.07323879566393127,1.0265738571211607,26.21239519175277,0.4361513013306381,0.016131353234361594,64.40349137040691,-71.42152241844931,0.1948186227382,0.5349694361776333,14.062004691812339,-0.560065380378773,0.015394672173889097,64.49996791373422,-48.73186540770385,-0.26805741840213126,0.49160442094352746,12.150390499940428,False
2025-01-13,581.3900146484375,0.0,0.044199999999999996,0.15904557961484864,587.0,2025-02-07,7.94,O:SPY250207C00587000,11.67,O:SPY250207P00587000,0.1511910879955871,0.15234633993841587,0.15176874317377806,-0.007276836441070578,-0.10314273195356083,0.03265658025063846,126.30920571503304,-123.6087222303173,-0.05999789422166077,0.8930824560829304,18.482628303125914,0.448170706594445,0.016389054960433507,63.14926514450566,-74.48159486884059,0.1904689484034506,0.44948905388969557,9.348795771127003,-0.5513134385480059,0.01626752529020495,63.15994057052739,-49.12712736147671,-0.2504668426251114,0.4435934021932348,9.13383253199891,False
2025-01-14,582.1900024414062,0.0,0.044199999999999996,0.15909523325107425,587.0,2025-02-07,7.9,O:SPY250207C00587000,11.48,O:SPY250207P00587000,0.14953197987591785,0.1595775470813731,0.15455595541447406,-0.004539277836600186,-0.08143081085021703,0.033039596111367406,123.49983744010598,-130.66244946850722,-0.047705859976923976,0.7384850828177346,11.777224669007598,0.4574332581433634,0.01704879456345198,61.72046824005912,-76.02614438327994,0.18458076405376078,0.3895980342237948,6.480438437881742,-0.5388640689935804,0.01599080154791543,61.779369200046865,-54.636305085227285,-0.23228662403068476,0.3488870485939398,5.296786231125855,False
2025-01-15,592.780029296875,0.0,0.044000000000000004,0.17424392678408637,587.0,2025-02-07,13.57,O:SPY250207C00587000,5.32,O:SPY250207P00587000,0.152913173091986,0.140253575265613,0.14659871598631144,-0.027645210797774933,0.2773807620992398,0.033247309959182486,115.33397664697438,-131.73347745158125,0.09817889669923865,-1.6252878961641426,89.12820735132888,0.6335642469884416,0.01598643535737903,57.9471451494355,-81.60251750540257,0.2442024586964856,-0.7423165710285983,39.00800589156094,-0.3561834848892018,0.01726087460180346,57.38683149753887,-50.13095994617868,-0.14602356199724695,-0.8829713251355443,50.12020145976794,False
2025-01-16,591.6400146484375,0.0,0.0443,0.17319180842474008,587.0,2025-02-07,12.11,O:SPY250207C00587000,5.98,O:SPY250207P00587000,0.14542276752700325,0.14822108715894133,0.1468224755354226,-0.026369332889317476,0.24144162463230845,0.03477368676391607,113.45927776355461,-136.7118941734497,0.07921049291060411,-1.401791364532622,64.24525843542159,0.6217013048836965,0.017538764642752256,56.684709565713376,-80.67367506678025,0.22584975817672556,-0.7146118075969201,33.02037616904035,-0.380259680251388,0.01723492212116381,56.77456819784123,-56.03821910666947,-0.14663926526612145,-0.6871795569357021,31.22488226638124,False
2025-01-17,597.5800170898438,0.0,0.0443,0.17727776761525232,587.0,2025-02-07,16.48,O:SPY250207C00587000,3.85,O:SPY250207P00587000,0.1592879470442879,0.149125926312974,0.15423178196102383,-0.023045985654228496,0.4273892353755633,0.030285563591284648,99.1952362859763,-138.94641130727166,0.1399221824879417,-2.3274113412963224,191.8230515109069,0.707790753907782,0.014792005647125493,50.083287662447944,-85.01951357219039,0.24195333977157482,-1.0957221953867444,87.37420959948686,-0.28040151853221873,0.015493557944159155,49.11194862352837,-53.92689773508128,-0.10203115728363311,-1.231689145909578,104.44884191142006,False
2025-01-21,603.0499877929688,0.0,0.044199999999999996,0.14236033627699646,587.0,2025-02-07,19.69,O:SPY250207C00587000,1.89,O:SPY250207P00587000,0.15296719065124917,0.1417200701603807,0.14742565928101542,0.005065323004018962,0.6274542786642966,0.026560316365603104,73.39488279689319,-120.70299919986087,0.1840667395301132,-3.125126493412183,382.58323788673516,0.8049454424542922,0.01316138812810188,37.770212201440344,-76.58367782507912,0.24025874643646306,-1.486654104559441,175.00072849354098,-0.17749116378999563,0.013398928237501226,35.62467059545284,-44.119321374781755,-0.05619200690634986,-1.6384723888527417,207.5825093931942,False
2025-01-22,606.4400024414062,0.0,0.044199999999999996,0.14294442429194593,587.0,2025-02-07,22.94,O:SPY250207C00587000,1.36,O:SPY250207P00587000,0.17542710852442808,0.14696284457938297,0.16180622969865802,0.01886180540671209,0.686383652162065,0.022431943499253558,63.31741717309704,-125.31471031291638,0.18664309699662773,-2.8983566123389277,391.0009537004247,0.8225730102276363,0.011200878833880759,34.41162577676086,-84.42051818345607,0.22661960872890322,-1.3146844614026225,160.9690872379631,-0.1361893580655713,0.011231064665372797,28.905791396336184,-40.89419212946031,-0.03997651173227549,-1.583672150936305,230.03186646246158,False
2025-01-23,609.75,0.0,0.044500000000000005,0.14136189687943929,587.0,2025-02-07,24.12,O:SPY250207C00587000,1.01,O:SPY250207P00587000,0.1102384276899063,0.1549191066889893,0.1363619810968637,-0.004999915782575581,0.8541933555777209,0.015421398726978603,34.29268716827949,-77.255743868727,0.21638326921423295,-2.7916524164412397,530.5902486490871,0.9596634218316553,0.006178036499200743,11.052976392478199,-38.922984156312104,0.24489613040001468,-1.3566742237880982,301.90133519812247,-0.1054700662539344,0.00924336222777786,23.239710775801292,-38.3327597124149,-0.028512861185781713,-1.4349781926531417,228.68891345096466,False
2025-01-24,607.969970703125,0.0,0.044500000000000005,0.14122027233703002,587.0,2025-02-07,22.51,O:SPY250207C00587000,0.95,O:SPY250207P00587000,0.1280214680272042,0.1507594982786289,0.14020318917334085,-0.0010170831636891753,0.8206196203541181,0.01898041732277566,39.00846509485595,-90.47738309740325,0.18867146291472325,-3.024373325580788,495.42742435915136,0.9276289266003006,0.008884141991667009,16.682533702190913,-51.005096576714905,0.2148652902097444,-1.5416985612862468,272.29846766471564,-0.10700930624618255,0.01009627533110865,22.32593139266504,-39.47228652068834,-0.026193827295021156,-1.4826747642945413,223.12895669443574,False
2025-01-27,599.3699951171875,0.0,0.0444,0.14594794361733798,587.0,2025-02-07,14.6,O:SPY250207C00587000,2.65,O:SPY250207P00587000,0.12562979139383193,0.1677818541708186,0.14770626391768454,0.0017583203003465608,0.5960601217055583,0.033891234054905864,63.36560057458129,-147.070099947485,0.12143234008436095,-3.1409455466217193,307.00649369395137,0.8307262027468902,0.01773418242181966,28.584840610733387,-71.73457466906828,0.17261155717290116,-1.8747661144178105,203.23228124789813,-0.2346660810413319,0.016157051633086207,34.780759963847906,-75.33552527841674,-0.051179217088540216,-1.2661794322039088,103.77421244605324,False
2025-01-28,604.52001953125,0.0,0.0444,0.14919456309875842,587.0,2025-02-07,19.4,O:SPY250207C00587000,1.41,O:SPY250207P00587000,0.15323844805106102,0.16829560233357901,0.1609710315734148,0.011776468474656382,0.7248422052332647,0.02536326489476395,47.32242630877907,-138.6606724529294,0.13249892827450377,-2.9055772028736913,342.5763770152603,0.8733646527961916,0.012585557503644002,22.3743807790765,-76.58104125365625,0.16144965617976395,-1.5116682509803494,186.01404666581948,-0.14852244756292687,0.012777707391119948,24.94804552970257,-62.079631199273145,-0.028950727905260168,-1.3939089518933416,156.56233034944083,False
2025-01-29,601.8099975585938,0.0,0.0443,0.14485396929649214,587.0,2025-02-07,17.16,O:SPY250207C00587000,1.83,O:SPY250207P00587000,0.17029461468905718,0.17796727871140253,0.17416523085832597,0.029311261561833835,0.6401935453114556,0.030034457480151665,52.61050221962888,-181.19152734361157,0.10174579887247638,-2.6720039172210526,245.6102562869243,0.8252212749788657,0.015079379828093308,25.834537465271243,-100.43104897690947,0.1331851148556474,-1.3719248621078075,128.7235898462136,-0.1850277296674101,0.014955077652058358,26.775964754357634,-80.7604783667021,-0.031439315983171026,-1.300079055113245,116.8866664407107,False
2025-01-30,605.0399780273438,0.0,0.0437,0.13849285763622465,587.0,2025-02-07,19.15,O:SPY250207C00587000,0.8,O:SPY250207P00587000,0.14574311066915688,0.16499527411475454,0.1558762812882662,0.01738342365204154,0.812749381837721,0.022918111094403157,31.12118355970319,-122.82558720090533,0.1123323495544839,-2.7716984752448575,342.74298849336947,0.9197676988371983,0.010950067214821781,13.90988926072353,-66.0547113048275,0.12793957816540938,-1.4118118583798691,184.99158821597973,-0.10701831699947728,0.011968043879581376,17.211294298979663,-56.770875896077825,-0.015607228610925476,-1.3598866168649886,157.75140027738976,False
2025-01-31,601.8200073242188,0.0,0.0437,0.13943861374329067,587.0,2025-02-07,17.19,O:SPY250207C00587000,1.04,O:SPY250207P00587000,0.21020719200866522,0.17104087482474897,0.1915541952937841,0.05211558155049342,0.6728183649136112,0.030425029127127908,41.65176135431539,-218.96667901178847,0.07672332406749575,-2.471713976287707,208.59903781216806,0.8122360536817892,0.015117758743205223,22.83692828343941,-141.58248849764078,0.09357736265392241,-1.0977284365250624,82.46345443745788,-0.13941768876817795,0.015307270383922685,18.81483307087598,-77.3841905141477,-0.016854038586426662,-1.3739855397626444,126.13558337471018,True
2025-02-03,597.77001953125,0.0,0.0437,0.14179575892459995,602.0,2025-03-07,9.78,O:SPY250307C00602000,11.17,O:SPY250307P00602000,0.14413967501122965,0.13951910936075054,0.14182946529164914,3.3706367049191055e-05,-0.03521334401756232,0.030473719950588334,147.0468994910242,-107.65649040986372,-0.039999506039179844,0.4943069941468682,4.028919494232737,0.48296409618845987,0.014989627280501005,73.52809819011628,-67.83002761105617,0.2656394830585411,0.24112237135671047,1.9000461722038808,-0.5181774402060222,0.015484092670087329,73.51880130090792,-39.82646279880755,-0.30563898909772097,0.2531846227901577,2.1288733220288556,False
2025-02-04,601.780029296875,0.0,0.0436,0.13705382192943513,602.0,2025-03-07,10.43,O:SPY250307C00602000,9.2,O:SPY250307P00602000,0.12852393544336418,0.14157333050367896,0.13504980575069786,-0.0020040161787372723,0.0869431173256453,0.0323791025535089,144.19509443557394,-108.10726422697394,0.029836687654873517,-0.4040444535542954,8.050541039407776,0.5447817967580719,0.01696590158686286,72.07153904949813,-64.58370422234918,0.28969851305995115,-0.22720048822140285,4.646407027680497,-0.4578386794324266,0.015413200966646041,72.1235553860758,-43.52356000462476,-0.25986182540507763,-0.17684396533289254,3.404134011727279,False
2025-02-05,604.219970703125,0.0,0.0435,0.1363767370336341,602.0,2025-03-07,11.7,O:SPY250307C00602000,7.35,O:SPY250307P00602000,0.13073260507726614,0.13291218657709042,0.1318225544206798,-0.004554182612954288,0.16749757111531594,0.03315583824947717,139.2941584958966,-108.73871674867603,0.07172294862171003,-1.0214126990102423,38.570678504223004,0.5843052674063131,0.01670996972217033,69.62606790904681,-66.98058911253105,0.2980030180232669,-0.5199487485825545,19.764365255250798,-0.4168076962909971,0.016445868527306836,69.66809058684979,-41.75812763614498,-0.22628006940155687,-0.5014639504276879,18.806313248972206,False
2025-02-06,606.3200073242188,0.0,0.0437,0.12890212788578134,602.0,2025-03-07,11.77,O:SPY250307C00602000,6.5,O:SPY250307P00602000,0.11668312979354008,0.13532283137705298,0.12603337024152284,-0.002868757644258507,0.24833967007620095,0.03457650767427739,132.80448249343604,-106.23292383597038,0.1102527588162468,-1.7049663357721658,95.38388890822824,0.6320319282909523,0.01845416575804903,65.96674260721868,-62.415321406336176,0.3095363361587585,-0.9804939208225606,57.87553161093758,-0.3836922582147514,0.016122341916228355,66.83773988621736,-43.81760242963421,-0.19928357734251168,-0.7244724149496053,37.50835729729067,False
2025-02-07,600.77001953125,0.0,0.0437,0.13435032343435782,602.0,2025-03-07,9.31,O:SPY250307C00602000,8.24,O:SPY250307P00602000,0.1315628685158103,0.12836291861272106,0.12996290798485283,-0.004387415449504994,0.04559708588499567,0.03622042201251241,134.81961633811102,-110.8159235262153,0.007812192204521368,-0.12612556147103487,1.2208130105605695,0.522697701787981,0.017887518089525146,67.41078404455432,-69.1890389841277,0.24183421310484515,-0.060130038113539966,0.5793230162332637,-0.47710061590298536,0.01833290392298726,67.4088322935567,-41.62688454208759,-0.23402202090032379,-0.0659955233574949,0.6414899943273059,False
2025-02-10,604.8499755859375,0.0,0.0438,0.12113108533091059,602.0,2025-03-07,10.75,O:SPY250307C00602000,6.03,O:SPY250307P00602000,0.12281105276774541,0.12459906255179927,0.12370523982197049,0.0025741544910598962,0.19993443933554456,0.03761153665151714,128.33216031588944,-109.84064287225459,0.07852605056612791,-1.3699314295829594,57.62822877727929,0.6005795177595534,0.01893412802968524,64.14032538314244,-67.67784185100165,0.26578173120758,-0.6953573281512515,29.431502857942156,-0.40064507842400887,0.0186774086218319,64.19183493274701,-42.16280102125295,-0.18725568064145207,-0.6745741014317079,28.19672591933713,False
2025-02-11,605.3099975585938,0.0,0.0438,0.12120975522230766,602.0,2025-03-07,10.88,O:SPY250307C00602000,5.88,O:SPY250307P00602000,0.1247899012871833,0.12785208037378554,0.1263215889908374,0.005111833768529736,0.21437919938415106,0.03763075758221908,124.39028739401539,-114.94243482802185,0.08071848046845365,-1.4505852628617577,63.84786300693437,0.6082997638024504,0.01902865652720199,62.14629274285827,-69.93765902736612,0.25523566324439606,-0.7435479214628092,33.06604903804389,-0.39392056441829937,0.01860210105501709,62.243994651157124,-45.00477580065573,-0.17451718277594241,-0.7070373413989485,30.781813968890475,False
2025-02-12,603.3599853515625,0.0,0.0438,0.12263685513891248,602.0,2025-03-07,9.67,O:SPY250307C00602000,6.38,O:SPY250307P00602000,0.12837097292629834,0.12587204658535542,0.12712166683524848,0.004484811696335994,0.13841698483976894,0.03945111591738766,123.15124309809849,-118.98770600629845,0.04551228528058007,-0.8739410676334238,23.883818126306874,0.5686626283863729,0.019536455250262683,61.59053680445522,-73.20524813981892,0.22493851893905198,-0.4274843091395913,11.58757362865291,-0.430245643546604,0.019914660667124977,61.56070629364328,-45.78245786647953,-0.1794262336584719,-0.4464567584938326,12.296244497653964,False
2025-02-13,609.72998046875,0.0,0.0437,0.11161839499771152,602.0,2025-03-07,13.22,O:SPY250307C00602000,3.86,O:SPY250307P00602000,0.12523599056795495,0.12594044897755766,0.1255883395127952,0.013969944515083668,0.3876242357577837,0.03637038699041386,107.81737998096713,-116.21429962864558,0.13921658266527465,-2.6544737620631853,206.64271631689513,0.6942796039053492,0.01822392022876466,53.872298135427165,-71.05216614533393,0.2603829138597207,-1.334033676391864,104.12213775837165,-0.30665536814756544,0.0181464667616492,53.94508184553997,-45.16213348331165,-0.12116633119444603,-1.3204400856713214,102.52057855852348,False
2025-02-14,609.7000122070312,0.0,0.0437,0.11106764645011201,602.0,2025-03-07,12.97,O:SPY250307C00602000,3.61,O:SPY250307P00602000,0.1263116451803148,0.12446173050357527,0.12538754150494935,0.014319895054837342,0.39401709947688246,0.037451262879283465,103.90185573337394,-119.20953321498227,0.13312632759573464,-2.7032911840265457,207.4399079856845,0.6957584365346554,0.018622068087897955,52.046847315215,-73.1935550717528,0.244782099552574,-1.3335715249424758,101.61346804276512,-0.30174133705777295,0.018829194791385513,51.85500841815893,-46.015978143229475,-0.11165577195683934,-1.36971965908407,105.82643994291936,False
2025-02-18,611.489990234375,0.0,0.0438,0.10662019406961024,602.0,2025-03-07,13.54,O:SPY250307C00602000,2.84,O:SPY250307P00602000,0.1234531363038822,0.12675552902940126,0.12510865041613578,0.018488456346525545,0.48060213734211144,0.03731666773316688,90.04323344359064,-121.34409029058605,0.14315651394878243,-3.1923297045796826,285.74103104176885,0.7429361175794769,0.018806888737435988,44.78582707447664,-72.89349287651771,0.22737515836050412,-1.630908495100355,147.78154414648202,-0.2623339802373654,0.01850977899573089,45.257406369113994,-48.45059741406835,-0.08421864441172171,-1.5614212094793278,137.95948689528683,False
2025-02-19,612.9299926757812,0.0,0.0438,0.10252297154721754,602.0,2025-03-07,14.51,O:SPY250307C00602000,2.47,O:SPY250307P00602000,0.1275224215836153,0.13104146711085407,0.1292880085363984,0.026765036989180868,0.5321197870610666,0.035455963720259547,81.99548125382816,-124.85780482746262,0.14722484627903698,-3.3092825368253216,321.4174204277714,0.7689707709078697,0.01784705448652425,40.715104388425374,-74.52543932508144,0.2175310709430716,-1.6891817524309347,166.164241927397,-0.23685098384680314,0.017608909233735297,41.28037686540278,-50.33236550238117,-0.07030622466403462,-1.620100784394387,155.25317850037442,False
2025-02-20,610.3800048828125,0.0,0.0437,0.10234261872195473,602.0,2025-03-07,12.0,O:SPY250307C00602000,2.71,O:SPY250307P00602000,0.1205883399655159,0.12625091432817748,0.12343171288296581,0.021089094161011082,0.46688114460787633,0.04175541206684756,83.78113940238308,-130.27650579259844,0.11797278049920377,-3.1828397423575643,253.21037916685214,0.7379434715046598,0.021178332077867394,41.53266618852543,-76.52764665956185,0.19137640226757113,-1.6523974852380834,134.23404117477895,-0.27106232689678345,0.020577079988980167,42.248473213857636,-53.74885913303659,-0.07340362176836736,-1.5304422571194807,118.9763379920732,False
2025-02-21,599.9400024414062,0.0,0.0436,0.11758872394269997,602.0,2025-03-07,6.34,O:SPY250307C00602000,7.01,O:SPY250307P00602000,0.14329498366750024,0.13595970420578027,0.13962751159593462,0.02203878765323465,-0.03762151056989582,0.047794371200403016,95.2497038425609,-166.00750443334857,-0.014254225850452842,0.42848761091243937,2.419787026181704,0.4819741351122042,0.023271688609892663,47.62927652149007,-98.3262172371482,0.11222839833171207,0.2050999282967551,1.1079163240135623,-0.5195956456821,0.024522682590510353,47.62042732107084,-67.68128719620037,-0.1264826241821649,0.22338768261568423,1.3118707021681415,False
2025-02-24,597.2100219726562,0.0,0.0436,0.11812282028896813,602.0,2025-03-07,4.79,O:SPY250307C00602000,8.46,O:SPY250307P00602000,0.1447165650777505,0.1405408550990931,0.1426295729368925,0.02450675264792436,-0.17815953652020744,0.04833473515556895,87.79598441455984,-170.09664334276204,-0.04273166454280547,1.3756807817990122,34.977339430514114,0.41235579951922785,0.02383367768855393,43.93447596474984,-99.54087380312127,0.0862403628898023,0.6693539324181536,16.732325671962915,-0.5905153360394353,0.024501057467015024,43.861508449809996,-70.55576953964076,-0.12897202743260777,0.7063268493808588,18.2450137585512,False
2025-02-25,594.239990234375,0.0,0.0434,0.10854537781266489,602.0,2025-03-07,3.81,O:SPY250307C00602000,10.5,O:SPY250307P00602000,0.1580391721365258,0.1518384700132786,0.15494429005980492,0.04639891224714003,-0.3155635945904365,0.044795344743419487,77.77912880571128,-181.05731531085695,-0.06407317694214135,2.059214172413849,88.67939791544701,0.3454083751682385,0.02202852719454679,39.026841419310266,-105.8851062926566,0.06395094269423662,0.9933566867555992,41.83296419075177,-0.660971969758675,0.022766817548872696,38.752287386401015,-75.17220901820033,-0.12802411963637797,1.0658574856582497,46.846433724695245,False
2025-02-26,594.5399780273438,0.0,0.0435,0.10332224045880677,602.0,2025-03-07,3.56,O:SPY250307C00602000,9.94,O:SPY250307P00602000,0.16019463241540122,0.1504309047985246,0.15532729035615922,0.052005049897352454,-0.32732767275954044,0.04745138323348931,72.30489017069617,-193.1227877865407,-0.05780816315838855,2.109999149258808,88.50374228410844,0.3414788013026596,0.023121114431912275,36.367742894360134,-113.54314144283013,0.05540633306202415,0.9969130160349522,40.34644799402557,-0.6688064740622001,0.024330268801577036,35.937147276336034,-79.57964634371055,-0.1132144962204127,1.1130861332238557,48.15729429008287,False
2025-02-27,585.0499877929688,0.0,0.0438,0.11598958661526775,602.0,2025-03-07,1.11,O:SPY250307C00602000,17.35,O:SPY250307P00602000,0.16665252189139554,0.16258718435138753,0.16463456708788876,0.048644980472621016,-0.7156799221471456,0.030263366900206392,40.602017294969436,-121.23899534914997,-0.10408774517044295,2.9946775411118876,289.51177144304705,0.14520376478313968,0.01516413421278904,20.595207337730958,-75.74936405953726,0.01996225257473071,1.4824893325635313,141.49092180112095,-0.8608836869302853,0.015099232687417351,20.006809957238477,-45.48963128961272,-0.12404999774517365,1.5121882085483562,148.0208496419261,False
2025-02-28,594.1799926757812,0.0,0.0438,0.12887346635758318,602.0,2025-03-07,2.13,O:SPY250307C00602000,10.06,O:SPY250307P00602000,0.14722018403788345,0.16912687057723452,0.15828773483484984,0.029414268477266664,-0.4100704689970259,0.052258890306164166,57.70893755141271,-219.15430301874875,-0.05076302941769983,2.4643604700486375,112.16174700753635,0.2815517709597234,0.027392698325641333,28.249299475572165,-112.03756450617601,0.03277032325529796,1.3732397866907609,66.45928372977639,-0.6916222399567493,0.02486619198052283,29.459638075840545,-107.11673851257275,-0.08353335267299779,1.0911206833578766,45.70246327775997,True
2025-03-03,583.77001953125,0.0,0.0438,0.1411466864288722,594.0,2025-04-04,8.26,O:SPY250404C00594000,18.28,O:SPY250404P00594000,0.16218945011408842,0.19439757020283868,0.1783351570151746,0.0371884705863024,-0.16969820692553333,0.024457274185929547,140.43808525803811,-126.01624628602879,-0.11962354816317972,1.1942725504965703,46.94147742394189,0.40566479275307427,0.013269868666480092,69.85274891302733,-69.48994595629809,0.21767137522724067,0.6903298184191716,29.687692283715442,-0.5753629996786076,0.011187405519449455,70.58533634501079,-56.5263003297307,-0.3372949233904204,0.5039427320773987,17.25378514022645,False
2025-03-04,576.8599853515625,0.0,0.043899999999999995,0.14478175776979532,594.0,2025-04-04,4.98,O:SPY250404C00594000,20.78,O:SPY250404P00594000,0.1533115783693022,0.17012990075855194,0.16177923014461998,0.016997472374824657,-0.3787352879668965,0.02509708611012934,123.0259179189944,-98.35170350645546,-0.2229149345785787,2.3797385461256093,205.97997902060257,0.30066231345392636,0.01302624585978155,60.65440546169119,-58.33786836865859,0.1537532272976338,1.29128807804789,117.58194933344868,-0.6793976014208228,0.01207084025034779,62.371512457303204,-40.013835137796875,-0.3766681618762125,1.0884504680777194,88.39802968715391,False
2025-03-05,583.0599975585938,0.0,0.0438,0.1485683299788276,594.0,2025-04-04,6.85,O:SPY250404C00594000,16.56,O:SPY250404P00594000,0.15351573082273762,0.16923506839186125,0.1613936818771064,0.012825351898278797,-0.22552500915090068,0.027601099456803252,131.91057554698006,-115.16003062490961,-0.13523418445509405,1.5922622114543667,78.98943489055438,0.3810045512105532,0.014408453778161705,65.647606295781,-67.14918723869044,0.18795901902262074,0.8643182606958492,45.093746114025684,-0.6065295603614539,0.013192645678641545,66.26296925119907,-48.010843386219165,-0.3231932034777148,0.7279439507585177,33.8956887765287,False
2025-03-06,572.7100219726562,0.0,0.0438,0.15757326419824955,594.0,2025-04-04,4.6,O:SPY250404C00594000,25.88,O:SPY250404P00594000,0.17560853149639988,0.2137922546988518,0.19502164133191108,0.03744837713366153,-0.4252041439517059,0.021273223479358092,112.49811245643119,-119.85833035206667,-0.2283322288545383,2.186819421721043,206.5402330514458,0.2667549117482849,0.011319620875704466,54.33326613145263,-63.7382971184328,0.12347767614056192,1.2601363868045135,129.7211279787613,-0.6919590556999908,0.009953602603653626,58.16484632497855,-56.12003323363387,-0.35180990499510023,0.9266830349165293,76.81910507268451,False
2025-03-07,575.9199829101562,0.0,0.0438,0.15884320444555466,594.0,2025-04-04,4.19,O:SPY250404C00594000,21.44,O:SPY250404P00594000,0.156564774466705,0.17879544850578571,0.16780457101911306,0.008961366573558394,-0.42401193293040573,0.02513494566231762,110.62399523429264,-105.21749397452027,-0.21414836918014418,2.481801343054098,227.07055339673104,0.2742727611638698,0.013118418667564184,54.06662917737487,-60.06414588077634,0.1220390189858867,1.3708082815215237,133.43266944867685,-0.6982846940942755,0.012016526994753435,56.557366056917765,-45.15334809374393,-0.3361873881660309,1.110993061532574,93.63788394805418,False
2025-03-10,560.5800170898438,0.0,0.0437,0.1793258366844563,594.0,2025-04-04,1.75,O:SPY250404C00594000,34.69,O:SPY250404P00594000,0.17451360939362812,0.21410481098631745,0.1953653045296669,0.016039467845210598,-0.6835504589965643,0.016046985970282146,73.92831400282361,-77.97758843918768,-0.3163837234815574,2.61902151136639,410.1441723507088,0.1322690843804074,0.007969858963964273,32.95400643495227,-41.3014639121094,0.05458534547881308,1.4275335164930136,245.16539151101375,-0.8158195433769717,0.008077127006317871,40.974307567871335,-36.67612452707828,-0.37096906896037046,1.1914879948733763,164.97878083969508,False
2025-03-11,555.9199829101562,0.0,0.0437,0.1759291131408839,594.0,2025-04-04,1.58,O:SPY250404C00594000,35.7,O:SPY250404P00594000,0.19299910542045562,1.0,0.14761096085608005,-0.02831815228480386,-0.42543245228900667,0.009457822070120503,87.87668873265028,-437.86173147744677,-0.22779118784577793,1.4069737639469018,226.5772817962875,0.11542470310797742,0.006786807629690903,28.91461209307078,-41.79850735818592,0.044704927842283325,1.260197589064523,224.3399869965002,-0.5408571553969841,0.0026710144404295997,58.9620766395795,-396.06322411926084,-0.27249611568806126,0.14677617488237882,2.2372947997873323,False
2025-03-12,558.8699951171875,0.0,0.0436,0.17833572358899913,594.0,2025-04-04,1.05,O:SPY250404C00594000,34.97,O:SPY250404P00594000,0.1670832645810485,0.18699033055453526,0.17748128866851332,-0.0008544349204858137,-0.7848692371429145,0.014335831874341546,53.57719918612162,-49.9614215105634,-0.3202070529525612,2.6770296087579286,483.52611450064876,0.0942053436720478,0.006925913216407923,24.382597272571672,-32.44466209861369,0.03480853886057044,1.3659444938307772,260.7902159227248,-0.8790745808149623,0.007409918657933622,29.194601913549942,-17.51675941194971,-0.35501559181313164,1.3110851149271514,222.73589857792393,False
2025-03-13,551.4199829101562,0.0,0.0437,0.1813922489100284,594.0,2025-04-04,0.53,O:SPY250404C00594000,44.3,O:SPY250404P00594000,0.1734594117940303,0.2829616320554875,0.23807323486804965,0.05668098595802126,-0.7806515747520085,0.010829096542571328,49.68202243289159,-76.99471815903857,-0.30177579556097744,1.951023674105008,355.6499548389508,0.05299470822616031,0.004481865552088575,15.008632943577453,-21.755540863787616,0.018217359431363843,1.0338549938617245,232.2061011886649,-0.8336462829781688,0.006347230990482752,34.67338948931414,-55.239177295250954,-0.31999315499234127,0.9171686802432836,123.4438536502859,False
2025-03-14,562.8099975585938,0.0,0.0437,0.19545409862720572,594.0,2025-04-04,0.61,O:SPY250404C00594000,33.42,O:SPY250404P00594000,0.14194749016648842,0.2459827488436093,0.20209719333648685,0.006643094709281122,-0.7239710519351116,0.015400125807931559,57.69593008997319,-83.55287191308807,-0.26279056307862664,2.462591473301631,405.6768412293281,0.07145648154433915,0.006998577837286367,18.730606510212272,-24.064406351027667,0.023575251311616207,1.441152696652779,289.91015581254663,-0.7954275334794507,0.008401547970645191,38.96532357976091,-59.4884655620604,-0.28636581439024283,1.021438776648852,115.76668541678146,False
2025-03-17,567.1500244140625,0.0,0.0437,0.19939585651822897,594.0,2025-04-04,0.7,O:SPY250404C00594000,30.87,O:SPY250404P00594000,0.1344885429780743,0.27206538738443276,0.21327393587827684,0.013878079360047868,-0.6567536223011758,0.01759247703821637,64.09255295052589,-113.33033352772885,-0.22447101829007182,2.4788172124311214,371.74185204257566,0.08585033954136811,0.008720173785246635,20.95722778545462,-27.46372723621973,0.026661123426024294,1.6301836243062227,297.84502635255495,-0.742603961842544,0.008872303252969733,43.135325165071265,-85.86660629150913,-0.2511321417160961,0.8486335881248986,73.8968256900207,False
2025-03-18,561.02001953125,0.0,0.0437,0.19944816809994512,594.0,2025-04-04,0.36,O:SPY250404C00594000,34.88,O:SPY250404P00594000,0.1436754651007699,0.25992364462513834,0.2133884604766965,0.013940292376751373,-0.7679604782558946,0.013482794414502397,46.61844724289438,-82.75632931349419,-0.24043871558073296,2.1603279239139557,362.6318132612266,0.047949215543859953,0.005448096057078743,12.709454108448902,-18.858328378682838,0.01369151221952778,1.178573417187321,250.0572051818023,-0.8159096937997546,0.008034698357423655,33.90899313444548,-63.89800093481135,-0.25413022780026073,0.9817545067266348,112.57460807942431,False
2025-03-19,567.1300048828125,0.0,0.0437,0.2053946968395497,594.0,2025-04-04,0.54,O:SPY250404C00594000,31.64,O:SPY250404P00594000,0.1374112685529473,0.30872939318754955,0.23711308185309174,0.031718385013542044,-0.6609743434652064,0.016690053989841747,57.696884922499365,-138.62634426236218,-0.19382780125563626,2.225234256715047,325.8334259131427,0.0722309375667803,0.008087974608342924,17.021901896327567,-26.326055201265806,0.019249681892827754,1.4907769434455864,269.248069954546,-0.7332052810319868,0.008602079381498824,40.674983026171795,-112.30028906109638,-0.213077483148464,0.7344573132694607,56.585355958596736,False
2025-03-20,565.489990234375,0.0,0.0436,0.20541420137008762,594.0,2025-04-04,0.31,O:SPY250404C00594000,29.23,O:SPY250404P00594000,0.13446970770318,0.2110409059028976,0.17977139322608712,-0.025642808144000495,-0.8056556287309435,0.015453962108301866,38.85809519707661,-62.51429082992503,-0.21176317975621103,2.4423413241355862,394.4861156236557,0.047561285401835865,0.006237444731303645,11.707742430178026,-19.19243610261398,0.011604751547285836,1.250624737509252,246.60253112708514,-0.8532169141327794,0.009216517376998221,27.150352766898582,-43.32185472731105,-0.22336793130349686,1.1917165866263342,147.88358449657053,False
2025-03-21,563.97998046875,1.696,0.0436,0.19924942603320883,594.0,2025-04-04,0.17,O:SPY250404C00594000,30.68,O:SPY250404P00594000,0.13262619106326984,0.22387492898424505,0.18909544782638554,-0.010153978206823289,-0.8349552895110037,0.013181461939046343,32.02206665225236,-59.720411771396094,-0.19910637613916468,2.0872397743693796,343.9757451751848,0.029765705619262915,0.004536904990002686,7.594790827861634,-13.416091687128748,0.006594151616583512,0.9738864520570278,206.1625844846141,-0.8647209951302667,0.008644556949043656,24.42727582439073,-46.304320084267346,-0.20570052775574818,1.113353322312352,137.81316069057073,False
2025-03-24,574.0800170898438,0.0,0.0435,0.2124583726352805,594.0,2025-04-04,0.61,O:SPY250404C00594000,19.72,O:SPY250404P00594000,0.129537183473251,0.13547313210547463,0.13256130215227602,-0.07989707048300448,-0.8021547188134504,0.02420470769523584,37.763317452282635,-49.196969010333206,-0.17172535524468724,3.447574341221685,481.924328651382,0.09380393965693479,0.011914852921329823,18.16644566566715,-35.26120495024382,0.01901463117190992,1.7349592532407334,248.02503235131786,-0.8959586584703851,0.012289854773906017,19.596871786615484,-13.935764060089387,-0.19073998641659717,1.7126150879809516,233.89929630006415,False
2025-03-25,575.4600219726562,0.0,0.0436,0.21265112188717317,594.0,2025-04-04,0.52,O:SPY250404C00594000,20.2,O:SPY250404P00594000,0.12506568957910744,0.20671417624423455,0.17118142252713445,-0.04146969936003872,-0.7010275405380912,0.026125275356851205,46.03491679259102,-110.23184507425975,-0.13464549964491832,2.9350819556279895,340.55895994512673,0.0885478268054275,0.012511423952982366,16.449953880407882,-34.60186402122019,0.016011344240978605,1.7600777630764837,243.58223397146836,-0.7895753673435187,0.013613851403868837,29.58496291218314,-75.62998105303956,-0.15065684388589692,1.1750041925515058,96.9767259736584,False
2025-03-26,568.5900268554688,0.0,0.0436,0.21564640632509582,594.0,2025-04-04,0.16,O:SPY250404C00594000,25.5,O:SPY250404P00594000,0.1367301091399232,0.19279217148539693,0.17020613068938256,-0.04544027563571326,-0.8724993968835467,0.014817233960614549,22.874234465033783,-49.79000353309132,-0.14493179319594332,2.161518056870551,318.6025041251055,0.031871806229857365,0.0055210196134862916,6.779215277085979,-17.467754019525287,0.004989441988935248,0.9819183478286319,172.51457890300284,-0.9043712031134041,0.009296214347128257,16.095019187947806,-32.322249513566035,-0.14992123518487857,1.179599709041919,146.08792522210268,False
2025-03-27,567.0800170898438,0.0,0.0437,0.20941828938497795,594.0,2025-04-04,0.07,O:SPY250404C00594000,25.87,O:SPY250404P00594000,0.13698828739596675,1.0,0.00010000000000000002,-0.20931828938497796,-0.5693614251848171,0.007865514337172138,37.677319484928624,-710.0503345169689,-0.08888169602645417,0.7881123806953343,122.92926754758551,0.01640772212814444,0.003412073006517187,3.578830652313847,-10.69896279252319,0.002198688415436621,0.643547138100371,120.18837376849845,-0.5857691473129616,0.00445344133065495,34.09848883261478,-699.3513717244457,-0.09108038444189079,0.14456524259496328,2.7408937790870644,False
2025-03-28,555.6599731445312,0.0,0.0438,0.20918499202815546,594.0,2025-04-04,0.02,O:SPY250404C00594000,25.87,O:SPY250404P00594000,0.17861163042765504,1.0,0.00010000000000000002,-0.20908499202815548,-0.6497529624674518,0.005669867620655264,29.907527045402425,-713.7363296616296,-0.08247826727719104,0.39580745747361623,46.42536436475236,0.004594845697784955,0.0009592580379022125,1.0496218735544915,-4.835314715498172,0.0005026134597290583,0.1974682864821502,40.26102684479244,-0.6543478081652367,0.004710609582753051,28.857905171847932,-708.9010149461315,-0.0829808807369201,0.19833917099146603,6.16433751995992,False
2025-03-31,559.3900146484375,0.0,0.0438,0.2049219123173696,594.0,2025-04-04,0.02,O:SPY250404C00594000,25.87,O:SPY250404P00594000,0.18189374553118368,1.0,0.00010000000000000002,-0.2048219123173696,-0.6533845564137297,0.006330804312788525,26.884710080444208,-802.5763545193217,-0.06582853907638524,0.4016994418424764,43.00446455758877,0.004971247763066125,0.0011221925871846704,1.0138507613400327,-5.929938986802405,0.0004382327553972333,0.20568785632173434,37.36854219503348,-0.6583558041767958,0.005208611725603854,25.870859319104174,-796.6464155325193,-0.06626677183178246,0.19601158552074205,5.63592236255529,True
2025-04-01,560.969970703125,0.0,0.0438,0.2022268842904382,561.0,2025-05-02,13.45,O:SPY250502C00561000,11.46,O:SPY250502P00561000,0.18252064745198543,0.1857631059898891,0.1841419087849558,-0.01808497550548241,0.07863812929587743,0.025444947371761693,134.5634527873596,-136.58571190710933,0.017527121785988503,-0.18583720697205575,3.1094407780981985,0.5394696687545922,0.01283400898907346,67.27920675579475,-79.93811218685714,0.26393073564917574,-0.09560703690218335,1.6056722139021629,-0.4608315394587148,0.012610938382688234,67.28424603156488,-56.64759972025219,-0.24640361386318724,-0.0902301700698724,1.5037685641960357,False
2025-04-02,564.52001953125,0.0,0.0438,0.19931701505967697,561.0,2025-05-02,15.86,O:SPY250502C00561000,7.58,O:SPY250502P00561000,0.1938265995925215,0.15347638038363903,0.17369653826877474,-0.025620476790902236,0.17781115694529703,0.027207562077015135,129.74048251266004,-132.4711185494173,0.06716805838951853,-0.8004639505337574,30.705169196912856,0.5810664638531329,0.012084097927895733,65.16410707927126,-86.01129969230898,0.27252382275845827,-0.29700464110133823,10.1369439968803,-0.40325530690783584,0.015123464149119404,64.57637543338878,-46.459818857108324,-0.20535576436893974,-0.5034593094324191,20.568225200032554,False
2025-04-03,536.7000122070312,0.0,0.0436,0.2565389822893847,561.0,2025-05-02,5.36,O:SPY250502C00561000,23.0,O:SPY250502P00561000,0.21740578851344922,0.10663065169908444,0.16943625598847867,-0.08710272630090604,-0.635230823764044,0.02009912456595689,77.49091970336784,-67.45198137867807,-0.30774032572370397,3.163207447885668,529.6440523863838,0.26884766827060547,0.00979533722777352,51.117835923008386,-72.7372523979968,0.11577545570222152,1.0305509355527964,98.40199326109561,-0.9040784920346495,0.010303787338183367,26.373083780359448,5.285271019318731,-0.4235157814259255,2.1326565123328716,431.24205912528816,False
2025-04-04,505.2799987792969,0.0,0.0436,0.32065790795827986,561.0,2025-05-02,2.18,O:SPY250502C00561000,50.79,O:SPY250502P00561000,0.28743652958533117,1.0,0.00010000000000000002,-0.3205579079582799,-0.4729512292241107,0.0074336974743412524,82.80861026308261,-384.4376641471375,-0.26303925700058006,1.0569662770933872,154.38795325408,0.11340443104967757,0.004697002125960862,27.35623884671944,-51.94132404474311,0.04374681808121842,0.8622263642469218,148.3398774798747,-0.5863556602737883,0.0027366953483803904,55.45237141636318,-332.4963401023944,-0.3067860750817985,0.19473991284646533,6.048075774205295,False
2025-04-07,504.3800048828125,0.0,0.0436,0.3117902064575565,561.0,2025-05-02,2.14,O:SPY250502C00561000,46.74,O:SPY250502P00561000,0.2975671049535179,1.0,0.00010000000000000002,-0.3116902064575565,-0.4830947171626697,0.007393583036944734,79.92459761879716,-393.2763312305385,-0.25278940068540773,1.027625965768817,146.70937933697186,0.11104105759608929,0.004593601067506257,26.21844793674671,-54.08650182912859,0.04061392437609153,0.8287775713279696,140.1495517793062,-0.594135774758759,0.0027999819694384774,53.70614968205046,-339.1898294014099,-0.29340332506149924,0.1988483944408474,6.559827557665684,False
2025-04-08,496.4800109863281,0.0,0.0436,0.31388535416549285,561.0,2025-05-02,1.24,O:SPY250502C00561000,55.43,O:SPY250502P00561000,0.29781246964539393,1.0,0.00010000000000000002,-0.31378535416549286,-0.5497444328327483,0.006361166165300353,68.76092191998424,-375.1832743557204,-0.262226922852472,0.9327156581560245,146.795927375423,0.07268355655515152,0.0034972995724202155,18.337968098012453,-39.74821164975915,0.02488995211216246,0.7126446203650204,137.6891308597744,-0.6224279893878999,0.002863866592880138,50.422953821971795,-335.4350627059613,-0.28711687496463445,0.22007103779100418,9.106796515648595,False
2025-04-09,548.6199951171875,0.0,0.0436,0.5022418781763758,561.0,2025-05-02,6.74,O:SPY250502C00561000,55.43,O:SPY250502P00561000,0.19696821114002702,1.0,0.5367970904670657,0.03455521229068992,-0.11595916281580798,0.016150379326465833,110.1708675630579,-492.8611736319308,-0.08980576798461676,0.850775065052274,38.06896176844539,0.3620006736916279,0.013354935324671269,53.4108604255536,-86.33868685783844,0.12942991004615678,0.7693331879157439,38.710421572251256,-0.4779598365074359,0.0027954440017945634,56.760007137504296,-406.52248677409233,-0.21923567803077354,0.08144187713653006,-0.6414598038058684,False
2025-04-10,524.5800170898438,0.0,0.0436,0.5237999168063382,561.0,2025-05-02,3.57,O:SPY250502C00561000,45.01,O:SPY250502P00561000,0.27487764842520906,0.4332967650757339,0.3588112770155073,-0.1649886397908309,-0.5180959237310767,0.013396740690820919,81.05047548083256,-218.49848395250513,-0.20340493239685464,1.451488760407095,147.18747991088355,0.1855250064901876,0.007359526791685031,35.34534663188684,-80.59832860183654,0.05952553084140698,0.9375515814765738,110.8539031666514,-0.7036209302212643,0.006037213899135887,45.70512884894572,-137.90015535066857,-0.26293046323826164,0.513937178930521,36.33357674423213,False
2025-04-11,533.9400024414062,0.0,0.0437,0.5222801177139703,561.0,2025-05-02,5.06,O:SPY250502C00561000,45.01,O:SPY250502P00561000,0.2702971782543056,0.4332967650757339,0.42840218053609147,-0.09387793717787885,-0.4026791425191728,0.015557850392372327,89.47904247670294,-257.8218251041459,-0.15365373731304938,1.2952338931332092,98.44848300294056,0.24912343134149295,0.009008077511985567,41.31894869973929,-99.40623942662177,0.07616486043969538,0.8721146928760939,76.94154923388804,-0.6518025738606658,0.006549772880386761,48.160093776963656,-158.4155856775241,-0.22981859775274477,0.42311920025711536,21.50693376905252,False
2025-04-14,539.1199951171875,0.0,0.0434,0.5228248355742291,561.0,2025-05-02,3.2,O:SPY250502C00561000,26.44,O:SPY250502P00561000,0.20127174849234503,0.26753623339945243,0.2354869994401932,-0.2873378361340359,-0.4902201292282785,0.021675300909421238,81.17162116881687,-160.11087484073556,-0.16329304093105368,1.9964599068607312,173.32822782468156,0.22242094171975269,0.011649732772387173,37.861442522972204,-73.64923107577319,0.0648397650077296,1.2012805583540678,116.63024381546238,-0.7126410709480312,0.010025568137034065,43.31017864584467,-86.46164376496236,-0.2281328059387833,0.7951793485066635,56.697984009219184,False
2025-04-15,537.6099853515625,0.0,0.0435,0.5218128409860567,561.0,2025-05-02,2.47,O:SPY250502C00561000,26.44,O:SPY250502P00561000,0.19738365411297856,0.26753623339945243,0.22379893421828745,-0.2980139067677693,-0.5466968152158191,0.02125476086002011,73.00338645151179,-152.68717998082553,-0.16692172848635684,2.115541918611582,201.4402470733576,0.1901136952667672,0.01126325793573982,33.14764500595133,-67.75342313040991,0.05145163778006019,1.268466865493759,135.91074647302196,-0.7368105104825863,0.009991502924280292,39.855741445560454,-84.9337568504156,-0.218373366266417,0.8470750531178228,65.52950060033564,False
2025-04-16,525.6599731445312,0.0,0.0435,0.524510682708615,561.0,2025-05-02,1.17,O:SPY250502C00561000,38.75,O:SPY250502P00561000,0.22074424429794215,0.34420268702748,0.2895207360833884,-0.2349899466252266,-0.6888436472429407,0.014242570098839589,53.27648883443112,-149.03477300761753,-0.19143692052881564,1.7927867793288779,223.20061417169404,0.0996290984740007,0.006912091947924453,20.076565387614718,-48.761000444595105,0.02438144248964591,1.0559813158943374,155.49060759735767,-0.7884727457169414,0.007330478150915137,33.199923446816406,-100.27377256302242,-0.21581836301846155,0.7368054634345405,67.71000657433639,False
2025-04-17,526.4099731445312,0.0,0.0436,0.5247773910894702,561.0,2025-05-02,0.77,O:SPY250502C00561000,38.75,O:SPY250502P00561000,0.2045226764465167,0.34420268702748,0.3029351337179541,-0.22184225737151608,-0.7173112569844591,0.01395351062963078,47.21463006010815,-142.52020534792746,-0.18163965592902248,1.7775754757740003,229.43445271080526,0.07730358573976147,0.006439698991840538,15.931159908414413,-39.062815337229196,0.017426871564511184,1.0384168303303498,162.5670839387162,-0.7946148427242206,0.007513811637790242,31.283470151693738,-103.45739001069828,-0.19906652749353365,0.7391586454436504,66.86736877208907,False
2025-04-21,513.8800048828125,0.0,0.0435,0.5299014369123641,561.0,2025-05-02,0.29,O:SPY250502C00561000,48.73,O:SPY250502P00561000,0.2430982167972979,0.39582032641709913,0.3368764042228461,-0.19302503268951804,-0.8355496765518555,0.008612573957620304,27.77759113635433,-118.23417961105042,-0.17085438280939283,1.2040388315785868,170.47636008063733,0.03195190695394337,0.0030364582131788154,6.9616869438953,-24.39486245288327,0.005760516464824126,0.5599217127691671,100.75122894750778,-0.8675015835057989,0.005576115744441489,20.815904192459033,-93.83931715816715,-0.17661489927421695,0.6441171188094197,69.72513113312954,False
2025-04-22,527.25,0.0,0.0433,0.5351294238460548,561.0,2025-05-02,0.72,O:SPY250502C00561000,48.73,O:SPY250502P00561000,0.2328905604747744,0.39582032641709913,0.5352831932872533,0.00015376944119849245,-0.7205829110255589,0.014086755294532264,39.929120359259315,-196.80229206545022,-0.1326231685541993,1.541156032469964,171.49645119750676,0.07473737448568615,0.0064528433620232376,13.262507183813343,-50.32229817279456,0.012281041491294614,0.8989172345305442,121.72009808580813,-0.7953202855112451,0.007633911932509027,26.666613175445974,-146.47999389265567,-0.14490421004549392,0.64223879793942,49.77635311169863,False
2025-04-23,535.4199829101562,0.0,0.0433,0.5391189044140031,561.0,2025-05-02,1.24,O:SPY250502C00561000,48.73,O:SPY250502P00561000,0.23155701081212995,0.39582032641709913,0.6279011999040842,0.0887822954900811,-0.6208919151462031,0.01897202960804798,46.89519435487616,-264.5769660282916,-0.1010666245180603,1.641023743993508,143.37437014975148,0.12326572533961028,0.009865337966561352,18.190999144902825,-78.62462272185513,0.017988592376317256,1.0541381317423966,109.00717788318948,-0.7441576404858133,0.00910669164148663,28.704195209973335,-185.95234330643646,-0.11905521689437755,0.5868856122511115,34.36719226656199,False
2025-04-24,546.6900024414062,0.0,0.0434,0.5446051543455283,561.0,2025-05-02,2.82,O:SPY250502C00561000,16.65,O:SPY250502P00561000,0.23031986041794622,0.23402810491305023,0.23217752761393787,-0.3124276267315904,-0.5000244382593759,0.032450247125402676,53.61053074613016,-248.68561591892092,-0.06972103842209315,1.9445956438427268,110.66130356743463,0.24818512804978415,0.016292611372160155,26.702692854082223,-134.9195085561061,0.03163341149034696,0.9837147989216928,56.44558257710172,-0.7482095663091601,0.01615763575324252,26.907837892047937,-113.7661073628148,-0.10135444991244011,0.9608808449210341,54.215720990332905,False
2025-04-25,550.6400146484375,0.0,0.0434,0.545435329095442,561.0,2025-05-02,2.61,O:SPY250502C00561000,16.6,O:SPY250502P00561000,0.2039377862852842,0.35111798897104013,0.27966762730777267,-0.26576770178766934,-0.3583415262750815,0.03485963066030129,55.03252054163163,-381.9405270196604,-0.04296174271374055,1.4446296267307481,59.09991798375074,0.27274676843639295,0.021008878125915734,25.775408817053073,-138.870578681863,0.029280810429985992,1.0318883940442771,48.38388085971089,-0.6310882947114744,0.01385075253438555,29.25711172457855,-243.06994833779743,-0.07224255314372655,0.41274123268647095,10.716037124039849,False
2025-04-28,550.8499755859375,0.0,0.0435,0.5406890245164349,561.0,2025-05-02,1.94,O:SPY250502C00561000,11.0,O:SPY250502P00561000,0.19678800596430182,0.16271669931827207,0.1802401901185513,-0.36044883439788356,-0.5582654205153117,0.04760995136872123,41.07462072614772,-219.91090656231168,-0.05086674496211628,2.6327477017069945,142.72303268908973,0.24315519213576592,0.022924591332380947,21.728329928133302,-140.43214204083588,0.020952703436758813,1.1470679547225946,55.42165045555343,-0.8014206126510776,0.02468536003634029,19.34629079801442,-79.4787645214758,-0.0718194483988751,1.4856797469843999,87.30138223353629,False
2025-04-29,554.3200073242188,0.0,0.0435,0.5406240070686037,561.0,2025-05-02,2.45,O:SPY250502C00561000,8.88,O:SPY250502P00561000,0.20645172656930502,0.20834680661560417,0.20739983422756197,-0.3332241728410417,-0.3795138961391775,0.056269910772468804,42.68924991850287,-362.2141499178681,-0.026393112581846633,1.7622152095918622,52.776924729587535,0.30940819138491704,0.028230538982767377,21.319622533328207,-192.21602110086943,0.020126327489840525,0.8879504808565322,26.719458684351082,-0.6889220875240946,0.028039371789701426,21.36962738517466,-169.9981288169987,-0.04651944007168716,0.87426472873533,26.05746604523645,False
2025-04-30,554.5399780273438,0.0,0.0435,0.5405295026952291,561.0,2025-05-02,2.69,O:SPY250502C00561000,7.01,O:SPY250502P00561000,0.2642695888450619,0.1434721551923662,0.20751111053526405,-0.3330183921599651,-0.48781938596126784,0.06587816939836498,31.151423851640065,-403.9661991879732,-0.022239313616847098,2.3449400975217256,87.77647589083581,0.3207812467197886,0.0274194354317072,17.684829374566807,-302.0554701291257,0.013904446468855197,0.6624707732347545,15.235203403510303,-0.8086006326810564,0.038458733966657783,13.466594477073258,-101.9107290588475,-0.036143760085702296,1.682469324286971,72.54127248732551,True
2025-05-01,558.469970703125,0.0,0.0438,0.5406546643075022,558.0,2025-06-06,16.27,O:SPY250606C00558000,14.39,O:SPY250606P00558000,0.2064035624600777,0.2219548029449905,0.21417987372912467,-0.3264747905783775,0.08951415522385442,0.020663379768906143,142.2266900674262,-148.4711709876671,0.019944649157932703,-0.1622692275562303,3.278527001807036,0.5453850005300492,0.010704936987923084,71.10068139500557,-83.74743876241975,0.29746388003835117,-0.09162037079695008,1.8737885579508438,-0.4558708453061948,0.009958442780983059,71.12600867242065,-64.72373222524736,-0.27751923088041847,-0.07064885675928022,1.404738443856192,False
2025-05-02,566.760009765625,0.0,0.0438,0.5101863987540565,558.0,2025-06-06,20.16,O:SPY250606C00558000,9.69,O:SPY250606P00558000,0.19657802638141042,0.20715074040873763,0.20187110932245855,-0.3083152894315979,0.27015441537374385,0.020872429545007523,134.18427127394276,-141.9266238312017,0.12228444354707318,-1.0506286070298951,64.84581955901908,0.6378504273907792,0.010682938542781724,66.92117636919123,-81.25342059305744,0.3386390024375061,-0.5545722022979797,34.918520388304906,-0.3676960120170354,0.010189491002225798,67.26309490475153,-60.673203238144254,-0.21635455889043292,-0.4960564047319155,29.92729917071417,False
2025-05-05,563.510009765625,0.0,0.0438,0.45708566752934493,558.0,2025-06-06,17.97,O:SPY250606C00558000,10.62,O:SPY250606P00558000,0.19886900929902296,0.20605886495427128,0.20246550182253126,-0.2546201657068137,0.20153680727013978,0.02194096675769941,134.303462152219,-146.48019357440086,0.08093143641230721,-0.7361543492574787,32.70592557399606,0.6020906979398923,0.011155684790629432,67.09301609803948,-84.12284773840193,0.30601346197704377,-0.3829380063008316,17.23203446378594,-0.40055389066975255,0.010785281967069979,67.21044605417951,-62.35734583599894,-0.22508202556473655,-0.3532163429566471,15.473891110210124,False
2025-05-06,558.7999877929688,0.0,0.0437,0.4591333204698438,558.0,2025-06-06,16.1,O:SPY250606C00558000,12.65,O:SPY250606P00558000,0.21650784121772812,0.21009675844168654,0.2133024403743446,-0.2458308800954992,0.0926370419837288,0.022013114232442017,133.7887495124094,-157.34157858329746,0.021006281443763986,-0.19306143873050013,3.7938578512790704,0.5460093127292281,0.010842148015549504,66.90044903927526,-91.97945194873326,0.26377896577867643,-0.09184014211120341,1.792067751622298,-0.45337227074549935,0.011170966216892512,66.88830047313414,-65.36212663456419,-0.24277268433491245,-0.10122129661929673,2.0017900996567723,False
2025-05-07,561.1500244140625,0.0,0.0437,0.45234250741206916,558.0,2025-06-06,16.4,O:SPY250606C00558000,11.06,O:SPY250606P00558000,0.2066139518057157,0.20561087329884156,0.20611242337301378,-0.24623008403905539,0.14718831732981863,0.022949523420407573,130.0335497137782,-155.90907267745388,0.04813349257889027,-0.4742403729888637,14.588545221293266,0.5734752352919552,0.011447485485513427,65.02043313238906,-90.2871451286645,0.2666239734233611,-0.23569761999549005,7.2385890265801764,-0.4262869179621366,0.011502037934894146,65.01311658138913,-65.62192754878937,-0.2184904808444708,-0.23854275299337363,7.349956194713089,False
2025-05-08,565.0599975585938,0.0,0.0437,0.2637051593022788,558.0,2025-06-06,19.99,O:SPY250606C00558000,8.95,O:SPY250606P00558000,0.23257633649136944,0.20129005304866768,0.21697063971906902,-0.04673451958320976,0.22936832552009967,0.021712340534054762,124.71742817191816,-166.7875984241922,0.08388905454865178,-0.8159372935369914,39.156466012717,0.608371728314287,0.010125338686832195,62.658928623302835,-101.58693864979954,0.2698137727633036,-0.3434383696987556,15.410195179012254,-0.3790034027941873,0.011587001847222566,62.05849954861533,-65.20065977439266,-0.1859247182146518,-0.47249892383823583,23.746270833704745,False
2025-05-09,564.3400268554688,0.0,0.0437,0.20267736968453218,558.0,2025-06-06,17.23,O:SPY250606C00558000,8.87,O:SPY250606P00558000,0.20121180851064288,0.1997642570466599,0.20048812719881537,-0.002189242485716808,0.22793953454868265,0.024003758497570277,121.63920957031512,-158.12032914071517,0.08137730400684653,-0.8899579962025577,40.987820646703824,0.6136477109799681,0.01196147852785405,60.83443703725138,-91.49644440558873,0.2611714013446287,-0.44148568546618544,20.27346850171869,-0.3857081764312854,0.012042279969716225,60.80477253306374,-66.62388473512642,-0.17979409733778215,-0.44847231073637217,20.71435214498514,False
2025-05-12,582.989990234375,0.0,0.0438,0.2228903441625741,558.0,2025-06-06,29.36,O:SPY250606C00558000,2.87,O:SPY250606P00558000,0.17923044471062538,0.18766805984115625,0.18349166952520612,-0.039398674637367986,0.663333863046843,0.01712279088796391,80.48909094130993,-113.49150571765607,0.26727194620860073,-2.4961788959573834,384.2256252610735,0.8369317237505756,0.008586024649684318,39.43475706583661,-66.95644823571976,0.34574180681220423,-1.281967776375066,201.50845593300625,-0.1735978607037325,0.008536766238279593,41.05433387547332,-46.535057481936306,-0.0784698606036035,-1.214211119582317,182.71716932806726,False
2025-05-13,586.8400268554688,0.0,0.043899999999999995,0.22220125623292084,558.0,2025-06-06,33.43,O:SPY250606C00558000,2.27,O:SPY250606P00558000,0.2081378409223562,0.19262404247451914,0.2005308615922928,-0.021670394640628032,0.6956166434624532,0.014971044882324031,73.79390602853232,-120.01692640123142,0.2660826355218696,-2.287599540142317,369.31594181024417,0.8389361948726719,0.0074857683645097334,38.326472597439,-75.98565458397329,0.32777952794935994,-1.0971260302467456,170.36844750347117,-0.14331955141021868,0.007485276517814297,35.46743343109331,-44.03127181725814,-0.06169689242749032,-1.190473509895571,198.947494306773,False
2025-05-14,587.5900268554688,0.0,0.043899999999999995,0.2209301545181833,558.0,2025-06-06,32.8,O:SPY250606C00558000,2.25,O:SPY250606P00558000,0.17869792748588473,0.20029797064764737,0.18987673624604942,-0.03105341827213387,0.7440546439336322,0.0144319663275373,63.747539135659956,-107.54855067344704,0.2712910515708447,-2.3966187662051768,417.3595048779172,0.8849847069379859,0.007117933707233358,29.6258395873692,-60.62688608314932,0.3286721901261228,-1.253453311537736,229.60924172296802,-0.14093006300435373,0.007314032620303942,34.121699548290756,-46.92166459029772,-0.0573811385552781,-1.1431654546674408,187.75026315494915,False
2025-05-15,590.4600219726562,0.0,0.0437,0.19701829779725855,558.0,2025-06-06,34.44,O:SPY250606C00558000,1.84,O:SPY250606P00558000,0.14325715048661697,0.20484630165388837,0.178895159354806,-0.018123138442452558,0.8316789007317557,0.0112723676139956,44.69451861252088,-84.73142837800307,0.28875755047635865,-2.2356502598425556,473.22083344880593,0.9516746688992376,0.004708969407363261,14.932847019477709,-39.89762372844682,0.33491164819623115,-1.1386414411791594,281.44179267283783,-0.11999576816748192,0.006563398206632338,29.761671593043175,-44.833804649556264,-0.046154097719872514,-1.0970088186633962,191.7790407759681,False
2025-05-16,594.2000122070312,0.0,0.0437,0.19630864399070014,558.0,2025-06-06,38.78,O:SPY250606C00558000,1.21,O:SPY250606P00558000,0.1983066232942231,0.20180280198410278,0.20006844207793475,0.003759798087234617,0.8279176927077354,0.010827835499086072,45.52740912704312,-96.26807049301478,0.2690230375674726,-2.0669046293195765,409.20446244199195,0.9157655686884925,0.005376154224521945,22.40603290061363,-59.408001456380774,0.30081423338897706,-1.0356089210005872,206.75308509309014,-0.08784787598075705,0.005451681274564127,23.12137622642949,-36.860069036634,-0.03179119582150449,-1.0312957083189893,202.45137734890184,False
2025-05-19,594.8499755859375,0.0,0.0437,0.16299575515278392,558.0,2025-06-06,38.08,O:SPY250606C00558000,1.21,O:SPY250606P00558000,1.0,0.21102322614750027,0.17525778897106653,0.012262033818282614,0.5682172843577236,0.007979261884127028,73.84741260704561,-518.4035878790038,0.1453122275215361,-1.0431027796521568,190.69528340135432,0.6552262925466776,0.00262716552622433,51.64518384329239,-478.5515856960225,0.1747385088531783,-0.060323318041126235,3.3786240017737916,-0.08700900818895407,0.0053520963579026986,22.202228763753226,-39.852002182981316,-0.029426281331642174,-0.9827794616110305,187.31665939958052,False
2025-05-20,592.8499755859375,0.0,0.0436,0.15142008959297296,558.0,2025-06-06,38.13,O:SPY250606C00558000,1.25,O:SPY250606P00558000,0.24341381103890186,0.2121708812198339,0.22858023934960364,0.07716014975663069,0.7857114496676207,0.011963435847974546,49.52445405240982,-128.69662812553526,0.21998322138053622,-1.9192997305787756,322.8322999410371,0.8778128436877466,0.006181227195156203,27.280501317522045,-85.38875797954944,0.24879592056908487,-0.9229080129868307,144.6682960958592,-0.09210139402012585,0.005782208652818344,22.243952734887774,-43.3078701459858,-0.02881269918854866,-0.9963917175919449,178.1640038451779,False
2025-05-21,582.8599853515625,0.0,0.0435,0.16702671376527128,558.0,2025-06-06,32.42,O:SPY250606C00558000,2.36,O:SPY250606P00558000,0.32661552846654884,0.21556586337775363,0.2745439404144884,0.10751722664921709,0.5904913878206333,0.01651707563534921,71.32576809623822,-221.97242160471842,0.14733038174064667,-1.6572539523273657,185.7851903559449,0.7505626085120563,0.007640307689740812,40.36982483058817,-156.06662417563834,0.19288233857274648,-0.5879117482141508,50.56863643071448,-0.160071220691423,0.008876767945608398,30.955943265650046,-65.9057974290801,-0.045551956832099824,-1.0693422041132148,135.21655392523044,False
2025-05-22,583.0900268554688,0.0,0.0437,0.1552413152580165,558.0,2025-06-06,28.9,O:SPY250606C00558000,1.96,O:SPY250606P00558000,0.23860029643817515,0.21192326657457616,0.22563719855695963,0.07039588329894314,0.682899158764952,0.017601900123786367,58.835986144124604,-168.37401221391292,0.1603431975024668,-2.048102044010449,250.92805486593585,0.8277946525835314,0.00877788486640119,31.083093165928137,-104.78202843976739,0.1980780503279045,-0.9577521077141448,110.31638264378999,-0.14489549381857936,0.008824015257385178,27.75289297819647,-63.591983774145525,-0.037734852825437676,-1.0903499362963045,140.61167222214584,False
2025-05-23,579.1099853515625,0.0,0.0436,0.15847545735782395,558.0,2025-06-06,25.88,O:SPY250606C00558000,2.91,O:SPY250606P00558000,0.2585311552229453,0.23125554126001105,0.24513445267230274,0.08665899531447879,0.5893511251224277,0.020137052416303425,65.55492161684583,-216.30541285130573,0.12401155612562542,-1.8018922462973004,171.89517275531534,0.7824146830940304,0.009865002851570838,33.941549734553085,-129.1913187799442,0.16953339510532991,-0.8294881975529849,74.67477306535352,-0.19306355797160268,0.010272049564732589,31.61337188229274,-87.11409407136154,-0.0455218389797045,-0.9724040487443156,97.22039968996184,False
2025-05-27,591.1500244140625,0.0,0.0435,0.1708145105275906,558.0,2025-06-06,33.79,O:SPY250606C00558000,0.58,O:SPY250606P00558000,1.0,0.2146556170378868,0.17851436432003975,0.007699853792449141,0.6041378474347144,0.008658975843493576,50.82482629516588,-660.4551942828757,0.09416546214022273,-0.9230678998368671,141.40816844688857,0.6630272034763487,0.003466793080488053,38.46031093428783,-620.192490990183,0.10540115873125146,-0.08857240044670849,3.9251272615978436,-0.058889356041634255,0.005192182763005523,12.364515360878041,-40.26270329269265,-0.011235696591028735,-0.8344954993901587,137.48304118529072,False
2025-05-28,587.72998046875,0.0,0.0435,0.17363623936278372,558.0,2025-06-06,33.03,O:SPY250606C00558000,0.56,O:SPY250606P00558000,0.322747657735877,0.20968333066146352,0.2746566173613071,0.10102037799852337,0.7826962011922899,0.013501470438729787,35.348368849610964,-199.5099229723426,0.11845111751103035,-1.5866173719109682,202.57069431795833,0.8447946231004062,0.007543825845315026,23.361888243086884,-155.88133383245352,0.12874475759302964,-0.7098178671929607,70.52869705843115,-0.06209842190811632,0.00595764459341476,11.986480606524083,-43.62858913988908,-0.01029364008199929,-0.8767995047180074,132.04199725952716,False
2025-05-29,590.0499877929688,0.0,0.0434,0.1733910276620063,558.0,2025-06-06,32.18,O:SPY250606C00558000,0.34,O:SPY250606P00558000,1.0,0.21552343151866435,0.00010000000000000002,-0.1732910276620063,0.630044629105697,0.008543105452956112,41.06186809407182,-741.4005053729222,0.07558486975774668,-0.8109418208490973,115.23185755591379,0.6721243585965692,0.003967282599254304,32.88678798193398,-705.4924985241187,0.08157752306070395,-0.10528612630024495,4.273291102994245,-0.04207972949087213,0.004575822853701807,8.17508011213784,-35.90800684880357,-0.005992653302957268,-0.7056556945488524,110.95856645291954,False
2025-05-30,589.3900146484375,0.0,0.0433,0.17337535318086658,558.0,2025-06-06,32.7,O:SPY250606C00558000,0.14,O:SPY250606P00558000,0.28157924466743683,0.19839264573052987,0.2491369726538658,0.07576161947299923,0.8998113678478098,0.009472316550489902,16.515985245395004,-129.39841740300085,0.09871028477711334,-1.2470637073958222,172.9562020318236,0.9223920752008975,0.006214912481425495,12.061759591389414,-107.71187489693926,0.10137870609409914,-0.7129044374718669,84.12382287741227,-0.022580707353087703,0.0032574040690644067,4.454225654005591,-21.686542506061574,-0.002668421316985803,-0.5341592699239552,88.83237915441134,True
2025-06-02,592.7100219726562,0.0,0.0433,0.1678510921965128,589.0,2025-07-11,14.25,O:SPY250711C00589000,10.31,O:SPY250711P00589000,0.13293032656038226,0.16760915779047766,0.15031855272315442,-0.017532539473358394,0.196894412216867,0.025920876492983868,155.4777289338586,-105.56740530803027,0.10603561310907433,-1.0505866116865583,53.894781196197286,0.6073006854963039,0.014382859370325077,77.29498268472055,-59.6113886231151,0.3978330506623267,-0.657032944137864,35.97167818816969,-0.4104062732794369,0.01153801712265879,78.18274624913806,-45.95601668491518,-0.2917974375532524,-0.3935536675486945,17.9231030080276,False
2025-06-03,596.0900268554688,0.0,0.0433,0.16548901600535051,589.0,2025-07-11,16.9,O:SPY250711C00589000,8.55,O:SPY250711P00589000,0.14316991577838706,0.1642143218592591,0.15373068096637732,-0.011758335038973194,0.2770757008217273,0.024633626424976462,148.84691130032746,-109.04613491089941,0.15523562438202387,-1.4922871213661937,106.01727118950178,0.6463189885747047,0.013069710574244293,73.87524630337086,-63.54538189214034,0.4092936702852171,-0.8509496735328341,63.47318236688772,-0.36924328775297743,0.011563915850732168,74.97166499695659,-45.50075301875907,-0.25405804590319325,-0.6413374478333596,42.544088822614064,False
2025-06-04,595.9299926757812,0.0,0.0432,0.16063211062248817,589.0,2025-07-11,17.03,O:SPY250711C00589000,8.61,O:SPY250711P00589000,0.14991542566926228,0.1666686394006524,0.15831394466683268,-0.0023181659556554823,0.26752602929891933,0.024432963219197697,146.78836365856256,-114.2417000960508,0.14334298358644926,-1.3865508924856838,92.92158184608928,0.639538880046737,0.0127990153307629,73.00903231595233,-66.80621268536429,0.39009685725228155,-0.7693480778856318,53.60970426159971,-0.37201285074781765,0.011633947888434795,73.77933134261023,-47.43548741068652,-0.2467538736658323,-0.617202814600052,39.31187758448958,False
2025-06-05,593.0499877929688,0.0,0.0426,0.163118555717854,589.0,2025-07-11,14.68,O:SPY250711C00589000,9.67,O:SPY250711P00589000,0.14621019404416585,0.1682375779559651,0.15724287295416,-0.00587568276369399,0.19667457321281057,0.025945647000958166,147.33552082862866,-116.21822851288539,0.09521762636186026,-0.9871567546090688,47.238245666126694,0.6037168891018171,0.013836847928400828,73.41253674165863,-66.64386662469173,0.35425443002055607,-0.5693776581527281,28.5233388021034,-0.4070423158890065,0.01210879907255734,73.92298408697005,-49.57436188819366,-0.2590368036586958,-0.4177790964563407,18.714906864023295,False
2025-06-06,599.1400146484375,0.0,0.042800000000000005,0.1646462020616049,589.0,2025-07-11,18.67,O:SPY250711C00589000,6.7,O:SPY250711P00589000,0.15091637549986758,0.1607400425500736,0.1558427702523768,-0.008803431809228102,0.353921836532862,0.024435314477275517,135.49076916550104,-114.42071655018185,0.18519715706815565,-1.8931129324704705,164.35090972181465,0.6816025087231328,0.012530282053942726,67.34313539853719,-67.90182524828788,0.386612437560307,-1.0041313430047683,89.47474391824916,-0.32768067219027075,0.011905032423332792,68.14763376696385,-46.518891301893966,-0.20141528049215135,-0.8889815894657024,74.87616580356548,False
2025-06-09,599.6799926757812,0.0,0.0429,0.16408027591773414,589.0,2025-07-11,18.54,O:SPY250711C00589000,6.42,O:SPY250711P00589000,0.1473321952543475,0.16199184081426837,0.15469907391145826,-0.009381202006275874,0.3736673447546569,0.02479857850864127,131.12709833078628,-115.06544393038192,0.1896388862530013,-2.019918340404536,182.74656740377677,0.6942097868623189,0.012861439539034597,64.89885884953719,-67.26294313872792,0.37882259038195343,-1.1004907092801695,103.42369811358644,-0.32054244210766203,0.011937138969606674,66.22823948124908,-47.802500791654005,-0.18918370412895213,-0.919427631124367,79.32286929019033,False
2025-06-10,603.0800170898438,0.0,0.0429,0.12087969423449449,589.0,2025-07-11,19.73,O:SPY250711C00589000,5.23,O:SPY250711P00589000,0.13031291817788448,0.1622574324358656,0.1466261178515852,0.025746423617090702,0.4851590918297888,0.024337406461426292,117.32850192207017,-105.95201522940744,0.24426525111176509,-2.719383260385432,329.402589473606,0.7639923576995649,0.012973694587444304,56.12137624215144,-58.98408073310612,0.40251690695133385,-1.606963134254708,210.5700234098604,-0.2788332658697761,0.011363711873981988,61.20712567991873,-46.967934496301325,-0.15825165583956877,-1.1124201261307238,118.83256606374559,False
2025-06-11,601.3599853515625,0.0,0.043,0.12047498977413389,589.0,2025-07-11,20.07,O:SPY250711C00589000,6.11,O:SPY250711P00589000,0.16178631326965887,0.1716016678441376,0.16671186390221115,0.04623687412807727,0.39894077375743797,0.02350971184865972,123.64458219429767,-127.25932875668644,0.1865870790866708,-1.9800986303446586,184.24980625832518,0.7043227950862452,0.012015267885280047,61.37145644826386,-74.21615062677773,0.3522457938963647,-1.0441226149026483,99.60238880792852,-0.3053820213288072,0.011494443963379676,62.27312574603382,-53.04317812990871,-0.16565871480969388,-0.9359760154420103,84.64741745039666,False
2025-06-12,603.75,0.0,0.0418,0.12086282653468004,589.0,2025-07-11,19.93,O:SPY250711C00589000,5.5,O:SPY250711P00589000,0.1340597490387979,0.1763277216045048,0.15577109925076366,0.03490827271608361,0.4918928819453996,0.023876021327828983,111.317081389192,-115.79493198080348,0.22629193956211208,-2.6076973317167234,310.44151251241607,0.7729164119231666,0.01290305423638926,52.54410104890371,-60.93711825911359,0.37226523641550985,-1.5961971640231087,208.2268031407213,-0.28102352997776703,0.010972967091439724,58.77298034028829,-54.8578137216899,-0.14597329685339777,-1.0115001676936144,102.21470937169475,False
2025-06-13,597.0,0.0,0.042300000000000004,0.1279385126295213,589.0,2025-07-11,16.39,O:SPY250711C00589000,7.95,O:SPY250711P00589000,0.16037427028398588,0.18487139059971064,0.1726749657385051,0.044736453108983804,0.29041803355737394,0.02574832980710444,125.16912997619103,-142.51147200670562,0.11828536986805988,-1.4097304166973743,89.10310470629778,0.6537620788136098,0.013677934993321693,62.04879413803979,-78.5077116683913,0.2967507627394669,-0.8058809449520767,53.60478703043674,-0.36334404525623587,0.012070394813782746,63.12033583815124,-64.00376033831432,-0.178465392871407,-0.6038494717452976,35.49831767586104,False
2025-06-16,602.6799926757812,0.0,0.0424,0.13031098938188104,589.0,2025-07-11,18.98,O:SPY250711C00589000,5.35,O:SPY250711P00589000,0.14084120378252157,0.17639154811502838,0.15897835422232742,0.02866736484044638,0.47040614869005937,0.025092939204790027,108.13246333970707,-125.25846055906202,0.19540925042445298,-2.456003187184288,261.11752064935246,0.7566923966593566,0.013437465545102771,51.82910398433376,-66.93984722283783,0.3295319045021096,-1.461051694380085,168.2102296367641,-0.28628624796929725,0.011655473659687256,56.3033593553733,-58.31861333622419,-0.13412265407765664,-0.9949514928042028,92.90729101258835,False
2025-06-17,597.530029296875,0.0,0.042300000000000004,0.13439242591823622,589.0,2025-07-11,18.98,O:SPY250711C00589000,7.49,O:SPY250711P00589000,0.14084120378252157,0.18910771341567226,0.19901924417614936,0.06462681825791314,0.32890478858384276,0.028137211581748783,116.25292366240568,-142.07971062219406,0.12432738612446981,-1.7473430327146346,123.0454558814535,0.6847673534006924,0.015799020580728705,56.74810052889591,-72.62140180174232,0.2815620781106648,-1.1187977761516428,85.95228692185903,-0.35586256481684964,0.012338191001020078,59.50482313350977,-69.45830882045173,-0.157234691986195,-0.6285452565629919,37.09316895959447,False
2025-06-18,597.4400024414062,0.0,0.042,0.13372662009610603,589.0,2025-07-11,18.98,O:SPY250711C00589000,6.93,O:SPY250711P00589000,0.14084120378252157,0.18362009614095204,0.20041317810565232,0.06668655800954629,0.33466270439422374,0.029249479084932833,112.60361607496822,-143.28721614857716,0.12034223282841805,-1.803100111238228,124.82021263204588,0.6860491200429291,0.016231187555909167,55.044889118614286,-74.06094389966003,0.26663822955030914,-1.1286130671911039,84.88299157734966,-0.3513864156487053,0.013018291529023665,57.55872695635393,-69.22627224891714,-0.1462959967218911,-0.6744870440471242,39.937221054696224,False
2025-06-20,594.280029296875,1.761,0.042,0.11945934664124672,589.0,2025-07-11,13.7,O:SPY250711C00589000,6.66,O:SPY250711P00589000,0.17323991672667913,0.1680153577865381,0.17062913860306145,0.05116979196181473,0.23224470448723034,0.030882170686250578,110.74802908845668,-163.6765057717051,0.07003475582542573,-1.1361871590294976,48.6691586600748,0.6146390224428667,0.015222391583825524,55.437526705938176,-95.43938032768884,0.20926648587163652,-0.5499275668018864,23.23684984070391,-0.3823943179556364,0.015659779102425053,55.3105023825185,-68.23712544401627,-0.13923173004621078,-0.5862595922276114,25.43230881937089,False
2025-06-23,600.1500244140625,0.0,0.042,0.12349880360082462,589.0,2025-07-11,13.78,O:SPY250711C00589000,4.46,O:SPY250711P00589000,0.09558144186658082,0.16884105930488905,0.13464759881794447,0.011148795217119853,0.5370074646587675,0.03320011569573559,84.54981042158349,-117.49205458799027,0.16891391279194065,-3.500335613824725,410.7815129100903,0.828246754289744,0.018839376001960076,36.031906572320835,-51.29411126238924,0.26849572767103225,-2.464367366565043,330.21595900446346,-0.29123928963097656,0.014360739693775514,48.51790384926266,-66.19794332560103,-0.0995818148790916,-1.035968247259682,80.56555390562687,False
2025-06-24,606.780029296875,0.0,0.0421,0.12386743385513957,589.0,2025-07-11,22.13,O:SPY250711C00589000,2.38,O:SPY250711P00589000,0.18089808793530876,0.1630220001045547,0.172115201805532,0.04824776795039243,0.5980137610076273,0.02369753018081331,77.33010299596663,-143.36342685002813,0.17454708319499407,-2.6143518405095865,303.29501181578956,0.7873426165496602,0.01164550408109634,40.01267965224503,-89.3363686226769,0.2350388526657481,-1.2135775400832003,133.33875004991094,-0.18932885554203294,0.01205202609971697,37.317423343721586,-54.02705822735124,-0.06049176947075401,-1.4007743004263864,169.95626176587862,False
2025-06-25,607.1199951171875,0.0,0.0421,0.10301543233786883,589.0,2025-07-11,22.13,O:SPY250711C00589000,1.98,O:SPY250711P00589000,0.18089808793530876,0.15942661715934733,0.17162935883700847,0.06861392649913964,0.6269319871398258,0.02379055622834219,70.98801110833608,-142.23216787557385,0.16980928187209593,-2.6972278474573006,320.3188251596581,0.7990128467201414,0.011716133296470203,37.200438440093045,-90.15416660352159,0.22050153455217342,-1.2396303905883685,137.64269345751026,-0.1720808595803156,0.012074422931871985,33.787572668243044,-52.078001272052276,-0.05069225268007749,-1.4575974568689323,182.67613170214787,False
2025-06-26,611.8699951171875,0.0,0.041100000000000005,0.10182631572520122,589.0,2025-07-11,24.17,O:SPY250711C00589000,1.14,O:SPY250711P00589000,0.11117628143007058,0.15998115900265245,0.13978055377006532,0.0379542380448641,0.8449580665807108,0.01567837272905722,35.967052395816054,-79.72180299973869,0.21462854638105955,-2.784217382475483,521.7675396147621,0.9580822910283764,0.006298023079328688,11.442656201563668,-37.67225177835584,0.2453400743677524,-1.3732293095263441,303.4983586208335,-0.11312422444766557,0.009380349649728531,24.524396194252386,-42.049551221382835,-0.030711527986692865,-1.4109880729491386,218.2691809939286,False
2025-06-27,614.9099731445312,0.0,0.04190000000000001,0.1021447267322008,589.0,2025-07-11,28.02,O:SPY250711C00589000,0.89,O:SPY250711P00589000,0.18153782536592317,0.1701161784405954,0.17597801548540593,0.07383328875320512,0.8044520844162053,0.01600662690420418,42.25688941343873,-113.29302667073114,0.1848236546128694,-2.469570123072584,392.03171878351213,0.895167528457999,0.008167680263231355,22.24786753057871,-72.77896135372103,0.20731247654125567,-1.2189133279358666,187.30542550531504,-0.09071544404179366,0.007838946640972823,20.00902188286002,-40.5140653170101,-0.022488821928386287,-1.2506567951367178,204.7262932781971,False
2025-06-30,617.8499755859375,0.0,0.042800000000000005,0.10183679228464626,589.0,2025-07-11,29.86,O:SPY250711C00589000,0.45,O:SPY250711P00589000,0.12786793411722172,0.164607237857502,0.1497497665882111,0.04791297430356484,0.925435382221139,0.008993272222590564,18.55974052217614,-63.04090931201032,0.1933822243970334,-1.8231958742259282,381.5744046111222,0.9800233502270389,0.0032397536629571975,5.647830761785864,-34.74817917343452,0.20558835821836596,-0.7679382557217206,184.19578461604473,-0.054587968005899934,0.005753518559633367,12.911909760390275,-28.2927301385758,-0.012206133821332574,-1.0552576185042077,197.37861999507746,True
2025-07-01,617.6500244140625,0.0,0.0432,0.10150781413503229,618.0,2025-08-01,11.3,O:SPY250801C00618000,9.53,O:SPY250801P00618000,0.13760221273030704,0.14181371139615936,0.13970806324556473,0.038200249110532436,0.08054292664325191,0.030457231661860026,148.1240979495579,-114.61714766367622,0.026392810872002792,-0.3349335623110822,6.3218996551522935,0.5406238902305829,0.015456782259341486,74.05539927308938,-69.76152833400803,0.2944514387696093,-0.17430583061390847,3.317738073888956,-0.46008096358733097,0.015000449402518538,74.06869867646851,-44.85561932966819,-0.2680586278976065,-0.1606277316971737,3.0041615812633373,False
2025-07-02,620.4500122070312,0.0,0.0433,0.10103846410412498,618.0,2025-08-01,12.73,O:SPY250801C00618000,8.12,O:SPY250801P00618000,0.13947617479087626,0.14187524052944475,0.14067588252462448,0.039637418420499504,0.16393617698390917,0.030285505020073412,143.17235412038127,-118.85397523670157,0.07059573278724157,-0.9181988588612985,34.83664609703951,0.5825187066428662,0.01526745566815055,71.56528920324686,-72.26608665706067,0.30441516866042007,-0.46777811603340624,17.86622790568318,-0.41858252965895704,0.015018049351922864,71.60706491713441,-46.587888579640904,-0.2338194358731785,-0.45042074282789224,16.970418191356334,False
2025-07-03,625.3400268554688,0.0,0.0435,0.10271361939907776,618.0,2025-08-01,16.08,O:SPY250801C00618000,6.4,O:SPY250801P00618000,0.14849843306782054,0.14694761677629628,0.14772329509332777,0.045009675694250004,0.2984384874931342,0.027802724143111447,133.83704776195162,-125.76563845251087,0.13678794315305323,-1.709350669054913,118.25497224313565,0.6485565546684826,0.013837915952231394,66.9643672348712,-76.60736587368393,0.3245736444280667,-0.8457268315104746,58.23263450789542,-0.35011806717534844,0.013964808190880055,66.87268052708043,-49.15827257882693,-0.18778570127501346,-0.8636238375444385,60.02233773524023,False
2025-07-07,620.6799926757812,0.0,0.0437,0.10555201740527083,618.0,2025-08-01,11.96,O:SPY250801C00618000,8.15,O:SPY250801P00618000,0.1390321478441839,0.15260874370479138,0.14582611450925476,0.04027409710398393,0.16694623993561752,0.0314647212027597,132.99109014961783,-132.26444407028393,0.06296403288211389,-0.9180276657128321,33.10743400300486,0.5865745957783245,0.016438434502915444,66.38412579679147,-76.59377143612464,0.2654836190642182,-0.5058725450307973,18.85897692969291,-0.41962835584270697,0.015026286699844254,66.60696435282638,-55.670672634159295,-0.2025195861821043,-0.41215512068203486,14.24845707331195,False
2025-07-08,620.3400268554688,0.0,0.0436,0.1016319242878467,618.0,2025-08-01,11.46,O:SPY250801C00618000,7.37,O:SPY250801P00618000,0.13915905014646163,0.14180810904191446,0.14048379381000992,0.03885186952216321,0.16039099659215628,0.033565294572995424,129.60157555879675,-130.96571002864144,0.05761925366668105,-0.9174574185186459,30.790594100504816,0.5808029821500211,0.01693560122597422,64.78040339722675,-78.3126765509869,0.24916809824620023,-0.46821861081747584,15.83194160704007,-0.42041198555786485,0.016629693347021208,64.82117216157,-52.65303347765455,-0.19154884457951918,-0.44923880770117003,14.958652493464745,False
2025-07-09,624.0599975585938,0.0,0.0436,0.10266531819261546,618.0,2025-08-01,13.2,O:SPY250801C00618000,5.47,O:SPY250801P00618000,0.13542721373368338,0.13783400633568846,0.13663129121810194,0.033965973025486484,0.2928049214512707,0.0335761283822855,120.51755372214802,-129.1991165499089,0.11067393871517628,-1.851278154297898,112.73010498381166,0.6475162156335917,0.01691703713179946,60.19096646593194,-77.4597210573771,0.2636949386947085,-0.941752319340648,57.795582498504054,-0.35471129418232106,0.01665909125048604,60.32658725621607,-51.7393954925318,-0.15302099997953222,-0.90952583495725,54.93452248530761,False
2025-07-10,625.8200073242188,0.0,0.0436,0.10181443615238932,618.0,2025-08-01,14.2,O:SPY250801C00618000,4.73,O:SPY250801P00618000,0.13792236495162544,0.13895338329168314,0.13843805607706308,0.036623619924673764,0.3525276630718607,0.032921106527777605,113.32945890318538,-132.34554416564214,0.12805642202261686,-2.192838072862954,158.12685500651406,0.676829032802624,0.016510009300849827,56.62397347270706,-79.35015398430974,0.2599194604862108,-1.104133128364851,79.8916291948985,-0.3243013697307633,0.01641109722692778,56.70548543047833,-52.99539018133239,-0.13186303846359393,-1.0887049444981027,78.23522581161556,False
2025-07-11,623.6199951171875,0.0,0.0437,0.10224893657088935,618.0,2025-08-01,13.14,O:SPY250801C00618000,5.41,O:SPY250801P00618000,0.15036188958374092,0.14153891355674483,0.14595752127915626,0.04370858470826691,0.27018384190874767,0.03387688030215557,114.36285348400298,-146.77312934810968,0.08925121795945024,-1.5981327570987354,84.11924614175052,0.6315728362039812,0.016481192991700786,57.36634772342574,-89.09351183717953,0.22661991013671134,-0.750611129501873,38.374966996876026,-0.3613889942952335,0.017395687310454783,56.99650576057725,-57.67961751093015,-0.1373686921772611,-0.8475216275968623,45.744279144874504,False
2025-07-14,624.8099975585938,0.0,0.0437,0.10193913323604961,618.0,2025-08-01,13.17,O:SPY250801C00618000,5.09,O:SPY250801P00618000,0.14338627621631023,0.14761309626716448,0.14550201555788522,0.04356288232183561,0.31641376056792425,0.03427407905342504,108.13681878402505,-149.45086589065255,0.09968804498219451,-1.8845326294862703,113.15956433418239,0.6601975465736376,0.017348093595783005,53.94892282235744,-87.07045114453702,0.22184890414602726,-0.9688097803150489,58.92542633904783,-0.34378378600571335,0.016925985457642036,54.18789596166762,-62.380414746115534,-0.12216085916383275,-0.9157228491712215,54.23413799513455,False
2025-07-15,622.1400146484375,0.0,0.0436,0.09287821710455103,618.0,2025-08-01,11.1,O:SPY250801C00618000,6.05,O:SPY250801P00618000,0.14317581984211833,0.15201039984218923,0.147597788888216,0.054719571783664975,0.2230209089111096,0.03678249167990968,108.3090245596213,-160.2495793407346,0.06273027817377982,-1.2992848751161836,52.09124070794866,0.6143750692092008,0.018902767508958147,54.03985227590603,-91.17247548181822,0.19145456703360358,-0.6897261534130839,28.33620179963788,-0.3913541602980912,0.01787972417095153,54.26917228371528,-69.0771038589164,-0.12872428885982376,-0.6095587217030998,23.75503890831078,False
2025-07-16,624.219970703125,0.0,0.0436,0.08882215899714385,618.0,2025-08-01,12.37,O:SPY250801C00618000,4.85,O:SPY250801P00618000,0.14941876627322667,0.14905625316223567,0.14923752008229493,0.06041536108515108,0.3016460917966608,0.03641004677420656,100.82185902571814,-165.44607054082502,0.08146357837334954,-1.7605579624672147,92.93941884538248,0.6506634899785131,0.018185954235998187,50.4193524075911,-96.27189255371826,0.18751768792951684,-0.87818969248898,46.30771977281342,-0.3490173981818523,0.01822409253820837,50.402506618127035,-69.17417798710675,-0.1060541095561673,-0.8823682699782346,46.63169907256905,False
2025-07-17,628.0399780273438,0.0,0.0436,0.08115176912387966,618.0,2025-08-01,14.58,O:SPY250801C00618000,3.32,O:SPY250801P00618000,0.14861235712443485,0.1475850146748641,0.14809897928535937,0.06694721016147971,0.4500339976304042,0.03434032853836509,87.5626548216288,-160.08480253810612,0.11556082388162046,-2.55431914404166,200.36959178315504,0.7243609688704721,0.017130792100442545,43.83278758584647,-93.81514187993227,0.19221524272642135,-1.2695594935703882,99.25913817275459,-0.2743269712400679,0.017209536437922543,43.72986723578232,-66.26966065817385,-0.07665441884480088,-1.2847596504712715,101.11045361040047,False
2025-07-18,627.5800170898438,0.0,0.0435,0.08143008645254105,618.0,2025-08-01,13.51,O:SPY250801C00618000,3.09,O:SPY250801P00618000,0.14002036261572254,0.14549536365705795,0.14276737198531625,0.061337285532775204,0.46211983978190274,0.036986384654315495,82.5045087584411,-160.3183108194793,0.10849887974122316,-2.717791822787618,209.44278175381223,0.7347782083646426,0.018719469494584317,40.96589121137592,-91.74590491737166,0.17762782562012983,-1.4028311814059298,110.01948977115757,-0.27265836858273984,0.018266915159731178,41.538617547065186,-68.57240590210765,-0.06912894587890667,-1.3149606413816883,99.42329198265466,False
2025-07-21,628.77001953125,0.0,0.0435,0.07616603039720383,618.0,2025-08-01,14.94,O:SPY250801C00618000,2.43,O:SPY250801P00618000,0.16386028625191956,0.14332532054758498,0.1537375947594643,0.07757156436226047,0.4943116961431028,0.03509068378564739,75.90449968883746,-176.29145666726765,0.10479941958515146,-2.6638574662881154,212.3253975024523,0.7335476224285978,0.016868868104352654,39.0288066241157,-108.94753470732441,0.15939026888626126,-1.1878694180652472,88.01816378433388,-0.23923592628549506,0.018221815681294735,36.87569306472176,-67.34392195994326,-0.054590849301109794,-1.4759880482228682,124.30723371811841,False
2025-07-22,628.8599853515625,0.0,0.0437,0.07195062223285763,618.0,2025-08-01,13.95,O:SPY250801C00618000,2.28,O:SPY250801P00618000,0.14619725246795642,0.14756398410287008,0.14688143648207191,0.07493081424921429,0.5356808012374399,0.03709409875642827,68.40095062696174,-172.2503479651402,0.10178991137120308,-2.932639627905195,240.4574059601858,0.7688424137577956,0.01858878712945175,34.11831964563668,-99.08015511812846,0.14906166001694834,-1.4766945883321154,121.61868506498993,-0.23316161252035572,0.01850531162697652,34.28263098132506,-73.17019284701175,-0.04727174864574526,-1.4559450395730795,118.83872089519588,False
2025-07-23,634.2100219726562,0.0,0.0437,0.06835321274075823,618.0,2025-08-01,17.3,O:SPY250801C00618000,1.07,O:SPY250801P00618000,0.10907785364511945,0.14838077148343784,0.13108931984305383,0.0627361071022956,0.7993625536664113,0.024993548627880648,36.50288376668738,-109.1613350468197,0.13572048409024806,-3.3357289274285415,463.6564492099722,0.933202645681173,0.011232096034581586,13.68866490068502,-51.98402411687085,0.15959624178399928,-1.7593834334426317,278.9687911915603,-0.13384009201476166,0.013761452593299061,22.814218866002363,-57.17731092994885,-0.023875757693751207,-1.57634549398591,184.68765801841192,False
2025-07-24,634.4199829101562,0.0,0.0437,0.06843191631155648,618.0,2025-08-01,18.45,O:SPY250801C00618000,0.96,O:SPY250801P00618000,0.17521924416927304,0.15556671785214723,0.16572596296817063,0.09729404665661415,0.7210484711148653,0.027355704974401467,43.380662079642505,-170.4244487200903,0.1042946568385909,-2.835223941027583,302.0009642263162,0.8465829081215638,0.0137980971442679,23.168900168461338,-107.9169099770537,0.1234855033577411,-1.34378328357237,134.42637852332282,-0.12553443700669853,0.013557607830133567,20.21176191118117,-62.50753874303661,-0.019190846519150193,-1.4914406574552128,167.5745857029934,False
2025-07-25,637.0999755859375,0.0,0.0437,0.06565216408953149,618.0,2025-08-01,19.86,O:SPY250801C00618000,0.49,O:SPY250801P00618000,0.13229361185181118,0.15689225353862699,0.14581379186511045,0.08016162777557896,0.8777102601319736,0.018294760540625614,21.51782136000743,-103.29391617396831,0.106912536766192,-2.499478520290848,348.6193934831101,0.9544145936954008,0.0080673747713303,8.595195251150129,-54.358884870278125,0.1167058560202782,-1.2094891272612145,183.35348977759116,-0.07670433356342721,0.010227385769295312,12.922626108857301,-48.93503130369018,-0.009793319254086212,-1.2899893930296336,165.26590370551895,False
2025-07-28,636.9400024414062,0.0,0.044000000000000004,0.06516679500993303,618.0,2025-08-01,19.65,O:SPY250801C00618000,0.26,O:SPY250801P00618000,0.1528904519900069,0.1507252145060509,0.15181794434785845,0.08665114933792542,0.8957050540984726,0.017506019243261096,17.11486961387792,-106.07966550407102,0.08739688561020018,-2.255028358759671,293.9565063340579,0.9466317456418322,0.008853371694467998,8.716568817929877,-67.64452017155165,0.09258692482225735,-1.1323059879581296,146.56704613614184,-0.0509266915433596,0.008652647548793097,8.398300795948046,-38.43514533251937,-0.005190039212057176,-1.1227223708015415,147.38946019791607,False
2025-07-29,635.260009765625,0.0,0.044000000000000004,0.06593573200364057,618.0,2025-08-01,17.93,O:SPY250801C00618000,0.48,O:SPY250801P00618000,0.17182862793315168,0.18564519353733216,0.17901299184560776,0.11307725984196719,0.8526700084255224,0.022470538133845877,19.32633217964475,-168.5544932810321,0.06229251879514874,-2.2262908302915987,223.9206348573851,0.9340411907186298,0.01076771695381884,8.8887952184091,-89.46755512828182,0.068503454278263,-1.1104275221634599,115.95650255103892,-0.08137118229310736,0.011702821180027035,10.43753696123565,-79.08693815275029,-0.006210935483114263,-1.1158633081281386,107.96413230634619,False
2025-07-30,634.4600219726562,0.0,0.0441,0.06634227767813548,618.0,2025-08-01,20.2,O:SPY250801C00618000,0.17,O:SPY250801P00618000,0.43400600556020064,0.17405779699383472,0.33127122528254993,0.26492894760441443,0.7183800101539101,0.02180660673366425,22.63601233239957,-554.7873358723048,0.03455661881166465,-1.3634333259501767,105.435366417149,0.7605991713513705,0.012655407199068684,17.547281423419058,-500.1749144214735,0.03669601325142718,-0.47894882170925307,19.17269615347475,-0.042219161197460386,0.009151199534595566,5.088730908980512,-54.61242145083122,-0.002139394439762531,-0.8844845042409236,86.26267026367425,False
2025-07-31,632.0800170898438,0.0,0.0449,0.06757899314256612,618.0,2025-08-01,14.15,O:SPY250801C00618000,0.13,O:SPY250801P00618000,1.0,0.2056296234061617,0.17234547283649443,0.10476647969392831,0.6131890653569387,0.019644693760073148,18.0898490520161,-1957.3975291387424,0.014430427422964295,-0.842353739500651,52.39216537448106,0.6524483765246982,0.009278567619913379,14.710401196880051,-1870.9583224981377,0.01542030941002195,-0.1215278968651452,1.8965587954962404,-0.03925931116775949,0.01036612614015977,3.379447855136049,-86.4392066406047,-0.000989881987057656,-0.7208258426355058,50.49560657898482,True
2025-08-01,621.719970703125,0.0,0.0449,0.08671284009526026,622.0,2025-09-05,13.87,O:SPY250905C00622000,11.37,O:SPY250905P00622000,0.16148247032835186,0.16128200882678467,0.16138223835751414,0.07466939826225388,0.08297972297305112,0.025110929065884125,155.39872683817185,-127.57923865387684,0.026141022753728982,-0.26237403821784305,5.3530676776999275,0.5414767125279951,0.012547709976211843,77.69963168962207,-77.73020965760496,0.32021516453306503,-0.1309468987692902,2.6707834815177933,-0.458496989554944,0.012563219089672282,77.69909514854979,-49.84902899627189,-0.29407414177933605,-0.13142713944855286,2.6822841961821338,False
2025-08-04,631.1699829101562,0.0,0.044800000000000006,0.09834834135026387,622.0,2025-09-05,17.55,O:SPY250905C00622000,6.69,O:SPY250905P00622000,0.1378464764177474,0.15146767686984125,0.144685800562799,0.04633745921253514,0.34482778549290605,0.025671639873004713,140.63902083049936,-115.5153105144743,0.18419518807283086,-2.014358547268417,175.93044761555365,0.6792477496708273,0.013331823383466872,69.72501156902243,-68.88002402233329,0.39159122909666494,-1.0985985905042117,99.6323177663564,-0.3344199641779213,0.01233981648953784,70.91400926147692,-46.635286492141006,-0.20739604102383408,-0.9157599567642052,76.29812984919725,False
2025-08-05,627.969970703125,0.0,0.0449,0.10049145562261307,622.0,2025-09-05,16.5,O:SPY250905C00622000,7.63,O:SPY250905P00622000,0.15640239351377971,0.15145274718198454,0.15392927371263507,0.053437818090022,0.24865035477029185,0.025990701852038924,143.9583329633109,-127.32379929415498,0.12048984079403574,-1.333471702637477,80.19696583391875,0.6226759615627251,0.012804308560542571,72.0783065341134,-78.57366721006375,0.34182545725483915,-0.6443769844129893,38.204577547518944,-0.37402560679243324,0.01318639329149635,71.88002642919753,-48.75013208409124,-0.2213356164608034,-0.6890947182244878,41.99238828639981,False
2025-08-06,632.780029296875,0.0,0.044800000000000006,0.10183371312195352,622.0,2025-09-05,18.76,O:SPY250905C00622000,5.74,O:SPY250905P00622000,0.14779380740659065,0.1506504242277036,0.14922367759570482,0.047389964473751295,0.38328210552884845,0.025233213270709563,131.61419123361537,-122.25243791795629,0.1903464985413205,-2.153457612542759,201.54987108254176,0.6931787329957626,0.012709783433671844,65.66320194625787,-74.39113537609666,0.36655287688121596,-1.0959809172025918,103.45600744615615,-0.30989662746691415,0.012523429837037718,65.9509892873575,-47.86130254185964,-0.17620637833989547,-1.057476695340167,98.0938636363856,False
2025-08-07,632.25,0.0,0.0449,0.1016576932615387,622.0,2025-09-05,17.17,O:SPY250905C00622000,5.74,O:SPY250905P00622000,0.13321591945398192,0.15110105972836615,0.14222598026543856,0.04056828700389986,0.3911413643681434,0.027047563522434245,127.69969492331923,-119.10053980803191,0.1869909396847988,-2.3321855539888605,219.36652014873846,0.7059355712946725,0.014170059356328438,62.88169301515276,-69.53023895732211,0.3576314707925472,-1.3011235076837624,128.60413544728507,-0.31479420692652915,0.01287750416610581,64.81800190816647,-49.5703008507098,-0.1706405311077484,-1.0310620463050981,90.7623847014534,False
2025-08-08,637.1799926757812,0.0,0.044800000000000006,0.10359856464166739,622.0,2025-09-05,21.26,O:SPY250905C00622000,4.03,O:SPY250905P00622000,0.1461029277887331,0.14888911756478104,0.14749893952757123,0.04390037488590384,0.5077117380843135,0.023807123524534426,113.1408325210152,-118.49741492465546,0.23667758853489868,-2.7571278459791833,339.9001533439801,0.7557761549618923,0.011966186757413398,56.333717507899976,-72.47396661586899,0.36532178165329343,-1.3996745950846587,174.06009439527026,-0.24806441687757885,0.011840936767121028,56.80711501311522,-46.02344830878648,-0.12864419311839476,-1.3574532508945245,165.84005894870984,False
2025-08-11,635.9199829101562,0.0,0.0446,0.10411160192501863,622.0,2025-09-05,20.21,O:SPY250905C00622000,4.24,O:SPY250905P00622000,0.14953676550189657,0.1502075008707004,0.14987227780967957,0.04576067588466094,0.4778992526636102,0.024840874942837904,113.5126966815375,-125.2829474586724,0.2107007145692765,-2.5980293093519533,290.3901196272113,0.7393852712400044,0.012437574742014916,56.70765531722171,-76.3040915687285,0.33927053618921943,-1.3039134837823192,146.0466249880512,-0.2614860185763942,0.012403300200822986,56.80504136431579,-48.9788558899439,-0.12856982161994293,-1.2941158255696341,144.34349463916007,False
2025-08-12,642.6900024414062,0.0,0.0444,0.10768302396067393,622.0,2025-09-05,23.66,O:SPY250905C00622000,2.5,O:SPY250905P00622000,0.1101039161891719,0.14859701074978413,0.13089346877336502,0.02321044481269109,0.7136585445449054,0.02004806801471859,76.71214069545641,-90.37949780502126,0.30892943695421593,-3.586997967204236,677.8964293021234,0.8914901986577409,0.00984563543822093,31.983174657153157,-49.038867078465266,0.39235131282273805,-2.0379426081236462,432.13334319644434,-0.17783165411283552,0.010202432576497658,44.72896603830325,-41.34063072655599,-0.08342187586852211,-1.54905535908059,245.76308610567906,False
2025-08-13,644.8900146484375,0.0,0.0444,0.10770007928741111,622.0,2025-09-05,27.05,O:SPY250905C00622000,1.9,O:SPY250905P00622000,0.15655334869155532,0.1465479295556662,0.15163222556114195,0.043932146273730835,0.6896366034458805,0.01877931177126008,79.84584860833115,-108.24526969221145,0.2804930915901316,-3.0688577342222496,522.3050222432745,0.8371422520028622,0.009386519368081804,41.22746463088606,-70.60670724865757,0.3459464105423881,-1.4812215968912692,243.8295829301721,-0.14750564855698167,0.009392792403178276,38.6183839774451,-37.63856244355388,-0.06545331895225655,-1.5876361373309806,278.47543931310236,False
2025-08-14,644.9500122070312,0.0,0.044800000000000006,0.10650226075508588,622.0,2025-09-05,26.18,O:SPY250905C00622000,2.02,O:SPY250905P00622000,0.1387046903377098,0.15407025331957197,0.1466136462032795,0.04011138544819361,0.7194782657360919,0.018701069107076872,72.32594514430349,-103.16131330714485,0.27671588334552677,-3.1713620148445654,558.3574238953058,0.871928229341598,0.0092880770828575,34.02424606957518,-61.185086278710735,0.34042547438572607,-1.661277951740089,306.5742122245841,-0.1524499636055061,0.009412992024219372,38.30169907472832,-41.97622702843412,-0.06370959104019928,-1.5100840631044763,251.78321167072178,False
2025-08-15,643.4400024414062,0.0,0.044800000000000006,0.1070712403847238,622.0,2025-09-05,25.0,O:SPY250905C00622000,2.02,O:SPY250905P00622000,0.14928324262776407,0.1523857273351732,0.15084235450178388,0.04377111411706007,0.6883713123113427,0.020195659196528618,75.06973713374057,-113.75658102128169,0.24756288028225554,-3.091320915402376,491.09446026636033,0.8465833412768823,0.010099222045829201,37.15402027861547,-69.87407634591113,0.3093604685583548,-1.5623697043185996,250.6346197382884,-0.15821202896553954,0.010096437150699416,37.91571685512511,-43.882504675370555,-0.06179758827609926,-1.5289512110837766,240.4598405280719,False
2025-08-18,643.2999877929688,0.0,0.0447,0.10717020579148989,622.0,2025-09-05,24.12,O:SPY250905C00622000,1.68,O:SPY250905P00622000,0.1348040724655539,0.14707057034332244,0.14109533668905494,0.03392513089756505,0.7311973831031171,0.020228824276195448,65.57011112797454,-103.23124603835348,0.24698848201359858,-3.2924322158565715,553.5110631214121,0.8757009986605222,0.010031615432069655,31.090554562689682,-61.82326467852993,0.29956580097144214,-1.7066178795195663,298.55860145447986,-0.1445036155574051,0.010197208844125791,34.47955656528486,-41.40798135982354,-0.052577318957843566,-1.585814336337005,254.95246166693227,False
2025-08-19,639.8099975585938,0.0,0.0446,0.10966766344910493,622.0,2025-09-05,20.44,O:SPY250905C00622000,2.28,O:SPY250905P00622000,0.12222124859319626,0.15283205474918582,0.13834144177883864,0.02867377832973371,0.6824240822709823,0.024094529870120347,69.95461466311178,-112.83259111767615,0.21352074426001585,-3.411770684407637,504.7580534674938,0.8673041163015034,0.012080613573481246,31.180319732774826,-60.77374727916195,0.275718570592639,-1.906480325869937,308.55859133720185,-0.1848800340305211,0.0120139162966391,38.774294930336964,-52.0588438385142,-0.062197826332623135,-1.5052903585377,196.19946213029198,False
2025-08-20,638.1099853515625,0.0,0.044500000000000005,0.10649158362463254,622.0,2025-09-05,17.06,O:SPY250905C00622000,2.42,O:SPY250905P00622000,1.0,0.15357725015257576,0.11331580546796322,0.0068242218433306745,0.3936645163058021,0.01586269626777005,92.96501434058845,-638.2935656827984,0.0880693426534658,-1.4808214806783517,173.24023004869142,0.5932831598151617,0.0027863141035328457,54.02588126815659,-581.2778732976229,0.14987822345616425,-0.006898703137359007,0.22670597033886733,-0.19961864350935954,0.013076382164237205,38.939133072431865,-57.01569238517554,-0.06180888080269845,-1.4739227775409927,173.01352407835256,False
2025-08-21,635.5499877929688,0.0,0.0449,0.10759992680255329,622.0,2025-09-05,17.86,O:SPY250905C00622000,3.1,O:SPY250905P00622000,0.1626580802701061,0.1628488872981903,0.16275350875407454,0.05515358195152126,0.5213117858859129,0.028726889432994812,82.43476272817969,-167.61559819238346,0.1354744718538481,-2.572519518042405,241.98689390780527,0.760778606601971,0.014367841767031144,41.205838174561734,-97.68147399900128,0.2032611577590953,-1.2874455197038557,121.17250683660862,-0.23946682071605818,0.014359047665963668,41.22892455361796,-69.93412419338217,-0.06778668590524724,-1.2850739983385493,120.81438707119666,False
2025-08-22,645.3099975585938,0.0,0.0447,0.1198082854792734,622.0,2025-09-05,26.0,O:SPY250905C00622000,0.83,O:SPY250905P00622000,0.1783424893698278,0.1477600186986728,0.16405839779675008,0.04425011231747668,0.772443216229229,0.018200336092067344,49.22485180050261,-123.48020796301086,0.18715687697580832,-2.7537437562426375,431.97631334333425,0.8650456021893701,0.009468326489557883,27.903860728961945,-86.49354333847303,0.21119943469718042,-1.2995987256947836,184.31481219556133,-0.09260238596014114,0.008732009602509463,21.320991071540668,-36.98666462453783,-0.024042557721372104,-1.4541450305478538,247.66150114777292,False
2025-08-25,642.469970703125,0.0,0.044500000000000005,0.1211285841275526,622.0,2025-09-05,23.37,O:SPY250905C00622000,0.8,O:SPY250905P00622000,0.1840187900859848,0.14061070314215485,0.16408849663734434,0.04295991250979174,0.741689919550746,0.021040265786333875,50.58363486870634,-137.6635514217375,0.16155125031591816,-2.8274820112411105,397.5905875026116,0.8399329439829679,0.010892964078560953,29.54989063009659,-99.10193707207281,0.18437917639761675,-1.2688852179917158,153.16593734707413,-0.09824302443222188,0.010147301707772925,21.033744238609753,-38.56161434966469,-0.022827926081698587,-1.5585967932493947,244.42465015553742,False
2025-08-26,645.1599731445312,0.0,0.044199999999999996,0.12123625369103923,622.0,2025-09-05,23.36,O:SPY250905C00622000,0.57,O:SPY250905P00622000,1.0,0.1485847298197253,0.00010000000000000002,-0.12113625369103923,0.5448018913979366,0.01151286065699848,59.90648478757455,-740.6587415089755,0.09299673008325281,-1.3859138980296657,224.32943532826116,0.6187291758011175,0.003315692361179914,43.812547411082036,-705.1288661310865,0.10831892843887375,-0.047250385908746716,1.6410910828694452,-0.07392728440318097,0.008197168295818565,16.093937376492512,-35.52987537788896,-0.015322198355620948,-1.338663512120919,222.6883442453917,False
2025-08-27,646.6300048828125,0.0,0.044199999999999996,0.12108909934184138,622.0,2025-09-05,26.33,O:SPY250905C00622000,0.5,O:SPY250905P00622000,0.1875009655719551,0.16053495077828078,0.17500829640328885,0.053919197061447474,0.8373546659997544,0.01587352120309765,32.26171658546656,-124.963437418947,0.1429524032677964,-2.3391103439827274,354.1677201100922,0.9027877583366404,0.008506997598726276,18.526314133026887,-87.1654648358705,0.1548443479392679,-1.1610072993304048,162.36062684077987,-0.06543309233688599,0.007366523604371374,13.735402452439672,-37.7979725830765,-0.011891944671471501,-1.1781030446523226,191.8070932693123,False
2025-08-28,648.9199829101562,0.0,0.044199999999999996,0.12007417392440099,622.0,2025-09-05,28.15,O:SPY250905C00622000,0.24,O:SPY250905P00622000,0.19047938610572648,0.15902033984982517,0.1765556152164936,0.05648144129209261,0.8947724038522216,0.01199380310197071,21.28991578861283,-104.17555564009004,0.13148706976577682,-1.9077019287147543,311.165379508491,0.932156490085368,0.006871981034768062,13.123900851886296,-77.98861196299202,0.13732023181328293,-1.0064454726977052,150.36232776174882,-0.037384086233146485,0.0051218220672026495,8.166014936726537,-26.186943677098018,-0.005833162047506108,-0.901256456017049,160.80305174674223,False
2025-08-29,645.0499877929688,0.0,0.0441,0.10432156878290716,622.0,2025-09-05,23.76,O:SPY250905C00622000,0.29,O:SPY250905P00622000,0.14386301333435847,0.15976862516376875,0.15244340421557429,0.048121835432667126,0.9200124861075456,0.012372320542495666,15.593863510839144,-85.26465618466389,0.11297699264544663,-1.9411386170990235,309.19109244298625,0.9677680912683648,0.005523737058398008,6.560521393593621,-50.26616957326354,0.11914658640061176,-0.9178086418222414,154.19041934941575,-0.047755605160819226,0.006848583484097658,9.033342117245523,-34.99848661140036,-0.006169593755165136,-1.023329975276782,155.00067309357047,True
2025-09-02,640.27001953125,0.0,0.044000000000000004,0.09657120893297104,645.0,2025-10-03,7.95,O:SPY251003C00645000,11.9,O:SPY251003P00645000,0.11620352478041446,0.13964854283120548,0.12792989520728587,0.03135868627431483,-0.054168864428076335,0.03243896136551334,153.97271101454288,-105.51307569937819,-0.04977190862553599,0.6723988942735866,9.026054028552831,0.4690278581743168,0.01769507889852553,76.93526135014662,-61.84006290314719,0.26683146611193864,0.3861580937203846,5.804837978689273,-0.5231967226023931,0.014743882466987804,77.03744966439626,-43.673012796231006,-0.31660337473747463,0.28624080055320195,3.2212160498635596,False
2025-09-03,643.739990234375,0.0,0.0435,0.09538117369785279,645.0,2025-10-03,9.04,O:SPY251003C00645000,9.78,O:SPY251003P00645000,0.1112601752165516,0.136686540197179,0.123974803250283,0.028593629552430208,0.055122748435473934,0.03411384117955338,151.39834728497334,-108.22470834358234,0.014548562931347764,-0.21566100448721612,2.879032221923807,0.5288882552275705,0.018802177910482023,75.68172381819834,-62.64276242386025,0.28934061292126906,-0.14162599530147843,1.952341790948483,-0.4737655067920966,0.015311663269071355,75.71662346677502,-45.58194591972208,-0.2747920499899213,-0.07403500918573769,0.926690430975324,False
2025-09-04,649.1199951171875,0.0,0.0433,0.09603221009925873,645.0,2025-10-03,11.8,O:SPY251003C00645000,7.09,O:SPY251003P00645000,0.10994381739216359,0.13420997023352793,0.12212546790242196,0.026093257803163225,0.2384212713256788,0.03360391781068042,142.73491336586866,-110.5152438115435,0.1132283453989652,-1.7066506499743939,98.7848426110113,0.62936792751497,0.018337147840084705,70.78990454644166,-63.876112783310234,0.3306127550295264,-1.0254763870433186,63.44690859177988,-0.39094665618929114,0.015266769970595714,71.945008819427,-46.639131028233265,-0.21738440963056122,-0.6811742629310753,35.33793401923142,False
2025-09-05,647.239990234375,0.0,0.0429,0.09691193746450331,645.0,2025-10-03,9.84,O:SPY251003C00645000,7.68,O:SPY251003P00645000,0.10227435781329965,0.13431020322224313,0.11833892945274711,0.0214269919882438,0.1792926617249444,0.03668504034059673,141.74827175558045,-109.94833567398373,0.07819474652693145,-1.3202041347757314,56.35636466505438,0.599827111297303,0.020719290670341155,70.45337210974672,-61.62813316427031,0.30031118544314706,-0.8465873843669687,39.03912292848803,-0.42053444957235864,0.015965749670255575,71.29489964583371,-48.320202509713425,-0.2221164389162156,-0.47361675040876283,17.317241736566352,False
2025-09-08,648.8300170898438,0.0,0.0426,0.09388936752055718,645.0,2025-10-03,10.45,O:SPY251003C00645000,6.67,O:SPY251003P00645000,0.10056943239912886,0.13178970773217524,0.11626672858074309,0.02237736106018591,0.24136472509354012,0.03736370462847313,135.5025416665795,-110.50022113527277,0.10516701966029005,-1.868338896135862,105.65427031244872,0.6347693801859408,0.020982813096493476,66.97992217910162,-61.771152593344056,0.3026484574638459,-1.1846487052892132,72.7112243661545,-0.39340465509240063,0.01638089153197966,68.52261948747788,-48.72906854192871,-0.19748143780355584,-0.6836901908466488,32.94304594629423,False
2025-09-09,650.3300170898438,0.0,0.0425,0.09336502566928533,645.0,2025-10-03,11.85,O:SPY251003C00645000,5.75,O:SPY251003P00645000,0.11113956614091088,0.12942423251088436,0.12032470791116358,0.026959682241878252,0.28744360589203843,0.03583094308807844,129.53674600019656,-116.34125762370803,0.12095228938010125,-2.1066160240844045,136.337338289499,0.6532516534453634,0.01910922022836808,64.15806055725434,-67.46510735876541,0.2949851135350699,-1.2103310201510853,82.907931667974,-0.36580804755332497,0.016721722859710353,65.37868544294221,-48.87615026494262,-0.17403282415496865,-0.8962850039333191,53.429406621525,False
2025-09-10,652.2100219726562,0.0,0.042300000000000004,0.08671066751350627,645.0,2025-10-03,12.45,O:SPY251003C00645000,5.37,O:SPY251003P00645000,0.10457131402483015,0.1370106191895039,0.1210099482484162,0.034299280734909926,0.3604542543882363,0.035392139508437476,120.91308112224576,-117.84172667497046,0.14657229809405226,-2.6650635333048847,218.3597895665976,0.7012250088892766,0.019591396623825766,58.78970470339089,-64.38452933970268,0.3001282394342329,-1.661928765446672,148.62708591718751,-0.34077075450104033,0.01580074288461171,62.12337641885487,-53.457197335267786,-0.15355594134018064,-1.0031347678582125,69.73270364941008,False
2025-09-11,657.6300048828125,0.0,0.042199999999999994,0.09036732279631081,645.0,2025-10-03,16.5,O:SPY251003C00645000,3.71,O:SPY251003P00645000,0.10922179963266143,0.13998581979742325,0.1250770019322634,0.03470967913595259,0.5326831155786425,0.029786909402953105,101.14626695277249,-113.94980110979039,0.2095862856501423,-3.473210191163047,429.2417105072211,0.7926755650581605,0.01580384411530689,47.39742491290651,-62.069573717035674,0.3204998322029739,-2.064195349924717,279.0254916866115,-0.25999244947951805,0.013983065287646215,53.748842039865984,-51.88022739275471,-0.1109135465528316,-1.4090148412383303,150.21621882060964,False
2025-09-12,657.4099731445312,0.0,0.0424,0.09043658697839825,645.0,2025-10-03,15.74,O:SPY251003C00645000,3.59,O:SPY251003P00645000,0.10151417346027684,0.14064842789543988,0.12193705214038493,0.03150046516198668,0.5524737265629817,0.030933995924263,95.2342647588365,-112.8603106538651,0.20468555818025527,-3.6927878642339618,469.7545098401358,0.8115872105550778,0.016580693958395256,43.300477027541426,-58.87809625637466,0.3082175751758683,-2.2844108075827476,323.8100924409518,-0.2591134839920961,0.01435330196586774,51.93378773129507,-53.98221439749043,-0.10353201699561301,-1.4083770566512142,145.944417399184,False
2025-09-15,660.9099731445312,0.0,0.042199999999999994,0.0908035742152317,645.0,2025-10-03,18.31,O:SPY251003C00645000,3.06,O:SPY251003P00645000,0.0969155369366643,0.1514011441942187,0.1266781708493829,0.0358745966341512,0.6594266568629882,0.025770735774906257,77.28203381927655,-107.61808617810445,0.2302509189322817,-3.809224395929121,608.001114589192,0.8811537130471674,0.013160066506359265,30.950209709719775,-50.79905401294469,0.313362931570116,-2.373813981557859,436.63592361865364,-0.2217270561841792,0.012610669268546992,46.33182410955678,-56.81903216515977,-0.08311201263783433,-1.435410414371262,171.36519097053826,False
2025-09-16,660.0,0.0,0.042,0.09116252279413661,645.0,2025-10-03,18.03,O:SPY251003C00645000,3.25,O:SPY251003P00645000,0.11801469132204463,0.15613569525578763,0.13794741517454387,0.046784892380407256,0.5958456371355179,0.027420482104198195,83.9275250743768,-128.58586205809155,0.19189347486598196,-3.344635064997446,431.54370770925914,0.8294283743344671,0.014334909440552055,38.01558789665036,-65.71804313287493,0.27309942269006865,-1.9879295400909585,283.66885563370823,-0.2335827371989493,0.013085572663646142,45.911937177726436,-62.867818925216625,-0.0812059478240867,-1.3567055249064874,147.87485207555093,False
2025-09-17,659.1799926757812,0.0,0.0417,0.08823329152345764,645.0,2025-10-03,16.57,O:SPY251003C00645000,2.88,O:SPY251003P00645000,0.10346174618551296,0.14909841854610392,0.12782621811181308,0.039592926588355434,0.6280505162552467,0.02933136833976194,76.09310291297798,-119.94038258762339,0.18788015938340877,-3.725328266463511,503.48705793039454,0.8559816587260901,0.015244929187068294,32.635776866173764,-58.29191037148592,0.26079808739508165,-2.2803167519178675,348.4924153735587,-0.22793114247084345,0.014086439152693647,43.45732604680422,-61.64847221613748,-0.07291792801167288,-1.4450115145456435,154.99464255683586,False
2025-09-18,662.260009765625,0.0,0.042,0.087478072800596,645.0,2025-10-03,19.24,O:SPY251003C00645000,2.2,O:SPY251003P00645000,0.11020693191124026,0.1540733721101495,0.1340460690185428,0.0465679962179468,0.7063341674043626,0.024712876844688196,62.68542658376626,-116.48716250395503,0.19482958724734523,-3.540007175387035,535.0662447489881,0.8921503460865872,0.01215745976851056,25.6508026830164,-56.387822630222445,0.24950597087415916,-2.043858545966519,350.11598005501617,-0.18581617868222455,0.012555417076177636,37.03462390074986,-60.099339873732596,-0.05467638362681394,-1.4961486294205162,184.95026469397195,False
2025-09-19,663.7000122070312,1.831,0.04190000000000001,0.08466899363329938,645.0,2025-10-03,21.48,O:SPY251003C00645000,1.55,O:SPY251003P00645000,0.15375156822274533,0.14870286852297115,0.1512484504431486,0.06657945680984922,0.6918456705915035,0.023738638748618236,62.75233069524117,-137.88042720482628,0.17307459524482605,-3.1043713613195596,418.44878554175386,0.8420045715614397,0.011870915338921435,31.904127506968077,-84.32222024723524,0.21323747794591377,-1.525695451879914,202.26636951233826,-0.15015890096993623,0.011867723409696803,30.848203188273093,-53.55820695759103,-0.040162882701087727,-1.5786759094396459,216.18241602941558,False
2025-09-22,666.8400268554688,0.0,0.0417,0.06984421239918794,645.0,2025-10-03,24.06,O:SPY251003C00645000,1.12,O:SPY251003P00645000,0.161207026541934,0.1556359408023672,0.15845453009307386,0.08861031769388593,0.7608428654808956,0.01998381361616686,50.28342253812939,-131.67713586416977,0.17220731316074417,-2.8892581062424973,428.7633623733016,0.8763966830832444,0.010053532080013474,25.738778048204026,-81.45666763002583,0.20012728131545893,-1.427473058413158,208.16337049754034,-0.11555381760234873,0.009930281536153386,24.544644489925368,-50.22046823414394,-0.027919968154714755,-1.4617850478293395,220.59999187576128,False
2025-09-23,663.2100219726562,0.0,0.0416,0.07112871942122066,645.0,2025-10-03,20.39,O:SPY251003C00645000,1.26,O:SPY251003P00645000,0.15418632546302266,0.1515619045547639,0.1528805824249983,0.08175186300377764,0.7217605083521543,0.024535476246886994,52.37508410710821,-145.13006330596886,0.1450885087629331,-3.0647643135049267,392.7179136548939,0.8588694121083809,0.012283133805556765,26.445187360950676,-87.06799402924075,0.1743558100558899,-1.520812844817226,193.23353817217625,-0.13710890375622653,0.012252342441330229,25.929896746157535,-58.062069276728124,-0.029267301292956783,-1.5439514686877007,199.4843754827176,False
2025-09-24,661.0999755859375,0.0,0.0418,0.0723715767933022,645.0,2025-10-03,18.66,O:SPY251003C00645000,1.03,O:SPY251003P00645000,0.1697284973624239,0.13992612398083815,0.15554543244838714,0.08317385565508495,0.6913247557068338,0.027725782206881773,52.12297128386188,-164.9094908677581,0.12148466086659507,-3.044943322403996,346.24395860094364,0.8229718129279712,0.013884784373960337,28.61051580237225,-109.3703551853756,0.145946290398499,-1.3745314528042927,140.35669921523228,-0.13164705722113734,0.013840997832921437,23.512455481489628,-55.53913568238249,-0.02446162953190393,-1.6704118695997032,205.88725938571136,False
2025-09-25,658.0499877929688,0.0,0.0424,0.07513073746616333,645.0,2025-10-03,14.67,O:SPY251003C00645000,1.33,O:SPY251003P00645000,0.12906928082246177,0.14391035649813066,0.13669116109013557,0.06156042362397224,0.6880020357582219,0.03448293553676514,48.526239729937686,-158.02014596224444,0.1039856502933919,-3.4713959239855385,357.94385894354014,0.8568807440177901,0.017238786422519532,22.94024541295456,-85.46459592133345,0.13076199122403506,-1.8317980427226501,198.3516820189673,-0.1688787082595682,0.01724414911424561,25.585994316983125,-72.55555004091099,-0.026776340930643152,-1.6395978812628884,159.59217692457287,False
2025-09-26,661.8200073242188,0.0,0.042199999999999994,0.07654414081585868,645.0,2025-10-03,17.32,O:SPY251003C00645000,0.52,O:SPY251003P00645000,1.0,0.139381279544809,0.11674021910429003,0.040196078288431344,0.5159000477712844,0.01625435156339088,50.639227357813674,-970.2569534916396,0.05851399296957512,-1.5637505461701893,194.09685089797026,0.6022337433155139,0.0041381288358662656,35.96277993798035,-921.1404194619525,0.06995394674287055,-0.045626618821673924,1.1022138735661584,-0.08633369554422954,0.012116222727524613,14.676447419833323,-49.116534029687024,-0.011439953773295425,-1.5181239273485154,192.99463702440408,False
2025-09-29,663.6799926757812,0.0,0.042199999999999994,0.07217503069448633,645.0,2025-10-03,19.28,O:SPY251003C00645000,0.36,O:SPY251003P00645000,0.13131222839560455,0.153350333371437,0.14344939383268357,0.07127436313819724,0.8980074907516243,0.01729617161117038,17.38470280672761,-103.50268855196963,0.09148406426743433,-2.3338854927232697,320.37588531630433,0.9620073598079092,0.007526181270020338,6.909661106919402,-54.71028300133225,0.09828333928751759,-1.1062773131277928,164.14261764156896,-0.06399986905628485,0.009769990341150043,10.475041699808209,-48.792405550637376,-0.006799275020083269,-1.227608179595477,156.23326767473537,False
2025-09-30,666.1799926757812,0.0,0.042,0.06450573721364934,645.0,2025-10-03,18.82,O:SPY251003C00645000,0.35,O:SPY251003P00645000,1.0,0.19254720769878642,0.00010000000000000002,-0.06440573721364934,0.5808529705638743,0.013435325874212473,35.64981030638167,-1226.0905522918538,0.0411973521487078,-1.026053307199787,109.10112191157566,0.6388022940328628,0.005152905340399158,27.224257838333685,-1159.589351603213,0.04583481403967676,-0.09219437218541564,2.380683693369703,-0.05794932346898851,0.008282420533813315,8.42555246804798,-66.50120068864096,-0.004637461890968963,-0.9338589350143714,106.72043821820596,True
2025-10-01,668.4500122070312,0.0,0.0417,0.06347545768131309,668.0,2025-11-07,13.6,O:SPY251107C00668000,10.0,O:SPY251107P00668000,0.13562155782209123,0.1336307021133235,0.1346261794697493,0.07115072178843622,0.11032107349380482,0.02682905868838433,172.90695355385316,-110.72079323309254,0.05372584598960001,-0.5556258037733244,16.864835133933454,0.5548840307870258,0.013316644158897148,86.46186875601126,-69.62168917614727,0.38283453980686505,-0.2727755326097245,8.236995118253535,-0.44456295729322093,0.013512414529487182,86.4450847978419,-41.099104056945265,-0.32910869381726504,-0.28285027116359984,8.627840015679919,False
2025-10-02,669.219970703125,0.0,0.042300000000000004,0.05871694275992618,668.0,2025-11-07,13.93,O:SPY251107C00668000,9.74,O:SPY251107P00668000,0.13745490220669762,0.13673366248266192,0.13709429184868932,0.07837734908876315,0.12913661692338285,0.0267195989222413,169.26100787083362,-115.1079996041633,0.06474289197810884,-0.6807746408782749,23.78935250135128,0.5644455600047048,0.013325334267954996,84.63479327199032,-71.76666057260732,0.375357709102234,-0.3382811911562063,11.798266908215862,-0.43530894308132195,0.013394264654286303,84.6262145988433,-43.34133903155598,-0.31061481712412514,-0.3424934497220685,11.991085593135422,False
2025-10-03,669.2100219726562,0.0,0.0424,0.056690359034440196,668.0,2025-11-07,13.59,O:SPY251107C00668000,9.78,O:SPY251107P00668000,0.13684052589751608,0.13929733875098368,0.13806903237104415,0.08137867333660395,0.12719427736996547,0.027069473576051065,166.03757419135349,-118.15849558519402,0.06125960828725274,-0.6654065571758507,22.457322157743455,0.5640057583469223,0.01365290817302684,83.00499815009209,-72.67374407055246,0.36096062096830217,-0.33967136253933017,11.53655565453077,-0.4368114809769569,0.013416565403024223,83.03257604126141,-45.48475151464156,-0.29970101268104943,-0.3257351946365206,10.920766503212683,False
2025-10-06,671.6099853515625,0.0,0.042199999999999994,0.057037289555512106,668.0,2025-11-07,14.89,O:SPY251107C00668000,8.2,O:SPY251107P00668000,0.13940656940734802,0.13441456559129364,0.1369116872489452,0.0798743976934331,0.1926766221940407,0.027302317630027637,160.52556420395956,-119.87095930918603,0.1012509937231641,-1.1414173680210005,57.73040571346098,0.5949148094108768,0.01341452022696572,80.33473669519887,-75.0284304018405,0.36634354898463306,-0.5482394267285512,27.29461883516252,-0.40223818721683613,0.013887797403061918,80.19082750876068,-44.84252890734554,-0.26509255526146897,-0.5931779412924492,30.435786878298458,False
2025-10-07,669.1199951171875,0.0,0.042,0.06014441949219913,668.0,2025-11-07,13.25,O:SPY251107C00668000,9.57,O:SPY251107P00668000,0.14073154400048865,0.1406783676830008,0.14070496068671345,0.08056054119451432,0.11989996326840668,0.027734617596683074,159.4655489946391,-125.33010141199,0.052395700208105855,-0.6073727746751141,18.52023288004755,0.5599419071730058,0.013864731198746176,79.73302070672975,-76.65086709564949,0.329865932636934,-0.3035500365076857,9.254702064399071,-0.44004194390459916,0.013869886397936898,79.73252828790935,-48.67923431634051,-0.2774702324288281,-0.30382273816742844,9.265530815648482,False
2025-10-08,673.1099853515625,0.0,0.042,0.06208995075005966,668.0,2025-11-07,15.08,O:SPY251107C00668000,7.39,O:SPY251107P00668000,0.13801392569411933,0.13623255096185205,0.13712346686348315,0.07503351611342349,0.2349524212016928,0.027980360824095128,151.7545317169483,-124.8781339496414,0.11844976418470163,-1.4376997294528366,85.46047109014046,0.6168359933250884,0.013906322791214244,75.91531905422994,-76.8117379345482,0.3493097722813519,-0.7091399057743943,41.91318538365471,-0.38188357212339563,0.014074038032880886,75.83921266271834,-48.06639601509319,-0.23086000809665028,-0.7285598236784424,43.54728570648576,False
2025-10-09,671.1599731445312,0.0,0.042,0.05863974710007344,668.0,2025-11-07,13.45,O:SPY251107C00668000,8.02,O:SPY251107P00668000,0.13608268034590013,0.13693103875950505,0.13650688764378427,0.07786714054371083,0.18057560890463598,0.029392575413414484,150.61178439146454,-127.54575662705957,0.08310426735249257,-1.075628343182987,47.57549832113825,0.5905159294105546,0.014739985643957808,75.29580230768566,-77.55971510458266,0.31906721277050404,-0.5414331263728769,24.008971398679105,-0.40994032050591867,0.014652589769456676,75.31598208377888,-49.98604152247691,-0.23596294541801147,-0.5341952168101101,23.566526922459143,False
2025-10-10,653.02001953125,0.0,0.04190000000000001,0.11566895086384175,668.0,2025-11-07,7.08,O:SPY251107C00668000,18.64,O:SPY251107P00668000,0.1677857196159696,0.14996205968940568,0.1589206300102174,0.043251679146375635,-0.3191410591911298,0.02514105565208425,134.83615499459967,-125.22808858930527,-0.18581388944937727,2.1147790845486396,161.02092108774994,0.349808716971988,0.011997399109317994,68.1278286420136,-81.28917634224399,0.17567626602321362,0.9559204250758181,67.85264334667733,-0.6689497761631178,0.013143656542766254,66.70832635258606,-43.93891224706128,-0.3614901554725909,1.1588586594728214,93.16827774107261,False
2025-10-13,663.0399780273438,0.0,0.04190000000000001,0.12704998273222323,668.0,2025-11-07,8.76,O:SPY251107C00668000,12.12,O:SPY251107P00668000,0.13907837631486877,0.14608645218018254,0.14258291973397136,0.015532937001748126,-0.07184167907340788,0.03063019326883152,144.67346237582302,-133.92572192396955,-0.05165730956235376,0.7214246510632116,11.859525100175503,0.46281648656929353,0.015687087548508297,72.31600436751914,-79.18835288500775,0.22476233446929922,0.37564833251145124,6.383639176977953,-0.5346581656427014,0.014943105720323225,72.35745800830388,-54.73736903896181,-0.276419644031653,0.3457763185517604,5.47588592319755,False
2025-10-14,662.22998046875,0.0,0.04190000000000001,0.12702576213731243,668.0,2025-11-07,9.1,O:SPY251107C00668000,12.79,O:SPY251107P00668000,0.15370450408128514,0.1525096128148822,0.15310708365067843,0.026081321513366007,-0.09425739022474627,0.029238952800318782,140.22975639069807,-146.75860980958686,-0.060221478348263635,0.8245340609366898,17.280572317260003,0.4531176056416976,0.014563505367538188,70.12003997978631,-87.6359236440914,0.20783433081010577,0.4094931193696121,8.536787329818024,-0.5473749958664439,0.014675447432780594,70.10971641091176,-59.122686165495466,-0.2680558091583694,0.4150409415670777,8.74378498744198,False
2025-10-15,665.1699829101562,0.0,0.042,0.12776941968215796,668.0,2025-11-07,10.66,O:SPY251107C00668000,12.03,O:SPY251107P00668000,0.16128990294488563,0.1675287166780245,0.16440933239758015,0.03663991271542219,-0.009360643686779524,0.028098489397626457,137.8373053115158,-166.74900579077666,-0.019507108191260947,0.2642691161366122,0.5367343641514781,0.49490767679504727,0.014315636744247715,68.9178175698081,-95.7658941974645,0.2148865645067355,0.13518010317516038,0.29811737935925947,-0.5042683204818268,0.01378285265337874,68.9194877417077,-70.98311159331217,-0.23439367269799644,0.12908901296145178,0.2386169847922186,False
2025-10-16,660.6400146484375,0.0,0.042,0.12926877430925768,668.0,2025-11-07,9.07,O:SPY251107C00668000,15.8,O:SPY251107P00668000,0.17467768547721216,0.19219930647547398,0.1834453292310238,0.054176554921766124,-0.12656520033445418,0.025855510108419827,131.1394932474754,-184.89906529504864,-0.06887875289075343,0.8861118556106813,23.618881091966642,0.4328509261317589,0.013524999274528842,65.4672157826318,-101.6851590760068,0.17580231249541245,0.47986262526292756,13.50945417945064,-0.5594161264662131,0.012330510833890985,65.6722774648436,-83.21390621904185,-0.24468106538616588,0.40624923034775373,10.109426912516003,False
2025-10-17,664.3900146484375,0.0,0.0418,0.13067266751049897,668.0,2025-11-07,9.77,O:SPY251107C00668000,11.27,O:SPY251107P00668000,0.1654926395958878,0.1585234808984086,0.162008249540627,0.03133558203012804,-0.04339808797705447,0.030352256390724308,129.14112987588422,-173.659706707201,-0.029686462087350873,0.46232322553003197,4.083244592187304,0.47910587274721683,0.014851377707588678,64.57766503932919,-102.66898126547083,0.18365664155517233,0.22333704368046023,1.8968897069610087,-0.5225039607242713,0.01550087868313563,64.56346483655503,-70.99072544173018,-0.2133431036425232,0.23898618184957174,2.186354885226296,False
2025-10-20,671.2999877929688,0.0,0.0415,0.1348300416167593,668.0,2025-11-07,12.22,O:SPY251107C00668000,6.9,O:SPY251107P00668000,0.1527627161334048,0.14493854992667332,0.14885280623808506,0.014022764621325762,0.17713056556632167,0.03306050545473616,123.12139778567708,-169.08628805364708,0.05543763694579448,-0.9882643826384683,35.04845850185066,0.5866349747769212,0.016114152684359298,61.62907074085541,-100.56752228573438,0.21199336189259718,-0.46631531284356204,16.151039035622684,-0.4095044092105995,0.016946352770376864,61.492327044821664,-68.51876576791271,-0.1565557249468027,-0.5219490697949062,18.897419466227976,False
2025-10-21,671.2899780273438,0.0,0.0412,0.1330924479608144,668.0,2025-11-07,10.97,O:SPY251107C00668000,6.8,O:SPY251107P00668000,0.13870455102743448,0.1477961103634231,0.14325369176715613,0.01016124380634173,0.1840889762037573,0.03558787280120003,118.39780258545264,-168.75359111832674,0.05458301993180628,-1.0879189128552111,38.68814557265233,0.5945121113744803,0.018332290732734152,59.11131019015492,-95.45785070708591,0.20022064636350131,-0.5804419828775408,21.166174659889755,-0.41042313517072304,0.017255582068465877,59.286492395297714,-73.29574041124083,-0.14563762643169503,-0.5074769299776702,17.52197091276258,False
2025-10-22,667.7999877929688,0.0,0.041100000000000005,0.13404979214907908,668.0,2025-11-07,9.18,O:SPY251107C00668000,7.86,O:SPY251107P00668000,0.148327168542054,0.14463906885761066,0.14648314835876228,0.012433356209683194,0.05409465824053261,0.03729792672471772,116.00511095079915,-179.2087377741246,0.009087815291758422,-0.1950998095015143,1.9295062016461204,0.5268675244074607,0.01841476640085313,58.004333285135004,-104.42140784693093,0.1631724411275304,-0.09400396077268651,0.9232709988722458,-0.47277286616692804,0.018883160323864587,58.000777665664145,-74.78732992719364,-0.15408462583577198,-0.10109584872882778,1.0062352027738746,False
2025-10-23,671.760009765625,0.0,0.0412,0.13389968212225464,668.0,2025-11-07,10.8,O:SPY251107C00668000,5.71,O:SPY251107P00668000,0.1448260606633816,0.14242818909903068,0.143627424004674,0.009727741882419344,0.20668127256391733,0.03824852832558535,108.20397363265255,-183.0561433233171,0.053398109144245975,-1.2454839939502937,45.80487838070066,0.6025941117904886,0.018974326226826575,54.12943803811418,-106.02897185398676,0.17198352740602993,-0.6119896121546066,22.33778987612106,-0.3959128392265713,0.019274202098758773,54.07453559453836,-77.02717146933034,-0.11858541826178395,-0.6334943817956871,23.467088504579596,False
2025-10-24,677.25,0.0,0.041100000000000005,0.13530196294959929,668.0,2025-11-07,13.85,O:SPY251107C00668000,3.6,O:SPY251107P00668000,0.14204429307550942,0.14396352056796752,0.14300485481768846,0.007702891868089173,0.4206080294610658,0.03546850538949982,92.31545614170491,-177.33113504701794,0.106113804743058,-2.516043371978064,188.15945860673062,0.711511153982496,0.017818576159872077,46.06746069802959,-101.68527078013031,0.18572259088676385,-1.272902079055299,95.79128029283666,-0.2909031245214302,0.017649929229627742,46.247995443675315,-75.64586426688761,-0.07960878614370585,-1.2431412929227652,92.36817831389396,False
2025-10-27,685.239990234375,0.0,0.0409,0.14039647407538305,668.0,2025-11-07,19.96,O:SPY251107C00668000,1.58,O:SPY251107P00668000,0.14974640622706037,0.14457097442746356,0.14718004082143304,0.0067835667460499904,0.6743085425148676,0.025827555852845806,63.73652361755146,-149.3668835516849,0.15732970681708658,-3.1947028583101753,406.79514320169716,0.833020925173491,0.01289987733025893,32.39435655889967,-90.44328202506954,0.19673544665389747,-1.5667261125640155,196.02487619249288,-0.15871238265862342,0.012927678522586876,31.34216705865179,-58.92360152661537,-0.03940573983681088,-1.6279767457461598,210.77026700920428,False
2025-10-28,687.0599975585938,0.0,0.0407,0.14022825007038892,668.0,2025-11-07,22.52,O:SPY251107C00668000,1.54,O:SPY251107P00668000,0.1948973964171258,0.16099641409188714,0.17864352112710474,0.03841527105671583,0.6572707825152475,0.023289911169526376,62.0354402713066,-192.64497204629384,0.13572205150167022,-2.628176692389558,309.5453757036535,0.8064073705455106,0.011505086024931983,33.6027391815898,-124.78139148262156,0.16873976064705734,-1.1689912718481175,123.74645706288275,-0.14913658803026308,0.011784825144594394,28.432701089716804,-67.86358056367227,-0.03301770914538713,-1.4591854205414405,185.79891864077075,False
2025-10-29,687.3900146484375,0.0,0.0403,0.14010762952848033,668.0,2025-11-07,21.07,O:SPY251107C00668000,1.55,O:SPY251107P00668000,0.14826481695080704,0.17366315612120004,0.16157858114093543,0.021470951612455103,0.7391650254486615,0.022873382018018862,48.39665905629047,-160.8687197478618,0.13485407157521334,-2.882919341952771,374.5548256353594,0.8879310933270528,0.011218784105332384,21.83171401523056,-82.01193565955961,0.16369026868024608,-1.5306244852130746,213.16253055554822,-0.1487660678783913,0.01165459791268648,26.564945041059907,-78.8567840883022,-0.02883619710503273,-1.3522948567396966,161.39229507981116,False
2025-10-30,679.8300170898438,0.0,0.0405,0.1469065123272038,668.0,2025-11-07,16.23,O:SPY251107C00668000,1.6,O:SPY251107P00668000,0.2071947464453479,0.14071842707391619,0.17550132137238983,0.02859480904518602,0.5302890505586463,0.033986727031238784,63.87444009009187,-251.56991463173136,0.08158962245329729,-2.5523841905062534,205.6737072236852,0.7241547799286665,0.015375204804983052,35.05508555266215,-171.80874315157155,0.11335051343204869,-0.9084563250485316,56.72360070927082,-0.19386572937002022,0.018611522226255735,28.819354537429724,-79.76117148015982,-0.0317608909787514,-1.643927865457722,148.9501065144144,False
2025-10-31,682.0599975585938,0.0,0.0406,0.14712129988245057,668.0,2025-11-07,15.78,O:SPY251107C00668000,1.29,O:SPY251107P00668000,0.1521052154909027,0.1567718661902533,0.15445597362220287,0.007334673739752301,0.685353566859298,0.032432385663024005,46.23258221385523,-198.25648548094688,0.08936155796405278,-3.0656896724002882,296.2609646108382,0.8462533885839238,0.016218804151790986,22.77076163527032,-110.07497317325526,0.11139198098244102,-1.5567625625534685,152.63040367575016,-0.1608998217246258,0.016213581511233022,23.461820578584913,-88.1815123076916,-0.022030423018388243,-1.5089271098468198,143.630560935088,True
2025-11-03,683.3400268554688,0.0,0.0406,0.14684644909501546,682.0,2025-12-05,14.21,O:SPY251205C00682000,10.13,O:SPY251205P00682000,0.14450131491828622,0.1432023967079223,0.14385188387334347,-0.002994565221671991,0.12200806728650992,0.02599402522193462,166.28945986381717,-127.98228138734942,0.05622190092966434,-0.5981897518634935,19.366356002030855,0.5608097931072032,0.012939316947854688,83.15101823891693,-78.06297466042601,0.35144169436446304,-0.2958675360882545,9.547622596511793,-0.4388017258206933,0.01305470827407993,83.13844162490024,-49.91930672692341,-0.2952197934347987,-0.3023222157752391,9.818733405519064,False
2025-11-04,675.239990234375,0.0,0.04019999999999999,0.15296123246121113,682.0,2025-12-05,9.95,O:SPY251205C00682000,14.2,O:SPY251205P00682000,0.14651603709100117,0.14636375320783143,0.1464398924507201,-0.006521340010491039,-0.09560497441744387,0.026517113208041287,161.59545508792448,-126.07169035012824,-0.08096210102443752,0.8890440150905565,21.783567519465443,0.4522313595445657,0.0132517988584922,80.79855686461966,-76.72888083377444,0.26962452668486764,0.4441265252055955,10.87434440168295,-0.5478363339620096,0.013265314349549086,80.79689822330482,-49.342809516353796,-0.35058662770930515,0.44491748988496105,10.909223117782494,False
2025-11-05,677.5800170898438,0.0,0.04,0.15203218196783877,682.0,2025-12-05,10.32,O:SPY251205C00682000,12.45,O:SPY251205P00682000,0.14142725754075947,0.14252359046651833,0.14197542976811528,-0.01005675219972349,-0.04049791457951685,0.028035076183888,159.53346215604572,-127.7133449756237,-0.0438346312842709,0.5204587573754147,5.291215491835209,0.47960839696159124,0.014071404910862584,79.76528093879053,-77.19539995955996,0.27469712094494786,0.2617795858594132,2.6800196638807936,-0.5201063115411081,0.013963671273025419,79.76818121725519,-50.517945016063734,-0.31853175222921876,0.2586791715160015,2.6111958279544156,False
2025-11-06,670.3099975585938,0.0,0.04019999999999999,0.1567371089588083,682.0,2025-12-05,7.47,O:SPY251205C00682000,14.8,O:SPY251205P00682000,0.14886006606203805,0.12031060876692065,0.13468349392041562,-0.022053615038392677,-0.2685223994689617,0.029147453849393268,145.44441812264355,-109.49059839266111,-0.1685527074437523,2.175130862683792,147.72535651478228,0.3809849394374061,0.013228924190589039,73.73486386956687,-75.82296239592542,0.20659001152012393,0.8853581390510807,51.89149320914702,-0.6495073389063678,0.015918529658804227,71.70955425307669,-33.6676359967357,-0.37514271896387624,1.2897727236327114,95.83386330563526,False
2025-11-07,670.969970703125,0.0,0.0401,0.11992799539742148,682.0,2025-12-05,7.11,O:SPY251205C00682000,18.26,O:SPY251205P00682000,0.14462023696781798,0.1760688174828225,0.16040979249924422,0.040481797101822745,-0.21330998244864335,0.02559159266956168,145.32745693539812,-140.16963003212737,-0.13372586720178595,1.5397365456116616,80.35394022625836,0.3814322262887066,0.013944245241040822,72.05426681228728,-75.6268471327891,0.19747584896679463,0.9026661596392419,51.481487639684204,-0.59474220873735,0.011647347428520858,73.27319012311085,-64.54278289933828,-0.3312017161685806,0.6370703859724197,28.87245258657416,False
2025-11-10,681.4400024414062,0.0,0.0404,0.12033273589854229,682.0,2025-12-05,11.05,O:SPY251205C00682000,9.33,O:SPY251205P00682000,0.13781039303216444,0.13504547966893246,0.13642796013951297,0.01609522424097068,0.06226782956051968,0.031163900225966542,148.83976265753282,-135.55112623053498,0.01662634954869413,-0.23713924361370808,3.466893952060272,0.5309700464096349,0.015424555990847733,74.42227665419894,-82.18583481254689,0.26447263352032574,-0.11506415977046347,1.6730654424753584,-0.46870221684911517,0.01573934423511881,74.41748600333388,-53.365291417988104,-0.2478462839716316,-0.12207508384324461,1.7938285095849138,False
2025-11-11,683.0,0.0,0.0404,0.11996422528670615,682.0,2025-12-05,11.25,O:SPY251205C00682000,8.38,O:SPY251205P00682000,0.13343276398388845,0.13475307956182994,0.13409294572770597,0.014128720440999817,0.11080862844739936,0.03228290034878067,144.23856616755774,-137.65415535006775,0.04003735230683847,-0.6098740703504336,15.511433705643512,0.5556056095172655,0.016219770943111472,72.1141635887663,-82.23318189477943,0.26302045092878024,-0.30843764275024255,7.873106942424925,-0.4447969810698661,0.016063129405669195,72.12440257879143,-55.420973455288305,-0.22298309862194177,-0.30143642760019107,7.638326763218588,False
2025-11-12,683.3800048828125,0.0,0.0403,0.11952438292076703,682.0,2025-12-05,11.51,O:SPY251205C00682000,7.98,O:SPY251205P00682000,0.1388696114771268,0.13460716050863603,0.13673867851719257,0.01721429559642554,0.12022602383097702,0.032508591698565154,140.0096122148105,-144.4221326774182,0.04227742193631437,-0.6680460419741978,17.942797998876387,0.5594015246182981,0.016005387966011756,70.02390753072906,-87.01561404209335,0.25012519375503134,-0.3221080783315195,8.54456430040028,-0.43917550078732104,0.0165032037325534,69.98570468408143,-57.40651863532486,-0.20784777181871697,-0.3459379636426783,9.398233698476108,False
2025-11-13,672.0399780273438,0.0,0.0405,0.13273026612290992,682.0,2025-12-05,6.55,O:SPY251205C00682000,15.23,O:SPY251205P00682000,0.14904237554926195,0.15633424291688236,0.15269262857586147,0.01996236245295155,-0.23313882617479048,0.029546151990078783,129.298436538439,-148.2523123578403,-0.1133070549967155,1.6766963007768898,84.27954071858574,0.3803769236564039,0.015090815705995195,64.4959047184435,-85.78708418928531,0.15814507899438623,0.8740821507772343,45.069375901648264,-0.6135157498311944,0.01445533628408359,64.80253181999551,-62.46522816855499,-0.27145213399110174,0.8026141499996554,39.210164816937464,False
2025-11-14,671.9299926757812,0.0,0.0404,0.1315501544784828,682.0,2025-12-05,5.85,O:SPY251205C00682000,14.6,O:SPY251205P00682000,0.14398357995377398,0.1491207994467426,0.14655492366328837,0.015004769184805561,-0.2593594044404748,0.03144814382020213,123.82515070726336,-144.57245648000594,-0.11590557305123939,1.89130037740401,102.69203718422202,0.3678925087142181,0.015966217296754983,61.78083522626542,-84.47203659036727,0.143659530170131,0.9751642499502626,53.94411742243985,-0.6272519131546929,0.015481926523447148,62.04431548099794,-60.10041988963866,-0.2595651032213704,0.9161361274537473,48.74791976178217,False
2025-11-17,665.6699829101562,0.0,0.0404,0.13067682175492082,682.0,2025-12-05,3.87,O:SPY251205C00682000,20.67,O:SPY251205P00682000,0.14996966002077936,0.18686346542916052,0.16872903753742574,0.03805221578250492,-0.4106473479126337,0.02626582478180614,107.99856873269957,-152.28018665689865,-0.16549756281505762,2.4109774543659466,208.83677854066997,0.2727701122759657,0.014123598894809597,52.14278511762126,-77.55779879911253,0.09872493109841309,1.4178016273074874,134.46312411312968,-0.6834174601885994,0.012142225886996542,55.8557836150783,-74.72238785778612,-0.2642224939134707,0.9931758270584591,74.37365442754027,False
2025-11-18,660.0800170898438,0.0,0.04019999999999999,0.13371115590888438,682.0,2025-12-05,2.46,O:SPY251205C00682000,20.63,O:SPY251205P00682000,0.15386715973189394,0.07125181826550062,0.12282757551074028,-0.010883580398144105,-0.7746571511962348,0.018318896438566157,51.56330202786877,-47.27055957393807,-0.2756958005081327,3.409778103648778,716.2142811869066,0.19545353613015742,0.01196878358101158,41.39347941931778,-66.81875884257563,0.06528629583721593,1.6022530673775746,206.0976306776164,-0.9701106873263922,0.006350112857554579,10.169822608550994,19.548199268637557,-0.3409820963453486,1.8075250362712036,510.11665050929025,False
2025-11-19,662.6300048828125,0.0,0.0401,0.13363335030203338,682.0,2025-12-05,2.68,O:SPY251205C00682000,20.49,O:SPY251205P00682000,0.15328921090194791,0.14708447915478856,0.1502084311977029,0.01657508089566953,-0.5790256372087295,0.026577796485468607,83.4475047355574,-115.31671048401603,-0.19373798133852121,3.2195009537165173,374.8990589688302,0.21548002993921295,0.013199417306968622,42.30476124604011,-73.70921810736819,0.06671596823369945,1.5669658205361923,178.44279853725894,-0.7945056671479425,0.013378379178499985,41.14274348951729,-41.60749237664784,-0.2604539495722207,1.652535133180325,196.45626043157128,False
2025-11-20,652.530029296875,0.0,0.0404,0.14133763735093122,682.0,2025-12-05,1.0,O:SPY251205C00682000,30.03,O:SPY251205P00682000,0.15656668488674172,0.18448485309141982,0.1713329895600677,0.02999535220913649,-0.7598997979107771,0.01708017274527452,54.29186183898292,-85.77739871805561,-0.2299905480685514,2.8239899024353914,456.20492286312987,0.10025234544544048,0.00823713454034459,23.970034833123616,-45.59033917512235,0.028118822421290934,1.4742799066157335,257.291542581136,-0.8601521433562176,0.008843038204929932,30.3218270058593,-40.187059542933255,-0.25810937048984234,1.349709995819658,198.91338028199385,False
2025-11-21,659.030029296875,0.0,0.0403,0.1430785312131325,682.0,2025-12-05,1.04,O:SPY251205C00682000,21.83,O:SPY251205P00682000,0.13729245210790567,1.0,0.1130647036552429,-0.03001382755788959,-0.40676689903549945,0.01405854308112424,78.3556094615383,-690.2219942588188,-0.13250697081701895,1.853388036478891,271.87243725921724,0.11888983503803796,0.011026008469169098,26.090046363769478,-48.24844960539404,0.030679353757229674,1.7484599033947874,270.98591857676576,-0.5256567340735374,0.0030325346119551427,52.26556309776881,-641.9735446534247,-0.16318632457424864,0.10492813308410358,0.8865186824514564,False
2025-11-24,668.72998046875,0.0,0.0403,0.1469544574585044,682.0,2025-12-05,1.96,O:SPY251205C00682000,14.0,O:SPY251205P00682000,0.12349712843361217,0.11674024226902543,0.12014925551116468,-0.026805201947339735,-0.5712135628131394,0.03843336889982632,73.7123590839166,-107.98513681339942,-0.14212415525126185,3.9556542013454585,396.093400471814,0.22107192253216407,0.019024353288714952,37.524102903517566,-70.75652550306111,0.05209907944182967,1.9039749920885523,184.93580010294835,-0.7922854853453034,0.01940901561111137,36.18825618039903,-37.22861131033831,-0.19422323469309152,2.0516792092569065,211.15760036886567,False
2025-11-25,675.02001953125,0.0,0.0404,0.15118254445981288,682.0,2025-12-05,2.78,O:SPY251205C00682000,10.05,O:SPY251205P00682000,0.10956841198701674,0.1358853900973312,0.1228476463712752,-0.02833489808853769,-0.31469251940773035,0.050220295793448805,88.30534381851879,-161.92970617793463,-0.0715091271736309,2.605595720213884,129.83650719676,0.32581628272101537,0.027339985352697462,43.33176682424221,-83.5506993989496,0.0689373058812505,1.548805247279193,84.10299913513145,-0.6405088021287457,0.022880310440751346,44.973576994276584,-78.37900677898503,-0.1404464330548814,1.0567904729346909,45.73350806162854,False
2025-11-26,679.6799926757812,0.0,0.0406,0.15362627018069988,682.0,2025-12-05,4.27,O:SPY251205C00682000,5.42,O:SPY251205P00682000,0.11067883548851445,0.10173482473045586,0.1062083963736892,-0.04741787380701068,-0.09565125140640302,0.06595522494792477,89.73259145300847,-168.51598183519675,-0.02075062273759258,1.0316696439240667,14.097083526357117,0.45447369917306873,0.03161200465751263,44.89759619645872,-101.81368916796357,0.08461852236813515,0.47560371222980025,6.161645119559453,-0.5501249505794717,0.034343220290412146,44.834995256549746,-66.70229266723318,-0.10536914510572773,0.5560659316942664,7.9354384067976635,False
2025-11-28,683.3900146484375,0.0,0.0405,0.14979654221577937,682.0,2025-12-05,5.14,O:SPY251205C00682000,3.6,O:SPY251205P00682000,0.10687351230200128,0.11741730511822841,0.11214940089285375,-0.037647141322925626,0.14916418067096648,0.07276818967664246,75.45709420852987,-217.03635748910563,0.01849153008209397,-1.2094725233250774,21.985900304963955,0.5777560369737416,0.03803920177477398,37.67109103815312,-117.23880826580957,0.0773199814624421,-0.6631445262649874,12.52170713881623,-0.4285918563027751,0.03472898790186848,37.786003170376745,-99.79754922329606,-0.058828451380348125,-0.54632799706009,9.464193166147727,True
2025-12-01,680.27001953125,0.0,0.0398,0.15031666024224252,680.0,2026-01-02,11.91,O:SPY260102C00680000,10.99,O:SPY260102P00680000,0.12476731779941859,0.14789217493846885,0.13633442277722058,-0.013982237465021946,0.09653491546253079,0.02787172788060452,166.27336285516986,-120.71749134218221,0.040733151263962764,-0.4685693105220773,12.070855718105136,0.5509280746223154,0.015106520516419126,83.06893594167104,-68.85473384487231,0.3455903353177491,-0.2838481144867105,7.6278935881313075,-0.4543931591597846,0.012765207364185393,83.20442691349884,-51.8627574973099,-0.3048571840537863,-0.18472119603536682,4.442962129973828,False
2025-12-02,681.530029296875,0.0,0.039,0.1503124381199624,680.0,2026-01-02,12.88,O:SPY260102C00680000,10.06,O:SPY260102P00680000,0.1317781557752174,0.14566468933890245,0.13872469538226723,-0.011587742737695167,0.12701085141523694,0.02764774484972723,162.19284665100213,-125.74587057510543,0.0580674330785354,-0.6737131358008672,22.271223677851573,0.5658308411328021,0.014502767683572131,81.0198814417969,-73.02675464695875,0.34020898110671527,-0.37611953738453013,12.837464934989015,-0.4388199897175652,0.0131449771661551,81.17296520920523,-52.71911592814668,-0.28214154802817987,-0.29759359841633715,9.433758742862558,False
2025-12-03,683.8900146484375,0.0,0.0383,0.14411894360297783,680.0,2026-01-02,13.15,O:SPY260102C00680000,8.74,O:SPY260102P00680000,0.12165628771839136,0.1440575176501457,0.13288197400793433,-0.0112369695950435,0.19874934214209716,0.028984206834540012,156.17360452206685,-123.24634272064722,0.09955234885702474,-1.2545720619470275,64.63545112659902,0.6062988709235164,0.015648942763692157,77.73457485229697,-69.53937811578558,0.35050866514997614,-0.7391202569801099,40.278190138113146,-0.40754952878141926,0.013335264070847855,78.4390296697699,-53.70696460486164,-0.2509563162929514,-0.5154518049669178,24.357260988485873,False
2025-12-04,684.3900146484375,0.0,0.0383,0.14374330719452702,680.0,2026-01-02,13.0,O:SPY260102C00680000,8.16,O:SPY260102P00680000,0.11931241809053585,0.14193512629759858,0.13065574753433465,-0.013087559660192372,0.2174705626058746,0.02996556642927178,151.71071787489092,-123.85077518519239,0.10639556793952157,-1.4226816737735626,78.64280680381421,0.6166618223684133,0.0161954295471757,75.42306928386672,-69.65957717296844,0.34086432803654204,-0.8392184570689191,49.1974309307101,-0.39919125976253866,0.013770136882096079,76.28764859102418,-54.19119801222396,-0.23446876009702047,-0.5834632167046434,29.445375873104105,False
2025-12-05,685.6900024414062,0.0,0.0382,0.1374655079950692,680.0,2026-01-02,13.51,O:SPY260102C00680000,7.22,O:SPY260102P00680000,0.11897867320275889,0.13897502088924796,0.129014839207381,-0.008450668787688215,0.2606708759554368,0.03045714273338071,145.7894075375419,-124.56799256949985,0.1254042964843548,-1.755022437319408,114.05133987875175,0.6390099942493804,0.01629321569608688,72.33708737845353,-70.44313088628189,0.3370260035848736,-1.0143863660358543,69.72182390381408,-0.3783391182939436,0.014163927037293831,73.45232015908837,-54.12486168321796,-0.2116217071005188,-0.7406360712835539,44.329515974937664,False
2025-12-08,683.6300048828125,0.0,0.0382,0.13826396423325268,680.0,2026-01-02,12.0,O:SPY260102C00680000,8.64,O:SPY260102P00680000,0.11974888324623248,0.15034593419155165,0.13509005177468061,-0.00317391245857207,0.1916819364814426,0.03093070736761521,145.39188477063612,-134.51032841554917,0.08323773572550738,-1.210817387903131,56.41391260945208,0.6048614783293034,0.017130977800015393,72.28512164043525,-72.74071804627795,0.30271935128136856,-0.7494894419987257,37.4166229842284,-0.41317954184786077,0.013799729567599816,73.10676313020087,-61.769610369271234,-0.21948161555586118,-0.4613279459044052,18.99728962522369,False
2025-12-09,683.0399780273438,0.0,0.0381,0.12704987751309002,680.0,2026-01-02,11.2,O:SPY260102C00680000,8.3,O:SPY260102P00680000,0.11761018287456977,0.14559450304843055,0.1316334681399166,0.004583590626826589,0.17729832510855292,0.03273659961553223,142.01427454310465,-134.75953320923222,0.07257274577601622,-1.143651618597801,47.73371424254112,0.5964641951490567,0.018035706664958896,70.68744751978964,-73.2905041456986,0.28300635053478634,-0.7005379151909629,31.229808784474123,-0.41916587004050376,0.01470089295057333,71.326827023315,-61.46902906353362,-0.21043360475877013,-0.44311370340683814,16.503905458066995,False
2025-12-10,687.5700073242188,0.0,0.0379,0.1289419220232967,680.0,2026-01-02,13.5,O:SPY260102C00680000,5.65,O:SPY260102P00680000,0.11306721112310368,0.13558431462369613,0.12441706250160933,-0.00452485952168738,0.34104234360226315,0.03279991023192629,129.1767061364187,-127.37075817918937,0.14526937594064945,-2.415267866203754,193.2284287342309,0.6839335297016492,0.01761840509879665,63.53097202695413,-70.55161347558749,0.30812647200182974,-1.4138453781908384,120.87342941526398,-0.34289118609938607,0.015181505133129639,65.64573410946456,-56.81914470360188,-0.1628570960611803,-1.001422488012916,72.35499931896692,False
2025-12-11,689.1699829101562,0.0,0.0377,0.1291298356487738,680.0,2026-01-02,14.25,O:SPY260102C00680000,4.53,O:SPY260102P00680000,0.11165683584730428,0.12958257728573963,0.12070988366827369,-0.00841995198050012,0.4088582203511356,0.033083906333054275,119.85516881362977,-123.934238832988,0.1669795636394079,-2.926203025576099,275.6962498355161,0.7174388826075155,0.01743740787691401,58.71369213341047,-69.72987035162575,0.30488085235917556,-1.6567108456989903,165.49672862009484,-0.3085806622563799,0.015646498456140263,61.1414766802193,-54.20436848136225,-0.13790128871976765,-1.2694921798771088,110.19952121542124,False
2025-12-12,681.760009765625,0.0,0.037599999999999995,0.1202611658421961,680.0,2026-01-02,8.86,O:SPY260102C00680000,7.27,O:SPY260102P00680000,0.10725266474026493,0.13314019490860604,0.12021535375714304,-4.581208505305412e-05,0.14366036766826717,0.03970309315595881,130.53957861855562,-134.91740522208147,0.04869755575264942,-1.0155331086381096,31.21918552293858,0.5782426795994013,0.021931259825737525,65.076687080422,-73.11868288737266,0.22938258029201722,-0.6246369075102859,20.509324636691353,-0.43458231193113417,0.017771833330221285,65.46289153813362,-61.7987223347088,-0.1806850245393678,-0.3908962011278237,10.709860886247226,False
2025-12-15,680.72998046875,0.0,0.0377,0.12049110577826112,680.0,2026-01-02,7.9,O:SPY260102C00680000,7.36,O:SPY260102P00680000,0.10592293831017041,0.13132432377175146,0.11863231864646077,-0.001858787131800349,0.10230120042123403,0.042049265264743174,126.95916363599596,-137.61342089833812,0.030210830091486784,-0.6886549938367086,14.491525684982658,0.5554128337227118,0.02324688789933205,63.391655255742336,-74.3876920142485,0.20565898191786366,-0.4266424527225427,9.539084625782323,-0.45311163330147775,0.01880237736541112,63.56750838025362,-63.225728884089634,-0.17544815182637688,-0.2620125411141659,4.952441059200336,False
2025-12-16,678.8699951171875,0.0,0.037599999999999995,0.1154068259331824,680.0,2026-01-02,6.38,O:SPY260102C00680000,8.1,O:SPY260102P00680000,0.10220110811307691,0.1332227591225735,0.1177118603400886,0.0023050344069062007,0.01906256090473668,0.04472445094998029,122.99121166612974,-140.2626759613836,-0.0007939282472853582,0.01673799984782824,-0.0627703645057002,0.5093819201782044,0.02530907811522605,61.49615610281219,-73.67826065324032,0.17509973498549003,-0.0011956330701493251,0.0043358838846077824,-0.4903193592734677,0.019415372834754238,61.49505556331754,-66.58441530814328,-0.1758936632327754,0.017933632917977567,-0.06710624839030799,False
2025-12-17,671.4000244140625,0.0,0.0373,0.11855147777409773,680.0,2026-01-02,4.1,O:SPY260102C00680000,12.14,O:SPY260102P00680000,0.12252819548419952,0.1344086408702081,0.12848939093276857,0.009937913158670833,-0.2941253279074759,0.03954159654514999,108.84452987884865,-138.89883821106343,-0.10176940587517476,2.353159451494572,130.66851646374678,0.34597189396615446,0.020545303437037466,54.03709679891422,-78.03253414921623,0.10865978002640743,1.2731509192367443,73.90714520188101,-0.6400972218736304,0.018996293108112527,54.80743307993442,-60.86630406184721,-0.2104291859015822,1.0800085322578281,56.76137126186578,False
2025-12-18,676.469970703125,0.0,0.0371,0.12049058167233032,680.0,2026-01-02,4.33,O:SPY260102C00680000,9.0,O:SPY260102P00680000,0.09664703390674866,0.1367561369509895,0.11673969758972526,-0.0037508840826050577,-0.11076630451690073,0.04931287471633902,111.63509337031496,-146.05580047590107,-0.03852622486054977,1.1690350008380268,24.44629385529952,0.4335032873429303,0.028799660651784943,55.59875797801279,-72.26948966013529,0.1261167268640629,0.7638186710135282,18.078027401631488,-0.544269591859831,0.02051321406455408,56.03633539230216,-73.78631081576577,-0.16464295172461266,0.4052163298244986,6.3682664536680305,False
2025-12-19,680.5900268554688,1.993,0.0371,0.10500531377692846,680.0,2026-01-02,6.4,O:SPY260102C00680000,4.62,O:SPY260102P00680000,0.10307977629338227,0.09954640928180696,0.10131329676434399,-0.003692017012584467,0.10030568836965248,0.05764593997475348,107.31850191134441,-139.12131519416107,0.02271708378621347,-0.8276835779006682,14.152267366442059,0.54942219626065,0.02832706397071103,53.67173709008203,-83.34454023891612,0.14584574099524855,-0.3981348947597938,6.704138164340927,-0.44911650789099755,0.029318876004042448,53.64676482126237,-55.776774955244946,-0.12312865720903508,-0.4295486831408744,7.448129202101132,False
2025-12-22,684.8300170898438,0.0,0.037200000000000004,0.10210892928768571,680.0,2026-01-02,8.46,O:SPY260102C00680000,2.4,O:SPY260102P00680000,0.0989617040100224,0.09186692762059188,0.09542866051942109,-0.006680268768264622,0.36578125603862577,0.0577525653530291,92.19820077461642,-132.11001688315235,0.08558499422288444,-3.4258759901646876,211.49986220595957,0.6768271054558183,0.028036339493963353,46.47249820733853,-81.31388304771087,0.16251839935577764,-1.597049764234722,94.83918509927314,-0.3110458494171925,0.029716225859065745,45.725702567277885,-50.79613383544147,-0.07693340513289319,-1.8288262259299657,116.66067710668645,False
2025-12-23,687.9600219726562,0.0,0.0371,0.09101859048723723,680.0,2026-01-02,10.24,O:SPY260102C00680000,1.54,O:SPY260102P00680000,0.09446627938290823,0.09612023670411822,0.0952953017950058,0.004276711307768563,0.5547374861980607,0.051044255916654735,73.0820681637742,-123.41300607238344,0.1174149883155155,-4.670095406485505,437.02421005125905,0.7792996624199799,0.02561742872984207,36.36036188129787,-73.60895081500402,0.166948258057693,-2.3644910026395176,223.12101918097486,-0.2245621762219192,0.025426827186812665,36.721706282476326,-49.80405525737942,-0.0495332697421775,-2.305604403845987,213.9031908702842,False
2025-12-24,690.3800048828125,0.0,0.037200000000000004,0.08646443373278338,680.0,2026-01-02,11.34,O:SPY260102C00680000,0.87,O:SPY260102P00680000,0.06739406373737998,0.09514649875707161,0.08294118797183037,-0.003523245760953017,0.7740833034765049,0.03955001411391695,43.17945743413779,-85.31969813852504,0.14505600967605917,-5.486771522587829,792.802384529085,0.9259591601053443,0.018075939434339102,16.12859105308928,-42.924244530131666,0.1744232470763368,-2.984849989075476,496.7410555512239,-0.1518758566288394,0.021474074679577845,27.050866381048507,-42.39545360839338,-0.029367237400277628,-2.5019215335123532,296.06132897786114,False
2025-12-26,690.3099975585938,0.0,0.037000000000000005,0.08380562407345804,680.0,2026-01-02,11.13,O:SPY260102C00680000,0.55,O:SPY260102P00680000,0.08257399539522815,0.09571085664823498,0.08952347660064697,0.005717852527188927,0.7939842112537558,0.041068781820532696,34.72596840092977,-98.52869584549936,0.10643159502621949,-5.005169879500798,619.4856211293957,0.9135084332914998,0.019634388921098957,15.329164261558214,-54.8184547076372,0.12291150880063689,-2.5793931688082203,341.7752228394083,-0.11952422203774393,0.021434392899433743,19.396804139371557,-43.710241137862155,-0.016479913774417397,-2.4257767106925776,277.71039828998744,False
2025-12-29,687.8499755859375,0.0,0.0369,0.08325629007010178,680.0,2026-01-02,8.97,O:SPY260102C00680000,0.57,O:SPY260102P00680000,0.09740174510995875,0.08994675911231967,0.09375173788666726,0.010495447816565473,0.6964559589596859,0.05784215820354603,40.69531073458447,-137.60559965884443,0.07452654196303157,-5.102020286518075,455.96782988226187,0.8387179764314154,0.02897587695638389,21.195820343541172,-85.98912650236605,0.09014954597013243,-2.453149251548487,210.29679505721015,-0.1422620174717295,0.028866281247162145,19.49949039104329,-51.61647315647839,-0.015623004007100864,-2.6488710349695874,245.67103482505175,False
2025-12-30,687.010009765625,0.0,0.0365,0.08147085430106275,680.0,2026-01-02,8.23,O:SPY260102C00680000,0.41,O:SPY260102P00680000,0.11427596946569295,0.08620181951240746,0.10118031055033208,0.019709456249269328,0.6792444706994469,0.06426334859803476,36.18589069783164,-172.0117109770926,0.05452473219624688,-4.777632165425821,366.14558058727494,0.8061071246586402,0.032075045690031334,20.59534358565889,-118.76265861948019,0.0649492456647467,-2.0464809250783937,132.48411528858412,-0.12686265395919327,0.03218830290800342,15.590547112172754,-53.249052357612406,-0.010424513468499826,-2.7311512403474274,233.66146529869084,False
2025-12-31,681.9199829101562,0.0,0.0374,0.08594987117478184,680.0,2026-01-02,3.6,O:SPY260102C00680000,0.78,O:SPY260102P00680000,0.09880137006315473,0.06716748210738285,0.08326089130043983,-0.0026889798743420096,0.339787334470531,0.14756674420426016,43.85691735437532,-239.37985045290668,0.018041886771050248,-4.0052803506249335,114.15182410662968,0.639998316249739,0.06233009922364863,22.727783008902716,-157.65652805488895,0.0343514000698057,-1.3239830813721203,28.831309332995566,-0.300210981779208,0.08523664498061154,21.129134345472604,-81.72332239801771,-0.016309513298755452,-2.681297269252813,85.3205147736341,True
2026-01-02,683.1699829101562,0.0,0.037200000000000004,0.08528181679536793,682.0,2026-02-06,12.97,O:SPY260206C00682000,9.13,O:SPY260206P00682000,0.1288597645509239,0.12700011248827023,0.12792999951019884,0.04264818271483091,0.12261173436457562,0.02864330211260343,169.65620774538309,-111.6827323059073,0.06117525443495214,-0.7025975882703187,23.32690043885195,0.560979260240527,0.014219388287357672,84.83894653924823,-68.87312637470237,0.3673355075709057,-0.3453348663828569,11.402833603555765,-0.4383675258759514,0.014423913825245759,84.81726120613484,-42.80960593120493,-0.3061602531359536,-0.35726272188746183,11.924066835296186,False
2026-01-05,687.719970703125,0.0,0.0371,0.08852697077126655,682.0,2026-02-06,15.5,O:SPY260206C00682000,7.33,O:SPY260206P00682000,0.13024094180059964,0.1296877958778204,0.12996439802646642,0.041437427255199874,0.24829449902369982,0.027514606137345528,161.0718995794382,-115.38957915653127,0.14088293866126278,-1.6133823373899692,108.33841075124208,0.6239241425012404,0.013730585752451396,80.5509312723598,-70.42190999746589,0.3938905647637385,-0.803158649555186,53.83133731926254,-0.3756296434775406,0.013784020384894133,80.52096830707838,-44.96766915906538,-0.25300762610247574,-0.8102236878347832,54.50707343197954,False
2026-01-06,691.8099975585938,0.0,0.037000000000000005,0.09066292732097037,682.0,2026-02-06,18.28,O:SPY260206C00682000,5.91,O:SPY260206P00682000,0.13551619791080505,0.13204401186076845,0.13378225715085867,0.04311932982988831,0.35246981762546936,0.025707569141661397,150.2084276086576,-118.21576203286921,0.2004761628742835,-2.239701185077318,214.08014728802635,0.6742912846983435,0.012718759789544017,75.28993748741837,-72.47818262581305,0.40907275382863767,-1.092149298212495,103.12712266714296,-0.3218214670728742,0.01298880935211738,74.9184901212392,-45.73757940705616,-0.20859659095435418,-1.147551886864823,110.95302462088341,False
2026-01-07,689.5800170898438,0.0,0.037000000000000005,0.09077724239179621,682.0,2026-02-06,19.25,O:SPY260206C00682000,6.77,O:SPY260206P00682000,0.17116880399802487,0.13597584185805942,0.15367291950322692,0.06289567711143071,0.2672393398659568,0.02432907239821574,153.2738116252347,-140.84694703285217,0.1381660312754207,-1.4886617847013466,106.01753999086722,0.6208464674481095,0.010910125365842314,77.52572438424556,-91.12913892348645,0.3569528963463016,-0.5715809072444855,35.83501085074236,-0.3536071275821526,0.013418947032373424,75.74808724098915,-49.71780810936571,-0.2187868650708809,-0.917080877456861,70.18252914012487,False
2026-01-08,689.510009765625,0.0,0.037000000000000005,0.09067144340888504,682.0,2026-02-06,16.26,O:SPY260206C00682000,6.86,O:SPY260206P00682000,0.13672790515176847,0.13955652245642913,0.13814310233965515,0.047471658930770114,0.2900457849159237,0.027081000239573823,148.20099332437883,-129.38264032984637,0.14739122665821486,-1.7899946000416183,132.53543842554237,0.6462884525513456,0.01366201057289904,74.00680946019986,-76.59918336426857,0.35780196435840794,-0.9132905118529043,68.2275333185759,-0.3562426676354219,0.013418989666674784,74.19418386417898,-52.783456965577784,-0.21041073770019308,-0.8767040881887139,64.30790510696647,False
2026-01-09,694.0700073242188,0.0,0.037000000000000005,0.09065459423474219,682.0,2026-02-06,19.63,O:SPY260206C00682000,4.72,O:SPY260206P00682000,0.14531821686955307,0.13283755234596092,0.13911614421457053,0.048461549979828336,0.4130101431266866,0.02534632150729326,134.5777812890509,-127.68621785475845,0.2081809151308855,-2.502572430942262,266.77008959615193,0.6987193852630635,0.01226005662187401,68.11590741633162,-79.57765414635814,0.3693096578151651,-1.1501501167350623,117.10556188836844,-0.28570924213637694,0.013086264885419249,66.4618738727193,-48.10856370840031,-0.16112874268427962,-1.3524223142071996,149.66452770778346,False
2026-01-12,695.1599731445312,0.0,0.0371,0.09049044933601645,682.0,2026-02-06,19.15,O:SPY260206C00682000,4.4,O:SPY260206P00682000,0.1305991955782355,0.13560585215784207,0.13311097850352524,0.04262052916750879,0.46337445015263257,0.025950854844004376,125.82359353184302,-122.1529945395472,0.22511182683154154,-2.8807275771801253,339.9934062306638,0.7352913317520126,0.01313180460021573,62.486685589074064,-72.37141671650025,0.37094868834319755,-1.4865041818653508,178.44568617786337,-0.27191688159938,0.012819050243788646,63.336907942768946,-49.781577823046945,-0.145836861511656,-1.3942233953147745,161.54772005280043,False
2026-01-13,693.77001953125,0.0,0.037200000000000004,0.08095287882344113,682.0,2026-02-06,19.15,O:SPY260206C00682000,5.04,O:SPY260206P00682000,0.1305991955782355,0.14277827290586503,0.14690277387797834,0.06594989505453722,0.42473199406285955,0.026938560964998914,126.41554653662553,-131.1376531479987,0.1941262543996734,-2.6209048372624277,273.26022488407085,0.7203239045270173,0.013893395161302722,62.38093950239681,-74.95459532257931,0.34420682975395783,-1.4140118304101952,153.0634913338932,-0.2955919104641578,0.013045165803696192,64.03460703422871,-56.18305782541939,-0.15008057535428443,-1.2068930068522326,120.19673355017764,False
2026-01-14,690.3599853515625,0.0,0.037200000000000004,0.08316152091725394,682.0,2026-02-06,16.0,O:SPY260206C00682000,6.3,O:SPY260206P00682000,0.14341096277916707,0.14901751229482724,0.14621824876070025,0.0630567278434463,0.3152718618135052,0.028033572163817723,131.74431899250152,-150.04694916160054,0.13178445731576546,-1.8507119719068696,134.82768353893744,0.6602282886909118,0.014245373931434527,65.68342754345493,-86.17715592058636,0.29668723250235635,-0.9600067301821795,71.10740320783776,-0.3449564268774066,0.013788198232383196,66.06089144904658,-63.86979324101417,-0.16490277518659088,-0.89070524172469,63.72028033109969,False
2026-01-15,692.239990234375,0.0,0.0375,0.08241281949857955,682.0,2026-02-06,16.84,O:SPY260206C00682000,5.05,O:SPY260206P00682000,0.14186770210793107,0.14303769188078563,0.14245297320485117,0.06004015370627162,0.3825544704950481,0.02834556903134655,122.85222842490225,-146.9278657703326,0.15424095423467207,-2.2920943276991586,199.69862493016865,0.691947649536683,0.014217510080144385,61.36770615288786,-85.89127049334039,0.2934310058145854,-1.154734420338011,100.98672920877549,-0.3093931790416349,0.014128058951202165,61.48452227201438,-61.03659527699221,-0.13919005157991335,-1.1373599073611476,98.71189572139315,False
2026-01-16,691.6599731445312,0.0,0.0375,0.06971540370013196,682.0,2026-02-06,15.93,O:SPY260206C00682000,4.81,O:SPY260206P00682000,0.139114037995292,0.14013170330080615,0.13962308617234231,0.06990768247221035,0.37971927842232556,0.029953356890276422,119.08954054481418,-148.743585046861,0.14398608685478947,-2.332143514796182,194.9870872284984,0.6904529624123665,0.015018781813849245,59.495164571542794,-86.83462111581947,0.2747789746664877,-1.1739131080629874,98.47999580558344,-0.310733683990041,0.014934575076427179,59.59437597327139,-61.90896393104153,-0.13079288781169823,-1.1582304067331943,96.50709142291498,False
2026-01-20,677.5800170898438,0.0,0.0375,0.10095386327638906,682.0,2026-02-06,8.55,O:SPY260206C00682000,11.27,O:SPY260206P00682000,0.16291488086167621,0.15665821724658102,0.15978702960684893,0.058833166330459874,-0.08581017750709208,0.03227072314923499,122.08125629563293,-186.1447928552061,-0.040219142858833046,0.715599102890485,11.877562203162668,0.4582134917546149,0.015824361918530632,61.059177910307774,-107.73596996217313,0.15575563382779986,0.3456664202911386,5.582280496722521,-0.544023669261707,0.016446361230704355,61.02207838532516,-78.40882289303298,-0.1959747766866329,0.3699326825993464,6.295281706440148,False
2026-01-21,685.4000244140625,0.0,0.0375,0.10692029194132462,682.0,2026-02-06,11.21,O:SPY260206C00682000,6.39,O:SPY260206P00682000,0.1464319328925633,0.14293518530030022,0.14468404231369497,0.037763750372370355,0.18181952795426615,0.035914514896552764,116.22447495504653,-180.57998428206884,0.05096148042799975,-1.065437399215674,36.643039573314894,0.5899786511099115,0.017750151237678986,58.14425217867987,-104.14239176801964,0.1872197056545267,-0.5191145906183438,17.662823480351644,-0.4081591231556454,0.018164363658873778,58.080222776366654,-76.43759251404921,-0.13625822522652695,-0.5463228085973304,18.980216092963254,False
2026-01-22,688.97998046875,0.0,0.0379,0.10624658742019126,682.0,2026-02-06,12.75,O:SPY260206C00682000,4.71,O:SPY260206P00682000,0.1411138994787482,0.14239142038063823,0.14175289205312724,0.035506304632935984,0.3214881323350234,0.035884406297774216,105.39861903047829,-178.87066089139827,0.08906459359159964,-1.9881122612944147,118.62572654944165,0.6613790079307486,0.0180101557181237,52.66142552293524,-101.90862459022702,0.1933411053822322,-1.0026448265698276,60.07347840538841,-0.3398908755957252,0.01787425057965052,52.73719350754305,-76.96203630117125,-0.10427651179063256,-0.9854674347245872,58.55224814405325,False
2026-01-23,689.22998046875,0.0,0.0378,0.10505899873031416,682.0,2026-02-06,12.7,O:SPY260206C00682000,4.6,O:SPY260206P00682000,0.1450581884790938,0.14810255891110966,0.14658171461150055,0.04152271588118639,0.33073676023523657,0.03619209402519315,99.99503586775876,-192.64819771917658,0.08359273444334514,-1.9777099358559718,116.01207223168565,0.666873328211428,0.018252025244364617,49.90925535707251,-108.11472138649128,0.17735281388027496,-1.00839885228274,59.713345905587964,-0.3361365679761914,0.017940068780828534,50.08578051068624,-84.5334763326853,-0.09376007943692982,-0.9693110835732316,56.298726326097686,False
2026-01-26,692.72998046875,0.0,0.0377,0.10587258289480381,682.0,2026-02-06,15.24,O:SPY260206C00682000,2.98,O:SPY260206P00682000,0.15684268331349188,0.14268648740515974,0.14982468588054187,0.04395210298573807,0.4610395347455827,0.03373138581025932,86.45533234098804,-192.77073177048732,0.10755568139272076,-2.5930057447564314,209.3888949420396,0.7213683734694074,0.0163554021345663,43.963820559838226,-114.80030111671178,0.1730262497372234,-1.1931980319960267,91.67902744652349,-0.26032883872382473,0.017375983675693017,42.49151178114981,-77.97043065377552,-0.06547056834450263,-1.399807712760405,117.70986749551612,False
2026-01-27,695.489990234375,0.0,0.0377,0.10671280516041631,682.0,2026-02-06,16.89,O:SPY260206C00682000,2.34,O:SPY260206P00682000,0.15775764209549795,0.15111568093860908,0.15445703155174856,0.047744226391332245,0.5583009847055315,0.031014390693962935,73.53577096675993,-192.82762676675142,0.1171627766351403,-2.85192880609552,272.09748072164496,0.7744166430409055,0.015364039586924661,37.21920032995393,-112.14633942072359,0.1656219122240815,-1.381008778981401,128.9433047513706,-0.21611565833537405,0.015650351107038274,36.316570636806,-80.68128734602783,-0.04845913558894121,-1.4709200271141194,143.15417597027434,False
2026-01-28,695.4199829101562,0.0,0.037599999999999995,0.10571207182476577,682.0,2026-02-06,16.25,O:SPY260206C00682000,2.13,O:SPY260206P00682000,0.1538231003265512,0.15418183882732245,0.15400252415835858,0.048290452333592804,0.583621663230431,0.032128287122040536,66.46712231414736,-198.8193070384583,0.10763393529713955,-2.9308129079492353,276.0744349414125,0.7920736802362023,0.01607088568831544,33.20880159934183,-112.04903209304315,0.1484927403259566,-1.467783928752633,138.41686503154438,-0.20845201700577132,0.016057401433725096,33.25832071480552,-86.77027494541514,-0.04085880502881706,-1.463028979196602,137.65756990986813,False
2026-01-29,694.0399780273438,0.0,0.037200000000000004,0.10591798348671377,682.0,2026-02-06,14.39,O:SPY260206C00682000,2.27,O:SPY260206P00682000,0.14389019115295848,0.16070639959718017,0.1524405433356762,0.04652255984896242,0.5738397135787497,0.03565237688889676,62.20036713174181,-213.5021921090617,0.09085897671509877,-2.954984923523073,253.1138024027615,0.7993159366630691,0.018205341028559804,30.043442372200253,-110.88375038481438,0.12865886074251054,-1.5928277104751316,143.14755595336277,-0.22547622308431936,0.017447035860336954,32.15692475954155,-102.61844172424733,-0.03779988402741177,-1.3621572130479416,109.96624644939872,False
2026-01-30,691.969970703125,0.0,0.037200000000000004,0.10263176340504229,682.0,2026-02-06,12.5,O:SPY260206C00682000,2.6,O:SPY260206P00682000,0.15098319470786029,0.1696540338549454,0.1604428118214011,0.05781104841635881,0.508812645952909,0.04033152659980424,61.31600864921896,-260.63974518997253,0.06686172057805831,-2.6245099437821686,177.14787703599228,0.7666142993852845,0.02080206263676476,29.838636206361002,-132.79797759153055,0.10277263378695077,-1.43243557291602,101.60723837607931,-0.2578016534323755,0.019529463963039482,31.477372442857952,-127.84176759844196,-0.03591091320889246,-1.1920743708661488,75.54063865991296,True
2026-02-02,695.4099731445312,0.0,0.037200000000000004,0.10366960574017459,692.0,2026-03-06,15.25,O:SPY260306C00692000,8.54,O:SPY260306P00692000,0.14189539324490455,0.13168818282400319,0.13679556830599904,0.03312596256582445,0.17549047404078144,0.026553834306105556,167.0701701694329,-123.64406185068853,0.09356935794268595,-1.02482148257639,48.89187716169931,0.5851378578263725,0.01280126001303193,83.65916879403659,-76.89174405078543,0.3730101923779868,-0.4705095406301236,21.715240376300834,-0.40964738378559107,0.013752574293073624,83.41100137539631,-46.752317799903096,-0.2794408344353009,-0.5543119419462663,27.17663678539848,False
2026-02-03,689.530029296875,0.0,0.037200000000000004,0.10639603495662427,692.0,2026-03-06,11.8,O:SPY260306C00692000,11.93,O:SPY260306P00692000,0.14273481397638227,0.1428016071497795,0.14276820640861987,0.0363721714519956,0.013867834867746232,0.02682416007488101,166.18479625102987,-129.44966347675472,-0.01293084772219244,0.14388615898140836,-0.5209863059122235,0.5069315147806243,0.013415218818609607,83.09240682509719,-77.53725127064321,0.30825887109041433,0.07194855618639627,-0.2604227112209036,-0.49306367991287803,0.013408941256271404,83.0923894259327,-51.912412206111526,-0.3211897188126068,0.07193760279501209,-0.2605635946913199,False
2026-02-04,686.1900024414062,0.0,0.037200000000000004,0.10549287185366496,692.0,2026-03-06,10.97,O:SPY260306C00692000,13.03,O:SPY260306P00692000,0.15629281176965787,0.13758046225176426,0.14694075503870846,0.0414478831850435,-0.07820643978295339,0.02675986247367918,160.98482565880602,-132.59468465446443,-0.06780232128266533,0.7703464110258871,15.484297727853932,0.4644762913950573,0.01253976177924768,80.56366280565537,-83.56333936694243,0.2686697510150672,0.3440950037601568,6.220383932457636,-0.5426827311780107,0.014220100694431503,80.42116285315063,-49.03134528752201,-0.3364720722977325,0.42625140726573024,9.263913795396295,False
2026-02-05,677.6199951171875,0.0,0.037200000000000004,0.11361237795588774,692.0,2026-03-06,7.0,O:SPY260306C00692000,20.19,O:SPY260306P00692000,0.1543323465331608,0.1673587222825492,0.16086508961468934,0.0472527116588016,-0.2832915440040145,0.0237733993174361,146.11155682920872,-132.89016693962077,-0.18262834555397262,1.905951871620279,135.7375903133327,0.35216315652091684,0.012296629052897074,72.61631572157283,-75.85901843757831,0.19302733033510655,1.0199697542163164,75.71461151868853,-0.6354547005249314,0.011476770264539027,73.49524110763588,-57.03114850204247,-0.37565567588907917,0.8859821174039626,60.02297879464418,False
2026-02-06,690.6199951171875,0.0,0.037200000000000004,0.13407979357152452,692.0,2026-03-06,11.55,O:SPY260306C00692000,10.93,O:SPY260306P00692000,0.14459268952497628,0.1451089114565884,0.14485080032087866,0.010771006749354134,0.03496400699283675,0.028284559320453154,155.08746190282082,-141.58862751169778,0.0013228907449763794,-0.016663049633681173,0.1421117670285758,0.517484153848673,0.01416747657297641,77.54371261207109,-83.50225838420242,0.2744721458763432,-0.008561289284479133,0.0730241819118847,-0.4825201468558362,0.014117082747476745,77.54374929074973,-58.086369127495345,-0.27314925513136684,-0.00810176034920204,0.0690875851166911,False
2026-02-09,693.9500122070312,0.0,0.037200000000000004,0.13307505431983063,692.0,2026-03-06,13.0,O:SPY260306C00692000,8.8,O:SPY260306P00692000,0.14440954784069376,0.1402526426488938,0.1423314007095992,0.009256346389768577,0.12974877947005525,0.029035689502585976,150.0205069774277,-144.14045021930247,0.05145016566844257,-0.6876689744752242,21.41101996793841,0.564160090758548,0.014310143483156113,75.03248535475609,-85.93601797656083,0.28537615617078055,-0.3323183257707904,10.228197717900905,-0.43441131128849275,0.014725546019429861,74.9880216226716,-58.20443224274162,-0.23392599050233798,-0.3553506487044338,11.182822250037507,False
2026-02-10,692.1199951171875,0.0,0.037200000000000004,0.13326485797270277,692.0,2026-03-06,11.58,O:SPY260306C00692000,9.33,O:SPY260306P00692000,0.14348759694770902,0.13949008491418027,0.14148891628086563,0.008224058308162863,0.07471230705515464,0.03035827088405384,146.94261189524792,-146.6810868889611,0.021999915424442518,-0.3143567114763934,5.454645468742061,0.5370421590958574,0.014965830940386154,73.47675257417684,-87.19739394368906,0.2572268689508236,-0.1512507947290296,2.6015174290961243,-0.46232985204070276,0.015392439943667686,73.46585932107108,-59.48369294527204,-0.23522695352638107,-0.16310591674736377,2.853128039645937,False
2026-02-11,691.9600219726562,0.0,0.0371,0.13309334548936422,692.0,2026-03-06,11.07,O:SPY260306C00692000,9.09,O:SPY260306P00692000,0.14248258005320424,0.13842008467972267,0.14045140030533074,0.007358054815966519,0.06795936710231965,0.031500700179210396,142.87820687492615,-149.7319300099727,0.018123325698702786,-0.27636714920657,4.2371090224880295,0.5336991590115115,0.015523511692368751,71.44340287340759,-88.73789352859542,0.2416620710531232,-0.1327030172884279,2.017030434520499,-0.4657397919091919,0.015977188486841643,71.43480400151857,-60.99403648137728,-0.22353874535442042,-0.14366413191814215,2.220078587967531,False
2026-02-12,681.27001953125,0.0,0.037200000000000004,0.14303201737484475,692.0,2026-03-06,6.82,O:SPY260306C00692000,15.8,O:SPY260306P00692000,0.1561237883607294,0.1543185950326726,0.15522149740159513,0.012189480026750382,-0.2507409825458266,0.02845374825488732,130.14739912750196,-151.89243349285988,-0.12282051687382842,1.7522535282864662,96.14693360912372,0.37542025408700636,0.01415363116531439,65.1170851271774,-89.32048075900676,0.1580587706884329,0.867077385322645,47.26322719083294,-0.626161236632833,0.014300117089572928,65.03031400032454,-62.571952733853124,-0.2808792875622613,0.8851761429638212,48.88370641829077,False
2026-02-13,681.75,0.0,0.037200000000000004,0.14258426685173242,692.0,2026-03-06,6.06,O:SPY260306C00692000,15.78,O:SPY260306P00692000,0.1468989713021686,0.1627601101243484,0.15485251839682457,0.012268251545092146,-0.24980250221274009,0.029515078405785274,126.13253280172151,-156.9450570213694,-0.11437074754972304,1.7523411859569369,93.29642414321992,0.3681800839452681,0.015427900012485648,62.69986151459318,-86.4805992481146,0.14580165013671864,0.9559240947096389,53.53129700415783,-0.6179825861580082,0.014087178393299624,63.432671287128336,-70.46445777325478,-0.2601723976864417,0.7964170912472979,39.76512713906209,False
2026-02-17,682.8499755859375,0.0,0.037200000000000004,0.14282378768267512,692.0,2026-03-06,5.74,O:SPY260306C00692000,13.88,O:SPY260306P00692000,0.1466127488094128,0.15199815805569916,0.14930819275602703,0.0064844050733519065,-0.250328255705366,0.03275496414881399,117.6036598622662,-163.10347655315184,-0.09830303027219955,1.7936998514154943,88.82271556165492,0.37242221767933137,0.016639589966914406,58.68238609657085,-92.63535039689229,0.1282297829067421,0.9258163943258112,46.73033991975758,-0.6227504733846974,0.016115374181899587,58.92127376569534,-70.46812615625956,-0.22653281317894167,0.8678834570896832,42.092375641897334,False
2026-02-18,686.2899780273438,0.0,0.0371,0.12335733925903242,692.0,2026-03-06,6.06,O:SPY260306C00692000,12.17,O:SPY260306P00692000,0.13525991610190752,0.16286752209096356,0.1490894397467375,0.02573210048770508,-0.14743151369529067,0.03541364800076027,117.42202269783179,-179.41915931004536,-0.05686227156880291,1.1664598542804234,33.05974569761104,0.4183542047496129,0.01928051502430971,58.490288487718345,-93.49665114831693,0.1338344276120246,0.6803494256541647,21.000027549592694,-0.5657857184449036,0.016133132976450564,58.93173421011345,-85.92250816172842,-0.19069669918082752,0.48611042862625875,12.05971814801835,False
2026-02-19,684.47998046875,0.0,0.037200000000000004,0.11687776063728128,692.0,2026-03-06,6.01,O:SPY260306C00692000,13.16,O:SPY260306P00692000,0.15428507389487123,0.1679320880717131,0.16111958872228863,0.044241828085007345,-0.20515173551753396,0.03353279732383206,110.30161221870955,-197.64446988344545,-0.06966328631436071,1.4104823573673477,52.644332029272036,0.3926266955528648,0.01742236959352323,54.97241048176959,-106.92458475303295,0.11468596198170168,0.7592001403698685,29.583316139361713,-0.5977784310703987,0.01611042773030883,55.329201736939964,-90.71988513041251,-0.1843492482960624,0.6512822169974793,23.061015889910326,False
2026-02-20,689.4299926757812,0.0,0.037200000000000004,0.11828673279807511,692.0,2026-03-06,7.26,O:SPY260306C00692000,9.13,O:SPY260306P00692000,0.14605051169922686,0.15191576986933128,0.1489833040826023,0.030696571284527185,-0.04849883766111701,0.038938250767146826,109.3769943824957,-203.46802484790993,-0.01977244178313009,0.48409144184212993,4.04756601965724,0.4750412073352214,0.01985025285687447,54.68257170133213,-112.54207428960613,0.12708240321183176,0.24998400323752673,2.149310861941981,-0.5235400449963384,0.01908799791027236,54.69442268116357,-90.9259505583038,-0.14685484499496185,0.23410743860460323,1.8982551577152587,False
2026-02-23,682.3900146484375,0.0,0.037200000000000004,0.12375525358345636,692.0,2026-03-06,4.35,O:SPY260306C00692000,13.47,O:SPY260306P00692000,0.15358310427033878,0.16264360714534207,0.15812499248981476,0.0343697389063584,-0.31740767674705717,0.03601341860957649,94.63406962927303,-200.79133843175717,-0.0837199389946253,2.0393790369691898,107.72154773966814,0.3366825178362076,0.018430106583866755,47.07372688925264,-109.6010423971037,0.08049956724218661,1.0708604118106222,58.21291370696362,-0.6540901945832648,0.017583312025709737,47.560342740020396,-91.19029603465347,-0.16421950623681192,0.9685186251585678,49.50863403270452,False
2026-02-24,687.3499755859375,0.0,0.037200000000000004,0.1252922969565891,692.0,2026-03-06,5.26,O:SPY260306C00692000,9.1,O:SPY260306P00692000,0.14309361959520872,0.14323392901870702,0.14316378265619278,0.017871485699603673,-0.16264005086062883,0.044558910811927394,95.67817788658388,-211.04517160720852,-0.040047820631226444,1.259374329343633,31.6596799101719,0.41863579906706927,0.02228985583829138,47.83797840646534,-118.32222657087722,0.08967914484702927,0.6302555738247123,15.852850355946627,-0.5812758499276981,0.02226905497363601,47.840199480118535,-92.7229450363313,-0.1297269654782557,0.6291187555189208,15.806829554225272,False
2026-02-25,693.1500244140625,0.0,0.0371,0.1283020405451975,692.0,2026-03-06,7.53,O:SPY260306C00692000,5.38,O:SPY260306P00692000,0.14245650710117655,0.1361740723392343,0.13931575018912554,0.011013709643928032,0.1015077430964374,0.049198099353140914,91.42841350190811,-231.4057165546547,0.015958359612642234,-0.5934335127999404,8.753536578395666,0.5498228565120534,0.024051780913569232,45.72792721533654,-131.11614203531298,0.10377214622631652,-0.2819456577478857,4.0784357259351385,-0.44831511341561603,0.02514631843957168,45.70048628657157,-100.28957451934173,-0.08781378661367428,-0.3114878550520547,4.6751008524605275,False
2026-02-26,689.2999877929688,0.0,0.0374,0.12973377289452995,692.0,2026-03-06,4.68,O:SPY260306C00692000,6.77,O:SPY260306P00692000,0.13321666996548906,0.13335756541889562,0.13328711632266643,0.003553343428136485,-0.10857655066121691,0.055759932809905224,84.07706655814283,-232.10687470338576,-0.02054567024889986,0.9315345283525407,13.524644503183884,0.4456789124411486,0.027894386172816872,42.038056889367915,-128.91805890010596,0.07203011164411124,0.46622210592219737,6.773038620801178,-0.5542554631023655,0.02786554663708835,42.03900966877492,-103.18881580327981,-0.0925757818930111,0.4653124224303433,6.751605882382706,False
2026-02-27,685.989990234375,0.0,0.0374,0.13057004168148237,692.0,2026-03-06,3.14,O:SPY260306C00692000,8.88,O:SPY260306P00692000,0.14090281952879893,0.14769373647719644,0.14430443931221965,0.013734397630737277,-0.2980471421599664,0.05320586052655579,71.65099024068351,-252.47168373812428,-0.04295185637692703,2.0729599689309657,76.73780241238975,0.3474602261107762,0.02713241230630262,35.695470644762956,-135.54274241617483,0.04666949149138197,1.0802489606185937,40.93727748349384,-0.6455073682707426,0.02607344822025317,35.955519595920556,-116.92894132194945,-0.089621347868309,0.9927110083123719,35.800524928895925,True
2026-03-02,686.3800048828125,0.0,0.0374,0.1303011302713049,686.0,2026-04-10,15.35,O:SPY260410C00686000,14.5,O:SPY260410P00686000,0.147020339425657,0.1738593960822313,0.16044395915344356,0.03014282888213865,0.09321436491467527,0.02136032477798601,184.5101002583589,-129.90204106685084,0.03927713536163663,-0.31573518858557553,8.699523571557853,0.5486840463674492,0.011566963841494755,92.19842519746416,-72.4052934563749,0.41573083310791886,-0.1951638544351243,5.559318613563134,-0.4554696814527739,0.009793360936491254,92.31167506089474,-57.496747610475936,-0.37645369774628223,-0.12057133415045125,3.140204957994719,False
2026-03-03,680.3300170898438,0.0,0.0375,0.1319789254772144,686.0,2026-04-10,12.75,O:SPY260410C00686000,17.89,O:SPY260410P00686000,0.15570211868678432,0.1813992971320022,0.1685529891207814,0.036574063643566995,-0.03660887795768253,0.020972959020475378,180.7456406054203,-135.0123788372257,-0.06171790951843381,0.48678992863314186,5.161391341024813,0.4785943694527848,0.01128213795819095,90.34054055158992,-75.02991538544794,0.34761346172101776,0.27013537772098467,3.288564381830127,-0.5152032474104673,0.009690821062284426,90.40510005383038,-59.982463451777754,-0.40933137123945157,0.2166545509121572,1.872826959194686,False
2026-03-04,685.1300048828125,0.0,0.0375,0.13193998613877822,686.0,2026-04-10,14.3,O:SPY260410C00686000,14.41,O:SPY260410P00686000,0.14930819109624355,0.17162803589871167,0.160468917350471,0.028528931211692782,0.06284834733387212,0.022209928898734528,178.37904990838558,-134.1188043272591,0.015374237695427118,-0.13301581991107775,2.3670857224401836,0.5321522886579826,0.01187567542333967,89.17664962157012,-75.27175938884315,0.3753144644214035,-0.08471472482411099,1.5328028416184554,-0.46930394132411046,0.010334253475394857,89.20240028681546,-58.847044938415976,-0.35994022672597636,-0.04830109508696677,0.8342828808217284,False
2026-03-05,681.3099975585938,0.0,0.0375,0.1323002057480171,686.0,2026-04-10,12.99,O:SPY260410C00686000,17.35,O:SPY260410P00686000,0.15998338628422756,0.1865548943372841,0.1732702224627137,0.040970016714696605,-0.02092931317962765,0.021158510505462864,174.5473339189562,-144.89483630604036,-0.046015202702150926,0.37989402708576814,2.23372238034497,0.48703123305430507,0.01138870809125977,87.25929049115774,-79.60858272951756,0.3289508116382091,0.20911040209334683,1.487893803640112,-0.5079605462339327,0.009769802414203095,87.28804342779848,-65.2862535765228,-0.37496601434036003,0.17078362499242128,0.745828576704858,False
2026-03-06,672.3800048828125,0.0,0.0375,0.1330696433282733,686.0,2026-04-10,10.52,O:SPY260410C00686000,23.82,O:SPY260410P00686000,0.18114603803836285,0.20825599146905355,0.1947341974042356,0.061664554075962275,-0.18728913390940005,0.018895794238146205,164.26353300886205,-155.23579872443094,-0.15899748886164466,1.198020081630904,60.75626600126667,0.39830018757462404,0.01005936547301863,81.72754899809944,-84.2636339434275,0.25524710522445526,0.6706511667336054,36.60823131331682,-0.5855893214840241,0.008836428765127574,82.5359840107626,-70.97216478100343,-0.4142445940860999,0.5273689148972984,24.148034687949846,False
2026-03-09,678.27001953125,0.0,0.0375,0.1169339558326737,686.0,2026-04-10,11.31,O:SPY260410C00686000,17.76,O:SPY260410P00686000,0.16453165221079324,0.1785918189889794,0.17156473573222764,0.054630779899553936,-0.09579543731399043,0.022093782059111722,165.80277970898112,-145.816952575073,-0.0895668315599667,0.8023646086913707,20.29526419765284,0.4492897381933232,0.01149013338186525,82.83053607983133,-82.55190199351603,0.27945691380911947,0.4286647138048124,11.436314133763965,-0.5450851755073136,0.01060364867724647,82.97224362914977,-63.26505058155697,-0.36902374536908616,0.37369989488655836,8.858950063888875,False
2026-03-10,677.1799926757812,0.0,0.0375,0.11498979292530925,686.0,2026-04-10,10.8,O:SPY260410C00686000,19.1,O:SPY260410P00686000,0.1682598949089326,0.19085564140327207,0.1795684942595661,0.06457870133425686,-0.11846238861838299,0.021561603916199455,161.41730928104198,-154.66997408745414,-0.10050667728213891,0.899209912556395,27.66777628058688,0.4357226636985424,0.01143866465967874,80.55480923893101,-84.91298538755657,0.2594460878919511,0.49764558492988104,16.475092932292835,-0.5541850523169254,0.010122939256520714,80.86250004211095,-69.75698869989758,-0.35995276517409003,0.40156432762651406,11.192683348294047,False
2026-03-11,676.3300170898438,0.0,0.0375,0.11486487427792136,686.0,2026-04-10,9.45,O:SPY260410C00686000,19.07,O:SPY260410P00686000,0.1599843477015911,0.1879699672515907,0.17400235440954565,0.05913748013162429,-0.14922511285782336,0.02268317607196877,156.6187378783883,-151.2485051423364,-0.11300790908119973,1.0912084881219526,41.61672226240431,0.41783582472067393,0.012212914639075452,78.02545004013119,-81.73562468041314,0.23845984247736607,0.6216183165602757,25.767456635450202,-0.5670609375784973,0.010470261432893316,78.59328783825711,-69.51288046192326,-0.3514677515585658,0.46959017156167693,15.849265626954109,False
2026-03-12,666.0599975585938,0.0,0.037599999999999995,0.1251224106287194,686.0,2026-04-10,7.0,O:SPY260410C00686000,24.39,O:SPY260410P00686000,0.18210897676591506,0.1761891378064508,0.17915539512261747,0.05403298449389807,-0.3716554152136414,0.020605982983002806,136.44747413471444,-136.1890536464938,-0.23244567079153014,2.123207519489889,197.71763146147504,0.31731340772312977,0.010176906168882402,68.51609160574905,-82.54792326669495,0.17029147297781408,1.0327704596358795,94.36817393800341,-0.6889688229367712,0.010429076814120402,67.93138252896539,-53.64113037979884,-0.4027371437693442,1.0904370598540096,103.34945752347163,False
2026-03-13,662.2899780273438,0.0,0.0375,0.11549296822661798,686.0,2026-04-10,5.02,O:SPY260410C00686000,26.82,O:SPY260410P00686000,0.17322561262586808,0.17533438222353262,0.17428136470168834,0.058788396475070365,-0.4721303593635332,0.020104986815639776,121.97423128815711,-121.00564799826178,-0.27343428994358404,2.5522122653658896,300.6202723813029,0.2625893630048606,0.010087190659440418,60.82864702463902,-72.71698814963982,0.13403992337674886,1.2876737664984552,152.65262357163817,-0.7347197223683938,0.01001779615619936,61.14558426351809,-48.28865984862196,-0.4074742133203329,1.2645384988674344,147.96764880966475,False
2026-03-16,669.030029296875,0.0,0.0375,0.12245239795939045,686.0,2026-04-10,5.32,O:SPY260410C00686000,22.52,O:SPY260410P00686000,0.15220146791912265,0.1850524187637269,0.1688122116602957,0.04635981370090525,-0.3550572372857149,0.023303773725975144,131.65071258600244,-137.5953176055495,-0.2000910763255262,2.1877140620821915,188.64320835225388,0.30474099889596384,0.012523014067756808,64.32384437544843,-72.3704080073932,0.1497085995621899,1.271293996571324,119.29715539310237,-0.6597982361816788,0.010780759658218337,67.32686821055401,-65.2249095981563,-0.3497996758877161,0.9164200655108675,69.3460529591515,False
2026-03-17,670.7899780273438,0.0,0.0374,0.12278350915550842,686.0,2026-04-10,4.83,O:SPY260410C00686000,18.7,O:SPY260410P00686000,0.140494063747079,0.14823172984024408,0.14437646792382,0.021592958768311576,-0.37792955349387536,0.027314185749572152,126.66559165037845,-117.66342432602406,-0.1978866834886003,2.604167967982974,230.4463875145886,0.30600256457744557,0.01392724052092497,62.888052445845155,-69.34399750828217,0.1431667525494397,1.3601737941685876,123.68232092945311,-0.6839321180713209,0.01338694522864718,63.77753920453329,-48.31942681774189,-0.34105343603804,1.2439941738143865,106.7640665851355,False
2026-03-18,661.4299926757812,0.0,0.0373,0.12902757645005794,686.0,2026-04-10,2.76,O:SPY260410C00686000,26.84,O:SPY260410P00686000,0.14975083415003002,0.1743053891375255,0.1623315140686929,0.033303937618634954,-0.5698543830882388,0.020997963499760214,100.21343022067975,-105.63899250281283,-0.27423885981545104,3.009075229746758,411.8384582529986,0.19666293454381845,0.01077237779898411,47.60986777965299,-57.5920365870051,0.0858896419457763,1.6516808021003992,242.20847009866583,-0.7665173176320572,0.010225585700776103,52.60356244102676,-48.04695591580773,-0.36012850176122735,1.3573944276463585,169.62998815433275,False
2026-03-19,659.7999877929688,0.0,0.0373,0.12901435331838518,686.0,2026-04-10,2.17,O:SPY260410C00686000,26.84,O:SPY260410P00686000,0.14810763551059153,0.1743053891375255,0.14921284499317408,0.020198491674788904,-0.6230462543398624,0.020117263945421446,89.53148386159877,-97.8195188766964,-0.2801146731010832,3.1027930379917237,460.64498941643006,0.16819454921184096,0.010206695422220151,41.783676655847046,-52.79270983001552,0.0690823882646453,1.6946026070698068,270.83815470382774,-0.7912408035517033,0.009910568523201295,47.74780720575173,-45.02680904668088,-0.3491970613657285,1.4081904309219169,189.80683471260232,False
2026-03-20,648.5700073242188,1.797,0.0373,0.13506779246129488,686.0,2026-04-10,1.29,O:SPY260410C00686000,40.28,O:SPY260410P00686000,0.1710718064434362,0.2537661085042843,0.21676516298055648,0.0816973705192616,-0.6973849494021542,0.013562452736299448,72.55521407198077,-116.66954321542715,-0.29397200103663995,2.361706551731058,406.7823949301078,0.10199906751160054,0.006577466672513609,28.17354770252863,-42.904887366314135,0.038609247597060796,1.3654887502261221,274.458767719191,-0.7993840169137548,0.00698498606378584,44.38166636945214,-73.76465584911301,-0.33258124863370075,0.9962178015049358,132.32362721091684,False
2026-03-23,655.3800048828125,0.0,0.0373,0.14033856459028396,686.0,2026-04-10,1.45,O:SPY260410C00686000,29.12,O:SPY260410P00686000,0.15685615489649862,1.0,0.12863981063365934,-0.011698753956624619,-0.403829041011792,0.010973034263182442,92.91480244631038,-584.9019160490944,-0.19146213278003252,1.6737068410374665,279.6942422451522,0.12291447172104791,0.008396263148540532,31.42689507421582,-47.31615942305611,0.043947603931504965,1.5531831876551851,278.4452398467905,-0.5267435127328399,0.0025767711146419104,61.487907372094554,-537.5857566260383,-0.23540973671153748,0.12052365338228127,1.2490023983617176,False
2026-03-24,653.1799926757812,0.0,0.0374,0.13605406867976488,686.0,2026-04-10,1.02,O:SPY260410C00686000,31.32,O:SPY260410P00686000,0.15626115893797182,1.0,0.12739008293151854,-0.008663985748246339,-0.44212997850532426,0.009981215427550552,84.04541578840114,-595.431896932831,-0.1894963577563645,1.5845578619978475,284.7834373414369,0.09523117693857625,0.00730392352330946,25.11977915128283,-40.332938004866186,0.031562710036441476,1.457092648488264,283.00989114938216,-0.5373611554439005,0.0026772919042410913,58.92563663711831,-555.0989589279649,-0.22105906779280599,0.12746521350958342,1.7735461920547477,False
2026-03-25,656.8200073242188,0.0,0.0373,0.13334869578644135,686.0,2026-04-10,1.1,O:SPY260410C00686000,30.02,O:SPY260410P00686000,0.15165960760726377,0.18321065883317242,0.16840028965622186,0.03505159386978052,-0.7399082399068673,0.01747831283044813,60.29195495683746,-87.94977909352374,-0.24624120740708547,2.9218056613092847,477.3058918294584,0.10689551874057818,0.008473986332997976,26.401654235938935,-44.62052208135286,0.03291005495338642,1.5501665688471178,276.22249165065654,-0.8468037586474454,0.009004326497450154,33.89030072089852,-43.32925701217089,-0.2791512623604719,1.371639092462167,201.08340017880187,False
2026-03-26,645.0900268554688,0.0,0.0374,0.14365215373682497,686.0,2026-04-10,0.4,O:SPY260410C00686000,40.08,O:SPY260410P00686000,0.16634189998698323,0.15668362778087772,0.1617392374277115,0.018087083690886546,-0.92090690087434,0.007818119988565186,22.981336519684994,-18.904090209979376,-0.27698517585637134,1.8849282724181173,446.2606527531676,0.04410607283309825,0.004160158723284683,12.570262825590104,-25.000171720275226,0.01224508987271107,0.9754169204581092,224.13354833709656,-0.9650129737074382,0.0036579612652805037,10.411073694094888,6.09608151029585,-0.2892302657290824,0.909511351960008,222.12710441607106,False
2026-03-27,634.0900268554688,0.0,0.0374,0.15173849643054543,686.0,2026-04-10,0.23,O:SPY260410C00686000,51.72,O:SPY260410P00686000,0.19571736161143768,0.2481138446681685,0.2264558572202921,0.07471736078974667,-0.9129301070632534,0.006265934964941734,22.831315659169412,-42.915973229023265,-0.2503293159146445,1.378984807163528,299.6623476301929,0.024958375024466063,0.0023608104103069703,7.3721093497489765,-18.763192412381425,0.006188832019655817,0.5963056232785633,147.6813121485838,-0.9378884820877195,0.0039051245546347637,15.459206309420438,-24.15278081664184,-0.25651814793430033,0.7826791838849648,151.98103548160915,False
2026-03-30,631.969970703125,0.0,0.0374,0.15084936210304878,686.0,2026-04-10,0.07,O:SPY260410C00686000,55.08,O:SPY260410P00686000,0.18126887525321725,0.33342459875369423,0.28347480283379556,0.13262544073074678,-0.8845296779393421,0.005787557560462892,24.928582135928647,-86.80699259064384,-0.21933792666191593,1.058577872593428,202.04694348956286,0.009677468233064201,0.001196345438387722,3.0932476488644203,-8.076048823058674,0.002159239041332144,0.33903910015573674,94.69509644411704,-0.8942071461724063,0.004591212122075169,21.835334487064227,-78.73094376758517,-0.22149716570324807,0.7195387724376913,107.35184704544584,False
2026-03-31,650.3400268554688,0.0,0.0374,0.18994163440063344,686.0,2026-04-10,0.13,O:SPY260410C00686000,35.93,O:SPY260410P00686000,0.1435687598347267,0.21848813202797243,0.19037372472584246,0.00043209032520902246,-0.885503280483717,0.009652125023822301,25.22744631890868,-56.94361283530967,-0.19426610387631302,1.767824663148532,330.4377106817214,0.021297937345825836,0.003069675872605215,5.917290421348302,-13.89338594899426,0.004355841633476365,0.7303240516832512,171.5908115840656,-0.9068012178295428,0.006582449151217086,19.310155897560378,-43.050226886315414,-0.19862194550978937,1.0375006114652807,158.8468990976558,True
