Date,Stock_Close,Stock_Dividends,r,RV,Call_Close,Call_Sym,Put_Close,Put_Sym,Call_imp_vol,Put_imp_vol,Straddle_imp_vol,VRP,Straddle_Delta,Straddle_Gamma,Straddle_Vega,Straddle_Theta,Straddle_Rho,Straddle_Vanna,Straddle_Volga,Call_Delta,Call_Gamma,Call_Vega,Call_Theta,Call_Rho,Call_Vanna,Call_Volga,Put_Delta,Put_Gamma,Put_Vega,Put_Theta,Put_Rho,Put_Vanna,Put_Volga,Force_Close
2024-05-01,179.99000549316406,0.0,0.0547,0.8667812407036977,11.15,O:TSLA240607C00180000,9.7,O:TSLA240607P00180000,0.4536091484313309,0.43613330528193145,0.44487092507183557,-0.4219103156318621,0.08972390356478421,0.03026120902139897,46.71027213622361,-96.71633368515276,-0.005036350826247954,0.05862803973381829,-0.3893503115236914,0.5451183359978855,0.014832314972955415,23.353433878920843,-54.19257797586895,0.09317769888287661,0.03070843628441262,-0.2050499603642932,-0.4553944324331013,0.015428894048443553,23.356838257302762,-42.523755709283805,-0.09821404970912456,0.027919603449405674,-0.1843003511593982,False
2024-05-02,180.00999450683594,0.0,0.055099999999999996,0.8658249525270977,10.67,O:TSLA240607C00180000,9.6,O:TSLA240607P00180000,0.4415016186959364,0.4397732171062763,0.44063741883933555,-0.42518753368776213,0.08864248394331131,0.031123333877819126,45.849209650368365,-97.66857849269186,-0.004450402411073723,0.05436405715893759,-0.34994056648879346,0.544344732945824,0.015531043952056588,22.924453614582603,-53.86000558817432,0.09008947627272772,0.02732499613962726,-0.1759836814479951,-0.45570224900251266,0.01559228992576254,22.924756035785762,-43.80857290451754,-0.09453987868380144,0.02703906101931033,-0.17395688504079837,False
2024-05-03,181.19000244140625,0.0,0.055099999999999996,0.8527163361018663,10.93,O:TSLA240607C00180000,8.7,O:TSLA240607P00180000,0.43364761448416056,0.4310351841002967,0.4323414035499097,-0.42037493255195657,0.12445472872473973,0.031943810463279494,44.97980022198793,-98.17190628293955,0.0028967783744842934,-0.037272494814893725,0.3331507913776284,0.5622030233310206,0.015923804483229408,22.490117674917204,-54.164590582209584,0.09021385631935873,-0.018148813688524324,0.16215294449642584,-0.43774829460628084,0.016020005980050087,22.489682547070725,-44.00731570072997,-0.08731707794487444,-0.019123681126369398,0.17099784688120256,False
2024-05-06,184.75999450683594,0.0,0.055099999999999996,0.8393696324640734,12.7,O:TSLA240607C00180000,6.95,O:TSLA240607P00180000,0.4281083293070387,0.4259027410092274,0.4270056241333485,-0.41236400833072484,0.238704730281737,0.03129371212771802,43.442461483561075,-98.7357993561164,0.02328865205295387,-0.30691116131046825,5.3160626011704775,0.6191831381734022,0.015608557597458397,21.724161921831612,-54.43023204998326,0.09685740305489476,-0.15238003470655034,2.635514949968747,-0.3804784078916652,0.01568515453025962,21.718299561729467,-44.30556730613314,-0.0735687510019409,-0.15453112660391793,2.6805476512017306,False
2024-05-07,177.80999755859375,0.0,0.055099999999999996,0.8493766043344109,8.35,O:TSLA240607C00180000,9.5,O:TSLA240607P00180000,0.41774573947917454,0.41135004143147785,0.41454786301553265,-0.4348287413188782,0.004011094982705576,0.03583155976893294,42.86020170007974,-96.39134131158785,-0.015640718486155267,0.23138240084618353,-0.06239964733211368,0.5023754894822924,0.017777492894101424,21.430000947109008,-53.50484261433311,0.0739079303508692,0.11483553145443462,-0.036731758534050286,-0.4983643944995868,0.018054066874831513,21.430200752970734,-42.886498697254744,-0.08954864883702447,0.11654686939174891,-0.025667888798063393,False
2024-05-08,174.72000122070312,0.0,0.055099999999999996,0.8448483160552566,6.35,O:TSLA240607C00180000,10.85,O:TSLA240607P00180000,0.40175712183123535,0.4058707908787217,0.403814169447124,-0.44103414660813256,-0.11888740211350601,0.03784934136981752,40.73204595146475,-92.1109882770731,-0.033150164878284434,0.5253706555386083,4.056607829438507,0.4400160192991778,0.019017187766090744,20.361851546895807,-50.73824356272892,0.06157345981903894,0.2647137401045742,2.062536888528286,-0.5589034214126838,0.018832153603726774,20.37019440456894,-41.372744714344186,-0.09472362469732337,0.2606569154340341,1.9940709409102202,False
2024-05-09,171.97000122070312,0.0,0.055099999999999996,0.8453163102846231,4.89,O:TSLA240607C00180000,12.15,O:TSLA240607P00180000,0.39495834167918586,0.3978437621898684,0.39640136142373084,-0.4489149488608922,-0.2369495072092393,0.03874462966483494,37.849959890945904,-86.83860280858167,-0.0481568392033479,0.7999731329143185,11.973066726509247,0.3809481928046506,0.019433980347700105,18.916343538012814,-48.16725957755234,0.050518050984700524,0.40231500429736944,6.051438992150909,-0.6178977000138899,0.01931064931713483,18.93361635293309,-38.67134323102933,-0.09867489018804843,0.397658128616949,5.921627734358338,False
2024-05-10,168.47000122070312,0.0,0.055099999999999996,0.8453229147507895,3.45,O:TSLA240607C00180000,14.2,O:TSLA240607P00180000,0.391978964480758,0.392304381574741,0.3921416900604964,-0.4531812246902931,-0.3860271513190251,0.03774948265292262,33.34483423716494,-77.82228052621511,-0.06562221797931829,1.1016447771251912,26.37322680428607,0.30689680084792004,0.018880143897844422,16.670271545031778,-43.82542843354067,0.038295955883713345,0.5511675384895017,13.201545990985974,-0.6929239521669451,0.018869338755078197,16.67456269213316,-33.99685209267443,-0.10391817386303163,0.5504772386356895,13.171680813300094,False
2024-05-13,171.88999938964844,0.0,0.055,0.8207466886155319,4.35,O:TSLA240607C00180000,11.87,O:TSLA240607P00180000,0.3881910200171122,0.3968924297916237,0.39254531253278263,-0.4282013760827493,-0.2626743553525086,0.04071365935048536,35.598756069479904,-89.29594698506926,-0.0462718571763083,0.8517040089069583,13.486323201503602,0.3668103930895179,0.020548918648710293,17.770053599112362,-48.97435074986551,0.04425871931116414,0.4334417703808787,6.962039972205576,-0.6294847484420265,0.02016474070177507,17.82870247036754,-40.32159623520376,-0.09053057648747244,0.41826223852607963,6.524283229298025,False
2024-05-14,177.5500030517578,0.0,0.055,0.8179373522325595,6.8,O:TSLA240607C00180000,8.35,O:TSLA240607P00180000,0.40182467751205836,0.39155613374255865,0.3966906083017588,-0.4212467439308007,-0.03128059854660781,0.04236130693017696,37.83223834095861,-103.91518916923289,-0.014788478833865033,0.2919546216986797,0.5437003155344386,0.4851090302756751,0.020908078210618682,18.917513534186632,-57.57387746575527,0.0566650784327724,0.14358868597154162,0.2543845235174256,-0.5163896288222829,0.021453228719558275,18.91472480677198,-46.341311703477615,-0.07145355726663744,0.1483659357271381,0.28931579201701313,False
2024-05-15,173.99000549316406,0.0,0.054900000000000004,0.8213747525388458,4.83,O:TSLA240607C00180000,10.19,O:TSLA240607P00180000,0.39289267608936534,0.3937738024936708,0.3933332465380431,-0.42804150600080276,-0.19360118405859905,0.043560133735225895,34.99019307650097,-99.3328041108139,-0.03285632572711343,0.6835369439098236,7.570241529231399,0.40304883764596977,0.021802386198080444,17.493428961399974,-54.52613234756253,0.04404920559891293,0.3423888822069288,3.797998773942848,-0.5966500217045688,0.021757747537145447,17.496764115101,-44.806671763251366,-0.07690553132602636,0.3411480617028947,3.772242755288551,False
2024-05-16,174.83999633789062,0.0,0.055099999999999996,0.8061173670090909,5.0,O:TSLA240607C00180000,9.35,O:TSLA240607P00180000,0.3953171567974581,0.3847637898131937,0.39004281744360925,-0.4160745495654816,-0.16730990108835203,0.04541607334970808,34.375259213933134,-103.18473915606705,-0.02768410317052717,0.6194000810016578,5.767214334523906,0.41797877740628536,0.02242091483805312,17.202834513774587,-57.30570845303289,0.04322502089589266,0.3029254770967528,2.763421582013583,-0.5852886784946374,0.02299515851165496,17.172424700158544,-45.87903070303416,-0.07090912406641983,0.3164746039049049,3.003792752510323,False
2024-05-17,177.4600067138672,0.0,0.055,0.7994296312847564,5.85,O:TSLA240607C00180000,7.85,O:TSLA240607P00180000,0.3906040606251667,0.3934082825013252,0.39200621547698977,-0.40742341580776664,-0.05305680822510017,0.04690780607193893,34.4686468790359,-112.22881262348267,-0.01375920329990634,0.32938640153745413,0.9490564423829166,0.4732406818447523,0.02353688657038675,17.233658139214654,-60.842130730026334,0.04650672296276477,0.16551760517051595,0.4810398710458766,-0.5262974900698525,0.02337091950155218,17.234988739821244,-51.38668189345633,-0.06026592626267111,0.16386879636693819,0.46801657133704005,False
2024-05-20,174.9499969482422,0.0,0.055,0.7877639055111755,4.5,O:TSLA240607C00180000,9.05,O:TSLA240607P00180000,0.3905058489497282,0.3935731675162011,0.3920397116124631,-0.3957241938987124,-0.1808914240874967,0.0480818955767691,32.052405743079746,-110.60657908345304,-0.02510941894003929,0.6366476568205899,6.004029222157145,0.4090660992714311,0.024128089956196037,16.02159907798514,-59.99738955038106,0.037258951566203444,0.32036456650996686,3.0377480186745176,-0.5899575233589278,0.02395380562057306,16.03080666509461,-50.609189533071984,-0.062368370506242735,0.31628309031062296,2.966281203482627,False
2024-05-21,186.60000610351562,0.0,0.055,0.8115083061892706,11.05,O:TSLA240607C00180000,3.95,O:TSLA240607P00180000,0.41754036522744925,0.4181966039153008,0.41786851015388976,-0.39363979603538085,0.3521619814004555,0.04058940618703931,30.46619455238134,-126.18068811440057,0.026161688985070028,-0.6224925216946835,12.05072159626205,0.6761831165024048,0.0203080049778733,15.231120243096727,-67.97119033241215,0.05939028006602214,-0.3117587615365133,6.039030352103204,-0.3240211351019493,0.02028140120916601,15.235074309284611,-58.20949778198841,-0.033228591080952115,-0.3107337601581702,6.011691244158848,False
2024-05-22,180.11000061035156,0.0,0.054900000000000004,0.7233617747597271,6.75,O:TSLA240607C00180000,6.05,O:TSLA240607P00180000,0.4125377575907973,0.4048568409565344,0.4086973040223122,-0.3146644707374149,0.06436629225946666,0.04951448364260762,31.25733927775457,-134.06902487609898,-0.0005747557437435213,0.016384121860391548,-0.05200870348074062,0.532214631282284,0.0245244439779729,15.628569702342471,-72.58942259155975,0.04243198931670962,0.008853381458635552,-0.02812893271283408,-0.4678483390228173,0.024990039664634717,15.6287695754121,-61.47960228453924,-0.04300674506045314,0.007530740401755997,-0.023879770767906535,False
2024-05-23,173.74000549316406,0.0,0.055099999999999996,0.7185765526013062,3.73,O:TSLA240607C00180000,9.55,O:TSLA240607P00180000,0.4221958749412612,0.4216426649571068,0.42191927768290044,-0.2966572749184057,-0.258743772612437,0.04933331918128618,27.425928685462324,-129.33789777121817,-0.02541966623908825,0.7491463506159126,8.978984027677193,0.37073172243761265,0.024652722191516496,13.714206156691082,-69.66626838876044,0.026487708191303007,0.37416770920686354,4.480903245451885,-0.6294754950500496,0.024680596989769685,13.711722528771242,-59.671629382457716,-0.05190737443039126,0.3749786414090491,4.4980807822253075,False
2024-05-24,179.24000549316406,0.0,0.0556,0.7242756382591657,5.45,O:TSLA240607C00180000,5.85,O:TSLA240607P00180000,0.3949288508072192,0.3975062852083708,0.3962175498902798,-0.32805808836888595,0.011018883040567862,0.05639425027858828,28.48612089266204,-141.69396944795557,-0.003700387040984153,0.13111992754824064,-0.0646543302431668,0.5054249539709149,0.028288920158383295,14.243102108196458,-75.60906639560362,0.033786655367511506,0.06572816843728048,-0.03191431929881694,-0.49440607093034705,0.028105330120204983,14.243018784465582,-66.08490305235193,-0.03748704240849566,0.06539175911096017,-0.032740010944349855,False
2024-05-28,176.75,0.0,0.055,0.4647877308645332,3.9,O:TSLA240607C00180000,6.83,O:TSLA240607P00180000,0.4135532231160973,0.41306817065558743,0.41331071126461033,-0.051477019599922846,-0.14825503911844157,0.060238578927225346,24.692184438331516,-158.70594573182035,-0.01172510417910921,0.49424573869013066,2.90896960590828,0.42593241418542754,0.0301024763539312,12.34644496940092,-84.34421123155994,0.0226614457800856,0.24688089970621846,1.4518708792330068,-0.5741874533038691,0.030136102573294146,12.345739468930596,-74.36173450026041,-0.03438654995919481,0.2473648389839122,1.4570987266752728,False
2024-05-29,176.19000244140625,0.0,0.055,0.4235478702477347,3.3,O:TSLA240607C00180000,6.9,O:TSLA240607P00180000,0.4112152653395251,0.41692642426036697,0.4140716457158328,-0.009476224531901889,-0.2000195535828816,0.06354962115276375,22.689695752431838,-166.61392425919288,-0.012622623787249133,0.6016341771003756,4.476799971709813,0.3991312817856193,0.031976042364603906,11.338457105487437,-87.61210143230288,0.01861748375340274,0.304352511408171,2.2843439227132833,-0.5991508353685009,0.03157357878815985,11.351238646944399,-79.00182282689,-0.031240107540651874,0.2972816656922046,2.19245604899653,False
2024-05-30,178.7899932861328,0.0,0.0548,0.42274985687136235,4.26,O:TSLA240607C00180000,5.16,O:TSLA240607P00180000,0.4288273929911535,0.42197683008186543,0.42540222015380863,0.0026523632824462795,-0.039927725894121247,0.06790557462125554,21.984378942860424,-195.4888838942794,-0.0039425423439382115,0.21676243787258925,0.29944117241965934,0.4804073390579425,0.033680987428020864,10.992702149610526,-103.46684286553821,0.019436196410661542,0.10713604849531223,0.14521525396768248,-0.5203350649520637,0.034224587193234686,10.991676793249896,-92.0220410287412,-0.023378738754599754,0.109626389377277,0.15422591845197686,False
2024-05-31,178.0800018310547,0.0,0.0548,0.422983793318793,3.3,O:TSLA240607C00180000,5.0,O:TSLA240607P00180000,0.4082584254835122,0.4057973395361614,0.4070279806017876,-0.015955812717005413,-0.1108779424800313,0.07739255731239622,19.82071258283782,-201.76626041267895,-0.005564512738068968,0.38195647938943755,1.335775280131842,0.4447960321488393,0.03858249944893559,9.91117812555589,-106.12714224732633,0.015061364726093478,0.19000758610493687,0.6616436526872457,-0.5556739746288706,0.03881005786346063,9.909534457281932,-95.63911816535263,-0.020625877464162445,0.19194889328450068,0.6741316274445964,True
2024-06-03,176.2899932861328,0.0,0.054900000000000004,0.423570825588236,8.55,O:TSLA240705C00180000,11.46,O:TSLA240705P00180000,0.45175456869845104,0.4581494736047912,0.4549520996168257,0.0313812740285897,-0.032624677374858635,0.03221062405249382,43.372001884461426,-102.1796814289788,-0.024534670624167726,0.3177157163186881,0.7071558159500899,0.48317975111089084,0.016217662619712178,21.684870763057145,-55.637230607799744,0.0729807191231755,0.1602179029397768,0.3676166201500256,-0.5158044284857495,0.015992961432781644,21.68713112140428,-46.542450821179045,-0.09751538974734322,0.1574978133789113,0.33953919580006425,False
2024-06-04,174.77000427246094,0.0,0.0548,0.4170604328004872,7.7,O:TSLA240705C00180000,11.6,O:TSLA240705P00180000,0.45583931048191834,0.4351970553605576,0.4455215964436532,0.028461163643165976,-0.09132497759486563,0.03371366860939143,41.85102103430367,-100.21358732763306,-0.03218253708976403,0.44388968614054747,2.6930123292983827,0.45662651399881254,0.016477481600556686,20.93937425682269,-56.2412778519793,0.06580977021655961,0.21458606083951284,1.2342541771686755,-0.5479514915936782,0.01723618700883474,20.911646777480986,-43.972309475653766,-0.09799230730632363,0.2293036253010346,1.458758152129707,False
2024-06-05,175.0,0.0,0.0548,0.3958810131772513,7.75,O:TSLA240705C00180000,12.05,O:TSLA240705P00180000,0.46415240111582307,0.4719031588531904,0.46802813860178005,0.07214712542452878,-0.07964348807815697,0.03280777123406202,41.050412838782705,-108.18792378024023,-0.029453469408766045,0.40421418685416616,2.090229041459013,0.45939508781264166,0.01653647790779491,20.521157512897087,-58.53285394640445,0.06341948762216945,0.20444289425988205,1.0778084181889371,-0.5390385758907986,0.016271293326267113,20.52925532588562,-49.65506983383578,-0.0928729570309355,0.1997712925942841,1.0124206232700759,False
2024-06-06,177.94000244140625,0.0,0.0548,0.3951491643770695,9.07,O:TSLA240705C00180000,10.1,O:TSLA240705P00180000,0.4709629384567908,0.46072025800144395,0.46584153233468545,0.07069236795761596,0.012444003862831843,0.033344040195797994,40.97980013451391,-113.61137474740212,-0.014129761601889876,0.20361185788550082,-0.162995499802356,0.5067433301771492,0.016488392482574582,20.489482398459394,-62.34299606262984,0.0675832578407397,0.10083145196090129,-0.08755158872392672,-0.4942993263143174,0.01685564771322341,20.490317736054518,-51.26837868477229,-0.08171301944262957,0.10278040592459953,-0.0754439110784293,False
2024-06-07,177.47999572753906,0.0,0.0547,0.3903984555616756,8.55,O:TSLA240705C00180000,10.45,O:TSLA240705P00180000,0.46902327288537615,0.47703125954415704,0.4730272878170013,0.08262883225532575,-0.005264206379971825,0.033737358965631035,39.89279283599903,-117.79298816679378,-0.015820866131608158,0.23591974263813686,0.07794967273362635,0.4968956214560184,0.017011334600127714,19.94624062228145,-63.294336760742304,0.06320558156591033,0.11900453448397709,0.04630166805929574,-0.5021598278359902,0.01672602436550332,19.946552213717577,-54.49865140605148,-0.07902644769751849,0.11691520815415976,0.03164800467433061,False
2024-06-10,173.7899932861328,0.0,0.0547,0.3907325014292995,7.0,O:TSLA240705C00180000,12.43,O:TSLA240705P00180000,0.49090390550938684,0.4888184025578578,0.48986118195056916,0.09912868052126966,-0.12956357246543226,0.03368145065845696,37.57201700718948,-119.7602194378418,-0.03162659505512371,0.4783485533782471,3.723199095202369,0.43546761146524915,0.016806617162028945,18.78794965224175,-64.92036022764181,0.05178247429303771,0.2384108491985577,1.8484269163778975,-0.5650311839306814,0.016874833496428012,18.78406735494773,-54.83985921019999,-0.08340906934816142,0.23993770417968938,1.8747721788244713,False
2024-06-11,170.66000366210938,0.0,0.0546,0.39039020953764286,6.0,O:TSLA240705C00180000,15.4,O:TSLA240705P00180000,0.5212319603804565,0.5645643139091263,0.5429460004925728,0.15255579095492994,-0.21153958045280796,0.031122740188017684,35.10072997918772,-130.27684348592123,-0.041072389696255096,0.5874348886291231,7.217034539945399,0.387880789471994,0.016113596274383867,17.472658197060042,-67.03784243334448,0.04299695496553749,0.31173211358438613,4.050051033433796,-0.599420369924802,0.015009143913633817,17.628071782127673,-63.23900105257674,-0.08406934466179258,0.27570277504473695,3.166983506511602,False
2024-06-12,177.2899932861328,0.0,0.0547,0.3975298304686779,8.6,O:TSLA240705C00180000,10.65,O:TSLA240705P00180000,0.519370941929244,0.5195333793695809,0.5194521567612889,0.12192232629261096,-0.014065793103247681,0.03335174869753074,36.73507949120831,-140.24277523244524,-0.014668385484209553,0.2342786751923865,0.1901901127361441,0.49295758954155217,0.016678474685802965,18.36753202210741,-75.01515765091243,0.05315633379297542,0.11715972028581986,0.09524025851038448,-0.5070233826447998,0.016673274011727777,18.3675474691009,-65.22761758153283,-0.06782471927718497,0.11711895490656661,0.09494985422575963,False
2024-06-13,182.47000122070312,0.0,0.0547,0.402644513364572,10.95,O:TSLA240705C00180000,7.7,O:TSLA240705P00180000,0.5128951675212696,0.5042261495740609,0.5085609061926604,0.10591639282808835,0.15659487158409413,0.03346598647011084,35.97639696106492,-144.625397499906,0.006300867561336847,-0.10679947458199067,0.9701022153205678,0.5780660379034392,0.01659233128435713,17.990300154054747,-77.83448701087693,0.06001886389961117,-0.05165561769016821,0.4677579672616147,-0.4214711663193451,0.01687365518575371,17.98609680701017,-66.79091048902906,-0.05371799633827432,-0.05514385689182246,0.5023442480589532,False
2024-06-14,178.00999450683594,0.0,0.0547,0.4138203613488996,6.8,O:TSLA240705C00180000,8.21,O:TSLA240705P00180000,0.4303063795694573,0.43060154975111914,0.43045393803715715,0.016633576688257545,-0.017826699588074035,0.042669272577262454,34.643470511383626,-124.2696933950703,-0.010823411128418232,0.23602217130495734,0.2290392486844382,0.4910692335315565,0.02134193024752227,17.321718354318264,-67.02027883545517,0.04798525688299479,0.11805853004397637,0.11478947328549527,-0.5088959331196306,0.021327342329740182,17.321752157065365,-57.24941455961513,-0.058808668011413025,0.11796364126098095,0.11424977539894295,False
2024-06-17,187.44000244140625,0.0,0.0545,0.45089434806756,12.47,O:TSLA240705C00180000,4.4,O:TSLA240705P00180000,0.454760905619887,0.44934371408508594,0.4520536408692598,0.001159292801699796,0.3557950049077291,0.03591064531399427,31.684796764408034,-131.62463123711564,0.02767789810474717,-0.5636837621265929,11.501857621273498,0.6771341585098646,0.017865390068191333,15.857973324802217,-71.14191233801914,0.0635844601801381,-0.27823517206949744,5.650832210054189,-0.3213391536021355,0.01804525524580294,15.826823439605818,-60.4827188990965,-0.035906562075390926,-0.2854485900570954,5.851025411219308,False
2024-06-18,184.86000061035156,0.0,0.054000000000000006,0.45070354979369226,10.0,O:TSLA240705C00180000,4.6,O:TSLA240705P00180000,0.42395573470928943,0.42145934627717146,0.4227076885014773,-0.027995861292214985,0.2770482823243726,0.04221798585180541,31.460294022775653,-130.8705087235113,0.018888765607720022,-0.45823724243026354,6.820996306104201,0.6382381619471634,0.02105237349991256,15.73440383369791,-70.48556132673238,0.055706396471917836,-0.2275762625296666,3.380196731984345,-0.3611898796227908,0.021165612351892852,15.725890189077743,-60.38494739677894,-0.036817630864197814,-0.23066097990059695,3.4407995741198554,False
2024-06-20,181.57000732421875,0.0,0.0542,0.3883538945876332,7.4,O:TSLA240705C00180000,5.42,O:TSLA240705P00180000,0.4222145252419283,0.42324418660649626,0.42272938350737105,0.03437548891973785,0.1344213154885412,0.04904737919879107,29.837191754559232,-145.1048448347276,0.005057764746652413,-0.1506305004812421,0.9672801437840717,0.5672494321707335,0.024553147040286327,14.918346886200824,-77.33051032152241,0.04172818726559083,-0.07559750748734637,0.4857342908365957,-0.43282811668219234,0.024494232158504745,14.918844868358407,-67.77433451320518,-0.036670422518938414,-0.07503299299389574,0.481545852947476,False
2024-06-21,183.00999450683594,0.0,0.0542,0.36827554747288505,7.98,O:TSLA240705C00180000,4.62,O:TSLA240705P00180000,0.4257424683696701,0.4283559925559636,0.4270493121534586,0.05877376468057355,0.20726712416725201,0.049510639608775525,28.100993791208033,-152.57945603080248,0.010052363196543814,-0.32073756746582205,3.072530100853715,0.6038431213136066,0.024827533715104343,14.04848943801703,-80.9181754708541,0.04068624060102801,-0.1615622396741436,1.5508766290746732,-0.3965759971463546,0.024683105893671186,14.052504353191003,-71.6612805599484,-0.030633877404484196,-0.15917532779167848,1.521653471779042,False
2024-06-24,182.5800018310547,0.0,0.0542,0.3427327112909651,7.3,O:TSLA240705C00180000,4.25,O:TSLA240705P00180000,0.4187985649742532,0.4096711191301886,0.41423584830164917,0.07150313701068406,0.19407774404579525,0.054170304554087695,26.711958790693846,-156.20566134522676,0.008530255308302308,-0.31295661254477125,2.6535885127288927,0.5963249526908108,0.02679902078555957,13.362031563195009,-83.84946900701162,0.036277503912211115,-0.1522958451817771,1.2813798137043089,-0.4022472086450155,0.027371283768528123,13.349927227498837,-72.35619233821515,-0.027747248603908807,-0.16066076736299414,1.3722086990245839,False
2024-06-25,187.35000610351562,0.0,0.054299999999999994,0.3370507495850759,10.0,O:TSLA240705C00180000,2.31,O:TSLA240705P00180000,0.4075811080470861,0.40486502059964885,0.40622383494377134,0.06917308535869543,0.4600984339459506,0.04876323842404365,22.07246016533058,-145.23261270621373,0.023456966478725038,-0.8799503337501036,18.005221351610412,0.7294517205809674,0.024327117898464864,11.048455604422923,-77.80227218264702,0.04021040771525747,-0.4373238779281185,8.921819592124098,-0.2693532866350168,0.02443612052557878,11.024004560907656,-67.43034052356671,-0.01675344123653243,-0.44262645582198507,9.083401759486314,False
2024-06-26,196.3699951171875,0.0,0.054400000000000004,0.36775266140350915,18.05,O:TSLA240705C00180000,0.84,O:TSLA240705P00180000,0.5343602853771829,0.45290794022230185,0.49557650476694115,0.127823843363432,0.7375963170455937,0.026227951117925988,13.88420569132388,-131.20045587355378,0.03498660699352741,-0.8938466969376524,33.09605561107554,0.8505645391265491,0.013298455766666217,7.611725956431105,-81.3175322563411,0.04138204288753702,-0.41338639911540365,14.055170739608634,-0.11296822208095536,0.012929495351259769,6.272479734892775,-49.88292361721267,-0.006395435894009605,-0.4804602978222487,19.04088487146691,False
2024-06-27,197.4199981689453,0.0,0.0548,0.36632131466933426,18.4,O:TSLA240705C00180000,0.61,O:TSLA240705P00180000,0.491567419488055,0.4654493530393996,0.4787948216915131,0.11247350702217884,0.8084167575751786,0.023308698092537043,10.354711742346328,-111.88010434089469,0.03347324638100876,-0.8749283746045425,34.836545006626345,0.898491690012595,0.0118485405803394,5.404816424300013,-64.50558139577714,0.03785243518978557,-0.43209695010866256,16.75627463919408,-0.09007493243741638,0.011460157512197642,4.949895318046314,-47.37452294511754,-0.004379188808776813,-0.44283142449588,18.080270367432266,False
2024-06-28,197.8800048828125,0.0,0.0547,0.365014114277575,18.5,O:TSLA240705C00180000,0.38,O:TSLA240705P00180000,0.47327662412891286,0.4610927707692539,0.46726881339550025,0.10225469911792523,0.8633809124411606,0.020229683557935918,7.3440150487583775,-94.80515441813954,0.030151948247933325,-0.8021926242684144,33.287701303713504,0.9292463970962388,0.010262337321387453,3.7734154962714177,-54.05015426051105,0.0328133495227658,-0.40147317366071383,16.452049898580803,-0.06586548465507824,0.009967346236548465,3.5705995524869603,-40.75500015762849,-0.002661401274832478,-0.4007194506077006,16.835651405132698,True
2024-07-01,209.86000061035156,0.0,0.0548,0.41201222044769115,13.85,O:TSLA240802C00210000,13.35,O:TSLA240802P00210000,0.5191278687575631,0.5367716592276358,0.5279493276685476,0.11593710722085648,0.08712408272783145,0.023202501075699655,51.36596524753063,-141.88407121941563,-0.008491561852915205,0.0803734306960209,-0.5696043315698955,0.5432074142269039,0.011796239012353433,25.685495499397195,-75.4918802708763,0.09537857931543386,0.0394889021860951,-0.277530042111905,-0.45608333149907243,0.011406262063346223,25.680469748133437,-66.39219094853934,-0.10387014116834907,0.04088452850992581,-0.2920742894579905,False
2024-07-02,231.25999450683594,0.0,0.0548,0.5220884118576512,28.2,O:TSLA240802C00210000,6.2,O:TSLA240802P00210000,0.5429998679318722,0.5570415436886287,0.5500371085315943,0.027948696673943063,0.5120793510768898,0.016325275483755217,43.82510820493411,-136.66428575389267,0.07668808579735048,-0.6017012641784804,29.16629698643399,0.7581514104115722,0.008228713995099666,21.810218125942722,-72.94147423962465,0.13428540052238064,-0.3083350314212066,15.08737402665359,-0.24607205933468235,0.00809656148865555,22.014890078991392,-63.72281151426802,-0.05759731472503016,-0.29336623275727375,14.0789229597804,False
2024-07-03,246.38999938964844,0.0,0.054900000000000004,0.5448976156969868,40.9,O:TSLA240802C00210000,4.0,O:TSLA240802P00210000,0.5813507644823046,0.6100696347943774,0.5958602390706541,0.050962623373667304,0.6939273471534428,0.010895361573605716,34.39628716966725,-124.33385060936327,0.11006701151249959,-0.6724455673827765,50.147425543616365,0.8517907908194458,0.005465066307126133,16.83844475782545,-65.34112047925433,0.14751587751834536,-0.3470821517516405,26.383180113686336,-0.1578634436660029,0.005430295266479583,17.557842411841797,-58.99273013010894,-0.03744886600584577,-0.325363415631136,23.764245429930032,False
2024-07-05,251.52000427246094,0.0,0.0548,0.541429871445632,45.48,O:TSLA240802C00210000,3.07,O:TSLA240802P00210000,0.6247730891849781,0.6262143083226607,0.6254941270798444,0.08406425563421238,0.74430928878268,0.009436008057790553,29.63369544699424,-124.37351018122446,0.11004656785289865,-0.6421524912790868,51.71867954016999,0.8723860150401641,0.004717505862623435,14.7982132635074,-67.77886099068722,0.1380496303413789,-0.32148011182921943,25.917039948343934,-0.12807672625748412,0.004718502195167117,14.83548218348684,-56.59464919053724,-0.02800306248848025,-0.3206723794498673,25.80163959182605,False
2024-07-08,252.94000244140625,0.0,0.0548,0.5434304845628812,45.99,O:TSLA240802C00210000,3.02,O:TSLA240802P00210000,0.588738229252564,0.6509569876844924,0.620816171234846,0.07738568667196477,0.771280453360045,0.00896400374661559,26.819141823930494,-118.59295990232246,0.11013793314929023,-0.6439596583503746,54.01389402701053,0.8956662292103879,0.004426502084785418,12.57103418520777,-58.97531483569946,0.13613637086746389,-0.336820490872035,29.41101285005406,-0.12438577585034283,0.004537501661830172,14.248107638722724,-59.617645066623005,-0.02599843771817366,-0.3071391674783396,24.60288117695647,False
2024-07-09,262.3299865722656,0.0,0.0545,0.5414859443004537,55.2,O:TSLA240802C00210000,2.34,O:TSLA240802P00210000,0.6700271637476659,0.6948632052213571,0.6826182696312668,0.1411323253308131,0.8173172384811479,0.006860191025232798,23.016987928836286,-118.55987953450547,0.11204772871145793,-0.5532171347466461,51.7050083410979,0.9120944699013914,0.003396814599375233,11.187475356537403,-62.503186965745535,0.13147837860133552,-0.2797566292301941,26.55265129526356,-0.09477723142024352,0.0034633764258575656,11.829512572298883,-56.056692568759935,-0.01943064988987759,-0.27346050551645207,25.152357045834343,False
2024-07-10,263.260009765625,0.0,0.0546,0.5236084282749053,56.9,O:TSLA240802C00210000,2.22,O:TSLA240802P00210000,0.7663583680199808,0.7115457278532943,0.7396750027000906,0.2160665744251853,0.8041350400238488,0.006831601497547491,23.616298703740274,-137.9294053003979,0.10292865771121162,-0.5146835587605318,45.59666356967505,0.8950083765584145,0.0034698692535725215,12.432634930972208,-80.3763179372441,0.12056502131755692,-0.250204581480142,21.44703748496601,-0.09087333653456564,0.003361732243974969,11.183663772768066,-57.5530873631538,-0.0176363636063453,-0.2644789772803899,24.14962608470904,False
2024-07-11,241.02999877929688,0.0,0.0548,0.6319508277566505,36.9,O:TSLA240802C00210000,4.6,O:TSLA240802P00210000,0.7241652650191199,0.6912552934275834,0.707828879708052,0.07587805195140152,0.6221170699334307,0.012584497557378912,32.8445924692564,-189.0544883503303,0.06885642959151399,-0.5378999410206612,28.83155676831982,0.8066349256568154,0.006236704918035162,16.6592146974165,-103.6364661226474,0.10001473977549231,-0.2587402075803394,13.601698851868651,-0.18451785572338464,0.00634779263934375,16.185377771839896,-85.41802222768291,-0.031158310183978327,-0.2791597334403218,15.229857916451172,False
2024-07-12,248.22999572753906,0.0,0.0547,0.6288485417724199,43.7,O:TSLA240802C00210000,3.4,O:TSLA240802P00210000,0.8074112124827634,0.7113803110991311,0.7606696294337512,0.13182108766133127,0.6899946899745333,0.01035478075012796,28.822859553185737,-191.27197329317494,0.07391510651452558,-0.5217359180508689,32.266987303917574,0.8324894027732179,0.005126263844317084,15.18081085470253,-111.87341954568252,0.09699335767477223,-0.2381390242486609,13.903669828722851,-0.14249471279868464,0.005228516905810876,13.642048698483208,-79.3985537474924,-0.023078251160246647,-0.2835968938022081,18.36331747519472,False
2024-07-15,252.63999938964844,0.0,0.0548,0.6273814456407418,45.35,O:TSLA240802C00210000,2.44,O:TSLA240802P00210000,0.6695877040245526,0.7031428747107992,0.6866404879629612,0.059259042322219346,0.7859971793582787,0.009015142230435588,21.945670172637143,-143.9365342302531,0.08376907050741172,-0.5803339917380153,42.97546311675133,0.8978684242328561,0.0044696779565329935,10.612444231863531,-73.89917330834848,0.10082637675009641,-0.29588311747174595,22.36754932110319,-0.11187124487457734,0.004545464273902595,11.333225940773612,-70.03736092190462,-0.01705730624268468,-0.28445087426626925,20.607913795648138,False
2024-07-16,256.55999755859375,0.0,0.0548,0.6079900729926637,49.17,O:TSLA240802C00210000,1.72,O:TSLA240802P00210000,0.7273016656601228,0.6960407841785767,0.7119409177482131,0.10395084475554939,0.8188946375218416,0.007862506892934622,19.00558428307691,-139.91944199752413,0.08212987621601354,-0.5387074082904236,42.00589246310844,0.9052354518452483,0.003980752425788385,9.831062287718506,-79.33406509053816,0.09444459004364304,-0.266015295059422,20.33723933519603,-0.08634081432340679,0.0038817544671462373,9.174521995358404,-60.585376906985964,-0.0123147138276295,-0.2726921132310016,21.66865312791241,False
2024-07-17,248.5,0.0,0.0547,0.6193840538745472,40.65,O:TSLA240802C00210000,2.25,O:TSLA240802P00210000,0.6297477901453259,0.6954324620765462,0.6637224559128284,0.04433840203828121,0.7907187218866418,0.010071292850790985,19.64213405259361,-145.5248255755418,0.07313981066134789,-0.6071050293872216,41.463281384106324,0.9053436757086055,0.004936179610676779,9.14094503244156,-70.52588062393295,0.08777519210170884,-0.3145696933672332,22.390874221581416,-0.1146249538219637,0.005135113240114206,10.501189020152049,-74.99894495160886,-0.014635381440360948,-0.2925353360199883,19.072407162524904,False
2024-07-18,249.22999572753906,0.0,0.0548,0.6119186355528021,41.9,O:TSLA240802C00210000,2.2,O:TSLA240802P00210000,0.7257716186589205,0.7289813732795513,0.7273788216948511,0.115460186142049,0.7770508113286756,0.0100243600570781,19.77012064892108,-172.9172115032316,0.06528603469296795,-0.5568241849147526,35.33640699600891,0.8889722239124911,0.005008861444816973,9.856705116357082,-91.78786275066055,0.0784223801287191,-0.27892955218519394,17.735163564462056,-0.1119214125838155,0.005015498612261127,9.913415532563995,-81.12934875257105,-0.013136345435751156,-0.2778946327295586,17.601243431546855,False
2024-07-19,239.1999969482422,0.0,0.0548,0.6330633246084241,33.83,O:TSLA240802C00210000,3.0,O:TSLA240802P00210000,0.8094495464869089,0.7124639028535936,0.7621276053518058,0.12906428074338172,0.6585617466748899,0.013991082017170219,24.149741294533722,-238.8801814966756,0.0478960189662154,-0.5346060952199305,24.38371611573705,0.816344985518475,0.006889284481788109,12.661515805299933,-137.98251020195573,0.06406338017648097,-0.2430129751109409,10.439205046920407,-0.15778323884358514,0.007101797535382108,11.48822548923379,-100.89767129471986,-0.01616736121026557,-0.29159312010898963,13.944511068816643,False
2024-07-22,251.50999450683594,0.0,0.054900000000000004,0.6456868533731289,43.92,O:TSLA240802C00210000,1.56,O:TSLA240802P00210000,0.8093880361512192,0.7549858965775562,0.7829036131799222,0.13721675980679326,0.8090729127505989,0.009111874321143257,16.111776018711872,-185.43261028907034,0.056432115657690664,-0.5025063410707118,31.28312451795194,0.8976956128005549,0.004638212369169969,8.481250185558572,-106.08879612872073,0.06494979237295655,-0.24593688653889884,14.828615916747856,-0.08862270004995598,0.004473661951973288,7.630525833153299,-79.34381416034961,-0.008517676715265885,-0.2565694545318129,16.454508601204083,False
2024-07-23,246.3800048828125,0.0,0.054900000000000004,0.655885467056264,39.12,O:TSLA240802C00210000,1.92,O:TSLA240802P00210000,0.8340657160018418,0.7811059685769445,0.8081303753077985,0.15224490825153447,0.7678712632015761,0.011012523966103457,17.14335982287099,-226.48252051619576,0.047031150976817704,-0.5082738214684693,26.699091673654223,0.8772032877201283,0.005552674012162407,8.924888780766532,-126.95970781299035,0.056192174702128395,-0.24680376910933477,12.579946084209345,-0.10933202451855228,0.0054598499539410495,8.21847104210446,-99.52281270320542,-0.009161023725310692,-0.26147005235913456,14.119145589444877,False
2024-07-24,215.99000549316406,0.0,0.055,0.8192458888431684,10.9,O:TSLA240802C00210000,4.75,O:TSLA240802P00210000,0.5171582850626318,0.5291948700663678,0.5231805388867855,-0.2960653499563829,0.2988038628985117,0.03936289831988797,26.6838958451361,-253.97966636005015,0.013580179996896775,-0.4202215311591919,5.80575856741233,0.6506661035303508,0.01988209629106921,13.32448614786879,-131.16568694047263,0.03601038202103785,-0.21537973788953874,3.001457652249286,-0.35186224063183913,0.01948080202881876,13.35940969726731,-122.81397941957752,-0.022430202024141078,-0.20484179326965316,2.8043009151630445,False
2024-07-25,220.25,0.0,0.054900000000000004,0.8070935652126751,13.95,O:TSLA240802C00210000,2.96,O:TSLA240802P00210000,0.5707515820346523,0.529132222872145,0.5500724523186684,-0.25702111289400664,0.4648262366587882,0.03524949002972118,22.36847857439753,-263.14365569775214,0.02034951872002328,-0.6420978374851087,13.565663388593553,0.7257454149474791,0.017179076381017493,11.324772291577164,-143.74592471115287,0.0347370065814719,-0.29888139176513273,6.094501831524019,-0.26091917828869093,0.018070413648703685,11.043706282820365,-119.39773098659927,-0.01438748786144862,-0.34321644571997606,7.471161557069534,False
2024-07-26,219.8000030517578,0.0,0.054900000000000004,0.8077214943171475,12.3,O:TSLA240802C00210000,2.21,O:TSLA240802P00210000,0.49720729006975567,0.4908327572970931,0.49402459662556664,-0.3136968976915808,0.5197580153395596,0.04066136231044257,19.254904623079522,-245.18998608878485,0.01978825661861338,-0.8011047020034721,17.509907545261612,0.7586023987675174,0.020258432559497306,9.65535351586352,-129.45674678353032,0.03064301777066891,-0.3962621823665325,8.61027544536584,-0.23884438342795788,0.02040292975094526,9.599551107216001,-115.73323930525451,-0.010854761152055527,-0.4048425196369395,8.899632099895774,False
2024-07-29,232.10000610351562,0.0,0.055,0.8261493718088313,23.0,O:TSLA240802C00210000,0.46,O:TSLA240802P00210000,0.602793802692592,0.5409385461365792,0.573501151430607,-0.2526482203782243,0.8493145261892867,0.01689475276081155,8.284905941791557,-159.6520361646924,0.02756601693846633,-0.6743120462941377,28.421310955149572,0.9141893805689114,0.008890947521688957,4.5827543661075785,-97.42244667582982,0.030029104890446582,-0.33566191847162163,13.417746608178781,-0.0648748543796247,0.008003805239122596,3.702151575683979,-62.229589488862565,-0.0024630879519802495,-0.33865012782251597,15.00356434697079,False
2024-07-30,222.6199951171875,0.0,0.055,0.8211502462094401,14.75,O:TSLA240802C00210000,0.96,O:TSLA240802P00210000,0.687256860042262,0.5225919532800984,0.6094216442108156,-0.21172860199862453,0.6513867903317805,0.03486576911372419,12.402801972643852,-327.04493698437796,0.015393062390840645,-0.7461756041607319,17.477155929250806,0.7951687620106711,0.017011949926019215,6.8979847674823365,-208.03374440599765,0.01931791260906615,-0.30970723071239836,6.202404353785889,-0.14378197167889062,0.017853819187704973,5.504817205161515,-119.01119257838027,-0.003924850218225506,-0.43646837344833356,11.274751575464917,False
2024-07-31,232.07000732421875,0.0,0.054900000000000004,0.751421825302111,22.2,O:TSLA240802C00210000,0.12,O:TSLA240802P00210000,0.49550210816642853,0.5859479321687006,0.5486412971496581,-0.20278052815245284,0.9634974836492786,0.007722874978244714,1.8262728964303752,-75.09686589193319,0.01597451334026622,-0.3233203032340429,13.959196891493379,0.98915532745744,0.002792213807866556,0.5913732335226606,-29.844376383613902,0.016456609848241117,-0.1299803942073887,6.16934342145039,-0.025657843808161385,0.004930661170378157,1.2348996629077147,-45.25248950831929,-0.00048209650797489517,-0.19333990902665427,7.789853470042989,True
2024-08-01,216.86000061035156,0.0,0.0555,0.7469233301784551,15.0,O:TSLA240906C00215000,12.5,O:TSLA240906P00215000,0.4861471178357739,0.5075990596164441,0.4968732879832388,-0.2500500421952163,0.1347480020680889,0.022734108422604454,54.78391170960019,-132.01111044900006,0.0017761010745620948,-0.016107972178159128,0.19049429995002942,0.5674596775540992,0.011612014097441978,27.390943132797243,-70.52881207685961,0.11148976018012016,-0.011126666578589243,0.13168938074388453,-0.4327116754860103,0.011122094325162478,27.392968576802947,-61.482298372140455,-0.10971365910555807,-0.004981305599569885,0.0588049192061449,False
2024-08-02,207.6699981689453,0.0,0.0554,0.7513162123402143,11.51,O:TSLA240906C00215000,18.0,O:TSLA240906P00215000,0.5436081221576874,0.5566199102102434,0.5501148291021585,-0.2012013832380558,-0.06524521030443708,0.022102739092996534,52.01472604822692,-141.82963693239373,-0.04271773085759417,0.36887325514363134,1.9763419904313655,0.46617768311666985,0.011179338530215353,26.000938891432973,-75.96266265854565,0.0846241255944861,0.18727206878813413,1.039755074202776,-0.5314228934211069,0.01092340056278118,26.013787156793946,-65.86697427384806,-0.12734185645208027,0.18160118635549719,0.9365869162285896,False
2024-08-05,198.8800048828125,0.0,0.0552,0.7586555665724702,8.8,O:TSLA240906C00215000,22.3,O:TSLA240906P00215000,0.5965464370646857,0.5321506456682841,0.5645019855037332,-0.19415358106873704,-0.25969748002921006,0.021854366797735114,46.33399500371847,-132.78695496782177,-0.07880822485358084,0.6795851820227619,13.9326768596814,0.3810455438943184,0.01040801707050943,23.388652259843248,-76.94761530770202,0.06379270440978997,0.3109893669040399,5.778379077929366,-0.6407430239235284,0.011446349727225684,22.945342743875226,-55.83933966011974,-0.1426009292633708,0.36859581511872197,8.154297781752035,False
2024-08-06,200.63999938964844,0.0,0.055,0.7413939507831713,7.4,O:TSLA240906C00215000,20.6,O:TSLA240906P00215000,0.5200477942906803,0.5164028068214374,0.518225822712481,-0.2231681280706903,-0.2594979239037415,0.024045076837565047,45.782827268666395,-125.5728763304791,-0.07307580379977999,0.710897961634967,14.271721999785358,0.37089883087520137,0.011987087440014026,22.904418109021236,-68.93965610322319,0.06116643839720352,0.35355208135680594,7.060823093505527,-0.6303967547789429,0.012057989397551021,22.87840915964516,-56.63322022725592,-0.1342422421969835,0.35734588027816105,7.210898906279831,False
2024-08-07,191.75999450683594,0.0,0.055,0.7472856247667528,4.76,O:TSLA240906C00215000,25.06,O:TSLA240906P00215000,0.5425039062523689,0.4352405175837127,0.49056084589064125,-0.2567247788761115,-0.5115495613083292,0.022678492631129255,35.4120412435452,-92.81157571353492,-0.11167159934373556,1.0840778857163593,43.50466640563698,0.2730708295296706,0.010817747798004327,18.839869016195898,-61.15497422218799,0.04155910067273459,0.4681779267924597,16.01011938527362,-0.7846203908379998,0.011860744833124926,16.5721722273493,-31.65660149134694,-0.15323070001647016,0.6158999589238996,27.494547020363367,False
2024-08-08,198.83999633789062,0.0,0.0555,0.7206189832476483,5.47,O:TSLA240906C00215000,20.17,O:TSLA240906P00215000,0.4842474527540329,0.46142197059274814,0.47287405193746096,-0.24774493131018732,-0.3620639231031113,0.026324742708609388,40.993872516738094,-110.90069547153769,-0.08136065761992084,0.9177003871813023,24.819090151298525,0.3242012007940801,0.012935412723109746,20.63829813572238,-63.238435998025444,0.04916180464886219,0.44235829380129227,11.578057075676883,-0.6862651238971914,0.013389329985499642,20.355574381015717,-47.662259473512236,-0.13052246226878303,0.4753420933800101,13.24103307562164,False
2024-08-09,200.0,0.0,0.0554,0.7085636061502325,5.1,O:TSLA240906C00215000,19.35,O:TSLA240906P00215000,0.4599471597323579,0.4694748267360031,0.4647174449414016,-0.2438461612088309,-0.3497514973340282,0.027497645312830762,40.563399956546164,-113.53015463681723,-0.07492087259270291,0.9053860982676727,23.135185516161044,0.32296797235980734,0.013852423948775101,20.226612859198735,-61.90593588799167,0.047217138469810675,0.45970473644903814,11.899512796804194,-0.6727194696938356,0.013645221364055663,20.33678709734743,-51.62421874882556,-0.12213801106251358,0.4456813618186346,11.23567271935685,False
2024-08-12,197.49000549316406,0.0,0.0553,0.7010706593228345,3.91,O:TSLA240906C00215000,20.47,O:TSLA240906P00215000,0.449502221963716,0.44644345468620983,0.44797396653294574,-0.2530966927898888,-0.4483039461039577,0.027512861690626264,36.243309976212984,-101.42674472814656,-0.08513473915852682,1.0715752777128191,34.588531205586236,0.2766674428580534,0.013729543745935728,18.148103692204767,-56.90317092536807,0.0382480968804173,0.5332245386926103,17.14029198758326,-0.7249713889620111,0.013783317944690536,18.095206284008214,-44.523573802778486,-0.12338283603894411,0.5383507390202087,17.44823921800298,False
2024-08-13,207.8300018310547,0.0,0.0548,0.7312950672585841,7.14,O:TSLA240906C00215000,13.27,O:TSLA240906P00215000,0.4442468739375456,0.43504183312000555,0.43964582594633106,-0.291649241312253,-0.15587852574125055,0.032050992737957425,43.46971308109622,-130.8856212607107,-0.03771873877873302,0.5592637370918739,6.109695409803358,0.42334753780955386,0.01586809073739604,21.74891033833324,-72.06346671725319,0.0577459425415229,0.27505317420069914,2.9537639785337544,-0.5792260635508044,0.016182902000561383,21.720802742762974,-58.8221545434575,-0.09546468132025591,0.2842105628911748,3.1559314312696034,False
2024-08-14,201.3800048828125,0.0,0.054900000000000004,0.7311445930482763,4.67,O:TSLA240906C00215000,18.68,O:TSLA240906P00215000,0.454312949219886,0.5165318713987092,0.4856583109736443,-0.24548628207463197,-0.33164492465496254,0.028741853404831156,38.04982193380036,-132.0822452687997,-0.06080647465430151,0.8360039421751411,18.897378121644017,0.3212413351730933,0.015073601748094852,18.73497971227445,-66.38074540405144,0.040490749522905496,0.4590414656293858,11.146179899317728,-0.6528862598280558,0.013668251656736304,19.314842221525907,-65.70149986474827,-0.101297224177207,0.37696247654575527,7.751198222326288,False
2024-08-15,214.13999938964844,0.0,0.0553,0.7748486733071202,9.85,O:TSLA240906C00215000,10.27,O:TSLA240906P00215000,0.46019310297929017,0.474781538200022,0.4674871342927218,-0.30736153901439833,0.043605307562375906,0.03159143798717763,42.988090875316615,-157.66265348942562,-0.00684594251759213,0.1075681183407759,-0.31735124770316925,0.5214103538398738,0.016043030401931734,21.49520285899555,-83.52886596071984,0.06463797641462021,0.05389918099936205,-0.15615723177141091,-0.47780504627749787,0.015548407585245897,21.49288801632106,-74.13378752870577,-0.07148391893221234,0.05366893734141385,-0.1611940159317583,False
2024-08-16,216.1199951171875,0.0,0.0553,0.7660444689530014,10.85,O:TSLA240906C00215000,9.0,O:TSLA240906P00215000,0.47337377756356563,0.47224886346125533,0.47281132118552927,-0.2932331477674721,0.10442584862769166,0.031730108360795435,41.70992650797445,-165.8061079256373,0.0016181630330522334,-0.02660221621897254,0.184107855034282,0.5522054431095784,0.01584622047567011,20.85501502960902,-88.92626772704165,0.06457895099317132,-0.013154702150297716,0.09102742125029178,-0.44777959448188676,0.015883887885125327,20.85491147836543,-76.87984019859564,-0.06296078796011909,-0.013447514068674825,0.09308043378399024,False
2024-08-19,222.72000122070312,0.0,0.055099999999999996,0.7493971513872707,13.95,O:TSLA240906C00215000,5.7,O:TSLA240906P00215000,0.44594598661346885,0.4525624877487551,0.4492558195322753,-0.3001413318549954,0.32187436334914565,0.0310414591367928,38.429055927744734,-158.24811286378227,0.028909921443353317,-0.5037767305212878,10.976714879221598,0.6617704004256009,0.015620359473698891,19.19637474151156,-84.39743315347013,0.07413305799478655,-0.25599525488365665,5.607934959400637,-0.3398960370764552,0.01542109966309391,19.232681186233176,-73.85067971031214,-0.04522313655143323,-0.24778147563763117,5.368779919820961,False
2024-08-20,221.10000610351562,0.0,0.0548,0.747259783470247,13.26,O:TSLA240906C00215000,6.14,O:TSLA240906P00215000,0.48347238318741065,0.46162276615612974,0.4725576267004013,-0.2747021567698457,0.2667602545091048,0.031740840910050576,37.80685694577927,-175.33468404697905,0.02041861193261113,-0.37245017541913283,6.380235428191524,0.6313480965070524,0.015532697230272756,18.938207426608546,-95.66668368036392,0.06517078904305475,-0.17598523382011727,2.964374224626384,-0.3645878419979476,0.016208143679777822,18.86864951917073,-79.66800036661513,-0.04475217711044362,-0.19646494159901556,3.4158612035651403,False
2024-08-21,223.27000427246094,0.0,0.0545,0.6011473443430653,13.82,O:TSLA240906C00215000,4.95,O:TSLA240906P00215000,0.45705968562899707,0.45462051934157593,0.4558403730243445,-0.14530697131872078,0.35108394592918757,0.03238927438121696,35.047142112963655,-170.99616947187243,0.02838881624171531,-0.5614701772262816,12.454331232870942,0.6751995977824645,0.01615832742203797,17.531165408413365,-91.5970680088835,0.06520562718174036,-0.2791445831469688,6.178865807310884,-0.32411565185327695,0.016230946959178993,17.51597670455029,-79.39910146298894,-0.03681681094002505,-0.2823255940793128,6.275465425560058,False
2024-08-22,210.66000366210938,0.0,0.055099999999999996,0.6319857576384825,6.6,O:TSLA240906C00215000,10.3,O:TSLA240906P00215000,0.47278962462181573,0.4656916407952395,0.4692410324752332,-0.16274472516324934,-0.10696625664974319,0.038288063153578626,34.80096298137438,-184.8805718236677,-0.0172130409600448,0.3918194223055945,2.319237163662243,0.4472120935496848,0.01900376667922966,17.40459597806109,-99.08345474827827,0.038242329917225294,0.1936174510417357,1.1308898192582777,-0.554178350199428,0.019284296474348966,17.396367003313298,-85.79711707538944,-0.055455370877270094,0.19820197126385883,1.1883473444039656,False
2024-08-23,220.32000732421875,0.0,0.055099999999999996,0.6539005194398063,11.0,O:TSLA240906C00215000,5.25,O:TSLA240906P00215000,0.4495165913838357,0.45191363852129673,0.4507152258902788,-0.20318529354952752,0.2672637894901193,0.03805086696030523,33.03476379005702,-189.95399190779045,0.01691807938807998,-0.4203502466499055,6.300074755532576,0.6338837907801955,0.019071676634368553,16.513606603242383,-100.6205821186128,0.05105447675690326,-0.21144421255032406,3.175231884794354,-0.3666200012900762,0.01897919032593667,16.521157186814637,-89.33340978917764,-0.034136397368823276,-0.20890603409958142,3.124842870738222,False
2024-08-26,213.2100067138672,0.0,0.054900000000000004,0.6299742630038239,6.5,O:TSLA240906C00215000,7.83,O:TSLA240906P00215000,0.4443561409440418,0.4419376643284495,0.44314688732326035,-0.1868273756805635,-0.027556745166670005,0.044658882553574815,32.12990829067368,-198.226501816277,-0.00721620493642787,0.21285759169382706,0.2962826512868245,0.4863503239650389,0.022268758733796832,16.06513327590379,-105.27696086275199,0.03471241279924194,0.10605475575521067,0.14623649008880057,-0.5139070691317089,0.022390123819777983,16.064775014769893,-92.94954095352499,-0.04192861773566981,0.10680283593861639,0.15004616119802397,False
2024-08-27,209.2100067138672,0.0,0.054900000000000004,0.6173557456648757,4.4,O:TSLA240906C00215000,9.8,O:TSLA240906P00215000,0.4492964031587372,0.44820516684538425,0.4487508146286011,-0.1686049310362746,-0.22025913755268528,0.04586966519979589,28.601220562679025,-198.83905306213924,-0.01913663988767867,0.6148767373311395,6.409763019336,0.390038174793025,0.022909751445486463,14.30235891316445,-105.44774897310349,0.024507901322893107,0.3068114684154256,3.1933356675881894,-0.6102973123457103,0.022959913754309426,14.298861649514572,-93.39130408903576,-0.04364454121057178,0.3080652689157139,3.216427351747811,False
2024-08-28,205.75,0.0,0.0547,0.5956691246042953,2.87,O:TSLA240906C00215000,11.85,O:TSLA240906P00215000,0.45526400467625794,0.4599826360785827,0.45762520447075367,-0.13804392013354166,-0.395916202749546,0.044449064341726754,23.918832363319684,-191.7652611753302,-0.026716599643255564,0.9066429301457561,16.122307165994215,0.30097240452267315,0.022303773001847094,11.94039895230079,-101.07892165123025,0.016404186730705383,0.45697516265810356,8.173792708350852,-0.6968886072722191,0.022145291339879664,11.978433411018894,-90.68633952409996,-0.04312078637396095,0.44966776748765264,7.948514457643364,False
2024-08-29,206.27999877929688,0.0,0.054000000000000006,0.5518092485849557,2.34,O:TSLA240906C00215000,10.85,O:TSLA240906P00215000,0.43028164549267994,0.4364071413486512,0.4333483140707016,-0.1184609345142541,-0.42898716430461725,0.049269902289471416,21.630468401061027,-191.35501568933125,-0.024209874221212024,0.9934066358328766,17.916261726247015,0.2839852261844349,0.02474657998105216,10.787801779670955,-100.51464061509512,0.013390588597777042,0.5020938536638597,9.126121369020105,-0.7129723904890521,0.024523322308419256,10.842666621390071,-90.84037507423615,-0.037600462818989065,0.4913127821690169,8.79014035722691,False
2024-08-30,214.11000061035156,0.0,0.0541,0.5473649340613308,4.6,O:TSLA240906C00215000,5.25,O:TSLA240906P00215000,0.40856273389981246,0.4077862657052645,0.40817447822093966,-0.13919045584039114,-0.01972993985383814,0.06479479103658575,24.056306015574727,-246.68167764611886,-0.0027925352051873277,0.16068224965579792,0.11984536771075933,0.4901662212005857,0.032366643481571755,12.028176271698234,-129.2683748558213,0.019910613079450946,0.08024188083906926,0.05965916087038203,-0.5098961610544238,0.032428147555014004,12.028129743876494,-117.41330279029756,-0.022703148284638274,0.08044036881672866,0.0601862068403773,True
2024-09-03,210.60000610351562,0.0,0.0538,0.5268079963054443,11.5,O:TSLA241004C00215000,15.1,O:TSLA241004P00215000,0.5127745420720723,0.52275002577558,0.5177623899698258,-0.009045606335618461,-0.01802925503127234,0.0242167704807811,50.751694824839404,-142.31867542637315,-0.027743258256006653,0.27583047401503713,0.3969151984917036,0.49029755780546697,0.012224556698244854,25.37485847601155,-76.21734620176073,0.08374616584628408,0.1394061307688596,0.21573356406668143,-0.5083268128367393,0.011992213782536247,25.376836348827855,-66.10132922461241,-0.11148942410229074,0.13642434324617753,0.18118163442502216,False
2024-09-04,219.41000366210938,0.0,0.0533,0.5440706621894166,16.27,O:TSLA241004C00215000,10.75,O:TSLA241004P00215000,0.524841570035282,0.5203902234677996,0.5226159919202328,-0.021454670269183795,0.1887659815249405,0.022888174674184948,50.27140769629827,-151.23797913420356,0.012568935847171225,-0.12526651306555603,1.9395900118105782,0.5942435990766454,0.01139633282151438,25.137862095409908,-81.64439379826476,0.0996224518051992,-0.061617297140914205,0.9526047976897638,-0.40547761755170486,0.01149184185267057,25.133545600888358,-69.59358533593878,-0.08705351595802797,-0.06364921592464182,0.9869852141208143,False
2024-09-05,230.1699981689453,0.0,0.053,0.5326277458895069,23.8,O:TSLA241004C00215000,8.05,O:TSLA241004P00215000,0.5607459664757454,0.5766523774380758,0.5687096544146537,0.03608190852514681,0.3999797382846014,0.01840580437645231,46.20454283498215,-160.8560424824023,0.05017777969048497,-0.44062324061892827,15.356851797401003,0.7017413810008405,0.009307297942728245,23.041245827562857,-84.82086401843378,0.1147665103166972,-0.22729443200994087,7.995461795826252,-0.30176164271623906,0.009098506433724066,23.16329700741929,-76.03517846396852,-0.06458873062621223,-0.2133288086089874,7.361390001574751,False
2024-09-06,210.72999572753906,0.0,0.0528,0.6178112202554746,12.25,O:TSLA241004C00215000,15.37,O:TSLA241004P00215000,0.5816617895908635,0.5710650271394349,0.5763634617686273,-0.04144775848684734,-0.013212383456697563,0.0233173414187728,47.36101601177637,-170.36678555656047,-0.024130353578867683,0.24769179588778345,0.24375083752538085,0.4940499312395374,0.011551812678043854,23.68115304712536,-91.62912591076977,0.07290566658675345,0.12260542655732201,0.10856224089775585,-0.507262314696235,0.011765528740728946,23.679862964651015,-78.7376596457907,-0.09703602016562113,0.12508636933046144,0.135188596627625,False
2024-09-09,216.27000427246094,0.0,0.0525,0.6230227514005103,14.0,O:TSLA241004C00215000,11.85,O:TSLA241004P00215000,0.548250485203853,0.5469444670574395,0.5475974931985139,-0.07542525820199641,0.11187412806945984,0.02429456536075817,46.91541809446043,-170.28344638924352,-0.0012478037716016216,0.013973769079594014,-0.11673661589247175,0.5559416266215932,0.012132777328403975,23.45767093151198,-90.8638698649449,0.08009668497337802,0.0070995535674210864,-0.05931433415171391,-0.44406749855213334,0.012161788032354194,23.457747162948447,-79.41957652429863,-0.08134448874497964,0.006874215512172928,-0.057422281740757836,False
2024-09-10,226.1699981689453,0.0,0.0518,0.6359258131525873,20.01,O:TSLA241004C00215000,8.0,O:TSLA241004P00215000,0.5617547084998601,0.5596567703004514,0.5607058660864832,-0.07521994706610413,0.3383276532837054,0.02139202899431105,43.82557318929268,-174.52562419883827,0.03464968908834277,-0.372084140452354,9.842315392545764,0.668968675748618,0.010678524068849804,21.917948668650546,-92.98843142487058,0.0937790315493907,-0.18520854849934656,4.893055851291387,-0.33064102246491256,0.010713504925461248,21.90762452064214,-81.53719277396767,-0.05912934246104793,-0.18687559195300743,4.949259541254378,False
2024-09-11,228.1300048828125,0.0,0.0521,0.6136363270880616,21.23,O:TSLA241004C00215000,7.1,O:TSLA241004P00215000,0.5739165114581893,0.562143656621128,0.5680354403853416,-0.04560088670272,0.3825158679262126,0.02092844340225261,41.73332820905516,-178.7754508001737,0.03975662285325089,-0.4364170321817922,12.916655560597244,0.6899737361324703,0.010374837721779388,20.90466594972372,-96.01754169841625,0.09186321827299673,-0.21313589886149562,6.261070866615837,-0.30745786820625765,0.010553605680473222,20.828662259331434,-82.75790910175743,-0.05210659541974584,-0.2232811333202966,6.655584693981407,False
2024-09-12,229.80999755859375,0.0,0.0518,0.5983551251915425,22.05,O:TSLA241004C00215000,6.47,O:TSLA241004P00215000,0.5753733220783352,0.572137524616845,0.5737559485465289,-0.024599176645013654,0.42165868893851155,0.020578088509509554,39.590086321300994,-182.4233162711584,0.04341675065112329,-0.4900373849051165,15.772091297215152,0.7104329346329973,0.010266662337997466,19.80780163873845,-97.06535078903346,0.08966005776098646,-0.24355190319565487,7.82238394248428,-0.28877424569448573,0.01031142617151209,19.782284682562544,-85.35796548212492,-0.046243307109863165,-0.2464854817094616,7.949707354730872,False
2024-09-13,230.2899932861328,0.0,0.051500000000000004,0.5605573311868224,21.6,O:TSLA241004C00215000,5.67,O:TSLA241004P00215000,0.554043552706594,0.5550071706186058,0.5545254118800165,-0.006031919306805911,0.45023388496209693,0.02141494514371765,37.48685405589738,-178.54963089003178,0.045484737110185,-0.5568652825486482,18.713397369496953,0.7252510936580133,0.010714200606999449,18.7389188977604,-94.69931905866271,0.0865583746959907,-0.27892023263032534,9.379374928650245,-0.2750172086959164,0.010700744536718201,18.74793515813698,-83.85031183136907,-0.041073637585805706,-0.2779450499183229,9.334022440846708,False
2024-09-16,226.77999877929688,0.0,0.051100000000000007,0.5643851455440055,18.5,O:TSLA241004C00215000,5.99,O:TSLA241004P00215000,0.5421777775618782,0.5357556884445329,0.5389685430109501,-0.025416602533055443,0.3869888853542651,0.024370912548596024,37.52824719389531,-185.27269426391248,0.03515074386013426,-0.4934060996012788,13.3401433408362,0.6927023202776836,0.012126764713795198,18.785538829427388,-98.74791693740293,0.076995017414994,-0.24355212807591536,6.555129519009068,-0.3057134349234185,0.012244147834800826,18.74270836446792,-86.52477732650955,-0.041844273554859736,-0.24985397152536343,6.785013821827132,False
2024-09-17,227.8699951171875,0.0,0.050499999999999996,0.5550580252015174,18.83,O:TSLA241004C00215000,5.4,O:TSLA241004P00215000,0.5401865410544677,0.5401512191554076,0.5401688609331845,-0.014889164268332866,0.4220910102969808,0.02444653110290155,35.37234890005169,-188.82490085452963,0.03711803150476042,-0.5488064751476545,15.805105058916524,0.7110406589267695,0.01222296236611621,17.68631401660673,-99.83076267207913,0.07387034957186275,-0.2743849219620387,7.901823649711168,-0.28894964862978867,0.01222356873678534,17.686034883444965,-88.9941381824505,-0.03675231806710234,-0.27442155318561584,7.903281409205356,False
2024-09-18,227.1999969482422,0.0,0.049100000000000005,0.554338121716812,18.62,O:TSLA241004C00215000,5.54,O:TSLA241004P00215000,0.5797229986496597,0.5577863252583242,0.5687770042955876,0.01443888257877568,0.4009381905246281,0.0246495194438872,34.451119365391634,-209.04204092208275,0.031872931268394876,-0.49104967846557235,12.807820246886996,0.697777880861246,0.012137256261224954,17.295710175438355,-112.15040315109515,0.06662625352486952,-0.23559533792823692,6.050788684044929,-0.29683969033661795,0.012512263182662247,17.155409189953275,-96.8916377709876,-0.03475332225647464,-0.25545434053733546,6.757031562842067,False
2024-09-19,243.9199981689453,0.0,0.0489,0.6097930763512133,30.4,O:TSLA241004C00215000,2.11,O:TSLA241004P00215000,0.47180861700960136,0.5846950875740954,0.5323054345250131,-0.07748764182620016,0.7785437009795919,0.013876982692635216,19.119906446753788,-125.19916700250475,0.06870302219409705,-0.7890706483872039,49.89227915802113,0.9116877948794673,0.006659371435562446,8.159923138619563,-53.48687461801083,0.08380030705691047,-0.42511430141876927,29.273578958550544,-0.13314409389987536,0.007217611257072771,10.959983308134225,-71.71229238449392,-0.015097284862813426,-0.36395634696843465,20.618700199470588,False
2024-09-20,238.25,0.0,0.0487,0.575712511020797,26.0,O:TSLA241004C00215000,2.33,O:TSLA241004P00215000,0.5578061127311865,0.5573800995714112,0.5575931095540524,-0.018119401466744622,0.6814187041782932,0.018334969883877165,23.028352417575306,-168.31637475757475,0.053181748520027286,-0.7712492639409076,36.50791866512253,0.8406272115081095,0.009167078624094152,11.518064421320862,-89.44047733116486,0.06915850521500073,-0.3854417658285366,18.239106546070353,-0.15920850732981628,0.009167891259783012,11.510287996254444,-78.87589742640988,-0.015976756694973452,-0.3858074981123711,18.268812119052175,False
2024-09-23,250.0,0.0,0.048499999999999995,0.5789496065546971,36.15,O:TSLA241004C00215000,1.17,O:TSLA241004P00215000,0.5532557453421019,0.6120208553606662,0.5840544605612756,0.005104854006578563,0.8503666689721958,0.010218502129634696,13.320746494843956,-117.68781420743517,0.06259702401537463,-0.6423767388175488,43.84351183575337,0.9346515580739159,0.004870951217538722,6.015361041036616,-56.17183792929401,0.07054031768517108,-0.323748945820357,23.117301338884758,-0.08428488910172005,0.005347550912095974,7.30538545380734,-61.51597627814117,-0.007943293669796443,-0.3186277929971917,20.72621049686861,False
2024-09-24,254.27000427246094,0.0,0.0478,0.5607992340680078,39.12,O:TSLA241004C00215000,0.78,O:TSLA241004P00215000,1.0,0.6348908012563202,0.4677799572706224,-0.09301927679738542,0.7904173228699047,0.009285104065340728,15.945287795737595,-227.5125159222068,0.049778414812029846,-0.47109100326196623,28.484435102765453,0.8506318310491525,0.005132025832252957,10.533399127997082,-174.16530971164704,0.05488658727298265,-0.2001788447104495,9.42399514145175,-0.06021450817924778,0.004153078233087771,5.411888667740512,-53.34720621055976,-0.005108172460952803,-0.27091215855151674,19.0604399613137,False
2024-09-25,257.0199890136719,0.0,0.0479,0.5508106756089712,42.6,O:TSLA241004C00215000,0.52,O:TSLA241004P00215000,0.585827802615077,0.65201910935029,0.621589443230629,0.0707787676216578,0.9269775128628159,0.005974977765237048,6.825540415422401,-86.04586837395068,0.05420326393664495,-0.4316235999433798,33.19286594321764,0.9706738648104057,0.0026607465427846396,2.86025521438187,-40.07078236159929,0.057467385019285805,-0.204379095719761,16.55372031842621,-0.04369635194758981,0.003314231222452408,3.96528520104053,-45.97508601235139,-0.003264121082640855,-0.22724450422361878,16.63914562479143,False
2024-09-26,254.22000122070312,0.0,0.049,0.547432851720275,39.35,O:TSLA241004C00215000,0.43,O:TSLA241004P00215000,1.0,0.6450766807494926,0.5401068156003952,-0.0073260361198798085,0.8386264169437202,0.008565757486037925,11.301830509579604,-220.25607593632458,0.04066519046006549,-0.42638164842689574,24.581338293691324,0.8791279384894637,0.005125634336887845,7.887107548430851,-174.5237432597125,0.04321907066406525,-0.20434764129158517,9.383773062964467,-0.04050152154574349,0.0034401231491500805,3.4147229611487524,-45.73233267661209,-0.0025538802039997595,-0.2220340071353106,15.197565230726857,False
2024-09-27,260.4599914550781,0.0,0.049,0.5483954738961022,45.9,O:TSLA241004C00215000,0.26,O:TSLA241004P00215000,0.7041269673342783,0.718012673012608,0.71119506251812,0.16279958862201782,0.9516950935844241,0.004350961472094248,4.16543974176267,-84.55088944022529,0.04002351109976963,-0.2991980865104781,21.676461199411897,0.9768864039863744,0.002118083028795544,2.007453367778204,-45.83870310565877,0.04137694929263355,-0.14719009299779565,10.764151860151289,-0.02519131040195033,0.002232878443298704,2.1579863739844667,-38.71218633456652,-0.0013534381928639264,-0.15200799351268243,10.91230933926061,False
2024-09-30,261.6300048828125,0.0,0.0493,0.5404366153154615,46.85,O:TSLA241004C00215000,0.1,O:TSLA241004P00215000,0.6500950864055879,0.7074768248306774,0.6819621149063112,0.1415254995908497,0.9807514851704049,0.002276324471840718,1.6916458561045373,-46.84439418393442,0.033276827913326805,-0.16866301006303136,12.998843794640203,0.992799946142344,0.0009322821408489378,0.6585045763772946,-23.98063892808595,0.03379305631061551,-0.07268356604448903,5.862860638491942,-0.012048460971939123,0.0013440423309917804,1.0331412797272426,-22.86375525584847,-0.0005162283972886995,-0.09597944401854232,7.135983156148261,True
2024-10-01,258.0199890136719,0.0,0.0496,0.538791682520515,21.0,O:TSLA241101C00260000,22.0,O:TSLA241101P00260000,0.6883351124914063,0.6946097140847787,0.6914723353058101,0.15268065278529508,0.0713360030799034,0.014744049014448896,61.94647360078611,-233.43743849327765,-0.022446800047143403,0.1371946847755523,-0.9574140119186672,0.5354527921417411,0.007405829798979464,30.974738651198383,-122.6130143394751,0.10692948577588472,0.06867849089690027,-0.47637718984677296,-0.46411678906183773,0.007338219215469431,30.97173494958773,-110.82442415380255,-0.12937628582302813,0.06851619387865202,-0.48103682207189413,False
2024-10-02,249.02000427246094,0.0,0.0492,0.5488251615983923,16.0,O:TSLA241101C00260000,25.77,O:TSLA241101P00260000,0.6880048481397375,0.6847337068178985,0.6863693301901221,0.1375441685917298,-0.07185904647290459,0.015735230905241433,58.46812513144958,-226.90415463770208,-0.052087915925132885,0.3392062514340559,2.250864196325688,0.464347872699089,0.007849362834131611,29.235903232624125,-120.10279169102668,0.08698023822839586,0.1690852498179748,1.113283370523701,-0.5362069191719936,0.007885868071109822,29.23222189882546,-106.8013629466754,-0.13906815415352874,0.17012100161608112,1.1375808258019868,False
2024-10-03,240.66000366210938,0.0,0.0499,0.5430468282304295,11.5,O:TSLA241101C00260000,30.43,O:TSLA241101P00260000,0.6711962841339933,0.696240913538279,0.6837332379698755,0.14068640973944602,-0.2143678211928347,0.016191853618504184,53.41625661486016,-214.47287684866617,-0.07793313386108748,0.528078241559415,9.987118300971716,0.38951116101453764,0.00822527930556234,26.645678873564666,-111.4106477850515,0.0685331311968266,0.27105897399318934,5.283898302932995,-0.6038789822073724,0.007966574312941845,26.770577741295497,-103.06222906361468,-0.14646626505791407,0.2570192675662256,4.703219998038722,False
2024-10-04,250.0800018310547,0.0,0.0501,0.4486984641537133,14.75,O:TSLA241101C00260000,23.75,O:TSLA241101P00260000,0.6603883519316583,0.6643821919154852,0.6623853521704675,0.21368688801675417,-0.07477607265920577,0.01702262654868116,55.96555026287747,-230.6801000981319,-0.04539682570439152,0.33635256663668756,2.2241488368467968,0.4622761329752321,0.008536297255761655,27.980554512937736,-121.46448978054019,0.0800444572864277,0.16883961211573073,1.1264785727846223,-0.5370522056344379,0.008486329292919504,27.98499574993974,-109.21561031759171,-0.12544128299081922,0.16751295452095682,1.0976702640621743,False
2024-10-07,240.8300018310547,0.0,0.05,0.47192222143716156,11.11,O:TSLA241101C00260000,29.3,O:TSLA241101P00260000,0.6888910095544328,0.6888244018746362,0.6888576996847988,0.21693547824763726,-0.22849999673271892,0.016792263404696577,50.583979887977975,-226.3064755422979,-0.07195846976187015,0.5325277705070598,10.226947214893713,0.3857588692434185,0.008395782312590739,25.292160242293814,-119.63520846951783,0.06166880454518084,0.2662450095976597,5.112702874440841,-0.6142588659761374,0.008396481092105836,25.291819645684157,-106.67126707278005,-0.13362727430705099,0.2662827609094001,5.1142443404528715,False
2024-10-08,244.5,0.0,0.0496,0.44953672446467,11.65,O:TSLA241101C00260000,25.9,O:TSLA241101P00260000,0.6719047223982233,0.6588667983621008,0.6653888886526227,0.21585216418795267,-0.18721432385189474,0.017844561241249716,50.695740770128594,-231.9949284670529,-0.05951707298699159,0.48355106314474405,7.48534923402142,0.4079687574235382,0.008843450672700892,25.37225937620239,-123.70386496450762,0.06292740085003933,0.2382866775368503,3.6244958599206014,-0.595183081275433,0.009001110568548826,25.323481393926205,-108.29106350254528,-0.12244447383703091,0.2452643856078938,3.8608533741008193,False
2024-10-09,241.0500030517578,0.0,0.0493,0.453838576625307,10.35,O:TSLA241101C00260000,28.1,O:TSLA241101P00260000,0.6944305604102597,0.680258757193653,0.6873503735885025,0.23351179696319546,-0.24803563561992298,0.01763912808374412,47.51988663635787,-237.24790261109297,-0.06627233501162538,0.5462220344218378,10.811088189654594,0.37791715067998904,0.008742853360901156,23.79823136867678,-126.46927145392284,0.054472135536527445,0.2689365693812774,5.23575975833613,-0.625952786299912,0.008896274722842965,23.72165526768109,-110.77863115717012,-0.12074447054815282,0.27728546504056045,5.5753284313184635,False
2024-10-10,238.77000427246094,0.0,0.049800000000000004,0.4556869364928657,9.22,O:TSLA241101C00260000,29.9,O:TSLA241101P00260000,0.7033773785586732,0.7154567345182526,0.7094222706079485,0.2537353341150828,-0.2882317138127907,0.017461236613121555,44.83637542291002,-245.1137661944266,-0.06853402383399289,0.5759757165078818,12.805917864434395,0.3541449465438586,0.008789891351416461,22.379525798972907,-127.7142526770961,0.04783440660276035,0.29159528372599647,6.564023774117811,-0.6423766603566493,0.008671345261705094,22.45684962393711,-117.39951351733052,-0.11636843043675324,0.2843804327818853,6.241894090316584,False
2024-10-11,217.8000030517578,0.0,0.049699999999999994,0.5567925382215432,2.39,O:TSLA241101C00260000,44.1,O:TSLA241101P00260000,0.6339093609315438,0.6561560409810264,0.645149564012885,0.08835702579134186,-0.6960586381778007,0.013719879399089174,24.990030569852713,-125.60677861985262,-0.11791165090436176,0.8643087908442235,47.23459396988662,0.14716313438791045,0.006834035307748893,12.232377198750484,-66.60964258356547,0.017656030427853055,0.4369859200379233,24.350781764276885,-0.8432217725657112,0.006885844091340281,12.75765337110223,-58.997136036287145,-0.1355676813322148,0.42732287080630016,22.883812205609733,False
2024-10-14,219.16000366210938,0.0,0.049699999999999994,0.5553372947531395,1.67,O:TSLA241101C00260000,41.65,O:TSLA241101P00260000,0.5755268304378809,0.5614691932475895,0.5685662528097629,0.013228958056623386,-0.7650425847304794,0.0134178557626078,20.356354580835802,-93.69187871589888,-0.11721485315066742,0.916121561359521,56.216241075783444,0.12069874872450731,0.006756214893441546,10.37574100045797,-54.97533819210149,0.013767965673597242,0.4561999304865145,27.60723338751111,-0.8857413334549866,0.006661640869166252,9.980613580377833,-38.71654052379739,-0.13098281882426466,0.45992163087300647,28.609007688272335,False
2024-10-15,219.57000732421875,0.0,0.0493,0.5550193258688557,1.56,O:TSLA241101C00260000,41.74,O:TSLA241101P00260000,0.5817361686716856,0.6217013373980806,0.6022092467844488,0.04718992091559304,-0.7498585936573205,0.013705488587595396,20.521430602219446,-109.62559684170881,-0.1072739658618672,0.8797428296881608,50.52636343167967,0.1162738245465012,0.006743090799961799,9.756047774267724,-56.18990055814283,0.012365602325189382,0.4458931493328073,26.546957711475656,-0.8661324182038217,0.006962397787633597,10.765382827951722,-53.43569628356599,-0.11963956818705658,0.43384968035535343,23.979405720204017,False
2024-10-16,221.3300018310547,0.0,0.049100000000000005,0.555943397783603,1.42,O:TSLA241101C00260000,39.0,O:TSLA241101P00260000,0.5693132769377488,0.5119622424509632,0.5420075126826763,-0.013935885100926693,-0.8016631462972481,0.013292799989754796,16.802665691694493,-85.17289507320095,-0.10373909792278989,0.9019780562811438,56.21020412109284,0.11214173578757386,0.006933549143435298,9.20806106358029,-56.19280612450437,0.011143014565334088,0.4485522781178993,26.326760245058978,-0.9138048820848219,0.006359250846319499,7.594604628114205,-28.980088948696572,-0.11488211248812398,0.45342577816324453,29.88344387603387,False
2024-10-17,220.88999938964844,0.0,0.0493,0.4817287058574363,1.13,O:TSLA241101C00260000,40.5,O:TSLA241101P00260000,0.5659119671336305,0.6569751098854429,0.6141158713102342,0.13238716545279783,-0.7685055922321558,0.013708202177598246,17.91086937906377,-116.1302765582441,-0.09227131737262362,0.8389706870452063,46.642605972709205,0.09655434848256955,0.006549348630699074,7.893893073867508,-52.16605763767026,0.008816539275841992,0.42909984313157407,25.772339576802548,-0.8650599407147253,0.007158853546899172,10.01697630519626,-63.964218920573856,-0.1010878566484656,0.40987084391363215,20.87026639590666,False
2024-10-18,220.6999969482422,0.0,0.0492,0.4767026119592548,0.87,O:TSLA241101C00260000,39.25,O:TSLA241101P00260000,0.5596947598992315,0.48698484099178113,0.5263569499969483,0.04965433803769348,-0.8661836988676466,0.011125319075727811,11.331320668682508,-64.20943186497504,-0.09178045226059788,0.7838034261625202,51.85350320566048,0.08127075310813286,0.006114039773744606,6.614295812124349,-47.48470208569177,0.006772402763073931,0.4053698090952543,24.889583189795466,-0.9474544519757794,0.0050112793019832045,4.717024856558159,-16.724729779283273,-0.09855285502367181,0.3784336170672659,26.963920015865014,False
2024-10-21,218.85000610351562,0.0,0.0492,0.43420697979097284,0.61,O:TSLA241101C00260000,42.6,O:TSLA241101P00260000,0.5680156603385885,0.7530879605597514,0.6723987894237041,0.2381918096327313,-0.8077621538314295,0.012014220001753097,13.821628625819748,-121.74025491340453,-0.07856741153435615,0.7114054781497513,39.153635574749316,0.0623895561383467,0.005227832358557503,5.0794542943315335,-41.034696765451976,0.004658555264883145,0.35510651067180277,22.544468129317035,-0.8701517099697762,0.0067863876431955945,8.742174331488215,-80.70555814795254,-0.0832259667992393,0.35629896747794854,16.609167445432277,False
2024-10-22,217.97000122070312,0.0,0.0489,0.4255332793779608,0.67,O:TSLA241101C00260000,42.55,O:TSLA241101P00260000,0.6268887253470625,0.6737147649061015,0.6512573637902737,0.22572408441231284,-0.8529684906252357,0.011004306427097873,10.811313788971162,-99.85339429446975,-0.07274334696597015,0.669206638882152,37.72913830070584,0.06566591183289643,0.005249295489521601,4.963344029982685,-49.672716920881115,0.004331174248372378,0.3303765533654937,19.359881686989926,-0.9186344024581321,0.005755010937576271,5.847969758988477,-50.18067737358864,-0.07707452121434252,0.33883008551665833,18.369256613715912,False
2024-10-23,213.64999389648438,0.0,0.048799999999999996,0.4220968143931304,0.64,O:TSLA241101C00260000,48.3,O:TSLA241101P00260000,0.7251065658680103,0.9956657445373077,0.8795502155065538,0.45745340111342336,-0.8023838500663749,0.010824664560423348,12.078635502558633,-185.00509378150213,-0.0612136957414774,0.5533982175531911,26.045515828043314,0.06020889962946987,0.004626194211491003,4.253328902881395,-56.11061405163015,0.0033954530662084104,0.2757389454044547,15.248511292118058,-0.8625927496958448,0.006198470348932344,7.825306599677238,-128.894479729872,-0.06460914880768581,0.2776592721487363,10.797004535925254,False
2024-10-24,260.4800109863281,0.0,0.0487,0.9125427506904508,8.81,O:TSLA241101C00260000,7.98,O:TSLA241101P00260000,0.5256439935427581,0.5225984487185266,0.52412123195827,-0.3884215187321808,0.06183921552649341,0.037762021513077934,31.972958592954868,-351.878608093795,-0.00016240963339836378,0.004995403816176766,-0.015576980213340155,0.5309234119196701,0.018826140195988925,15.986467434215154,-182.77291867147022,0.03082974670707963,0.0026614975714641465,-0.008300204010859142,-0.46908419639317667,0.018935881317089013,15.986491158739716,-169.10568942232476,-0.030992156340477993,0.0023339062447126197,-0.007276776202481013,False
2024-10-25,269.19000244140625,0.0,0.0489,0.9159121949925165,13.7,O:TSLA241101C00260000,4.2,O:TSLA241101P00260000,0.5466032570076947,0.542260584009176,0.5444328236162662,-0.3714793713762503,0.38570455980329454,0.03404155176437791,26.64617188385347,-369.780190685946,0.017049168927601263,-0.5515130635837557,10.539023225527156,0.6922535355346735,0.016967509081390997,13.334527207710188,-192.117613302301,0.034255502166795807,-0.27359639264633967,5.210416371223637,-0.30654897573137896,0.017074042682986918,13.31164467614328,-177.66257738364502,-0.017206333239194543,-0.277916670937416,5.32860685430352,False
2024-10-28,262.510009765625,0.0,0.048799999999999996,0.9212125043520213,7.8,O:TSLA241101C00260000,5.0,O:TSLA241101P00260000,0.48403482257226876,0.47717621881847316,0.4806058778703214,-0.4406066264816999,0.15988539781482902,0.049187946193294085,25.856941277565,-392.8742826534806,0.004630399578055798,-0.22971458367800446,1.5328807660640482,0.5795488657699848,0.024423484485604757,12.931098453700821,-204.20537535615213,0.022910694986180244,-0.11289021950659081,0.7494881284508824,-0.41966346795515574,0.024764461707689332,12.925842823864178,-188.66890729732845,-0.018280295408124446,-0.11682436417141363,0.7833926376131657,False
2024-10-29,259.5199890136719,0.0,0.048799999999999996,0.9207170965802738,4.9,O:TSLA241101C00260000,5.29,O:TSLA241101P00260000,0.447937901016072,0.45333720027308766,0.4506375649213791,-0.4700795316588947,-0.0009447744366490873,0.06253120159632387,22.592844248870897,-427.1004915128831,-0.0012422842680261375,0.08915607997404523,0.0029939748041636115,0.4994072721092868,0.03145289352404614,11.296418089544652,-218.60960102211806,0.014845972591803565,0.044851359107162904,0.0018869145625535827,-0.5003520465459359,0.03107830807227773,11.296426159326245,-208.49089049076503,-0.016088256859829703,0.04430472086688233,0.001107060241610029,False
2024-10-30,257.54998779296875,0.0,0.0487,0.9113645836581723,3.3,O:TSLA241101C00260000,5.55,O:TSLA241101P00260000,0.4758001355316994,0.46471508731567945,0.4702591481089592,-0.4411054355492131,-0.15527353792221793,0.07255285390065186,17.959131553924262,-529.6862529017392,-0.003876245856860085,0.39581430313418653,1.779206245376412,0.42345987402586543,0.035868773582322225,8.984493755634148,-274.4644843950159,0.00839381630048974,0.19376210330735857,0.8582525167812755,-0.5787334119480834,0.03668408031832963,8.974637798290114,-255.22176850672324,-0.012270062157349826,0.20205219982682796,0.9209537285951366,False
2024-10-31,249.85000610351562,0.0,0.047599999999999996,0.9094940892072841,0.3,O:TSLA241101C00260000,10.45,O:TSLA241101P00260000,0.46370349009565553,0.4822810935148968,0.4731536433458329,-0.43634044586145126,-0.8115840753480663,0.045099343070288636,5.285808782366718,-305.06974128584517,-0.008473185959493243,0.9548123056514863,19.77435749004907,0.08977157981918243,0.02220860368455942,2.5510549107465272,-150.10292711474148,0.0008781519748311501,0.4793537350394883,10.126059215183476,-0.9013556551672488,0.022890739385729216,2.7347538716201907,-154.9668141711037,-0.009351337934324393,0.4754585706119981,9.648298274865592,True
2024-11-01,248.97999572753906,0.0,0.0475,0.8997474909421778,15.53,O:TSLA241206C00250000,15.75,O:TSLA241206P00250000,0.4945625049901183,0.5065996227577415,0.5005808393269777,-0.39916665161520004,0.06598301714075705,0.020258440785821733,62.35706099559078,-156.616820680922,-0.014733679240283487,0.11893629996904316,-0.7722225291924382,0.53263359040752,0.010251760336290269,31.18085433667215,-83.28278508006227,0.1161558621666739,0.05939698294337817,-0.381450830754512,-0.46665057326676296,0.010006680449531465,31.176206658918627,-73.33403560085972,-0.13088954140695738,0.05953931702566499,-0.39077169843792614,False
2024-11-04,242.83999633789062,0.0,0.0475,0.8938584648207343,12.89,O:TSLA241206C00250000,18.65,O:TSLA241206P00250000,0.5199961105121682,0.5108861766834031,0.5154415011525153,-0.378416963668219,-0.05955855706311475,0.02059944975937291,59.62831179876097,-159.17321554165912,-0.043812571218187435,0.36091607645648904,2.021523986043119,0.4710426198005211,0.010210295664763204,29.81875795639514,-86.22575476075258,0.09666475054033236,0.1783815739983057,0.9711954877175386,-0.5306011768636358,0.010389154094609705,29.80955384236583,-72.94746078090654,-0.1404773217585198,0.18253450245818334,1.0503284983255803,False
2024-11-05,251.44000244140625,0.0,0.0472,0.9007286138086098,17.27,O:TSLA241206C00250000,14.85,O:TSLA241206P00250000,0.5305746619602317,0.5337306791130261,0.5321526754587889,-0.36857593834982094,0.11363545327227853,0.019537771477340163,59.99340100307484,-174.72958524327396,-0.003237798852824797,0.026508121923435865,-0.28775991444285515,0.556796810323426,0.009797927657727456,29.996927557609997,-92.98276461937758,0.11201638099139002,0.01297900620919845,-0.14084078481268006,-0.44316135705114745,0.009739843819612706,29.996473445464837,-81.74682062389637,-0.11525417984421482,0.013529115714237417,-0.1469191296301751,False
2024-11-06,288.5299987792969,0.0,0.046799999999999994,1.0334258024466834,43.67,O:TSLA241206C00250000,3.95,O:TSLA241206P00250000,0.5409413733460473,0.5325945045611897,0.536781877142191,-0.4966439253044923,0.6869666285047287,0.010481558759433712,40.88959384269109,-132.75761247489055,0.13146787978752125,-0.7598105939701261,65.35588926868576,0.8418978346236432,0.005234987049541206,20.581162363306163,-73.08744768121039,0.17394211056815695,-0.3759806974829053,32.12626893562339,-0.15493120611891453,0.005246571709892506,20.30843147938493,-59.67016479368016,-0.0424742307806357,-0.3838298964872208,33.22962033306236,False
2024-11-07,296.9100036621094,0.0,0.046900000000000004,1.0324149581428153,51.25,O:TSLA241206C00250000,2.39,O:TSLA241206P00250000,0.5760915942917947,0.5179708217120286,0.5479834139764309,-0.48443154416638434,0.7675378237097884,0.008324280972497834,33.475080999207165,-118.42810701432371,0.14520804837373397,-0.7399703180990381,76.0145903755236,0.873005975705536,0.004215266854309731,17.839596480173153,-71.41650179582446,0.17329517286981172,-0.35204833226378107,34.42025652146929,-0.10546815199574755,0.004109014118188103,15.635484519034016,-47.011605218499255,-0.028087124496077757,-0.38792198583525705,41.59433385405431,False
2024-11-08,321.2200012207031,0.0,0.047,0.9878131722455169,73.45,O:TSLA241206C00250000,1.78,O:TSLA241206P00250000,0.5917953195606614,0.6365564402255015,0.6150526902735235,-0.3727604819719934,0.8804747910668782,0.004261348519496261,21.465559956296875,-93.05161557917454,0.16475882020738264,-0.5334457786147332,75.24325402627343,0.9462190989334323,0.002040696996046889,9.889735234990361,-47.70524535507636,0.18293214294797688,-0.2663917035473278,38.793715635663084,-0.06574430786655405,0.002220651523449372,11.575824721306514,-45.34637022409818,-0.018173322740594255,-0.2670540750674054,36.44953839061034,False
2024-11-11,350.0,0.0,0.047,1.0149179055972226,101.9,O:TSLA241206C00250000,1.25,O:TSLA241206P00250000,0.7203228359143213,0.7503847985041495,0.7357874245285989,-0.2791304810686237,0.9256845661748184,0.0022936079086604,15.589638266762066,-86.49294150681617,0.16650604623263848,-0.3487855156542768,59.83769282478555,0.9654658335830834,0.0011039806122731474,7.344762864013469,-46.17764729564532,0.17794634100505724,-0.17189768931774915,30.03322209873581,-0.03978126740826493,0.0011896272963872528,8.244875402748596,-40.315294211170844,-0.011440294772418765,-0.17688782633652764,29.80447072604974,False
2024-11-12,328.489990234375,0.0,0.047,1.0583967230931295,78.6,O:TSLA241206C00250000,1.15,O:TSLA241206P00250000,1.0,0.6469071066814942,0.48247486686706553,-0.575921856226064,0.8325820905044805,0.003995893837286699,26.17701651054902,-171.10421572838928,0.13363211470037417,-0.40712191883548643,51.98021233661473,0.8785632191024364,0.0022977271293637973,17.70984241688694,-133.52584406824627,0.14524235790330853,-0.18166680650841635,18.62580170117889,-0.04598112859795589,0.0016981667079229018,8.46717409366208,-37.578371660143,-0.011610243202934346,-0.22545511232707005,33.35441063543584,False
2024-11-13,330.239990234375,0.0,0.046900000000000004,1.0589203403110565,80.51,O:TSLA241206C00250000,0.94,O:TSLA241206P00250000,1.0,0.6478633921833225,0.5038291896462441,-0.5550911506648124,0.8481371149103202,0.003759829309313231,23.689446783856567,-165.55313603657328,0.13011085097935363,-0.39116046986393493,50.462641143192805,0.8875813164990942,0.0022266359481501415,16.381622826439795,-131.11735426720338,0.1395323944994786,-0.18220779017952682,18.969483470696506,-0.03944420158877404,0.0015331933611630894,7.307823957416772,-34.43578176936988,-0.009421543520124968,-0.2089526796844081,31.4931576724963,False
2024-11-14,311.17999267578125,0.0,0.047,1.093675814680812,64.35,O:TSLA241206C00250000,1.21,O:TSLA241206P00250000,0.6990460956230141,0.5876274863642342,0.6478075002431869,-0.4458683144376252,0.8532386997626829,0.005448864363508359,21.69601380441987,-120.86418448694913,0.12695289672561386,-0.5504450158710193,63.122662583834654,0.9111407247164781,0.0029346968031867407,12.612809250059962,-79.73476551616369,0.13916112002785824,-0.26961242153758536,28.49317924758703,-0.05790202495379526,0.0025141675603216184,9.08320455435991,-41.12941897078544,-0.01220822330224438,-0.280832594333434,34.629483336247624,False
2024-11-15,320.7200012207031,0.0,0.047,1.0916655837947982,71.68,O:TSLA241206C00250000,1.0,O:TSLA241206P00250000,0.5049016244957896,0.6410392481038196,0.5855298401653767,-0.5061357436294215,0.936799701487373,0.0030087449251588435,10.893723078286985,-65.48315183709154,0.1355776198836813,-0.3995273571148557,58.36715614171514,0.982421800026182,0.0010980632717397661,3.3945088203830918,-25.836610431795553,0.14488233387121574,-0.17041282866597654,28.08962540785383,-0.04562209853880894,0.0019106816534190775,7.499214257903894,-39.646541405295984,-0.009304713987534434,-0.22911452844887917,30.277530733861315,False
2024-11-18,338.739990234375,0.0,0.047,1.0927213434061929,83.98,O:TSLA241206C00250000,0.53,O:TSLA241206P00250000,1.0,0.6870769501771068,0.00010000000000000002,-1.0926213434061929,0.8976086679977703,0.0028677724750967477,16.209188892640366,-142.98829056747564,0.11723855421183853,-0.32280141112348865,43.19572968462129,0.9218643460219347,0.0018290539718531526,11.659688744898718,-115.26665969285067,0.1220976476213027,-0.17261648505554072,19.53908550233658,-0.024255678024164395,0.0010387185032435953,4.5495001477416475,-27.721630874624978,-0.0048590934094641675,-0.15018492606794792,23.65664418228471,False
2024-11-19,346.0,0.0,0.0467,1.087735852656908,94.35,O:TSLA241206C00250000,0.48,O:TSLA241206P00250000,1.0,0.7399499629702171,0.00010000000000000002,-1.087635852656908,0.9189493562591639,0.002385753707698389,13.336076011557708,-129.4428164100919,0.11279740679523857,-0.2856281956106958,39.68383576558078,0.9400248692336065,0.0015153291965766176,9.358408536768899,-101.27864880341977,0.11680683764281963,-0.15812656151612015,19.3231448332307,-0.021075512974442656,0.0008704245111217715,3.9776674747888094,-28.164167606672116,-0.0040094308475810605,-0.12750163409457566,20.36069093235008,False
2024-11-20,342.0299987792969,0.0,0.046799999999999994,1.0835253904576583,92.13,O:TSLA241206C00250000,0.4,O:TSLA241206P00250000,1.0,0.7260365137185113,0.00010000000000000002,-1.0834253904576583,0.9209570092877751,0.0024549473041725104,12.361499053302339,-130.06844554478047,0.10471890674179067,-0.28206679458964445,37.48644000699379,0.9401070357096358,0.001593799290157429,8.87856404947381,-103.84195122249902,0.10802837508164424,-0.1590989505795216,18.47311407661318,-0.0191500264218607,0.0008611480140150815,3.482935003828529,-26.22649432228146,-0.0033094683398535722,-0.12296784401012288,19.013325930380613,False
2024-11-21,339.6400146484375,0.0,0.0472,0.8115897627281661,92.79,O:TSLA241206C00250000,0.34,O:TSLA241206P00250000,1.0861831832617026,0.7255015318690947,0.9497860090374948,0.1381962463093287,0.9122137678642852,0.0025845097714597416,12.61924627941416,-154.63279637109895,0.09458878064600214,-0.27076273482183016,33.55428327539664,0.9296017183393407,0.0017496428022826804,9.569347269835074,-129.58204467988546,0.097315053713248,-0.15468442820660477,16.16644348091141,-0.01738795047505548,0.0008348669691770612,3.049899009579086,-25.050751691213502,-0.0027262730672458655,-0.11607830661522538,17.387839794485227,False
2024-11-22,352.55999755859375,0.0,0.0472,0.8131730910862784,103.44,O:TSLA241206C00250000,0.37,O:TSLA241206P00250000,0.8605747988195366,0.8463923845296959,0.8536051341176032,0.04043204303132475,0.9658072701068201,0.0014130168471252085,5.949791318069057,-75.17364259532567,0.0939265907900526,-0.19327625655509176,28.747172136484416,0.9822182540024001,0.0007248545836443757,3.076840912674696,-44.82549288175376,0.09636939096551284,-0.09827495143495014,14.507220763273422,-0.016410983895580045,0.0006881622634808329,2.872950405394361,-30.34814971357191,-0.0024428001754602403,-0.09500130512014161,14.239951373210994,False
2024-11-25,338.5899963378906,0.0,0.047400000000000005,0.8243594767534543,97.3,O:TSLA241206C00250000,0.29,O:TSLA241206P00250000,1.6851451361597938,0.7756828996027598,1.360544231009483,0.5361847542560287,0.8523912868278591,0.0027724676717438513,16.18780243115648,-359.0166048028486,0.06822184381624809,-0.20276951326357312,21.22598196596709,0.8680085007624024,0.001982588452935536,13.679181050910177,-332.0384681717416,0.07021392681942848,-0.1013065217106174,7.240957265046453,-0.015617213934543295,0.0007898792188083157,2.5086213802463044,-26.97813663110694,-0.0019920830031803856,-0.10146299155295574,13.985024700920638,False
2024-11-26,338.2300109863281,0.0,0.047400000000000005,0.8209421431299607,87.55,O:TSLA241206C00250000,0.25,O:TSLA241206P00250000,1.0,0.8022277143136026,0.00010000000000000002,-0.8208421431299607,0.9495711769041076,0.0020634432412104465,6.962974501285927,-113.92655607004673,0.07345549260736896,-0.22043560329725195,26.051969138742272,0.9635927815665104,0.001324295474990471,4.809485511187557,-86.95368220586337,0.07504042197213416,-0.12895380798768719,13.941565697805748,-0.014021604662402765,0.0007391477662199752,2.1534889900983702,-26.97287386418336,-0.001584929364765205,-0.09148179530956477,12.110403440936526,False
2024-11-27,332.8900146484375,0.0,0.047599999999999996,0.8243836346026551,83.57,O:TSLA241206C00250000,0.19,O:TSLA241206P00250000,0.8623542445133335,0.7881057939308275,0.8288396888732912,0.004456054270636112,0.9688908835350014,0.001688230945910239,4.317676141090841,-76.06324766743148,0.066326139003529,-0.18848717912896218,22.53736248102973,0.9809328249749327,0.000971750098703162,2.579522583935403,-51.60582302515637,0.06749242846528845,-0.10403748917100428,11.968069262160604,-0.012041941439931314,0.000716480847207077,1.738153557155438,-24.457424642275114,-0.0011662894617594467,-0.08444968995795789,10.569293218869126,False
2024-11-29,345.1600036621094,0.0,0.047599999999999996,0.8110279085715828,92.75,O:TSLA241206C00250000,0.17,O:TSLA241206P00250000,1.0,1.0141863150422459,0.00010000000000000002,-0.8109279085715828,0.98128426336469,0.0010269700087635124,2.4452775132529716,-73.63998389406834,0.04821059882932387,-0.1102998311538147,12.608071371963632,0.9910333437544718,0.0004983155800778039,1.1779174598300686,-41.417701138124514,0.048911986254530075,-0.053933771879808266,6.206729390623369,-0.009749080389781839,0.0005286544286857084,1.267360053422903,-32.22228275594383,-0.0007013874252062083,-0.05636605927400643,6.401341981340263,True
2024-12-02,357.0899963378906,0.0,0.0475,0.8092247385233419,30.0,O:TSLA250103C00345000,16.31,O:TSLA250103P00345000,0.5228891192644671,0.5218633370638135,0.522376244224608,-0.2868484942987338,0.2527924776772734,0.013158731845189984,83.4762851127513,-231.01973707629188,0.04186634755048116,-0.2336325894746744,8.298684322311814,0.6263363249645523,0.006573241492103625,41.74027070818044,-123.78282599884362,0.18443660570273399,-0.11647809915823287,4.135292988782375,-0.37354384728727885,0.006585490353086359,41.73601440457085,-107.23691107744826,-0.14257025815225283,-0.11715449031644155,4.163391333529439,False
2024-12-03,351.4200134277344,0.0,0.0466,0.8034644409557952,25.1,O:TSLA250103C00345000,16.97,O:TSLA250103P00345000,0.5000708011874111,0.4941180808229052,0.4970945889636874,-0.30636985199210776,0.17894504706809022,0.014737260812869947,82.56968942118817,-225.82496524774797,0.01899769957938019,-0.11894127217885359,2.8563646586862674,0.5892955422815789,0.007325269147304137,41.28909469754544,-121.59297613140203,0.16610220991168326,-0.05806123102757463,1.3914636446073825,-0.41035049521348865,0.0074119916655658105,41.28059472364274,-104.23198911634596,-0.14710451033230307,-0.06088004115127896,1.464901014078885,False
2024-12-04,357.92999267578125,0.0,0.04650000000000001,0.8013522883235367,28.85,O:TSLA250103C00345000,14.55,O:TSLA250103P00345000,0.5062612490846196,0.506958448693556,0.5066098457038403,-0.2947424426196964,0.27198181405424693,0.01401831670424062,79.43056058661608,-232.97590071330296,0.047099598082238486,-0.2936545570845768,10.800145022402255,0.6360420909258087,0.007013649149424646,39.71339783273897,-124.39344503659721,0.17356301193747584,-0.14709873429082013,5.412172627163767,-0.3640602768715617,0.007004667554815975,39.71716275387712,-108.58245567670576,-0.12646341385523735,-0.14655582279375665,5.387972395238489,False
2024-12-05,369.489990234375,0.0,0.045899999999999996,0.6454542625603192,37.5,O:TSLA250103C00345000,11.15,O:TSLA250103P00345000,0.5427645711022693,0.5279567434682744,0.5353715825557708,-0.11008268000454846,0.41483280685017465,0.012040385175914268,73.32390951443384,-240.34040024376486,0.08718880812664115,-0.5026555378825592,29.274817541224763,0.7055562517196795,0.005954716180690624,36.77025713787615,-129.99025220895575,0.1859966437980888,-0.2437473534057834,14.050979355576299,-0.29072344486950485,0.006085668995223645,36.55365237655768,-110.35014803480912,-0.09880783567144766,-0.2589081844767758,15.223838185648463,False
2024-12-06,389.2200012207031,0.0,0.045700000000000005,0.6590194699577254,52.0,O:TSLA250103C00345000,7.5,O:TSLA250103P00345000,0.5415855000645908,0.573912283158288,0.5578938893541696,-0.10112558060355581,0.6155112529590216,0.008939413182103667,59.92785669023225,-218.91437256624602,0.14291213541910078,-0.6988803174839824,66.73143376037055,0.8133999557776226,0.004518969428765041,29.425658194755112,-112.49184479363525,0.20999327919102076,-0.3656444341040125,35.7026446253739,-0.19788870281860094,0.004420443753338626,30.50219849547714,-106.42252777261078,-0.06708114377191998,-0.3332358833799699,31.02878913499665,False
2024-12-09,389.7900085449219,0.0,0.045599999999999995,0.6098619061559188,48.64,O:TSLA250103C00345000,6.85,O:TSLA250103P00345000,0.40637085927795313,0.5699127427102465,0.49415166737437255,-0.11571023878154629,0.6917370022666662,0.009008988851918058,50.25600305726915,-176.63408564081814,0.16145639954217805,-0.8666808495876116,98.45373346995802,0.881104984953964,0.00456934016780124,21.271127630802415,-70.76629562154676,0.22227430447100788,-0.5227767083919186,66.05413155196237,-0.18936798268729782,0.004439648684116818,28.984875426466733,-105.86779001927138,-0.060817904928829825,-0.343904141195693,32.39960191799566,False
2024-12-10,400.989990234375,0.0,0.0453,0.5392359524312508,62.31,O:TSLA250103C00345000,4.85,O:TSLA250103P00345000,0.5937872452210222,0.5792277102216973,0.5865505782723428,0.04731462584109203,0.7101893029803266,0.0072486848272513265,48.82798068479262,-210.35344561552338,0.15544200119045626,-0.7005963158161068,79.49505152315324,0.8525446139178212,0.0036223024433945294,24.703278862855917,-115.34314242265364,0.19967989743519723,-0.34499740145465924,38.725927519141734,-0.14235531093749465,0.003626382383856797,24.1247018219367,-95.01030319286974,-0.04423789624474098,-0.3555989143614476,40.7691240040115,False
2024-12-11,424.7699890136719,0.0,0.0449,0.5040147295446238,83.5,O:TSLA250103C00345000,2.78,O:TSLA250103P00345000,0.6171377017357315,0.6227225636218413,0.61994092079103,0.11592619124640624,0.8358197503025677,0.004432638141736318,33.44778206488934,-165.7573383591039,0.18130037637334726,-0.6015795831760042,92.33251967882407,0.9187498276648081,0.002209217523878089,16.594974498991323,-89.68013680705998,0.20693948497854758,-0.3013582352356211,46.437388505444545,-0.08293007736224034,0.0022234206178582292,16.852807565898015,-76.07720155204392,-0.025639108605200328,-0.3002213479403832,45.89513117337953,False
2024-12-12,418.1000061035156,0.0,0.0443,0.5139199700437124,78.87,O:TSLA250103C00345000,2.67,O:TSLA250103P00345000,0.7130377777663744,0.600435101842153,0.6600619004815818,0.14614193043786938,0.7938094784139736,0.0051488185705680575,37.64020904904884,-207.75471831980946,0.15895349064756248,-0.5969835236780643,80.24413812776736,0.88002346133458,0.0026625980273525807,21.071620477367887,-131.1264880178572,0.18353512035252367,-0.2792277676414406,34.56804625124416,-0.08621398292060634,0.0024862205432154773,16.568588571680955,-76.62823030195223,-0.024581629704961198,-0.31775575603662365,45.676091876523195,False
2024-12-13,436.2300109863281,0.0,0.0443,0.4527176016085021,87.94,O:TSLA250103C00345000,1.9,O:TSLA250103P00345000,1.0,0.6570484315010754,0.00010000000000000002,-0.4526176016085021,0.8037738233995553,0.003748428141489948,35.897687216111414,-276.3278558446484,0.14781774005224027,-0.43806821929549533,63.50273364647609,0.8631261859149062,0.002059371987891832,23.326877008113556,-208.17810813542124,0.16436016966660494,-0.18640988339354267,21.713750594179583,-0.05935236251535092,0.001689056153598116,12.570810207997857,-68.1497477092272,-0.01654242961436466,-0.25165833590195263,41.7889830522965,False
2024-12-16,463.0199890136719,0.0,0.0443,0.47715246558203334,117.99,O:TSLA250103C00345000,1.68,O:TSLA250103P00345000,1.0,0.7833287841057108,0.6080636798858643,0.13091121430383096,0.871041402611395,0.002518867624880786,27.15794651408953,-236.70005193474827,0.15450567857163094,-0.35855262179925373,60.27809678945106,0.9156800336810889,0.0014172754587245715,16.880342050038106,-165.23340328575395,0.16692155549800597,-0.17646540402900976,26.511040126656866,-0.0446386310696939,0.0011015921661562149,10.277604464051423,-71.46664864899431,-0.012415876926375014,-0.182087217770244,33.7670566627942,False
2024-12-17,479.8599853515625,0.0,0.0446,0.46157414701521676,129.55,O:TSLA250103C00345000,1.27,O:TSLA250103P00345000,1.0,0.839198137280516,0.00010000000000000002,-0.4614741470152168,0.9095335302326164,0.001861483215801556,20.57470614410998,-200.13936685534418,0.1530061911034807,-0.2999343417254975,55.66049255576868,0.9425327759277408,0.001056592640609434,12.551032835752013,-135.63956498374415,0.16183020809659068,-0.1553788100688864,26.695816160833417,-0.03299924569512436,0.000804890575192122,8.023673308357969,-64.49980187160004,-0.008824016993109971,-0.14455553165661106,28.96467639493526,False
2024-12-18,440.1300048828125,0.0,0.0444,0.5833817996621272,93.7,O:TSLA250103C00345000,2.15,O:TSLA250103P00345000,1.0,0.7756188360778052,0.00010000000000000002,-0.5832817996621272,0.8292656588055553,0.003584368839164821,29.656414508624216,-295.2497734991197,0.12450412525907997,-0.4053197846211446,54.31877117579347,0.8915424856942911,0.0019380372505303353,17.877417345091775,-200.63410632806486,0.13858026817461583,-0.18921882566371448,22.43999564152185,-0.062276826888735815,0.0016463315886344858,11.778997163532441,-94.61566717105485,-0.014076142915535857,-0.2161009589574301,31.878775534271625,False
2024-12-19,436.1700134277344,0.0,0.044199999999999996,0.5820825699421719,99.17,O:TSLA250103C00345000,2.77,O:TSLA250103P00345000,1.117884630801336,0.8383424049952117,0.9912962439268826,0.40921367398471076,0.7952469902110317,0.003929175398092122,32.160718885789585,-381.2042632554211,0.1069107854915009,-0.38274665022320564,45.38616769906038,0.870556100703712,0.002070450076768372,19.220536332225418,-258.51617154453294,0.12245813997892366,-0.1689530666783511,17.382852643070485,-0.0753091104926803,0.0018587253213237494,12.940182553564169,-122.68809171088813,-0.015547354487422761,-0.21379358354485453,28.00331505598989,False
2024-12-20,421.05999755859375,0.0,0.0443,0.6025172676003655,80.0,O:TSLA250103C00345000,2.63,O:TSLA250103P00345000,0.8245061956012419,0.7726416195088258,0.7992429327011109,0.1967256651007454,0.8208335564274525,0.004825485059666702,27.127824768347786,-285.0697053386025,0.10436118066085633,-0.47938376259814075,54.081489258682886,0.9041951963872161,0.002459197521517922,14.265098090006324,-161.51885305069757,0.11933350285051324,-0.23547566038021947,25.79153141299426,-0.08336163995976364,0.00236628753814878,12.862726678341463,-123.55085228790489,-0.014972322189656913,-0.2439081022179213,28.289957845688626,False
2024-12-23,430.6000061035156,0.0,0.0444,0.5959660030792646,89.53,O:TSLA250103C00345000,1.05,O:TSLA250103P00345000,0.9383879280471547,0.7126932842053287,0.8409344758540394,0.24496847277477474,0.8687812087291423,0.00366223217393477,20.433829884884673,-257.85455539480597,0.10125614063621015,-0.4018198215779447,50.23298315570132,0.9110736430364654,0.0021076913420892598,13.097230042690203,-185.50731312243818,0.10813511294723367,-0.2006823570629778,22.00389061136882,-0.0422924343073231,0.00155454083184551,7.336599842194472,-72.34724227236782,-0.0068789723110235235,-0.20113746451496692,28.2290925443325,False
2024-12-24,462.2799987792969,0.0,0.0444,0.6045226984798194,111.9,O:TSLA250103C00345000,0.6,O:TSLA250103P00345000,1.0,0.8504458731300527,0.00010000000000000002,-0.6044226984798194,0.937126903720694,0.001813145222334697,11.5438358246597,-185.59104466244852,0.09948792633888248,-0.25180211979817735,38.68752250631018,0.9590142105337565,0.0010671102883546837,7.2395064640784765,-128.41249023599912,0.10289048639184269,-0.1372187781555729,19.658604400189816,-0.0218873068130625,0.0007460349339800132,4.304329360581224,-57.17855442644941,-0.003402560052960206,-0.11458334164260443,19.028918106120365,False
2024-12-26,454.1300048828125,0.0,0.044500000000000005,0.6136550386397942,114.86,O:TSLA250103C00345000,0.53,O:TSLA250103P00345000,1.513901939925928,0.913670645734961,1.2878882522881034,0.6742332136483092,0.8815268173668911,0.002417780978207841,15.621483376259249,-464.194104755648,0.06784232806551344,-0.22628446409653905,25.97248355490389,0.9028343745641563,0.0016198629104385266,12.041680807520514,-395.9623185863055,0.07027242355456935,-0.12080543633352861,10.98686944153679,-0.02130755719726518,0.0007979180677693145,3.5798025687387347,-68.23178616934248,-0.0024300954890559097,-0.10547902776301044,14.985614113367099,False
2024-12-27,431.6600036621094,0.0,0.0444,0.647213521003997,86.0,O:TSLA250103C00345000,0.63,O:TSLA250103P00345000,1.0,0.8736049064954993,0.00010000000000000002,-0.647113521003997,0.922907343173398,0.0028929893856374242,10.106942116150726,-255.48122630956786,0.061412579808818965,-0.2869347198616141,30.921445213951714,0.9523016317541058,0.001633528587065986,6.039205707843044,-166.52197953595086,0.0640551073319129,-0.15164090841784347,15.375623524040021,-0.029394288580707806,0.0012594607985714384,4.067736408307682,-88.959246773617,-0.0026425275230939375,-0.13529381144377062,15.545821689911692,False
2024-12-30,417.4100036621094,0.0,0.0443,0.6616563632845897,75.7,O:TSLA250103C00345000,0.43,O:TSLA250103P00345000,1.2276559845511275,0.8015072698493615,1.0615489047288897,0.3998925414443001,0.8795897231027555,0.004037213178913766,12.021810828996854,-435.2419143192094,0.04619357929229763,-0.29752440895526544,25.150441674746368,0.905525331909089,0.002607294426385684,8.852214286500361,-355.71622334095935,0.04798021144576282,-0.15891865830219218,10.978968822091064,-0.0259356088063335,0.0014299187525280822,3.1695965424964925,-79.52569097825007,-0.0017866321534651891,-0.13860575065307323,14.171472852655304,False
2024-12-31,403.8399963378906,0.0,0.044000000000000004,0.6718928731730003,59.84,O:TSLA250103C00345000,0.45,O:TSLA250103P00345000,0.8968953362646896,0.7990545943809347,0.8520519147396088,0.18015904156660856,0.9201522466745851,0.0045554037238102,7.547830257386426,-285.11280574603927,0.037060033324686686,-0.33236857747664234,25.69902021239566,0.9518911606282344,0.0025305846283167643,4.406583499677481,-180.27541177248588,0.03863949081216401,-0.1745722943142635,12.795607470560505,-0.03173891395364936,0.0020248190954934354,3.141246757708945,-104.83739397355339,-0.0015794574874773216,-0.15779628316237884,12.903412741835153,True
2025-01-02,379.2799987792969,0.0,0.044500000000000005,0.710058487652297,22.6,O:TSLA250207C00405000,45.77,O:TSLA250207P00405000,0.6632310235568972,0.6486905770008135,0.655963734728843,-0.054094752923454004,-0.14621815731236887,0.009817158150760251,95.56676719293807,-298.2883370269258,-0.12775865816272233,0.47244242641394896,10.611404267304657,0.42860802604582493,0.004858135659171441,47.82193663774332,-159.93375179119678,0.14440570402705918,0.23257230443546198,5.097787137510887,-0.5748261833581938,0.00495902249158881,47.74483055519475,-138.354585235729,-0.2721643621897815,0.23987012197848698,5.51361712979377,False
2025-01-03,410.44000244140625,0.0,0.0444,0.7605303397835446,36.96,O:TSLA250207C00405000,30.2,O:TSLA250207P00405000,0.6510989866491256,0.660179462602699,0.6556391738645733,-0.1048911659189713,0.15006299014548252,0.009247057688883334,101.31795863661684,-334.54998206418816,-0.005523954323733621,0.020679739647272648,-0.5058267378332852,0.5749845271603867,0.00465565117480455,50.66012810407484,-175.08040797575092,0.19745699477329356,0.009628630568290768,-0.2353569909008379,-0.4249215370149042,0.004591406514078783,50.65783053254199,-159.46957408843727,-0.20298094909702719,0.011051109078981882,-0.2704697469324474,False
2025-01-06,411.04998779296875,0.0,0.0443,0.7552978240167211,37.6,O:TSLA250207C00405000,31.77,O:TSLA250207P00405000,0.6710825628116863,0.7098602291847267,0.6904704909265041,-0.06482733309021693,0.15538899446408572,0.008943267551906957,99.28832050153554,-359.6731794134338,-0.005235576878453135,0.01920681270387535,-0.47788597182758163,0.5775067416044887,0.004597619966199011,49.64882842077872,-183.77236820192172,0.19027060865417358,0.006754506039679443,-0.16752629043666098,-0.42211774714040295,0.004345647585707946,49.639492080756824,-175.90081121151204,-0.19550618553262672,0.012452306664195908,-0.3103596813909206,False
2025-01-07,394.3599853515625,0.0,0.044199999999999996,0.7514405196659009,27.75,O:TSLA250207C00405000,37.95,O:TSLA250207P00405000,0.6679285442363738,0.6929769825034469,0.6804529411584139,-0.07098757850748694,-0.005692773594739409,0.009845054738017434,95.05657637676138,-351.33919869785336,-0.06201329557790014,0.24949335145236196,0.21429370847653986,0.49559179671791653,0.00501299254507523,47.52696056425295,-181.31724196115795,0.15305183313343332,0.12711623524814317,0.1673469868702925,-0.5012845703126559,0.0048320621929422046,47.52961581250843,-170.02195673669544,-0.21506512871133346,0.12237711620421877,0.04694672160624735,False
2025-01-08,394.94000244140625,0.0,0.0441,0.751440492005194,27.5,O:TSLA250207C00405000,35.08,O:TSLA250207P00405000,0.6720444609171048,0.6522005473063089,0.6621226727344097,-0.0893178192707843,-0.008854863693576798,0.010328279863042012,93.10080287054387,-350.13896312533416,-0.05768639196636405,0.24916576304812552,0.3241075419861449,0.49680838627808566,0.005086932407316791,46.55200190765156,-186.61790251766232,0.14728607604647045,0.1226200827746371,0.1144744828006211,-0.5056632499716625,0.005241347455725222,46.54880096289232,-163.5210606076718,-0.2049724680128345,0.12654568027348842,0.20963305918552377,False
2025-01-10,394.739990234375,0.0,0.044199999999999996,0.7446345715326403,25.47,O:TSLA250207C00405000,34.35,O:TSLA250207P00405000,0.662615583697926,0.6634772556628272,0.6630464240327478,-0.08158814749989252,-0.020100398648607742,0.010817642178460766,88.70090906568244,-367.52602210188445,-0.053773358068459065,0.25501610428948573,0.7145057640176578,0.4898948656442454,0.005412316875583108,44.350300616126,-192.5610324546051,0.1332627733970475,0.12760030920452564,0.35946453998729677,-0.5099952642928531,0.005405325302877659,44.35060844955644,-174.96498964727934,-0.18703613146550657,0.12741579508496007,0.355041224030361,False
2025-01-13,403.30999755859375,0.0,0.044199999999999996,0.7165223136000847,29.55,O:TSLA250207C00405000,30.6,O:TSLA250207P00405000,0.6733972862770129,0.6894733057112785,0.6814348785817624,-0.03508743501832223,0.07093208898741776,0.010532704085495484,88.01051947548689,-396.3241737751959,-0.023781952694823638,0.11440448243969562,-1.1277895331012964,0.5350062580912741,0.005329014743254489,44.00979234085004,-204.76504234588467,0.14040651112094588,0.05727057334570738,-0.5572385335503037,-0.46407416910385635,0.005203689342240995,44.00072713463684,-191.55913142931124,-0.16418846381576951,0.05713390909398823,-0.5705509995509928,False
2025-01-14,396.3599853515625,0.0,0.044199999999999996,0.7169414269289897,25.65,O:TSLA250207C00405000,32.45,O:TSLA250207P00405000,0.6851914235295308,0.6718593540456955,0.6785254531279208,-0.03841597380106887,-0.008650403570060028,0.011101040970023623,84.51611946795371,-398.70484309188964,-0.043949052737379715,0.2260020299352509,0.26003176116141385,0.4964279911574148,0.00549610413564521,42.25892477579303,-210.2514170232741,0.12222442235945787,0.11183055073419292,0.10607047457738032,-0.5050783947274748,0.005604936834378413,42.25719469216069,-188.45342606861556,-0.16617347509683758,0.11417147920105798,0.15396128658403355,False
2025-01-15,428.2200012207031,0.0,0.044000000000000004,0.758632632979643,43.57,O:TSLA250207C00405000,19.28,O:TSLA250207P00405000,0.6919914006485345,0.6951949469465457,0.6935933499410749,-0.0650392830385681,0.32260502746600284,0.009485577855461723,81.38582901358203,-421.69739181055456,0.05079487021190647,-0.24884931776497068,11.514522490025985,0.6615018111776193,0.004752667067287977,40.683692877392204,-219.20840006000964,0.16170123843768316,-0.12519060392051717,5.800240319618961,-0.33889678371161647,0.004732910788173746,40.70213613618982,-202.48899175054493,-0.1109063682257767,-0.12365871384445351,5.714282170407024,False
2025-01-16,413.82000732421875,0.0,0.0443,0.7313594955752222,34.55,O:TSLA250207C00405000,23.64,O:TSLA250207P00405000,0.7139783093590218,0.6904892549280722,0.7022348760798576,-0.0291246194953646,0.17892464240597128,0.010624297066474756,81.0968886281015,-449.17684302776684,0.010065140845029963,-0.05459191638908181,1.2878547915535465,0.5891422385224453,0.005224293985804557,40.55599268493384,-237.29900419997577,0.1328564098161047,-0.024749948916152165,0.5815431862905391,-0.410217596116474,0.005400003080670198,40.540895943167655,-211.8778388277911,-0.12279126897107473,-0.029841967472929644,0.7063116052630075,False
2025-01-17,426.5,0.0,0.0443,0.7273748091282777,42.65,O:TSLA250207C00405000,19.75,O:TSLA250207P00405000,0.744195315646486,0.7355229209399883,0.7398601552709938,0.012485346142716125,0.30451862025784215,0.00959996602426581,76.90132619325637,-480.9182330388216,0.04016499496426769,-0.21070667547016603,8.582552705545117,0.651802518178797,0.004774173573421499,38.469268286830975,-250.90638293376753,0.1400855797638434,-0.10364106959903648,4.207983804193955,-0.3472838979209548,0.0048257924508443096,38.43205790642539,-230.01185010505407,-0.0999205847995757,-0.10706560587112954,4.374568901351163,False
2025-01-21,424.07000732421875,0.0,0.044199999999999996,0.6668149014716825,38.3,O:TSLA250207C00405000,18.81,O:TSLA250207P00405000,0.7243155749484153,0.7383368512512396,0.7313288326099514,0.06451393113826887,0.29145296851182867,0.010563634600000711,71.66475572021298,-510.91921954807003,0.03429857192020615,-0.2113651617136599,7.611186856392715,0.6464672116369492,0.005328518990117587,35.80570826314257,-261.7908879485812,0.1216672863991559,-0.10843988827033471,3.9251369845553,-0.35501424312512053,0.005235115609883123,35.85904745707041,-249.12833159948886,-0.08736871447894975,-0.1029252734433252,3.6860498718374144,False
2025-01-22,415.1099853515625,0.0,0.044199999999999996,0.6701186718709246,32.21,O:TSLA250207C00405000,20.7,O:TSLA250207P00405000,0.740243329761137,0.7245943626256418,0.7324197516769171,0.06230107980599253,0.19537898822032573,0.011665075248173949,70.0979999487324,-540.329007505354,0.013425604256258328,-0.0925350331757085,2.0738418210902667,0.5973276291799,0.005771577421590412,35.05710863477156,-282.0193062120464,0.10273650638045324,-0.04438786438473695,0.9908819876159822,-0.4019486409595743,0.005893497826583537,35.04089131396083,-258.30970129330757,-0.08931090212419492,-0.048147168790971556,1.0829598334742847,False
2025-01-23,412.3800048828125,0.0,0.044500000000000005,0.6591013059159809,28.29,O:TSLA250207C00405000,20.48,O:TSLA250207P00405000,0.7054812775324459,0.7160652769255805,0.7107735297456386,0.05167222382965764,0.16550642248398495,0.012748499995611354,67.2595181039649,-548.4663829062257,0.008503846525115419,-0.06640053790664484,1.195423645897677,0.5829288642144707,0.006421109596872012,33.62659695799327,-281.173802723465,0.09258255105484342,-0.03429864344847995,0.6187719376520774,-0.4174224417304857,0.0063273903987393415,33.63292114597163,-267.29258018276073,-0.084078704529728,-0.03210189445816489,0.5766517082455997,False
2025-01-24,406.5799865722656,0.0,0.044500000000000005,0.6550604974218818,23.65,O:TSLA250207C00405000,21.42,O:TSLA250207P00405000,0.6983903644564343,0.7003998005185765,0.6993950653702021,0.04433456794832036,0.08781495914054083,0.014000116401720466,64.23101359826305,-565.6111742554832,-0.003716744084045584,0.032928354313658925,-0.2941199469131711,0.5438909376187951,0.007010146359977194,32.11565455356991,-291.39681254421566,0.07836713099755026,0.016398083921205328,-0.14641399249120898,-0.4560759784782543,0.006989970041743271,32.11535904469313,-274.21436171126754,-0.08208387508159584,0.016530270392453597,-0.1477059544219621,False
2025-01-27,397.1499938964844,0.0,0.0444,0.5940679662162472,17.95,O:TSLA250207C00405000,25.95,O:TSLA250207P00405000,0.7075303177328587,0.7340253174337441,0.720779367786646,0.12671140157039873,-0.05102089145802691,0.01472366376264574,59.76178225721865,-600.2033127662085,-0.02291533811826734,0.2212632827337958,1.0641221002093104,0.47302459992081825,0.007495405486439952,29.873855467838684,-303.45729854844757,0.060682756061228534,0.1132885679731803,0.5753747565710284,-0.5240454913788452,0.007228258276205789,29.887926789379964,-296.74601421776094,-0.08359809417949587,0.10797471476061551,0.4887473436382819,False
2025-01-28,398.0899963378906,0.0,0.0444,0.5935231028653187,19.56,O:TSLA250207C00405000,26.2,O:TSLA250207P00405000,0.7926357363444009,0.8032621418745101,0.7979490699663758,0.2044259671010571,-0.0319431917191465,0.01408670891270028,56.54803287265213,-708.0823584766185,-0.018563893674443048,0.1820683682807216,0.5172748168258526,0.4835447467911812,0.007089910950678681,28.27264265314456,-360.6343182081746,0.05489978618390715,0.09176912467865816,0.26855935348071514,-0.5154879385103277,0.0069967979620215994,28.27539021950757,-347.4480402684439,-0.0734636798583502,0.09029924360206341,0.24871546334513747,False
2025-01-29,389.1000061035156,0.0,0.0443,0.5747181617573671,15.25,O:TSLA250207C00405000,31.25,O:TSLA250207P00405000,0.8385219722134853,0.8621208964334116,0.8503271617710592,0.27560900001369204,-0.16095178252485626,0.014176255664317503,50.68586482584003,-770.963156991867,-0.030312872100775927,0.3170494122555268,4.178217987736964,0.41765412098524396,0.007179598238039781,25.31830130164959,-388.66271842136655,0.04090533917347692,0.16186577450636772,2.1823093585272875,-0.5786059035101002,0.006996657426277722,25.367563524190434,-382.30043857050043,-0.07121821127425285,0.15518363774915908,1.9959086292096764,False
2025-01-30,400.2799987792969,0.0,0.0437,0.5759760666491835,12.05,O:TSLA250207C00405000,16.33,O:TSLA250207P00405000,0.5691675103024372,0.5684011040246955,0.5687843054994941,-0.007191761149689446,-0.06203803497905397,0.022643209033457436,49.13193584114978,-584.5295693149819,-0.012669662991829915,0.23159529130225665,1.113334979515472,0.4690253565027169,0.011314075200045218,24.56618123686359,-301.30543365761565,0.04183130217342066,0.11568396782552248,0.5553230687451612,-0.5310633914817708,0.011329133833412216,24.56575460428619,-283.2241356573663,-0.054500965165250576,0.11591132347673416,0.5580119107703106,False
2025-01-31,404.6000061035156,0.0,0.0437,0.5654481416867236,12.35,O:TSLA250207C00405000,12.35,O:TSLA250207P00405000,0.5443600852134292,0.5422041388618181,0.5432820942789316,-0.022166047407792044,0.029260722433972708,0.025752154994514026,45.44211166881755,-621.5727031992034,-0.002551807842186782,0.058478672321645865,-0.12225041354724309,0.5146618804272435,0.01285049161408262,22.720989943073352,-320.2437326812751,0.03886551586549792,0.029234644425953384,-0.0612471440684028,-0.48540115799327077,0.012901663380431408,22.7211217257442,-301.32897051792827,-0.0414173237076847,0.02924402789569248,-0.06100326947884029,True
2025-02-03,383.67999267578125,0.0,0.0437,0.5530950321453713,18.05,O:TSLA250307C00405000,37.95,O:TSLA250307P00405000,0.5525087266055213,0.5581749671439376,0.5553424016967416,0.002247369551370393,-0.16287578457046192,0.011880591248558576,92.49899931924264,-264.5074025067262,-0.11284969507719714,0.5302843535657163,12.908664195122459,0.41781095502322707,0.005968252174683245,46.23121572073508,-140.31811244019525,0.13548162301254563,0.2671276447959542,6.563034579383822,-0.580686739593689,0.005912339073875332,46.267783598507556,-124.18929006653092,-0.24833131808974276,0.26315670876976216,6.345629615738638,False
2025-02-04,392.2099914550781,0.0,0.0436,0.4715734883633308,19.55,O:TSLA250307C00405000,31.45,O:TSLA250307P00405000,0.5165642585275516,0.5318361876388792,0.5242016346037388,0.052628146240408014,-0.07835104934477233,0.012786352211274474,94.0846185421363,-266.62133995802117,-0.07459490004215164,0.3889809752219948,4.536748474990713,0.4593397708368636,0.006483953696302277,47.02500601353445,-140.07732420983436,0.14658634502709475,0.19833722466674855,2.3993868081813434,-0.5376908201816359,0.0063023985149721976,47.05961252860184,-126.54401574818684,-0.22118124506924638,0.19064375055524624,2.137361666809369,False
2025-02-05,378.1700134277344,0.0,0.0435,0.4864067193813638,13.4,O:TSLA250307C00405000,37.98,O:TSLA250307P00405000,0.5206402958438225,0.5035767273756009,0.5121211222216486,0.02571440284028481,-0.2754206935762683,0.013107068152208383,83.78469710469771,-238.9855646824808,-0.13578526359270998,0.7377663268046126,29.064505419196244,0.3654357284033637,0.006463723836868423,42.01621134205218,-130.71465868478737,0.10894961726111216,0.35953007895238887,13.8181395685937,-0.640856421979632,0.00664334431533996,41.76848576264553,-108.27090599769342,-0.24473488085382214,0.3782362478522237,15.246365850602542,False
2025-02-06,374.32000732421875,0.0,0.0437,0.46742685603533757,10.25,O:TSLA250307C00405000,44.5,O:TSLA250307P00405000,0.48764985723389337,0.6141786039189692,0.5517109616786242,0.08428410564328664,-0.3096753514373708,0.01248331525391044,79.47519894927734,-256.0178889845193,-0.14222306651513889,0.7585893705632007,33.62088371085189,0.3215592616452556,0.006800344479651695,38.7207579287474,-118.10510450376441,0.09176338764518535,0.44391848964538494,22.225844162682865,-0.6312346130826264,0.005682970774258745,40.75444102052993,-137.91278448075488,-0.23398645416032424,0.31467088091781587,11.395039548169027,False
2025-02-07,361.6199951171875,0.0,0.0437,0.4804493357478126,6.7,O:TSLA250307C00405000,48.63,O:TSLA250307P00405000,0.5001940392640108,0.49868070889320065,0.49943770920187236,0.018988373454059737,-0.522425228939148,0.012186068895350993,63.16530537152468,-188.0733962845755,-0.1938487370937066,1.0563665149452643,76.43100395990044,0.2391870428566693,0.006089381891591683,31.611568871554912,-103.10211893910945,0.06332922005549463,0.5271987332564865,38.074901389038835,-0.7616122717958174,0.0060966870037593105,31.553736499969766,-84.97127734546604,-0.2571779571492012,0.5291677816887778,38.356102570861594,False
2025-02-10,350.7300109863281,0.0,0.0438,0.48903816033383096,4.61,O:TSLA250307C00405000,56.65,O:TSLA250307P00405000,0.5202927019418085,0.48367644064126813,0.5023302077829838,0.0132920474491528,-0.6586483449568499,0.010486767394273414,48.826167637200186,-149.96288119681077,-0.22036059857119222,1.1008634272768023,101.08492861315018,0.18075464378136952,0.005250572572884182,25.336890682411465,-89.99627829388947,0.04432283673754449,0.5336489876484738,46.895876662544005,-0.8394029887382194,0.0052361948213892305,23.489276954788718,-59.966602902921295,-0.2646834353087367,0.5672144396283284,54.18905195060618,False
2025-02-11,328.5,0.0,0.0438,0.5187373956288303,2.51,O:TSLA250307C00405000,80.2,O:TSLA250307P00405000,0.5865936548624453,0.7152119493423358,0.6553269356444476,0.1365895400156173,-0.7292262770910629,0.0075221990375606475,37.89563430613745,-160.9365506646219,-0.23018630858886685,0.8450257785554127,82.77438021489274,0.1080393658993749,0.00360426975807394,16.296613321321882,-68.3609945986095,0.02355780835567467,0.4410501086363512,47.900151428096464,-0.8372656429904378,0.003917929279486707,21.599020984815567,-92.57555606601242,-0.2537441169445415,0.4039756699190616,34.87422878679628,False
2025-02-12,336.510009765625,0.0,0.0438,0.531600128429033,2.68,O:TSLA250307C00405000,66.5,O:TSLA250307P00405000,0.5595220783389789,1.0,0.4355859989643097,-0.09601412946472332,-0.5977057468396376,0.007933385748863264,46.95012630508806,-278.890112093499,-0.19204608352581726,0.7524250581943022,62.70357930227914,0.11864367492078998,0.004057837468533055,17.344278205479092,-73.55884097124493,0.02512544966292935,0.4706812446325961,48.61731198393985,-0.7163494217604276,0.0038755482803302086,29.60584809960897,-205.33127112225407,-0.2171715331887466,0.2817438135617061,14.086267318339289,False
2025-02-13,355.94000244140625,0.0,0.0437,0.4860068221314267,4.9,O:TSLA250307C00405000,56.15,O:TSLA250307P00405000,0.5396630690401227,0.6633766570466737,0.6037211920097469,0.11771436987832024,-0.5547357127005001,0.011037533928487069,53.23755592569365,-242.7625358711399,-0.1641286545606035,0.9114747832646795,63.5783195522944,0.19457059460188664,0.005688650714486134,24.6947712506004,-107.76132484444965,0.04086060820166486,0.5087563520585278,39.29508349025881,-0.7493063073023868,0.005348883214000935,28.542784675093248,-135.00121102669024,-0.20498926276226834,0.40271843120615175,24.28323606203559,False
2025-02-14,355.8399963378906,0.0,0.0437,0.47771540661093337,4.05,O:TSLA250307C00405000,57.7,O:TSLA250307P00405000,0.5219630602706966,0.7355910906164024,0.6349966886654497,0.1572812820545163,-0.5556795778043733,0.010866688240870748,51.066037175075515,-263.9429427284875,-0.15445417793508798,0.8814821874802714,61.55708284836765,0.17564842394386515,0.005701902588031917,22.431576792219815,-100.90540204006874,0.034793294364845996,0.5244320177361649,42.43664160233765,-0.7313280017482384,0.0051647856528388315,28.6344603828557,-163.03754068841874,-0.18924747229993397,0.3570501697441065,19.120441246029998,False
2025-02-18,354.1099853515625,0.0,0.0438,0.4566864314630423,2.76,O:TSLA250307C00405000,53.45,O:TSLA250307P00405000,0.5091624231489915,0.547410680904824,0.5287042721524835,0.07201784068944123,-0.702030437458381,0.010912672871855933,37.30260800802138,-177.95334297222576,-0.15724118424688616,1.0193661190043797,85.49206573881452,0.13923294157142946,0.005414910442608739,17.834739945416942,-90.05232543770445,0.02401067752794263,0.5223614987506763,45.5322050236092,-0.8412633790298105,0.005497762429247193,19.467868062604435,-87.90101753452129,-0.1812518617748288,0.49700462025370346,39.95986071520531,False
2025-02-19,360.55999755859375,0.0,0.0438,0.466663224702273,3.23,O:TSLA250307C00405000,49.5,O:TSLA250307P00405000,0.5029700847215611,0.6271599133909216,0.5679838849455119,0.10132066024323888,-0.6157505776922478,0.01223653132645839,42.73766508652005,-244.205051276147,-0.13083096513781892,0.9627980216779516,67.22829970288086,0.16229198846781928,0.006205594789523979,19.322412908000498,-104.46678115700024,0.026326666174160063,0.5345661421077618,41.43254039953305,-0.7780425661600671,0.00603093653693441,23.41525217851955,-139.73827011914676,-0.157157631311979,0.4282318795701898,25.7957593033478,False
2025-02-20,354.3999938964844,0.0,0.0437,0.4653348349914911,1.84,O:TSLA250307C00405000,52.55,O:TSLA250307P00405000,0.4914872406699771,0.5497258815740028,0.5217937869578599,0.05645895196636885,-0.7523097925247253,0.010569313207485699,30.211427956802293,-166.9582455413115,-0.14012279542338768,0.990730205554546,85.14297750134092,0.10938820222856971,0.0051463471166299365,13.867267054676915,-79.6831438112921,0.016119006358079457,0.5077471076196728,46.23465059849622,-0.861697994753295,0.0054229660908557634,16.344160902125378,-87.2751017300194,-0.15624180178146713,0.48298309793487326,38.9083269028447,False
2025-02-21,337.79998779296875,0.0,0.0436,0.4858130328427571,0.81,O:TSLA250307C00405000,69.3,O:TSLA250307P00405000,0.5440905449548789,0.73034199488406,0.6505003034472463,0.16468727060448918,-0.8230918423926644,0.007141678398699856,21.078590106788056,-161.3825096114719,-0.13815492631457627,0.7104673841963067,65.87811503058317,0.05437837528499194,0.003011164912754689,7.418642418875794,-51.62437930857089,0.006967862899791081,0.3469335509898014,37.44187435909641,-0.8774702176776563,0.0041305134859451675,13.659947687912261,-109.75813030290101,-0.14512278921436736,0.36353383320650534,28.436240671486765,False
2025-02-24,330.5299987792969,0.0,0.0436,0.4874651277149326,0.52,O:TSLA250307C00405000,74.17,O:TSLA250307P00405000,0.58060461311172,0.5380912806000246,0.5608081425428393,0.07334301482790667,-0.9360071077133603,0.004081311305845525,8.941207838766989,-53.638419822062744,-0.1371672957749681,0.4986573898750707,57.70418691621616,0.037311692617775956,0.002245141206959392,5.086134910760981,-41.85749831934124,0.0042187977555025145,0.2654058826176995,29.55549760049971,-0.9733188003311363,0.0018361700988861333,3.8550729280060088,-11.780921502721505,-0.14138609353047063,0.23325150725737118,28.148689315716453,False
2025-02-25,302.79998779296875,0.0,0.0434,0.5527521586354044,0.28,O:TSLA250307C00405000,104.31,O:TSLA250307P00405000,0.7616793867765294,1.1629841834394128,1.0162871622681615,0.4635350036327571,-0.8825611926924638,0.003906967036791952,11.880472863553786,-185.34072671684686,-0.11804111694407174,0.3597646396268649,30.792505789382602,0.01946722979658482,0.0011515457342893146,2.553021935367241,-30.870877848384353,0.0017824371253234274,0.1367165212296153,15.230570209609652,-0.9020284224890486,0.002755421302502637,9.327450928186545,-154.4698488684625,-0.11982355406939517,0.22304811839724956,15.56193557977295,False
2025-02-26,290.79998779296875,0.0,0.0435,0.5574643430014451,0.16,O:TSLA250307C00405000,114.4,O:TSLA250307P00405000,0.848208655885595,1.0507866945412605,0.9716471843719485,0.41418284137050343,-0.9520422672605954,0.0023067993708163945,5.337902814062389,-78.50000438540708,-0.10872607769382542,0.2361958994635048,22.545101584537278,0.011788545527720611,0.000748136881000976,1.4906305989232478,-22.900746718180073,0.0009078080265438932,0.08721616982959227,9.569897455581808,-0.963830812788316,0.0015586624898154186,3.8472722151391405,-55.59925766722701,-0.1096338857203693,0.14897972963391254,12.975204128955468,False
2025-02-27,281.95001220703125,0.0,0.0438,0.5595758213160588,0.11,O:TSLA250307C00405000,122.9,O:TSLA250307P00405000,0.9491893231296287,1.0648271699504683,1.0157390653610228,0.456163244044964,-0.974442250058634,0.0014709645519448648,2.843772942725568,-43.75920832775267,-0.09470333435692356,0.15212747473896776,14.736706797374003,0.008370790012280697,0.0005523556005235146,0.9923538326015524,-19.879121238476518,0.0005357486538440562,0.06100905517627271,6.3498528548532,-0.9828130400709147,0.0009186089514213501,1.8514191101240154,-23.88008708927615,-0.09523908301076761,0.09111841956269506,8.386853942520803,False
2025-02-28,292.9800109863281,0.0,0.0438,0.5715233994369786,0.11,O:TSLA250307C00405000,122.9,O:TSLA250307P00405000,0.9399243849392873,1.0648271699504683,1.9633968297541142,1.3918734303171356,-0.9723133449906898,0.001664263754564106,2.8871370883543728,-56.98253597838527,-0.0787567890683721,0.1600666048419369,14.501242153897596,0.008827283912093567,0.0006160734988713284,0.9862133788885264,-23.46800162688596,0.0004913130431636128,0.06369339453709945,6.236994894366167,-0.9811406289027833,0.0010481902556927778,1.9009237094658464,-33.51453435149931,-0.07924810211153571,0.09637321030483746,8.264247259531428,True
2025-03-03,284.6499938964844,0.0,0.0438,0.5650976790323791,17.39,O:TSLA250404C00295000,30.0,O:TSLA250404P00295000,0.6088608473933436,0.7085405619543198,0.6587268827974797,0.09362920376510064,-0.04339703739074263,0.013844218312285918,69.97308320193076,-239.38211508106335,-0.05689806326514321,0.3137821708474109,1.5488745167027478,0.47053447172120144,0.007438558012622783,34.94941098035234,-116.82125831458109,0.11099774714621477,0.17108672107823916,1.1110470033470672,-0.5139315091119441,0.006405660299663136,35.02367222157842,-122.56085676648226,-0.16789581041135798,0.1426954497691717,0.43782751335568054,False
2025-03-04,272.0400085449219,0.0,0.043899999999999995,0.5596190486397287,13.64,O:TSLA250404C00295000,36.09,O:TSLA250404P00295000,0.6730837782338241,0.6942636842534531,0.6836842752024532,0.12406522656272456,-0.21261383254846716,0.013695507547767152,63.23085449857943,-232.10624058931467,-0.098178483449794,0.5361273705161727,11.891369376849134,0.39085518388573876,0.006940201758516593,31.552521749462628,-120.41352752648093,0.0845964164275554,0.27403346296350045,6.240539980495028,-0.6034690164342059,0.006755305789250559,31.6783327491168,-111.69271306283373,-0.1827748998773494,0.2620939075526722,5.650829396354105,False
2025-03-05,279.1000061035156,0.0,0.0438,0.5631739125109955,14.9,O:TSLA250404C00295000,31.78,O:TSLA250404P00295000,0.637261938625199,0.7021206550973933,0.669737098288536,0.10656318577754054,-0.12895513357427885,0.014287830102274815,64.92661312208486,-245.43947560799018,-0.07217342573368277,0.42486168062297874,5.7295272855539405,0.42865480452779775,0.007469666758958394,32.37136701452858,-122.73564381733364,0.09143755112381793,0.22673942566915287,3.36192149082037,-0.5576099381020766,0.00681816334331642,32.55524610755627,-122.70383179065654,-0.1636109768575007,0.19812225495382588,2.3676057947335702,False
2025-03-06,263.45001220703125,0.0,0.0438,0.576932360557036,9.2,O:TSLA250404C00295000,40.85,O:TSLA250404P00295000,0.6564337654163015,0.699510700803734,0.6780760565772652,0.10114369602022921,-0.35584866473540666,0.01391559871492478,54.528515032079625,-215.5825717049143,-0.11983194589033269,0.6964065873235332,24.518110805381184,0.3145840136396213,0.00711172320255414,27.00106889988457,-109.5735396751244,0.061397635194578776,0.3636691530462051,13.3557918635718,-0.670432678375028,0.006803875512370641,27.527446132195056,-106.00903202978989,-0.18122958108491147,0.33273743427732805,11.162318941809383,False
2025-03-07,262.6700134277344,0.0,0.0438,0.5786768568426517,7.9,O:TSLA250404C00295000,39.71,O:TSLA250404P00295000,0.6321286578891105,0.651787759785057,0.6419867718830705,0.06330991504041883,-0.4054840278119216,0.014578652815665347,51.2402715471862,-200.5009671790437,-0.12231626589689622,0.7694718242003175,30.32420065153851,0.2934770577083943,0.00735857165310706,25.471202602850465,-104.4672037055954,0.05491081165793328,0.39278700644456577,15.790148580041082,-0.6989610855203159,0.007220081162558287,25.769068944335736,-96.0337634734483,-0.1772270775548295,0.3766848177557517,14.534052071497428,False
2025-03-10,222.14999389648438,0.0,0.0437,0.7560554819384417,3.0,O:TSLA250404C00295000,75.18,O:TSLA250404P00295000,0.8255291694005963,0.8482588689746279,0.8370078585922719,0.08095237665383015,-0.730853247540897,0.008485567790824463,26.426224214552832,-136.19200621607916,-0.18135880337810645,0.6909659018717851,46.5863662462026,0.13064648040212157,0.004215393210407993,12.948402366213154,-72.02403986285975,0.01962060244661273,0.34713670594427093,23.786730044810167,-0.8614997279430185,0.00427017458041647,13.47782184833968,-64.16796635321941,-0.20097940582471918,0.34382919592751415,22.799636201392435,False
2025-03-11,230.5800018310547,0.0,0.0437,0.7855079925156954,3.65,O:TSLA250404C00295000,66.2,O:TSLA250404P00295000,0.8082048056422767,0.7394040013518379,0.7748534547567367,-0.010654537758958638,-0.7169186855168432,0.009382490063613146,27.59234216635995,-139.58779082438824,-0.16796936558513648,0.74076974551022,49.13472652821561,0.15429739928937902,0.004770004007534025,14.640483291429982,-84.22281166590054,0.022805639007622766,0.362788698276773,22.763225386218245,-0.8712160848062223,0.00461248605607912,12.951858874929966,-55.3649791584877,-0.19077500459275926,0.377981047233447,26.37150114199736,False
2025-03-12,248.08999633789062,0.0,0.0436,0.8363791152431788,4.72,O:TSLA250404C00295000,51.97,O:TSLA250404P00295000,0.706619463971013,0.7708393832387633,0.7392726914644243,-0.09710642377875445,-0.5718102574497561,0.012240360079762374,37.52893697301595,-197.1280664414678,-0.1339427333136322,0.7770708822869383,39.803437527792994,0.20162552644082482,0.00617859503221259,18.127679444403082,-96.91518049969253,0.030560384681650864,0.4058362799560186,21.85756603010154,-0.773435783890581,0.006061765047549785,19.40125752861287,-100.21288594177528,-0.16450311799528308,0.37123460233091976,17.94587149769145,False
2025-03-13,240.67999267578125,0.0,0.0437,0.8267066471720635,3.45,O:TSLA250404C00295000,56.98,O:TSLA250404P00295000,0.7328871586177722,0.7347393620960393,0.7338139538139103,-0.0928926933581532,-0.679365812500077,0.010948870495189288,29.549790961008874,-160.975874784933,-0.14218397382647283,0.7822334690449224,47.11447787699843,0.1599548796775207,0.005473260741162244,14.753079113263846,-86.67879002450806,0.02225265985348644,0.39144895365288873,23.612513937124245,-0.8393206921775976,0.005475609754027045,14.79671184774503,-74.29708476042494,-0.16443663367995925,0.39078451539203374,23.501963939874184,False
2025-03-14,249.97999572753906,0.0,0.0437,0.80687533423107,3.8,O:TSLA250404C00295000,49.15,O:TSLA250404P00295000,0.6758509270703852,0.7409297997748802,0.7090497602045538,-0.09782557402651626,-0.6089435576756789,0.012772906808971652,33.647920809624644,-191.62912721850802,-0.12212720711076111,0.803702781929371,42.19022817204295,0.18245544391506263,0.00642018739503831,16.139863199550195,-93.45549487677205,0.02488703041092477,0.41933644787759233,23.17202744170885,-0.7913990015907415,0.006352719413933342,17.50805761007445,-98.17363234173595,-0.14701423752168588,0.38436633405177867,19.0182007303341,False
2025-03-17,238.00999450683594,0.0,0.0437,0.8120705947724968,1.78,O:TSLA250404C00295000,57.36,O:TSLA250404P00295000,0.6751275390769669,0.5990320586575475,0.6393336931884289,-0.17273690158406785,-0.8191162803647564,0.009052122297748846,18.214382988696514,-94.07585690943492,-0.14116547855004197,0.7559961786890257,56.94954719153847,0.1048913076262421,0.004797431565281463,10.193245765628232,-62.948860707017346,0.01288065530663151,0.380364331446677,26.761647953048413,-0.9240075879909985,0.004254690732467383,8.021137223068283,-31.126996202417565,-0.15404613385667348,0.3756318472423487,30.18789923849006,False
2025-03-18,225.30999755859375,0.0,0.0437,0.8193931624742575,0.87,O:TSLA250404C00295000,69.88,O:TSLA250404P00295000,0.7149979195970754,0.7123680302948622,0.7136862928926946,-0.10570686958156295,-0.8830273198324551,0.006393839395171898,11.950149003248686,-70.87664628445118,-0.13913347153107486,0.5659596522448933,45.40207099356205,0.05885844517782758,0.0032070009776559447,6.004925279132225,-42.15551511293008,0.006392386897267715,0.28339966382546267,22.688564294317086,-0.9418857650102826,0.0031868384175159532,5.945223724116462,-28.721131171521098,-0.14552585842834256,0.2825599884194306,22.713506699244963,False
2025-03-19,235.86000061035156,0.0,0.0437,0.8435084630655116,1.37,O:TSLA250404C00295000,59.91,O:TSLA250404P00295000,0.7068436758582085,0.7084658483268715,0.7076556772708895,-0.13585278579462212,-0.8255905779188333,0.00870997139413483,16.327814573994548,-110.13474686191876,-0.12190656867230307,0.6780844466450537,47.400557054274415,0.08692971807019217,0.004349722813015217,8.144684297926421,-61.284817907139896,0.009111068265282489,0.33898142433346623,23.726281354480502,-0.9125202959890254,0.004360248581119613,8.183130276068127,-48.84992895477885,-0.13101763693758556,0.33910302231158757,23.674275699793913,False
2025-03-20,236.25999450683594,0.0,0.0436,0.8468805939065006,1.04,O:TSLA250404C00295000,60.18,O:TSLA250404P00295000,0.6892075835775331,0.8075799819037776,0.7529859616458418,-0.09389463226065886,-0.816249440751674,0.008810926568465088,16.166788157100207,-129.23282427104192,-0.110902300486912,0.6465468821476528,42.68945269950122,0.07258502953870358,0.004058130199051135,6.814728333500483,-54.50162867019034,0.007031679582580107,0.32066336908225934,23.058826680474795,-0.8888344702903777,0.004752796369413953,9.352059823599722,-74.73119560085156,-0.11793398006949211,0.32588351306539337,19.63062601902642,False
2025-03-21,248.7100067138672,0.0,0.0436,0.8761591950627005,1.89,O:TSLA250404C00295000,51.0,O:TSLA250404P00295000,0.6828219887467938,0.9515511187913707,0.8290132489204409,-0.04714594614225953,-0.6669775033065614,0.012080786777214888,24.312750011371023,-248.36841738980542,-0.0868150711608641,0.6852502292556248,34.230669371037784,0.12017162696267814,0.005919088566344867,9.920836997942764,-86.57519501308077,0.011110272281230247,0.3842103560978499,22.350022658774733,-0.7871491302692395,0.00616169821087002,14.391913013428258,-161.79322237672463,-0.09792534344209435,0.301039873157775,11.88064671226305,False
2025-03-24,278.3900146484375,0.0,0.0435,0.9941768441512204,8.14,O:TSLA250404C00295000,24.5,O:TSLA250404P00295000,0.6877107101323702,0.6983021782645846,0.693010117852688,-0.30116672629853247,-0.28502015622816723,0.02047332630773792,39.26939326696625,-376.1278029991398,-0.03999527338123549,0.5344249946038211,10.26882180792299,0.3560749471468547,0.010300716166338509,19.607511786497078,-192.7381073389089,0.032495610625769465,0.2703873361578191,5.2487071774440714,-0.641095103375022,0.010172610141399408,19.66188148046917,-183.3896956602309,-0.07249088400700496,0.264037658446002,5.020114630478918,False
2025-03-25,288.1400146484375,0.0,0.0436,0.9606739455804707,11.32,O:TSLA250404C00295000,18.55,O:TSLA250404P00295000,0.6916652919862937,0.7298909925212235,0.7107849732652307,-0.24988897231524,-0.08890965682412527,0.021744379706980774,40.70726244836236,-453.2973329737314,-0.01761537454593369,0.2661197081845968,1.5290084157858326,0.4530046120477507,0.011156769148674719,20.339066868243545,-226.7657710724351,0.03784404938134874,0.1382175528485239,0.8378472435546842,-0.541914268871876,0.010587610558306053,20.36819558011881,-226.53156190129627,-0.05545942392728243,0.12790215533607288,0.6911611722311484,False
2025-03-26,272.05999755859375,0.0,0.0436,0.9710280640768477,5.25,O:TSLA250404C00295000,27.6,O:TSLA250404P00295000,0.7267779156934377,0.711309761328831,0.7190621246278287,-0.251965939449019,-0.45517670320810283,0.02037342984603941,30.11745150827098,-382.99215026414424,-0.04352371465653475,0.670155153535667,18.404564969288817,0.2750028890726675,0.010125272374687114,15.129874156218069,-200.96218491165888,0.01932424592492116,0.3300480964017728,8.945638062470513,-0.7301795922807703,0.010248157471352295,14.987577352052913,-182.0299653524854,-0.0628479605814559,0.3401070571338942,9.458926906818304,False
2025-03-27,273.1300048828125,0.0,0.0437,0.9650958966657488,5.3,O:TSLA250404C00295000,27.3,O:TSLA250404P00295000,0.7683380300966232,0.798865906341881,0.7836601371079683,-0.18143575955778046,-0.4300857083607822,0.020561754657507807,28.61178408103678,-464.337183830197,-0.03573078848204961,0.5973046734518528,14.313645899108447,0.28040026974695775,0.010402739111017563,14.196770814846328,-232.18148362572956,0.016972792153602024,0.3069875545561168,7.525396616955404,-0.71048597810774,0.010159015546490242,14.415013266190453,-232.15570020446745,-0.05270358063565163,0.29031711889573597,6.788249282153044,False
2025-03-28,263.54998779296875,0.0,0.0438,0.9613469808013522,2.58,O:TSLA250404C00295000,35.0,O:TSLA250404P00295000,0.7925682697063915,0.9137245240768874,0.8550043427944184,-0.10634263800693378,-0.6174978688012349,0.017173708900554682,20.178940439759764,-426.96296540170596,-0.0397463404334821,0.6351405258719488,20.76194288581313,0.17202944184996166,0.008666122905131102,9.465792714778017,-190.93044727416668,0.00848380105150567,0.3403163605277268,11.953702290934949,-0.7895273106511966,0.00850758599542358,10.713147724981747,-236.03251812753928,-0.048230141484987776,0.294824165344222,8.808240594878182,False
2025-03-31,259.1600036621094,0.0,0.0438,0.9582004548569494,1.2,O:TSLA250404C00295000,38.29,O:TSLA250404P00295000,0.7788143339783885,0.9852734005932023,0.8901104384303093,-0.06809001642664003,-0.7322967664665165,0.014761295190648718,13.95171480799424,-384.8544105032074,-0.03639238613955779,0.590548481228302,21.768663710855407,0.10312390012335032,0.007057815972305689,5.860027737210191,-144.88003923299496,0.004051681005336254,0.3138831885346284,12.953759174117257,-0.8354206665898668,0.007703479218343029,8.091687070784047,-239.97437127021246,-0.04044406714489404,0.2766652926936735,8.81490453673815,True
2025-04-01,268.4599914550781,0.0,0.0438,0.9545317171026108,23.51,O:TSLA250502C00270000,23.84,O:TSLA250502P00270000,0.7346093128103092,0.7304829990220983,0.7325461072057486,-0.2219856098968621,0.08193490661646918,0.013358796926140042,64.3702645591837,-257.2124336720134,-0.02314033255585629,0.128320654539277,-1.0706156546807355,0.5410998259949427,0.006660357278537678,32.18402785527475,-134.85361485098156,0.11112436735109082,0.06413437593833798,-0.5368270933228663,-0.4591649193784735,0.006698439647602364,32.186236703908946,-122.35881882103186,-0.13426469990694712,0.06418627860093899,-0.5337885613578693,False
2025-04-02,282.760009765625,0.0,0.0438,0.968783315851292,31.97,O:TSLA250502C00270000,17.65,O:TSLA250502P00270000,0.7538795159290326,0.737062987626137,0.745473112228513,-0.22331020362277898,0.26400597034326223,0.01210452482644956,62.97724895503511,-269.9801224176645,0.021851876053718924,-0.11826184451350016,3.3318666334746956,0.6315060324192681,0.0059866884487948385,31.50262306417522,-142.43888941161356,0.12797945800263075,-0.05656756105182133,1.5872125491120892,-0.36750006207600583,0.0061178363776547215,31.47462589085989,-127.54123300605096,-0.10612758194891182,-0.06169428346167883,1.7446540843626062,False
2025-04-03,267.2799987792969,0.0,0.0436,0.9677308010428393,23.25,O:TSLA250502C00270000,24.78,O:TSLA250502P00270000,0.7824024487243662,0.7755307775342128,0.7789665358260274,-0.1887642652168119,0.06659697398219055,0.013229319796245004,61.34786951846725,-285.40956068728696,-0.025191634062779356,0.14423257274779677,-0.9299356734829681,0.5335462647336122,0.0065851397154395004,30.672337196944877,-149.19260266735483,0.09946353748891525,0.07198255107746629,-0.46757355957074,-0.46694929075142166,0.0066441800808055024,30.675532321522372,-136.21695801993212,-0.1246551715516946,0.0722500216703305,-0.46236211391222815,False
2025-04-04,239.42999267578125,0.0,0.0436,1.0394135970509868,12.3,O:TSLA250502C00270000,42.35,O:TSLA250502P00270000,0.8533201113468003,0.8696792477973514,0.8615080764293671,-0.17790552062161968,-0.2808015709881445,0.012872009308586865,50.449556165868216,-268.50361726652534,-0.09673199848018993,0.5229074059604149,12.683851924812554,0.35746085702305497,0.006483881443305483,25.17292060021985,-138.52283095639413,0.05816416696738771,0.2648804779038101,6.52586925364825,-0.6382624280111995,0.006388127865281381,25.276635565648366,-129.98078631013124,-0.15489616544757764,0.2580269280566048,6.157982671164303,False
2025-04-07,233.2899932861328,0.0,0.0436,0.878154563410567,11.1,O:TSLA250502C00270000,50.35,O:TSLA250502P00270000,0.9139320680852584,1.0588081482621121,0.9870644661426545,0.10890990273208756,-0.3067178219440276,0.011715551485284224,47.22972277777407,-303.5776153262011,-0.10028094340552107,0.5007841078498503,12.82029144672827,0.32860582965610324,0.006175342503445038,23.15902371466387,-143.22093986852778,0.04943049936868538,0.27481615704424167,7.812123151309351,-0.6353236516001308,0.005540208981839185,24.070699063110197,-160.35667545767336,-0.14971144277420645,0.2259679508056086,5.008168295418918,False
2025-04-08,221.86000061035156,0.0,0.0436,0.8876205744404249,8.05,O:TSLA250502C00270000,56.23,O:TSLA250502P00270000,0.9554191638294365,1.0001790890370106,0.9779348619729282,0.09031428753250337,-0.4575670256241437,0.011432041974134992,39.29131408855822,-261.7791137090854,-0.11842558613160181,0.5902359218848553,21.341381428047242,0.2646139710570273,0.005777477031778694,19.407167749056033,-132.00251623372293,0.036183754128733016,0.3030166786492101,11.304722133401222,-0.722180996681171,0.005654564942356297,19.884146339502184,-129.77659747536245,-0.15460934026033482,0.2872192432356452,10.03665929464602,False
2025-04-09,272.20001220703125,0.0,0.0436,1.1751203151017777,24.75,O:TSLA250502C00270000,21.7,O:TSLA250502P00270000,0.8295269720222138,0.8274799174287826,0.8285034460827709,-0.3466168690190068,0.12631106663096114,0.01345073878356793,55.701186938833324,-341.51657691951914,-0.00814119619285697,0.05345627063435589,-0.6008125423295573,0.5631828903686178,0.006716986669059898,27.85028599483438,-176.83547389489848,0.08671915173663218,0.026788201908473034,-0.3012126071095509,-0.43687182373765665,0.0067337521145080315,27.850900943998944,-164.68110302462063,-0.09486034792948915,0.026668068725882857,-0.2995999352200064,False
2025-04-10,252.39999389648438,0.0,0.0436,1.2025420718566033,15.65,O:TSLA250502C00270000,31.8,O:TSLA250502P00270000,0.8833603243407674,0.8551467272023906,0.869262133783102,-0.3332799380735013,-0.14729591724519692,0.014189112563323248,49.87627573431271,-337.73863552789726,-0.053731738802326845,0.36525065397931866,4.316526177202143,0.4289274204973909,0.006988070773040834,24.96854906448066,-177.73062833391336,0.0588008116289373,0.1785249411117903,2.033559815406521,-0.5762233377425878,0.007201041790282413,24.907726669832055,-160.0080071939839,-0.11253255043126414,0.18672571286752837,2.2829663617956224,False
2025-04-11,252.30999755859375,0.0,0.0437,1.196002916675459,13.7,O:TSLA250502C00270000,31.05,O:TSLA250502P00270000,0.8335667213362615,0.8486272360392398,0.841100019477308,-0.35490289719815116,-0.17020564763523827,0.01505942434814828,47.99349896594572,-335.2545720827947,-0.052199158654348675,0.38952294628658,5.155621705327998,0.4134307272123541,0.0075910364334072404,23.97734436839114,-171.84819242699248,0.05393613438904565,0.19723966915832997,2.655704159447719,-0.5836363748475923,0.007468387914741038,24.016154597554575,-163.40637965580223,-0.10613529304339432,0.19228327712825002,2.4999175458802787,False
2025-04-14,252.35000610351562,0.0,0.0434,1.1809541339949363,11.24,O:TSLA250502C00270000,27.0,O:TSLA250502P00270000,0.7559611557928596,0.7014053249373225,0.7287531168758871,-0.45220101711904925,-0.23138897106043532,0.017648175667808883,45.44092494486785,-293.8718369949742,-0.053683893477431986,0.4895243828291129,8.595588551902237,0.3909695706361769,0.008538998431611187,22.837078680931647,-159.16957848260273,0.04856731863129366,0.23107937990173275,3.804373868420018,-0.6223585416966122,0.009109177236197696,22.603846263936205,-134.7022585123715,-0.10225121210872565,0.2584450029273802,4.7912146834822185,False
2025-04-15,254.11000061035156,0.0,0.0435,1.160373862161432,10.75,O:TSLA250502C00270000,26.75,O:TSLA250502P00270000,0.7317522378475079,0.7638746235649168,0.7478325931236149,-0.41254126903781696,-0.20445670264568472,0.017882714918104458,44.52817853317673,-318.86720296735814,-0.04614715900171062,0.44286466542656316,6.630967299944336,0.3942174260101643,0.009112057321257342,22.21093434562065,-161.4180862134202,0.046131733124313686,0.22853075782409202,3.5393951965736066,-0.598674128655849,0.008770657596847116,22.317244187556074,-157.44911675393794,-0.0922788921260243,0.21433390760247115,3.0915721033707295,False
2025-04-16,241.5500030517578,0.0,0.0435,1.1683981499923812,6.22,O:TSLA250502C00270000,35.2,O:TSLA250502P00270000,0.7461941266359592,0.8067791826506239,0.7767284039199353,-0.391669746072446,-0.4251573400684713,0.01666472051702443,35.92000618496845,-286.77340249253484,-0.06862702704334116,0.6422109433962654,19.047141799614124,0.2777078749974887,0.00852428348569429,17.672765324196746,-141.11421841178984,0.028981113358638372,0.33811167196517555,10.509023924497335,-0.70286521506596,0.00814043703133014,18.247240860771704,-145.65918408074504,-0.09760814040197953,0.30409927143108983,8.538117875116788,False
2025-04-17,241.3699951171875,0.0,0.0436,1.1684833501589256,5.15,O:TSLA250502C00270000,34.47,O:TSLA250502P00270000,0.7182819490696715,0.7908127759889254,0.754968313008547,-0.4135150371503785,-0.46560892238884943,0.017296619269164818,33.150371243207026,-280.21186016112847,-0.06635096256185202,0.6804765796001828,21.41696737263426,0.25487954157955484,0.008862819512218548,16.189206595906214,-135.65595059883069,0.024606071856024165,0.3617021391281039,12.02419772378126,-0.7204884639684043,0.00843379975694627,16.961164647300812,-144.55590956229778,-0.09095703441787618,0.31877444047207887,9.392769648853003,False
2025-04-21,227.5,0.0,0.0435,1.1723765677075066,3.0,O:TSLA250502C00270000,45.92,O:TSLA250502P00270000,0.8531492279804118,0.9281796798644175,0.891462204182148,-0.2809143635253586,-0.6450119379312778,0.013569800067026325,22.3409722314164,-270.5655800571978,-0.06987864852834488,0.638392934763397,25.458435029446356,0.16551759592663545,0.00678129142378965,10.694049283234397,-129.23818196835163,0.012376876097610574,0.33040355052751724,13.807884577526563,-0.8105295338579132,0.006788508643236674,11.646922948182002,-141.32739808884617,-0.08225552462595545,0.30798938423587974,11.650550451919793,False
2025-04-22,237.97000122070312,0.0,0.0433,1.098265319828823,5.4,O:TSLA250502C00270000,37.5,O:TSLA250502P00270000,0.9256418045934716,0.9580595225871662,0.9419269335508347,-0.15633838627798835,-0.4910937815306032,0.016064251610870793,27.196822640176904,-396.5892299457678,-0.05071923421914781,0.5643203221258004,15.813887666152102,0.24988054273407995,0.008094719793033103,13.470342924741727,-198.7231967637502,0.017163197796653637,0.28823058126758777,8.247538624418063,-0.7409743242646831,0.00796953181783769,13.726479715435175,-197.86603318201762,-0.06788243201580145,0.27608974085821264,7.566349041734039,False
2025-04-23,250.74000549316406,0.0,0.0433,1.109365362729621,4.7,O:TSLA250502C00270000,23.41,O:TSLA250502P00270000,0.6847605178144135,0.6686756635853325,0.6767378502041104,-0.43262751252551057,-0.4442520001137596,0.023719450011770345,28.02987680327602,-335.4093640850541,-0.03875048581913144,0.6958718632606746,17.13802366804967,0.2806718654063394,0.011777068268195542,14.083826474421983,-176.43662586749767,0.01824324029826726,0.3420407357528108,8.302555564025889,-0.724923865520099,0.011942381743574801,13.946050328854039,-158.97273821755644,-0.056993726117398696,0.3538311275078639,8.835468104023779,False
2025-04-24,259.510009765625,0.0,0.0434,1.1007227820564893,6.29,O:TSLA250502C00270000,16.8,O:TSLA250502P00270000,0.6525661303820458,0.6722988012813272,0.6624427485734226,-0.43828003348306677,-0.25598238381814126,0.0285226103723272,30.29053561813012,-417.5020379701358,-0.02131428355344397,0.4897742443399392,6.407263292072708,0.3695934521639383,0.014443980977525106,15.113685287067236,-211.00590849197258,0.021338857233424265,0.25080091528773973,3.3435813572923028,-0.6255758359820796,0.014078629394802094,15.176850331062886,-206.4961294781632,-0.042653140786868236,0.2389733290521995,3.0636819347804045,False
2025-04-25,284.95001220703125,0.0,0.0434,1.1547754120319476,20.25,O:TSLA250502C00270000,5.13,O:TSLA250502P00270000,0.7086269689515592,0.7132844432039466,0.7109568346649411,-0.4438185773670065,0.449369967343205,0.023399210209364404,26.800771016653997,-484.6221765518568,0.020370630492047473,-0.4664753613769671,11.174568479285849,0.7252281241996441,0.011726567744091813,13.387374633734478,-247.1536219722518,0.036984873580073574,-0.23469319232270128,5.637380910205661,-0.2758581568564391,0.011672642465272593,13.413396382919517,-237.46855457960496,-0.0166142430880261,-0.23178216905426585,5.537187569080187,False
2025-04-28,285.8800048828125,0.0,0.0435,1.1453331822883586,20.0,O:TSLA250502C00270000,3.8,O:TSLA250502P00270000,0.7147703678994571,0.7029517929301291,0.7088713724225761,-0.4364618098657824,0.5112783619641887,0.024591796770018638,22.613137576299913,-510.26904963899653,0.019422898510285506,-0.5341620842711579,13.321685004290291,0.7540610526326605,0.012236190746515952,11.34592191781609,-263.96379419298404,0.031043012287073606,-0.2632281013985653,6.516403251904533,-0.2427826906684718,0.012355606023502686,11.267215658483822,-246.30525544601247,-0.0116201137767881,-0.2709339828725926,6.805281752385758,False
2025-04-29,292.0299987792969,0.0,0.0435,1.1431498312322124,24.03,O:TSLA250502C00270000,2.04,O:TSLA250502P00270000,0.7255693497655046,0.7494002320675844,0.7375772625148299,-0.40557256871738245,0.6930102517945506,0.020148479133984057,15.085740180486138,-475.05792782514675,0.02098925987923871,-0.6042570369626625,19.676167485715418,0.8501050329302063,0.0100805018529011,7.4256885422011765,-236.04362276950116,0.02669359187248598,-0.30761504104223847,10.163084862700893,-0.15709478113565578,0.010067977281082956,7.660051638284962,-239.0143050556456,-0.00570433199324727,-0.296641995920424,9.513082623014522,False
2025-04-30,282.1600036621094,0.0,0.0435,1.147612928033083,14.8,O:TSLA250502C00270000,2.56,O:TSLA250502P00270000,0.7180151931970508,0.7197277306770853,0.7188717569112779,-0.428741171121805,0.5317180796695928,0.033943253945234085,15.417883340428435,-704.0306108614725,0.010529331373554215,-0.5641831183812267,10.285736709866299,0.7661005856684544,0.01698214749574311,7.704538009317107,-357.27373494350456,0.015981186036329826,-0.2826349747427832,5.158360350616564,-0.23438250599886157,0.016961106449490976,7.713345331111328,-346.7568759179679,-0.005451854662775611,-0.2815481436384435,5.127376359249734,True
2025-05-01,280.5199890136719,0.0,0.0438,1.133618125105971,23.18,O:TSLA250606C00280000,21.5,O:TSLA250606P00280000,0.6227469239412307,0.6256224159413637,0.6241846487089993,-0.5094334763969717,0.1050477306994061,0.01406349203006026,71.26960931808573,-214.91678407449473,-0.01569493274585626,0.08674194197861326,-1.0320187183285081,0.5524615085990267,0.007048089323236378,35.63554655124727,-113.318178912663,0.13598051207895093,0.0432790721165379,-0.5142998067236112,-0.44741377789962056,0.007015402706823881,35.634062766838454,-101.59860516183173,-0.1516754448248072,0.04346286986207536,-0.5177189116048968,False
2025-05-02,287.2099914550781,0.0,0.0438,1.1157369164930528,25.8,O:TSLA250606C00280000,17.46,O:TSLA250606P00280000,0.6005909977410906,0.6029940710589398,0.6017925417467953,-0.5139443747462575,0.1988267209165555,0.014198899451980686,69.92594293318858,-212.69421367947416,0.013735139697901882,-0.0800007840546475,1.8225159293117468,0.5994614214447956,0.007113402138090267,34.96187658383882,-112.23991660176813,0.14520963266945308,-0.040401918997924856,0.9208551696317672,-0.40063470052824013,0.007085497313890419,34.96406634934976,-100.45429707770604,-0.1314744929715512,-0.03959886505672265,0.9016607596799797,False
2025-05-05,280.260009765625,0.0,0.0438,1.045018788561416,21.24,O:TSLA250606C00280000,19.7,O:TSLA250606P00280000,0.5970456108728583,0.5937056300217378,0.5953755881354215,-0.4496432004259945,0.0952186713227714,0.015384331614154489,68.51713630906467,-213.54118209487302,-0.01357525166210502,0.08530743576556592,-0.8826159993378071,0.5476805674515737,0.00767042430009493,34.257831172006306,-113.17349033095624,0.1259552011261153,0.04275638878907506,-0.4430336885161212,-0.4524618961288023,0.007713907314059559,34.25930513705836,-100.36769176391677,-0.13953045278822032,0.042551046976490856,-0.439582310821686,False
2025-05-06,275.3500061035156,0.0,0.0437,1.041755849344984,18.22,O:TSLA250606C00280000,21.37,O:TSLA250606P00280000,0.5977727235739598,0.5861563799254851,0.5919644656702878,-0.4497913836746963,0.014419561967948136,0.01620190515929367,66.36167357648688,-213.6500406302817,-0.03250992821645543,0.21667082637738722,-0.32550230319085827,0.5078389582776677,0.008021237634310023,33.17989086127364,-113.9705190713264,0.11099641214330308,0.1073888592677245,-0.17554327798719796,-0.49341939630971954,0.008180667524983648,33.181782715213245,-99.6795215589553,-0.1435063403597585,0.10928196710966273,-0.1499590252036603,False
2025-05-07,276.2200012207031,0.0,0.0437,1.018633473429727,17.45,O:TSLA250606C00280000,20.2,O:TSLA250606P00280000,0.5745348146998659,0.575646689502131,0.5750907576248052,-0.4435427158049219,0.021877518745082147,0.01699317737848359,65.0942987632268,-213.01996837719534,-0.027593405492134432,0.1976288919439252,-0.44231060694644186,0.5108838247675249,0.008504834396098202,32.54727233050939,-112.50159027671226,0.10796266965953255,0.09889195986018276,-0.22021785906853322,-0.48900630602244277,0.00848834298238539,32.547026432717416,-100.51837810048308,-0.13555607515166698,0.09873693208374242,-0.22209274787790861,False
2025-05-08,284.82000732421875,0.0,0.0437,0.6393802933706053,23.2,O:TSLA250606C00280000,16.25,O:TSLA250606P00280000,0.6214177349790146,0.5867840601162538,0.6041025234594941,-0.0352777699111112,0.16324554054509788,0.01573932772611024,64.22449782744116,-233.0976009877138,0.005871330044750683,-0.04118592105646569,0.6983986518427553,0.5812683395351179,0.007645546538883112,32.118253414408855,-125.97410819361069,0.11863071060310729,-0.016187862478662638,0.27303490318265766,-0.41802279899002004,0.008093781187227126,32.10624441303231,-107.12349279410313,-0.1127593805583566,-0.02499805857780305,0.42536374866009763,False
2025-05-09,298.260009765625,0.0,0.0437,0.5907380641632843,30.65,O:TSLA250606C00280000,11.5,O:TSLA250606P00280000,0.6035607320530028,0.6062151752836543,0.6048881628006697,0.014150098637385367,0.36613401014138647,0.014015100462673298,59.85340678439263,-231.01939183835987,0.05321677257167219,-0.36021897550012116,14.416287793342072,0.6833060477896419,0.007020685839762833,29.91713676007747,-121.3246768250724,0.13742291149734515,-0.1810624442157837,7.256438957572957,-0.3171720376482554,0.006994414622910465,29.936270024315167,-109.69471501328746,-0.08420613892567295,-0.17915653128433745,7.159848835769114,False
2025-05-12,318.3800048828125,0.0,0.0438,0.6245240015136222,44.81,O:TSLA250606C00280000,5.75,O:TSLA250606P00280000,0.5834666827601117,0.5938815670075829,0.5886892648011448,-0.03583473671247739,0.629744827330404,0.010378097228793527,46.69019511631649,-188.84767816743968,0.11304861360346108,-0.6663020937518774,52.19777459804064,0.8166071801926298,0.005204748031562443,23.20921233667962,-99.22847515821329,0.16223994294937757,-0.33775458556774635,26.64869394433161,-0.18686235286222574,0.005173349197231084,23.480982779636864,-89.6192030092264,-0.0491913293459165,-0.3285475081841311,25.54908065370903,False
2025-05-13,334.07000732421875,0.0,0.043899999999999995,0.6359679462805871,58.9,O:TSLA250606C00280000,3.25,O:TSLA250606P00280000,0.6407561863165447,0.6018074810384938,0.6216371841639279,-0.01433076211665918,0.7562777177633115,0.0072862632184072015,36.09203728433095,-165.50606392268347,0.13607121622309504,-0.6505928033780882,67.80490749691114,0.871802427146088,0.003662120323926876,18.705630655902727,-94.1000995294988,0.16595931658711818,-0.315100768966602,31.930129975406125,-0.11552470938277648,0.003624142894480326,17.386406628428222,-71.40596439318466,-0.029888100364023146,-0.33549203441148623,35.87477752150501,False
2025-05-14,347.67999267578125,0.0,0.043899999999999995,0.6416713656935996,70.7,O:TSLA250606C00280000,2.28,O:TSLA250606P00280000,0.6354461778752005,0.6420068193420211,0.6387411930412052,-0.0029301726523943694,0.8402130485462964,0.0051495419599678445,26.82253540874158,-136.60662558791674,0.1478360925237871,-0.5765758015043762,73.19695694738587,0.9210522281216236,0.002564944904375982,13.291212233984036,-73.55308290220256,0.16833469614145855,-0.28886638404012666,36.837694293129545,-0.08083917957532716,0.0025845970555918624,13.531323174757542,-63.05354268571418,-0.020498603617671432,-0.2877094174642495,36.35926265425633,False
2025-05-15,342.82000732421875,0.0,0.0437,0.6045827585348457,66.5,O:TSLA250606C00280000,2.44,O:TSLA250606P00280000,0.6748401029131952,0.6426801238830815,0.6590585660606623,0.0544758075258166,0.8129502913804986,0.005868005552349845,28.853920111356402,-158.98860604351137,0.1331781745049452,-0.5846898094414381,66.68475604856008,0.9017720248789489,0.0029714421052948283,14.96304277921651,-90.12269097403453,0.1540606299516046,-0.28791126188179067,32.12559277252514,-0.08882173349845035,0.0028965634470550163,13.890877332139894,-68.86591506947683,-0.0208824554466594,-0.2967785475596474,34.559163276034944,False
2025-05-16,349.9800109863281,0.0,0.0437,0.6003882256869659,71.0,O:TSLA250606C00280000,1.91,O:TSLA250606P00280000,0.4609141806421082,0.6665150621539799,0.5872415999710562,-0.013146625715909743,0.9095624175425391,0.003588856206123749,15.631237097343751,-91.23737392643348,0.14608253862160053,-0.4667514459794306,68.74685739304996,0.9804533009691199,0.0012065576623058528,4.054575120511325,-27.590490616843542,0.16198753395521084,-0.2009733617368027,35.40535393686223,-0.07089088342658079,0.002382298543817896,11.576661976832426,-63.64688330958993,-0.015904995333610304,-0.2657780842426279,33.341503456187745,False
2025-05-19,342.0899963378906,0.0,0.0437,0.5519187561512896,64.51,O:TSLA250606C00280000,1.92,O:TSLA250606P00280000,0.6236289699673335,0.6392388234643097,0.6315231334567071,0.07960437730541747,0.8491328009442541,0.005583696958437152,22.925265729427807,-140.10990822325905,0.12447213153633482,-0.5797228960760972,67.15734011472993,0.9268291662388558,0.0027625129333828527,11.200537006027082,-73.90120489723971,0.14030499226916687,-0.29081278124580023,34.060914994474885,-0.07769636529460167,0.0028211840250542994,11.724728723400727,-66.20870332601935,-0.015832860732832056,-0.28891011483029694,33.09642512025505,False
2025-05-20,343.82000732421875,0.0,0.0436,0.546578899012662,65.99,O:TSLA250606C00280000,1.79,O:TSLA250606P00280000,0.6391247178138953,0.6629507771230814,0.6512518804371356,0.10467298142447357,0.8605283425398359,0.005263331600385498,20.903186503882914,-141.93172250782564,0.11766385688300293,-0.5465960964178618,63.098786511809365,0.9335214415266916,0.0025851339848586286,10.07566624298244,-73.531493809349,0.13153387044520992,-0.2740228052523073,32.1525898745996,-0.07299309898685569,0.0026781976155268693,10.827520260900473,-68.40022869847664,-0.013870013562206997,-0.2725732911655544,30.946196637209766,False
2025-05-21,334.6199951171875,0.0,0.0435,0.5536652507797396,57.4,O:TSLA250606C00280000,2.32,O:TSLA250606P00280000,0.6587379486825476,0.668498044559858,0.6636456889688968,0.10998043818915715,0.8122686050733785,0.0069139812340454545,24.46491016647034,-179.71100051807093,0.10099110317309311,-0.5919561244657865,56.94443373028418,0.9075787536853492,0.0034431442599812813,12.09351045668525,-94.36155875989121,0.11728285625078792,-0.2972379577437514,28.77976676438765,-0.09531014861197074,0.0034708369740641732,12.371399709785088,-85.34944175817972,-0.01629175307769481,-0.29471816672203505,28.164666965896533,False
2025-05-22,341.0400085449219,0.0,0.0437,0.548962492433291,62.95,O:TSLA250606C00280000,1.55,O:TSLA250606P00280000,0.6558921913432654,0.6747610812620162,0.6654635397374631,0.1165010473041721,0.8668921400655349,0.005445945113130984,18.399349282229913,-150.38045956186727,0.1008965845797711,-0.528864202627713,56.60944540964908,0.9359415546411833,0.002682516267790726,8.932594723629618,-78.30795164789984,0.11185232832206916,-0.2646354133213588,28.690707941351643,-0.0690494145756484,0.0027634288453402584,9.466754558600293,-72.07250791396744,-0.01095574374229806,-0.26422878930635424,27.918737468297433,False
2025-05-23,339.3399963378906,0.0,0.0436,0.4541885556580973,63.32,O:TSLA250606C00280000,1.42,O:TSLA250606P00280000,0.8683149991376615,0.6795929975406728,0.7829425926685335,0.3287540370104362,0.8196536290295163,0.006095783970921205,21.756460498923225,-226.52696292129622,0.08468303947349794,-0.48927839938593354,45.086907596618836,0.8864230725413602,0.003277692239324972,13.00514014933406,-152.64030982066686,0.0942376199166694,-0.2292654298182277,18.717190745967482,-0.06676944351184388,0.0028180917315962324,8.751320349589166,-73.88665310062935,-0.009554580443171461,-0.2600129695677058,26.369716850651354,False
2025-05-27,362.8900146484375,0.0,0.0435,0.5010606389566021,80.83,O:TSLA250606C00280000,0.63,O:TSLA250606P00280000,1.0,0.80666934011708,0.00010000000000000002,-0.5009606389566021,0.9100232193753516,0.003142386423850518,12.092294398637096,-187.81650795798294,0.07762819788945277,-0.30992429672030486,34.24359845191893,0.9396943090678836,0.00184970999990131,7.732913053433851,-132.9261687919178,0.08124640175394739,-0.16433203831224316,16.49275338081419,-0.02967108969253207,0.0012926764239492082,4.359381345203245,-54.89033916606513,-0.0036182038644946195,-0.14559225840806167,17.750845071104735,False
2025-05-28,356.8999938964844,0.0,0.0435,0.5100467377917686,77.7,O:TSLA250606C00280000,0.47,O:TSLA250606P00280000,0.7742449137513292,0.7765440307608035,0.7753974987506866,0.2653507609589181,0.9490276091810208,0.0025755207888409183,7.0661163042929145,-109.95666717128337,0.07237165220119485,-0.2792043235633679,32.41406157788127,0.9746742862135993,0.0012828787175972133,3.514427121101392,-60.73050605455481,0.07504479077797051,-0.13929459500947297,16.193760660427056,-0.025646677032578502,0.0012926420712437048,3.5516891831915225,-49.22616111672856,-0.0026731385767756626,-0.1399097285538949,16.220300917454214,False
2025-05-29,358.42999267578125,0.0,0.0434,0.4833311063886249,79.77,O:TSLA250606C00280000,0.32,O:TSLA250606P00280000,0.9879324473001275,0.7986030878589184,0.9089338361263275,0.4256027297377026,0.9366680829405927,0.0027641241276070176,7.7441288614434525,-161.5472487125604,0.060866650978104044,-0.2603059661073527,26.84443334717895,0.9557090631917825,0.001712715748227238,5.175733864233424,-118.78364387976018,0.06256780774285968,-0.14686981371903424,13.832735683685925,-0.019040980251189832,0.0010514083793797797,2.568394997210029,-42.763604832800205,-0.0017011567647556341,-0.11343615238831847,13.011697663493026,False
2025-05-30,346.4599914550781,0.0,0.0433,0.5065269580190835,66.99,O:TSLA250606C00280000,0.27,O:TSLA250606P00280000,0.7620858096920331,0.7537654805719027,0.7579714024782183,0.2514444444591347,0.9602442966115149,0.002604066184956126,4.70103660200762,-101.29231174576951,0.05266393468230415,-0.2477431715777863,24.86119602917438,0.9796067896391881,0.0013235370923287758,2.402235807257726,-57.92900491678171,0.05404852380312095,-0.1252003916292186,12.499260591709506,-0.019362493027673233,0.00128052909262735,2.298800794749894,-43.3633068289878,-0.0013845891208167983,-0.12254277994856771,12.361935437464874,True
2025-06-02,342.69000244140625,0.0,0.0433,0.5099123334251162,26.6,O:TSLA250711C00345000,27.55,O:TSLA250711P00345000,0.5803770023189943,0.5880593491210082,0.5842180522300305,0.07430571880491432,0.07198079188604223,0.011700692945457194,92.3778851695616,-233.20859444858115,-0.03392873671951105,0.14669399585661674,-1.5405496174432365,0.5357086593556384,0.005889186633155048,46.19190134919496,-123.27657487697503,0.18065389094015194,0.07343000348715556,-0.7651002494201754,-0.46372786746959616,0.005811506312302145,46.18598382036664,-109.93201957160613,-0.214582627659663,0.07326399236946118,-0.775449368023061,False
2025-06-03,344.2699890136719,0.0,0.0433,0.49480328629689546,27.42,O:TSLA250711C00345000,26.15,O:TSLA250711P00345000,0.590512939903107,0.5829484437912388,0.5867305752992631,0.09192728900236763,0.08882611658344308,0.011777118885153643,90.99456876268455,-239.2563248991816,-0.025544259799656494,0.11354544809247774,-1.453626094514414,0.5446277897899134,0.005850244183123457,45.49453538370973,-127.824424114207,0.17786555911945992,0.0568892569569183,-0.7318335317494002,-0.45580167320647036,0.005926874702030186,45.50003337897482,-111.4319007849746,-0.20340981891911641,0.05665619113555945,-0.7217925627650137,False
2025-06-04,332.04998779296875,0.0,0.0432,0.5122510745019447,21.0,O:TSLA250711C00345000,31.72,O:TSLA250711P00345000,0.5970984633892972,0.5823668367861342,0.5897336200676858,0.07748254556574108,-0.06195523524710611,0.012412285143258085,86.45910728178616,-234.7774294797925,-0.07852739475804862,0.36529667309218494,3.0882114912633685,0.47036747658802014,0.006130258427568907,43.240917182029094,-126.32907853160947,0.14484162306349455,0.1797602828099315,1.4525708646301323,-0.5323227118351262,0.006282026715689178,43.21819009975707,-108.448350948183,-0.22336901782154317,0.18553639028225344,1.6356406266332362,False
2025-06-05,284.70001220703125,0.0,0.0426,0.7457384561821915,8.2,O:TSLA250711C00345000,66.66,O:TSLA250711P00345000,0.7100852942291495,0.6984990878948725,0.7043082987859846,-0.041430157396206924,-0.5264333585717924,0.009582391095171939,56.43714260719887,-183.06115207630518,-0.23187004658337385,0.8262971419768148,54.16206824939924,0.23917666394496873,0.004778418470974036,28.375431716022774,-100.19650863694594,0.06179498324460358,0.4094638419667161,26.54649588885825,-0.7656100225167611,0.004803972624197902,28.061710891176098,-82.86464343935924,-0.29366502982797743,0.4168333000100987,27.615572360540995,False
2025-06-06,295.1400146484375,0.0,0.042800000000000005,0.74879990489927,8.25,O:TSLA250711C00345000,52.61,O:TSLA250711P00345000,0.6367589527340399,0.4899226880743518,0.5668288642883301,-0.18197104061093983,-0.5621249954664193,0.011238113821965018,54.47169534503484,-146.91652783971153,-0.22496585257560694,1.0057250730042024,74.72360652283834,0.2556413536355874,0.005431889797018692,29.88970763396827,-98.80015590415172,0.06666665958011272,0.4329455003164859,26.435758516298996,-0.8177663491020066,0.005806224024946325,24.581987711066567,-48.11637193555981,-0.29163251215571967,0.5727795726877165,48.28784800653934,False
2025-06-09,308.5799865722656,0.0,0.0429,0.7475267622645425,10.65,O:TSLA250711C00345000,47.92,O:TSLA250711P00345000,0.605242098960979,0.6709171349642529,0.6383236535802486,-0.10920310868429395,-0.3462431205268735,0.011889987217436851,68.6727069241052,-223.12823802681754,-0.1575368547456404,0.7320851277452947,31.455875344671675,0.3148932911535602,0.006162452843722371,33.824310334892985,-111.18915508888684,0.08239977862463017,0.3924902208766822,18.016629395794435,-0.6611364116804337,0.005727534373714481,34.84839658921221,-111.93908293793069,-0.23993663337027057,0.3395949068686124,13.439245948877238,False
2025-06-10,326.0899963378906,0.0,0.0429,0.7361155412157954,16.55,O:TSLA250711C00345000,38.82,O:TSLA250711P00345000,0.6037745235131832,0.7251682173221032,0.6646342421770095,-0.07148129903878586,-0.12951656901678205,0.01211641293815717,77.52267468214137,-278.146530222132,-0.08908306836812761,0.43586946540490784,7.185435837069418,0.4221589919298177,0.006579008126717714,38.55116029169874,-132.70883912206682,0.11053856964465249,0.24549772124669084,4.749315846928712,-0.5516755609465998,0.005537404811439456,38.97151439044262,-145.4376911000652,-0.1996216380127801,0.190371744158217,2.4361199901407065,False
2025-06-11,326.42999267578125,0.0,0.043,0.7148579907242568,16.15,O:TSLA250711C00345000,35.45,O:TSLA250711P00345000,0.6034559577574028,0.6569234581188913,0.630228376697004,-0.08462961402725278,-0.14626979212511004,0.012925941927683423,75.64964625264642,-268.80153250851254,-0.08673137451531467,0.46239524623165584,8.26561080076981,0.4206993417353928,0.006718438924818138,37.71518161704362,-135.56027522683155,0.10579108836946767,0.24520455963814222,4.732460477322695,-0.5669691338605028,0.006207503002865285,37.93446463560281,-133.24125728168102,-0.19252246288478234,0.2171906865935136,3.533150323447115,False
2025-06-12,319.1099853515625,0.0,0.0418,0.7019844840849186,12.85,O:TSLA250711C00345000,31.14,O:TSLA250711P00345000,0.606968767596753,0.41499835673934105,0.5133023378103971,-0.1886821462745215,-0.3452182396276641,0.015649630890067427,66.09143320244134,-198.10669965715266,-0.12846048949223005,0.87821863797739,38.89634751829537,0.3677858485745628,0.006739486042116704,34.7130412703848,-130.7870821927218,0.08709511395928393,0.318451436993972,9.907270889311375,-0.7130040882022269,0.008910144847950724,31.378391932056534,-67.31961746443083,-0.21555560345151398,0.559767200983418,28.989076628983998,False
2025-06-13,325.30999755859375,0.0,0.042300000000000004,0.7052575307063867,15.8,O:TSLA250711C00345000,34.55,O:TSLA250711P00345000,0.6375065971643524,0.6435625684187011,0.6405352031439542,-0.06472232756243257,-0.171666650585162,0.013276491104607522,71.42352786206669,-283.72872115753546,-0.08428164895456432,0.48340161255846953,9.606950457221167,0.413434830423465,0.006666923037161437,35.69722040620629,-148.39122176861656,0.09420197117118652,0.2433685660056326,4.878219234135092,-0.585101481008627,0.006609568067446086,35.72630745586039,-135.33749938891887,-0.17848362012575084,0.24003304655283694,4.728731223086076,False
2025-06-16,329.1300048828125,0.0,0.0424,0.7021246910803293,15.42,O:TSLA250711C00345000,31.31,O:TSLA250711P00345000,0.5981386090808042,0.6297215713987698,0.6139424304664135,-0.08818226061391576,-0.13991291963314256,0.014167183587939482,70.9938106856217,-285.11670930377477,-0.06995282771898689,0.4416628006346761,7.049010342476768,0.4265594704979492,0.007254727041291524,35.44140464159324,-145.88087369483702,0.09422606712492851,0.22906741307916292,3.8327318578192613,-0.5664723901310917,0.006912456546647959,35.55240604402846,-139.23583560893772,-0.1641788948439154,0.2125953875555132,3.216278484657507,False
2025-06-17,316.3500061035156,0.0,0.042300000000000004,0.710742616401157,10.4,O:TSLA250711C00345000,37.33,O:TSLA250711P00345000,0.6099605686603956,0.5877501520289016,0.5988828480854633,-0.11185976831569366,-0.34217766101369773,0.014288832495627663,61.152872953695564,-249.77776084987113,-0.11141278939297856,0.7286156248094084,27.305785289615997,0.33295525062650055,0.007047307525673642,30.727883151254815,-135.2151352972088,0.06780742540563643,0.3543952761034313,12.937237960241026,-0.6751329116401983,0.007241524969954022,30.424989802440752,-114.56262555266234,-0.179220214798615,0.3742203487059771,14.36854732937497,False
2025-06-18,322.04998779296875,0.0,0.042,0.7141500067951392,12.15,O:TSLA250711C00345000,32.2,O:TSLA250711P00345000,0.6199622167982445,0.5585500132264971,0.5894005808666349,-0.12474942592850424,-0.27800200026575766,0.015223520604751243,62.62488177496171,-268.02119359775105,-0.09031623783587849,0.6491185629863587,19.438697848072554,0.3709293672393417,0.007286801841928796,31.60800872803548,-149.74617258939543,0.07239018131965165,0.2989162121000425,8.23590218166386,-0.6489313675050994,0.007936718762822448,31.01687304692623,-118.27502100835562,-0.16270641915553014,0.3502023508863163,11.202795666408694,False
2025-06-20,322.1600036621094,0.0,0.042,0.7082748146878649,10.55,O:TSLA250711C00345000,32.6,O:TSLA250711P00345000,0.6055659917351407,0.6080068676095263,0.6067866546213627,-0.10148816006650219,-0.2899419078991414,0.015612575122955975,58.52520513667952,-292.56813267107816,-0.08128433697058712,0.6378883764836891,18.64015051585077,0.35463979651994304,0.007818954151488528,29.25122815707852,-153.1492433447768,0.0617266417533301,0.31992051235300695,9.374814610785922,-0.6445817044190845,0.0077936209714674475,29.273976979601002,-139.41888932630133,-0.14301097872391721,0.3179678641306822,9.265335905064847,False
2025-06-23,348.67999267578125,0.0,0.042,0.7651937371226093,21.09,O:TSLA250711C00345000,16.7,O:TSLA250711P00345000,0.576417832362593,0.5793249075990808,0.5778713838815692,-0.18732235324104007,0.12958586734299704,0.016578379446961083,64.70711984410428,-336.8420852488525,0.004107777375578339,-0.03668897179356978,0.4918922000597735,0.5648195968863898,0.008309948190768864,32.3532024486709,-175.2264197310895,0.09769516272526896,-0.01866996031027623,0.2504118435149831,-0.4352337295433928,0.008268431256192218,32.353917395433385,-161.61566551776306,-0.09358738534969062,-0.018019011483293546,0.24148035654479047,False
2025-06-24,340.4700012207031,0.0,0.0421,0.7703408851632019,15.7,O:TSLA250711C00345000,19.15,O:TSLA250711P00345000,0.5653494473696161,0.5546000820719164,0.5599748516708614,-0.2103660334923405,-0.01855760207786694,0.01842227565261236,61.68397862776777,-333.05349135257546,-0.021237618588387325,0.2143298303141305,0.38579096830774096,0.4912971157218363,0.009123037946128952,30.84302524549348,-175.38679338926613,0.07819186843904921,0.10598092499327716,0.17879919415145612,-0.5098547177997033,0.009299237706483407,30.840953382274297,-157.66669796330933,-0.09942948702743654,0.10834890532085333,0.20699177415628484,False
2025-06-25,327.54998779296875,0.0,0.0421,0.7380861102468009,9.3,O:TSLA250711C00345000,26.38,O:TSLA250711P00345000,0.5588388751627125,0.5707767820429394,0.5648128975868225,-0.17327321265997842,-0.26860575532117326,0.018634565208312144,53.76691432668855,-313.6632693097646,-0.05888657708408165,0.6214322469783174,15.251359476816834,0.3638427609643119,0.009399981122245757,26.8379581711042,-162.1057994675528,0.05232223424400972,0.3158897975146181,7.862121005244166,-0.6324485162854852,0.009234584086066389,26.928956155584352,-151.5574698422118,-0.11120881132809136,0.30554244946369935,7.389238471572667,False
2025-06-26,325.7799987792969,0.0,0.041100000000000005,0.7366505236207403,7.4,O:TSLA250711C00345000,25.62,O:TSLA250711P00345000,0.5335056075493684,0.5179497598136292,0.5257422184288502,-0.2109083051918902,-0.3478055750427562,0.02014663556259106,49.06065092656064,-289.4441030051853,-0.06387337690243966,0.7687944845530872,23.59564084121228,0.3290861973389264,0.00996193591648153,24.622021786861428,-154.5689353692271,0.04356772661273601,0.37557539847750443,11.310189966600227,-0.6768917723816826,0.01018469964610953,24.438629139699216,-134.87516763595823,-0.10744110351517568,0.3932190860755828,12.285450874612055,False
2025-06-27,323.6300048828125,0.0,0.04190000000000001,0.7361397736743719,6.05,O:TSLA250711C00345000,27.0,O:TSLA250711P00345000,0.5304807887110924,0.537342580490999,0.5339154542893172,-0.2022243193850547,-0.40556440475490696,0.020117568921142286,44.64060867856433,-293.4301262755088,-0.06519952789330359,0.8284880575111799,28.439658085808666,0.2957966347734542,0.010101439125654784,22.271523710359673,-152.6216909625533,0.03558677236351569,0.41821926083886574,14.46589883152405,-0.7013610395283612,0.010016129795487503,22.369084968204653,-140.80843531295554,-0.10078630025681928,0.4102687966723142,13.973759254284618,False
2025-06-30,317.6600036621094,0.0,0.042800000000000005,0.7301193584046998,3.55,O:TSLA250711C00345000,30.83,O:TSLA250711P00345000,0.5093011792545672,0.5355597657537453,0.5225412514328958,-0.207578106971804,-0.5597280345486928,0.01888804379325233,35.55433094472993,-251.07425069561512,-0.07577971768018713,0.9874004737083083,45.79562995882917,0.21365616344899008,0.009521900772505695,17.47693918238388,-127.36725705088216,0.02297143487987052,0.5087690074713259,24.244589561662206,-0.7733841979976829,0.009366143020746634,18.077391762346043,-123.70699364473296,-0.09875115256005765,0.4786314662369824,21.551040397166958,True
2025-07-01,300.7099914550781,0.0,0.0432,0.7512439068885313,23.0,O:TSLA250801C00300000,21.0,O:TSLA250801P00300000,0.610957684199808,0.6079127440087845,0.6094352035894992,-0.14180870329903206,0.10051513086100927,0.01429681200606972,71.9096264989463,-239.48566926348468,-0.012571595425660137,0.07507592807156274,-0.8615067359660625,0.5503147162843955,0.007130417715654893,35.954157437671896,-126.49340405331017,0.130045955298577,0.03764842322845961,-0.4325133452480027,-0.4497995854233863,0.007166394290414827,35.95546906127441,-112.99226521017452,-0.14261755072423712,0.037427504843103136,-0.4289933907180598,False
2025-07-02,315.6499938964844,0.0,0.0433,0.7758506327260429,30.5,O:TSLA250801C00300000,14.15,O:TSLA250801P00300000,0.5821567910681863,0.5947374327297426,0.5884501727238298,-0.1874004600022131,0.31171446367392,0.013415604752858832,68.66039494476487,-233.72853254735924,0.04691820270772269,-0.2844707225650429,10.645674669221059,0.6567516825191083,0.0067729682950492635,34.296730532965874,-122.00675315313856,0.1543524055845465,-0.14629982632107183,5.50714892276822,-0.34503721884518834,0.006642636457809569,34.363664411799,-111.72177939422069,-0.1074342028768238,-0.13817089624397108,5.1385257464528395,False
2025-07-03,315.3500061035156,0.0,0.0435,0.7663852924433329,29.45,O:TSLA250801C00300000,13.05,O:TSLA250801P00300000,0.5711992019305199,0.5722621546626078,0.5717307137861849,-0.19465457865714797,0.315869501827283,0.0141125640151438,66.86541192969693,-231.8583244463129,0.04759120777429009,-0.3106310500853833,11.504402381975762,0.65801729727311,0.007062196233138796,33.42964881631848,-122.3153578521333,0.1483797989260784,-0.155688635919828,5.76919749196868,-0.34214779544582696,0.007050367782005005,33.43576311337845,-109.54296659417962,-0.1007885911517883,-0.15494241416555524,5.735204890007082,False
2025-07-07,293.94000244140625,0.0,0.0437,0.6147467697956109,17.25,O:TSLA250801C00300000,22.15,O:TSLA250801P00300000,0.6067623272943727,0.6013830890274553,0.6040727226272224,-0.01067404716838849,-0.016142359262241446,0.01636195366145711,64.38522874017134,-255.99527176396322,-0.03328384195627429,0.24576635619049622,0.40142265142085437,0.4922593221543075,0.008144688382329974,32.19315408654246,-135.10789841293993,0.09608926272861112,0.12227862121156338,0.1915058023497783,-0.508401681416549,0.008217265279127134,32.192074653628886,-120.88737335102329,-0.12937310468488541,0.12348773497893284,0.20991684907107608,False
2025-07-08,297.80999755859375,0.0,0.0436,0.6028675340663171,18.2,O:TSLA250801C00300000,19.4,O:TSLA250801P00300000,0.5921287672758843,0.5903258402177368,0.5912273122832179,-0.011640221783099203,0.041747540273172956,0.016932313947770564,63.41913141349355,-261.36856272607724,-0.017976546523707032,0.14240463585856872,-0.5933179450215711,0.5209379563542257,0.008453176948076055,31.709298279177737,-137.4025210824667,0.09781466536430018,0.07114693573659214,-0.2973412796158479,-0.47919041608105273,0.00847913699969451,31.709833134315815,-123.96604164361051,-0.11579121188800721,0.07125770012197657,-0.29597666540572326,False
2025-07-09,295.8800048828125,0.0,0.0436,0.5798872427764173,15.95,O:TSLA250801C00300000,18.85,O:TSLA250801P00300000,0.5689293886039094,0.5578749751678314,0.5634021857887508,-0.016485056987666558,-0.00099003723468305,0.0184298895553595,61.316743198125025,-254.51667913224838,-0.023673803482981995,0.2090126988345325,0.020160803776766614,0.5000825539323006,0.009124558938429101,30.65842667451601,-135.03538631079076,0.08905735255905053,0.10347266728561674,-0.0016454820686142614,-0.5010725911669837,0.0093053306169304,30.65831652360901,-119.48129282145764,-0.11273115604203253,0.10554003154891577,0.021806285845380875,False
2025-07-10,309.8699951171875,0.0,0.0436,0.5681436541878832,23.4,O:TSLA250801C00300000,12.6,O:TSLA250801P00300000,0.5733244071707271,0.569926890442722,0.5716257850557567,0.003482130867873523,0.24798015362409254,0.017006398767655594,59.26508762886384,-268.5656949784277,0.025931180312807195,-0.22831681886217176,5.63298642351707,0.6237961538400132,0.008479302441673277,29.63732817840328,-141.2179064189595,0.10787029279018032,-0.11321414587551674,2.788642280958682,-0.37581600021592065,0.008527096325982317,29.627759450460555,-127.34778855946819,-0.08193911247737312,-0.11510267298665501,2.844344142558388,False
2025-07-11,313.510009765625,0.0,0.0437,0.5701566817678734,25.05,O:TSLA250801C00300000,10.85,O:TSLA250801P00300000,0.5691872225150114,0.5723652182697971,0.5707764613360167,0.0006197795681432972,0.31424807172477653,0.016839467660034364,56.23216004967974,-272.3429448274976,0.03727375954479974,-0.34180961301169405,10.578912786008036,0.6573955985352307,0.008440656855809787,28.107675340181924,-142.29953852172534,0.10776791697420181,-0.1720549497952358,5.334710034724524,-0.34314752681045413,0.008398810804224577,28.124484709497818,-130.04340630577224,-0.07049415742940207,-0.16975466321645824,5.244202751283513,False
2025-07-14,316.8999938964844,0.0,0.0437,0.5660992533684821,26.65,O:TSLA250801C00300000,8.73,O:TSLA250801P00300000,0.5648305306466149,0.5537050287853934,0.5592728632658721,-0.006826390102609992,0.38300385149844796,0.016856028972044843,52.59106567589492,-268.47515471504056,0.04777439900121566,-0.46375050846275157,17.326443125984945,0.6902123025868753,0.008359624551756244,26.343707328893935,-142.311392302652,0.1067101524872551,-0.2268623941263311,8.41251671513621,-0.3072084510884273,0.008496404420288596,26.247358347000983,-126.16376241238858,-0.05893575348603944,-0.23688811433642049,8.913926410848735,False
2025-07-15,310.7799987792969,0.0,0.0436,0.5653974060528558,22.4,O:TSLA250801C00300000,10.7,O:TSLA250801P00300000,0.5802720163570638,0.5709760614589839,0.5756255037590863,0.010228097706230455,0.27562195730356676,0.018454520348359434,52.925444651283286,-297.5707132029379,0.027113146436767793,-0.28905109010220886,7.195214195717163,0.6371393310719524,0.009158581818545843,26.479439596228932,-156.58160327769966,0.09059254313199143,-0.14159546601387446,3.5064007204519765,-0.36151737376838566,0.00929593852981359,26.446005055054357,-140.98910992523827,-0.06347939669522364,-0.14745562408833437,3.688813475265187,False
2025-07-16,321.6700134277344,0.0,0.0436,0.5786283479983567,29.12,O:TSLA250801C00300000,6.7,O:TSLA250801P00300000,0.5735698894947967,0.5679739082221135,0.5707741368710995,-0.00785421112725726,0.4771193477568273,0.016238317053156946,45.66657626451189,-278.81650250561813,0.05602618428550725,-0.5862979840478415,26.295252209672256,0.7377394743853558,0.008092437137743875,22.87007234276572,-146.81166696211287,0.09913746030081202,-0.2903992160452356,12.972419340233502,-0.2606201266285285,0.008145879915413073,22.796503921746172,-132.00483554350527,-0.043111276015304775,-0.29589876800260595,13.322832869438754,False
2025-07-17,319.4100036621094,0.0,0.0436,0.5614572084892407,26.85,O:TSLA250801C00300000,6.89,O:TSLA250801P00300000,0.5727738736798529,0.5736914242536042,0.5732327055335047,0.01177549704426395,0.4509900856907527,0.017429642649205983,44.4947094114077,-296.96717840683993,0.04815151564058096,-0.5577043698160432,22.302476529408516,0.7256229732091439,0.008719792037203727,22.242238803659625,-154.86287801629555,0.08944974610438397,-0.2792901527914086,11.175893478220322,-0.2746328875183912,0.008709850612002256,22.252470607748077,-142.1043003905444,-0.04129823046380301,-0.2784142170246346,11.126583051188195,False
2025-07-18,329.6499938964844,0.0,0.0435,0.5692362306654045,34.4,O:TSLA250801C00300000,4.35,O:TSLA250801P00300000,0.5858630661604739,0.5924431275628008,0.5891592239260675,0.019922993260662936,0.6192245811697699,0.014045845178731007,35.68429431970827,-272.0956698297323,0.06562594420760624,-0.7001853831555858,40.30171262452059,0.8107640819877355,0.007036047583858522,17.775854686269984,-141.34890509805206,0.09240808518997849,-0.35300423025555167,20.415891140735912,-0.19153950081796567,0.007009797594872485,17.90843963343829,-130.74676473168026,-0.026782140982372245,-0.34718115290003415,19.885821483784675,False
2025-07-21,328.489990234375,0.0,0.0435,0.569529974536547,33.31,O:TSLA250801C00300000,4.3,O:TSLA250801P00300000,0.6108976009199121,0.6077268787199991,0.609313586392999,0.03978361185645207,0.6096327313852815,0.014586347256333104,34.25087243883497,-299.24912379417685,0.05808866070689518,-0.6735182491984568,35.91416823616005,0.8042824835140431,0.0072863212125502735,17.15390425287332,-156.75356577711415,0.0824602661268596,-0.33543086515341536,17.845799212270894,-0.19464975212876157,0.00730002604378283,17.096968185961646,-142.4955580170627,-0.024371605419964415,-0.33808738404504146,18.06836902388916,False
2025-07-22,332.1099853515625,0.0,0.0437,0.48550728028460866,36.38,O:TSLA250801C00300000,3.6,O:TSLA250801P00300000,0.6580090551013498,0.6411302720528649,0.649612953865528,0.16410567358091932,0.6571398436166006,0.013237581465204267,30.107333680389697,-315.850922119894,0.05659133455156738,-0.6524070530672097,36.62757874702514,0.8258171605199293,0.006600729685478159,15.208176042693095,-168.00755024190468,0.07551813494709289,-0.3204865502127517,17.78402439063919,-0.16867731690332866,0.006636851779726108,14.899157637696602,-147.84337187798928,-0.018926800395525505,-0.331920502854458,18.843554356385948,False
2025-07-23,332.55999755859375,0.0,0.0437,0.47883972515840245,36.68,O:TSLA250801C00300000,3.45,O:TSLA250801P00300000,0.701250238858548,0.6792264081056876,0.690310162448883,0.21147043729048054,0.6648967660132113,0.013105581123788124,27.7889910271714,-353.23956650596045,0.05027446302279737,-0.6166971984269415,32.959780051738555,0.8290531950181299,0.006533791801417079,14.075888878501482,-188.1185757634581,0.0663972023642149,-0.3018689827701727,15.902212851197646,-0.16415642900491856,0.0065717893223710445,13.713102148669915,-165.12099074250236,-0.01612273934141753,-0.3148282156567688,17.05756720054091,False
2025-07-24,305.29998779296875,0.0,0.0437,0.5451213477232283,11.7,O:TSLA250801C00300000,6.1,O:TSLA250801P00300000,0.46219112124821965,0.46285639505438897,0.4625237460762262,-0.08259760164700208,0.23249620053478615,0.03505294811656863,35.980125142812156,-351.79894219074976,0.012662163615519483,-0.37034225273780563,5.157881278915619,0.6163096949489398,0.017538242969864056,17.989204722297526,-182.31473798067066,0.042014129129666566,-0.18547101658780674,2.5845242883774984,-0.3838134944141537,0.017514705146704578,17.99092042051463,-169.4842042100791,-0.029351965514147083,-0.18487123614999887,2.573356990538121,False
2025-07-25,316.05999755859375,0.0,0.0437,0.5615324893718642,18.45,O:TSLA250801C00300000,2.06,O:TSLA250801P00300000,0.44440967985309116,0.4385865896370733,0.4415050998717547,-0.1200273895001095,0.6231024203821154,0.027473112991240396,24.040311783715303,-275.1849067997015,0.03500550584617657,-1.004729994115281,39.52780508111254,0.8100885849027819,0.013711721939512518,12.07769438200563,-145.64213045298055,0.047140197652107654,-0.4978930660302819,19.466821286929946,-0.18698616452066652,0.01376139105172788,11.962617401709675,-129.54277634672093,-0.012134691805931084,-0.5068369280849991,20.060983794182594,False
2025-07-28,325.5899963378906,0.0,0.044000000000000004,0.5716540782163151,26.2,O:TSLA250801C00300000,0.6,O:TSLA250801P00300000,0.41538323422907125,0.4548895414053863,0.4361495923042297,-0.13550448591208536,0.8747058468064799,0.013738272082788335,10.08551090628588,-150.23799960046793,0.04095166245372273,-0.8326653487133239,52.45267155389068,0.9456040353934806,0.006471820228409068,4.523524687281961,-71.58226934814196,0.04471098641600919,-0.4118383404926788,27.0917010507141,-0.0708981885870007,0.007266451854379266,5.561986219003919,-78.65573025232597,-0.0037593239622864556,-0.42082700822064506,25.36097050317658,False
2025-07-29,321.20001220703125,0.0,0.044000000000000004,0.5696906148171909,22.05,O:TSLA250801C00300000,0.62,O:TSLA250801P00300000,0.4754863511347549,0.4621479651980713,0.46890285263061526,-0.10078776218657559,0.8295372918542826,0.018974123175276192,10.927181451153256,-225.96467783674964,0.029021117651164663,-0.8774744720850146,42.16136330839406,0.9118419478628267,0.009596283945009193,5.6041914733514435,-123.83477566893876,0.03224210056957417,-0.4373048891292781,20.723179735304026,-0.08230465600854409,0.009377839230266999,5.322989977801812,-102.12990216781088,-0.003220982918409506,-0.4401695829557365,21.43818357309003,False
2025-07-30,319.0400085449219,0.0,0.0441,0.5333709545303459,19.5,O:TSLA250801C00300000,0.41,O:TSLA250801P00300000,0.4577236714293049,0.47296947389109606,0.4654855315923691,-0.06788542293797678,0.8698320094017109,0.01918043708436417,7.212701387969162,-222.94020852923543,0.02044454061207686,-0.8024239517594596,34.52490159010192,0.9379756838038353,0.00939717310844853,3.4747242996630074,-112.53625757447001,0.02220252144251624,-0.3998927173095986,17.48073486653681,-0.06814367440212443,0.00978326397591564,3.7379770883061543,-110.40395095476542,-0.0017579808304393793,-0.402531234449861,17.044166723565105,False
2025-07-31,308.2699890136719,0.0,0.0449,0.51962788075954,9.8,O:TSLA250801C00300000,0.9,O:TSLA250801P00300000,0.582996187846738,0.4771288784964132,0.5318453096747398,0.012217428915199724,0.6001697455689395,0.054377244983158546,10.834953533425823,-736.4081024087509,0.006917234955272839,-0.8595290770196833,14.281956738845281,0.7774684033131528,0.02632536874436656,5.787648285134763,-435.4674586497781,0.009121832386818357,-0.3716272406472899,5.5111844117202216,-0.17729865774421327,0.028051876238791983,5.04730524829106,-300.9406437589728,-0.002204597431545518,-0.4879018363723933,8.770772327125059,True
2025-08-01,302.6300048828125,0.0,0.0449,0.5233896248534982,17.5,O:TSLA250905C00305000,18.52,O:TSLA250905P00305000,0.4730639244093406,0.4732104639683752,0.473137193286419,-0.05025243156707915,0.041516167824315886,0.01766781425218719,75.9509729999566,-180.060387803492,-0.023269803500591935,0.16330239733051047,-0.8103032451123879,0.5207521013469008,0.00883528204580044,37.975516185348646,-96.83310243198541,0.13898334421959815,0.08165711889446435,-0.4050641267173629,-0.47923593352258487,0.00883253220638675,37.97545681460796,-83.22728537150658,-0.1622531477201901,0.08164527843604612,-0.405239118395025,False
2025-08-04,309.260009765625,0.0,0.044800000000000006,0.4663275052733294,19.9,O:TSLA250905C00305000,14.21,O:TSLA250905P00305000,0.4502773759301894,0.4467556178078509,0.44851655028611426,-0.017810954987215133,0.15871091070246035,0.018269722560856606,74.63834380727766,-176.42259575980395,0.014259940755956269,-0.10781504356422897,2.060528328279877,0.5792605368476862,0.009099441770173236,37.320985920695115,-95.35922388321481,0.15165916122129197,-0.05301311192460637,1.0119219221357887,-0.42054962614522584,0.009170280790683369,37.317357886582556,-81.06337187658914,-0.1373992204653357,-0.0548019316396226,1.0486064061440885,False
2025-08-05,308.7200012207031,0.0,0.0449,0.4650016137414254,19.0,O:TSLA250905C00305000,13.75,O:TSLA250905P00305000,0.44459294121322607,0.4368601543408608,0.4407267319336535,-0.024274881807771875,0.1494448362400722,0.019070719876088563,73.1071832319165,-177.11228009952353,0.012217937722565325,-0.09831964748299044,1.7278901424385813,0.5745324106985357,0.00945257931898843,36.556930514576806,-96.14871498406069,0.14454372500953436,-0.04726319289920826,0.8283937539368861,-0.42508757445846346,0.00961814055710013,36.55025271733969,-80.96356511546284,-0.13232578728696903,-0.05105645458378217,0.8994963885016952,False
2025-08-06,319.9100036621094,0.0,0.044800000000000006,0.4789291528228706,24.67,O:TSLA250905C00305000,9.2,O:TSLA250905P00305000,0.41629274264625116,0.434998598145793,0.42566259002536533,-0.053266562797505246,0.36426258110210197,0.01773357127087478,67.41352273742937,-168.05623383585555,0.07216457779345994,-0.5835093602263046,26.146316929598008,0.6848574948121112,0.009029524174634927,33.58470102061303,-88.7835252512938,0.169734158762462,-0.3058300159621869,13.91419481135868,-0.32059491371000925,0.008704047096239854,33.82882171681634,-79.27270858456176,-0.09756958096900206,-0.27767934426411767,12.23212211823933,False
2025-08-07,322.2699890136719,0.0,0.0449,0.45165651963955855,26.55,O:TSLA250905C00305000,8.2,O:TSLA250905P00305000,0.4345788505515369,0.4364109814535018,0.43549513622671365,-0.0161613834128449,0.40439727607670817,0.01710658120562609,64.47677200945225,-172.7673209510353,0.07964592143199961,-0.6445683763664434,31.82576459215565,0.7024938691304975,0.008567415014668553,32.22380898415012,-92.99565206010539,0.16653557623904772,-0.32370473591952287,16.008565628619632,-0.2980965930537893,0.008539166190957539,32.25296302530213,-79.77166889092989,-0.0868896548070481,-0.3208636404469205,15.817198963536018,False
2025-08-08,329.6499938964844,0.0,0.044800000000000006,0.4564418428408496,30.17,O:TSLA250905C00305000,5.9,O:TSLA250905P00305000,0.38250561626355,0.4353679754583617,0.4093601341336966,-0.047081708707153,0.5559481290230147,0.01569431279297186,55.23586950272622,-149.1950456041758,0.1168240455073006,-0.9509492486509026,68.05424531031584,0.7904871621429714,0.008102093752637821,26.728259518621265,-74.73192023685111,0.18286832394895222,-0.5269661031905146,39.54781021061359,-0.23453903311995672,0.007592219040334039,28.50760998410495,-74.46312536732466,-0.06604427844165162,-0.4239831454603879,28.506435099702248,False
2025-08-11,339.0299987792969,0.0,0.0446,0.4647116548754233,39.0,O:TSLA250905C00305000,3.85,O:TSLA250905P00305000,0.4433733820271533,0.43926622448222546,0.4413236724048853,-0.023387982470538027,0.66357039317984,0.012235696185793763,46.79609424669145,-145.08061298255151,0.13731290167480303,-0.9568891214916154,85.62964094631779,0.8308026813966449,0.006112368360489524,23.485967306270215,-79.87793105616879,0.1829632384577413,-0.4754685572700403,42.37440333437824,-0.16723228821680491,0.0061233278253042395,23.31012694042124,-65.20268192638272,-0.045650336782938256,-0.48142056422157514,43.25523761193955,False
2025-08-12,340.8399963378906,0.0,0.0444,0.4566214026517229,40.35,O:TSLA250905C00305000,3.15,O:TSLA250905P00305000,0.4502128542730852,0.43179998655554597,0.44109641125798227,-0.01552499139374064,0.6963794437229709,0.011699074657263258,42.811220118809686,-140.82125691794164,0.13846711932022834,-0.970913433962572,91.04040172307222,0.8437206887241888,0.005841867687157067,21.824418212371064,-79.75617010028756,0.17658839746782504,-0.47337506607228097,43.54681995502806,-0.14734124500121792,0.005857206970106191,20.986801906438618,-61.06508681765409,-0.0381212781475967,-0.49753836789029104,47.493581768044166,False
2025-08-13,339.3800048828125,0.0,0.0444,0.44348751910534007,38.69,O:TSLA250905C00305000,3.42,O:TSLA250905P00305000,0.4450951641704338,0.4461422073898567,0.4456189557626844,0.002131436657344332,0.685860513560565,0.012239236575865044,42.37781344390964,-148.43168503331924,0.12861804982138567,-0.9610841369053391,85.27436499617696,0.8431818308598774,0.006120361029703663,21.16658528420097,-80.81493415389433,0.166943409359663,-0.4812382912168305,42.74328756119501,-0.15732131729931242,0.006118875546161382,21.211228159708668,-67.61675087942493,-0.03832535953827734,-0.47984584568850863,42.53107743498194,False
2025-08-14,335.5799865722656,0.0,0.044800000000000006,0.44499056355938765,34.18,O:TSLA250905C00305000,3.6,O:TSLA250905P00305000,0.396443585369263,0.43832063097954516,0.4178406165748835,-0.027149946984504125,0.6775948328970492,0.013846344002335002,41.30903384315278,-144.5718705164876,0.12038556503176402,-1.03692920201174,87.0909083352237,0.849646266473976,0.006966208212545006,19.7464664930722,-72.89063866695369,0.15932970329810314,-0.5507754090385931,48.19877743384364,-0.17205143357692676,0.006880135789789996,21.56256735008058,-71.6812318495339,-0.03894413826633912,-0.48615379297314687,38.89213090138007,False
2025-08-15,330.55999755859375,0.0,0.044800000000000006,0.43525433715743256,28.65,O:TSLA250905C00305000,4.14,O:TSLA250905P00305000,0.34516147828462507,0.43404850974168924,0.39154701445251705,-0.04370732270491551,0.6473674417206281,0.016458307299949376,41.5861952737996,-145.59958685875318,0.10785939283016904,-1.1168029683742065,85.40923468058986,0.8483603205255339,0.008436787386511501,18.940469343264844,-66.19509389215912,0.14987141992960024,-0.6431372159356352,53.3942621724688,-0.2009928788049058,0.008021519913437877,22.64572593053476,-79.40449296659408,-0.0420120270994312,-0.47366575243857134,32.014972508121055,False
2025-08-18,335.1600036621094,0.0,0.0447,0.4375114781405168,33.49,O:TSLA250905C00305000,2.56,O:TSLA250905P00305000,0.4106349138103161,0.4098911101858127,0.4102631589531899,-0.027248319187326897,0.7059021247074229,0.014198194402895164,36.35191967393159,-143.18888783127463,0.11141119927890608,-1.0683229618769206,88.54553903566998,0.8527524067361256,0.007099092775750178,18.192424942121125,-78.51264057245248,0.1401769443136403,-0.533627772732543,44.192100262073254,-0.14685028202870276,0.007099101627144986,18.15949473181046,-64.67624725882214,-0.028765745034734218,-0.5346951891443774,44.353438773596714,False
2025-08-19,329.30999755859375,0.0,0.0446,0.44084800523166173,29.4,O:TSLA250905C00305000,3.65,O:TSLA250905P00305000,0.4645983790787899,0.42967394474275517,0.4473417120754719,0.006493706843810176,0.5931244944465504,0.01691736646286815,42.292429396514216,-190.6923307141023,0.08371165617602233,-0.9220371462344816,57.34003707279843,0.7885215679313746,0.008327777421517489,21.645092314147547,-107.73846402857902,0.11878906598948147,-0.43338753481566894,25.974604002078816,-0.19539707348482427,0.008589589041350659,20.64733708236667,-82.95386668552328,-0.03507740981345914,-0.4886496114188127,31.365433070719615,False
2025-08-20,323.8999938964844,0.0,0.044500000000000005,0.4446002383664135,23.85,O:TSLA250905C00305000,4.5,O:TSLA250905P00305000,0.4222097609067866,0.43116811715766135,0.4266993907809258,-0.01790084758548771,0.5254432717947948,0.020488365369191925,43.671157809720896,-201.9785175737367,0.06754336787013508,-0.9007861124961513,45.536606023234604,0.7647387752931587,0.010303893083795127,21.733626434070594,-106.31084218076558,0.10659470697612372,-0.45845349299935817,23.383564180211742,-0.23929550349836393,0.010184472285396798,21.937531375650302,-95.66767539297112,-0.03905133910598864,-0.4423326194967931,22.153041843022862,False
2025-08-21,320.1099853515625,0.0,0.0449,0.32991335987832415,22.2,O:TSLA250905C00305000,5.25,O:TSLA250905P00305000,0.49396772841213465,0.4393091375905045,0.4668502309054138,0.13693687102708962,0.42885850109249135,0.021824325742405865,45.43764300353088,-248.02300204057593,0.047942491013044194,-0.6867737734289918,26.167136654323485,0.7050952046928067,0.01044249188594346,23.07242860027287,-139.68536701368362,0.08883286397231686,-0.3044350864704236,10.976628838897865,-0.2762367036003154,0.011381833856462405,22.365214403258015,-108.3376350268923,-0.04089037295927267,-0.3823386869585682,15.190507815425619,False
2025-08-22,340.010009765625,0.0,0.0447,0.37590633075774105,35.8,O:TSLA250905C00305000,1.62,O:TSLA250905P00305000,0.30139014356667265,0.4587552964264008,0.39647097616791727,0.02056464541017622,0.8643284452394381,0.009252428450646548,17.014442197566662,-100.4784722022446,0.10176996948673372,-0.8778117319938921,91.95663264324861,0.9692206844669826,0.0034047454371790627,4.707567506595519,-31.007451655211803,0.11656537078994625,-0.4172691023081505,52.83530178609334,-0.10489223922754454,0.005847683013467485,12.306874690971144,-69.4710205470328,-0.014795401303212519,-0.4605426296857416,39.121330857155264,False
2025-08-25,346.6000061035156,0.0,0.044500000000000005,0.3677945853445949,44.22,O:TSLA250905C00305000,1.0,O:TSLA250905P00305000,0.5849660050801656,0.47805642560639483,0.5359374407589436,0.16814285541434865,0.8202450540203622,0.009183023444691591,21.0867046155835,-170.2087913334148,0.08538462168922807,-0.7472281088605499,66.42409835307961,0.8899470887962628,0.004909188084625134,12.320813968545702,-112.66008972640755,0.09436988086021186,-0.35876172877758733,28.815989561916968,-0.06970203477590065,0.004273835360066457,8.765890647037796,-57.54870160700726,-0.008985259170983792,-0.38846638008296264,37.60810879116264,False
2025-08-26,351.6700134277344,0.0,0.044199999999999996,0.3642156408951898,47.86,O:TSLA250905C00305000,0.72,O:TSLA250905P00305000,0.516277320244142,0.5100058350236072,0.5131651943802835,0.1489495534850937,0.8944122556304571,0.006698242939742494,13.49528566700112,-120.83403375021894,0.08443110157063272,-0.6408430290791607,64.98544539141207,0.9462013019246697,0.0033792322476197826,6.849536911124759,-68.28826944712497,0.0904414681121233,-0.321227065443528,32.3870672294331,-0.05178904629421255,0.003319010692122712,6.64574875587636,-52.54576430309397,-0.006010366541490572,-0.31961596363563266,32.59837816197898,False
2025-08-27,349.6000061035156,0.0,0.044199999999999996,0.3638760645853991,46.05,O:TSLA250905C00305000,0.59,O:TSLA250905P00305000,0.5775764711083232,0.5057722698629309,0.5444204264700413,0.18054436188464218,0.883490115145266,0.007297593493813112,13.499189257759788,-144.55463023376564,0.07284115267977243,-0.6283014546036225,57.67263707706661,0.9303830760649842,0.003972906256681838,7.7903715822617245,-93.3328031528302,0.07755886918636837,-0.3200061023017408,27.57045074672863,-0.046892960919718174,0.0033246872371312736,5.708817675498064,-51.221827080935434,-0.0047177165065959425,-0.3082953523018817,30.102186330337982,False
2025-08-28,345.9800109863281,0.0,0.044199999999999996,0.3396345623378921,41.8,O:TSLA250905C00305000,0.33,O:TSLA250905P00305000,0.4959974786965228,0.45840282225405,0.4782984590291978,0.13866389669130574,0.9219302993775584,0.006597159903181172,9.000053604198923,-102.84395884222107,0.06591415597792297,-0.5940962908964296,55.929585306650964,0.9553637283070574,0.003556346686590079,5.0273171742092275,-65.12643399545577,0.06874684600371789,-0.3080862438586336,27.94829588404907,-0.033433428929498965,0.003040813216591094,3.9727364299896957,-37.7175248467653,-0.0028326900257949167,-0.28601004703779603,27.98128942260189,False
2025-08-29,333.8699951171875,0.0,0.0441,0.3600492513984188,29.62,O:TSLA250905C00305000,0.62,O:TSLA250905P00305000,0.4168406660404616,0.4407782083586489,0.4291905019521714,0.06914125055375259,0.87689076248443,0.012030409013745776,11.42100498717277,-135.21252277927587,0.05208879257717926,-0.8380371796230696,60.807884402510126,0.9434668380222833,0.005799064290002032,5.346286764359219,-68.7445026850342,0.05662207710391429,-0.4161311846919407,31.009951883693752,-0.06657607553785327,0.0062313447237437435,6.0747182228135514,-66.46802009424167,-0.004533284526735033,-0.42190599493112885,29.797932518816374,True
2025-09-02,329.3599853515625,0.0,0.044000000000000004,0.36015353515514975,15.89,O:TSLA251003C00335000,20.35,O:TSLA251003P00335000,0.4497832757536677,0.4538810184657311,0.45183216108381746,0.09167862592866771,-0.021315592922678928,0.017741168063461724,79.36324379195472,-194.5407715697833,-0.03948379276084779,0.2881335593558486,0.7661269010235465,0.48904703621879275,0.00891063303598192,39.68083718122178,-104.16280906155356,0.13250785983178237,0.14482415001223764,0.3956868591625192,-0.5103626291414717,0.008830535027479805,39.68240661073294,-90.37796250822973,-0.17199165259263016,0.14330940934361097,0.37044004186102725,False
2025-09-03,334.0899963378906,0.0,0.0435,0.3616396270600002,18.35,O:TSLA251003C00335000,17.8,O:TSLA251003P00335000,0.46198763262667725,0.45714360915050234,0.45956559626162047,0.09792596920162028,0.06044481724963202,0.017538057109998458,78.53549374619024,-206.01583514624542,-0.013929833610377085,0.10379802440398922,-0.7769645094885244,0.5303481095741089,0.008722603736593384,39.26680596294099,-110.80646617061142,0.1386646014158413,0.05197017103619885,-0.3906337658390029,-0.4699032923244769,0.008815453373405075,39.26868778324925,-95.20936897563402,-0.1525944350262184,0.051827853367790375,-0.38633074364952147,False
2025-09-04,338.5299987792969,0.0,0.0433,0.3433781013346457,19.9,O:TSLA251003C00335000,15.0,O:TSLA251003P00335000,0.450533369661898,0.44627889992380565,0.4484061680033804,0.10502806666873471,0.13780340140547642,0.017936145545325216,76.80757244201745,-207.15475606138193,0.009792154424649063,-0.07736715605264707,1.3124167584633617,0.5688194207102619,0.008925854233244011,38.40518193725103,-111.29317974069087,0.14388536483223777,-0.037779803238011916,0.6400861228806458,-0.4310160193047855,0.009010291312081205,38.402390504766416,-95.86157632069104,-0.1340932104075887,-0.039587352814635164,0.672330635582716,False
2025-09-05,350.8399963378906,0.0,0.0429,0.3630709167497902,27.67,O:TSLA251003C00335000,10.8,O:TSLA251003P00335000,0.46604434478621115,0.46908322155203513,0.4675641098424793,0.10449319309268912,0.3418374580210741,0.01565559745018733,71.50792968979094,-214.1324148896993,0.06465099406370745,-0.48082054459596024,21.027133289773964,0.6712840096408563,0.007849739403644525,35.73799075282519,-113.84605414143661,0.16495498371752756,-0.24219654097276025,10.615676028815697,-0.3294465516197822,0.007805858046542804,35.76993893696575,-100.28636074826271,-0.10030398965382012,-0.23862400362319997,10.411457260958265,False
2025-09-08,346.3999938964844,0.0,0.0426,0.361104279920533,24.1,O:TSLA251003C00335000,11.3,O:TSLA251003P00335000,0.46048907425832064,0.45134444560857906,0.45591863000988964,0.09481435008935662,0.2778497324835768,0.017273588367259715,71.24211946970875,-217.99070597686875,0.04587681615446686,-0.37859998967875896,12.807107523217681,0.6380595290600819,0.008557272824064122,35.650327219645526,-117.25684189121684,0.1484743064471474,-0.18462773549150402,6.203923842499734,-0.3602097965765051,0.008716315543195595,35.59179225006323,-100.73386408565192,-0.10259749029268055,-0.19397225418725497,6.6031836807179465,False
2025-09-09,346.9700012207031,0.0,0.0425,0.3480714946103993,23.4,O:TSLA251003C00335000,10.4,O:TSLA251003P00335000,0.44325842264628396,0.44283468830915346,0.44304654792100195,0.09497505331060263,0.29704731574504606,0.018058665772418193,68.80036699259969,-216.3161907430656,0.04947607679047515,-0.4403027622935659,15.570021944009337,0.6484770150460493,0.009025447941878902,34.40183288308774,-115.31040326413009,0.1440014790729469,-0.21990397028982264,7.7736951575033775,-0.3514296993010032,0.009033217830539291,34.39853410951196,-101.00578747893549,-0.09452540228247173,-0.22039879200374327,7.796326786505959,False
2025-09-10,347.7900085449219,0.0,0.042300000000000004,0.3477831212267191,24.3,O:TSLA251003C00335000,10.05,O:TSLA251003P00335000,0.46818570818983407,0.4530117730903495,0.46060561550706625,0.11282249428034713,0.3085980060329119,0.017728013981696863,66.61323663109839,-230.5012962753407,0.04923072038243062,-0.444264027392455,15.937391349351575,0.6526146738517875,0.008734068904599086,33.3670144364388,-124.35934856336475,0.13672375678264795,-0.2136413601410742,7.572576856571932,-0.34401666781887563,0.008993945077097778,33.24622219465959,-106.14194771197596,-0.08749303640021733,-0.2306226672513808,8.364814492779644,False
2025-09-11,368.80999755859375,0.0,0.042199999999999994,0.40529127986438357,39.59,O:TSLA251003C00335000,5.35,O:TSLA251003P00335000,0.4775254299082405,0.49584936339300656,0.4867430910691619,0.08145181120477835,0.614286294007855,0.012110307989175215,50.89505910281347,-202.77243898040297,0.11531106450369176,-0.8384179059513648,67.62294145343807,0.8109829450993977,0.006095499127000238,25.137992364192797,-105.48300473927875,0.16476737650931425,-0.43119131160309343,35.32374117800883,-0.19669665109154277,0.006014808862174977,25.757066738620672,-97.28943424112421,-0.04945631200562249,-0.40722659434827135,32.299200275429236,False
2025-09-12,395.94000244140625,0.0,0.0424,0.4685649792406055,63.71,O:TSLA251003C00335000,2.79,O:TSLA251003P00335000,0.5191998737427155,0.5742014060858439,0.5478148008674382,0.0792498216268327,0.8195611700606612,0.006140036776022412,31.372672655419784,-155.60122745236924,0.1535696736158928,-0.7155398074845905,92.85544549181293,0.9196424946724981,0.0029741761734289663,14.409560985315975,-75.58163671905774,0.17881741165824394,-0.36659943017902047,49.67321856556413,-0.10008132461183694,0.0031658606025934456,16.96311167010381,-80.01959073331152,-0.02524773804235114,-0.34894037730557004,43.182226926248795,False
2025-09-15,410.0400085449219,0.0,0.042199999999999994,0.46907095675002025,78.61,O:TSLA251003C00335000,2.0,O:TSLA251003P00335000,0.6766021332689319,0.6212590487440202,0.6499798021107912,0.18090884536077095,0.8425377247905554,0.004670353124882764,28.349721632993436,-177.2874523339311,0.14714676437363244,-0.5690636886273528,77.90405833376951,0.9133791393517092,0.0024135215752175074,15.253324547107935,-105.37137333456042,0.16439555005807122,-0.28046877708479234,36.91537806087281,-0.07084141456115378,0.002256831549665257,13.096397085885501,-71.91607899937068,-0.017248785684438776,-0.28859491154256045,40.988680272896694,False
2025-09-16,421.6199951171875,0.0,0.042,0.47289670517328924,88.5,O:TSLA251003C00335000,1.37,O:TSLA251003P00335000,0.6270076843092877,0.6498393726275296,0.638684392654896,0.16578768748160672,0.9057342886597287,0.003215532792224074,18.83490544701649,-128.90612203619025,0.1506378540757321,-0.4705407576211035,75.41719531083402,0.9555545541121189,0.0015629516429474341,8.986769734384911,-67.81795835911022,0.16218062633755764,-0.23331733218452477,38.01147862949507,-0.049820265452390156,0.00165258114927664,9.848135712631578,-61.08816367708002,-0.01154277226182555,-0.2372234254365787,37.40571668133895,False
2025-09-17,425.8599853515625,0.0,0.0417,0.46011648628094043,94.5,O:TSLA251003C00335000,1.19,O:TSLA251003P00335000,0.8375839430450837,0.6779404447660775,0.7666029155373575,0.30648642925641706,0.8778245522057952,0.003351519122221932,22.218006100340144,-192.58373311147648,0.13244778616361993,-0.42878251914676246,62.222091773937734,0.9214990648763626,0.001882813153283615,13.619148068869508,-132.19905068845247,0.1418712277474887,-0.21564244102487926,28.360743783275947,-0.04367451267056732,0.0014687059689383168,8.598858031470636,-60.384682423024,-0.009423441583868774,-0.21314007812188318,33.861347990661784,False
2025-09-18,416.8500061035156,0.0,0.042,0.46445839845359455,86.2,O:TSLA251003C00335000,1.17,O:TSLA251003P00335000,0.8725262601663266,0.6566841474520686,0.7787719065904617,0.31431350813686715,0.8563130883966734,0.003968813986628325,23.45869255878121,-224.66260535192086,0.11767560624489776,-0.44916922466081954,58.3666647153549,0.9032573899388816,0.0022541670656368194,14.918198299119503,-161.29187700684912,0.12672822752380022,-0.21949288173489045,24.857217368334044,-0.04694430154220819,0.0017146469209915053,8.540494259661706,-63.37072834507173,-0.009052621278902474,-0.2296763429259291,33.50944734702085,False
2025-09-19,426.07000732421875,0.0,0.04190000000000001,0.45595034279368907,93.08,O:TSLA251003C00335000,0.85,O:TSLA251003P00335000,0.7747657566108844,0.6956215156608122,0.7380799429535867,0.28212960015989763,0.9154883298778818,0.002862850480763368,15.238529238662476,-154.68326446157192,0.11751274580012143,-0.382988437195985,56.18285563073542,0.9501228155255675,0.0015653298094626088,8.736503590114658,-98.34802924326226,0.12370588689281192,-0.198184888239076,27.688096144618406,-0.034634485647685787,0.0012975206713007593,6.502025648547818,-56.33523521830968,-0.006193141092690492,-0.184803548956909,28.494759486117008,False
2025-09-22,434.2099914550781,0.0,0.0417,0.42086916247167033,99.4,O:TSLA251003C00335000,0.55,O:TSLA251003P00335000,1.0,0.7206698187806742,0.5801510283470155,0.15928186587534515,0.9062432330830165,0.002581426536418281,15.60802580260033,-212.72699003431842,0.10374766755118503,-0.3158635354036481,44.198553855049454,0.9298904322118848,0.001638226736074987,11.031018255671317,-166.99893759316595,0.10761118545535689,-0.17287551758937061,20.923729226017592,-0.023647199128868368,0.0009431998003432938,4.577007546929015,-45.72805244115246,-0.003863517904171863,-0.14298801781427747,23.274824629031865,False
2025-09-23,425.8500061035156,0.0,0.0416,0.4347631562500503,94.72,O:TSLA251003C00335000,0.49,O:TSLA251003P00335000,1.06290801810307,0.7036482546763807,0.9234157293736935,0.48865257312364324,0.8910038077296873,0.0029761703071571124,16.066201863619593,-257.0047468127674,0.09022983395553756,-0.32003628003701723,40.11359177692739,0.914455147775618,0.0019387243216742436,11.8635455933635,-210.86480969438335,0.09355578738464713,-0.17348105569125868,18.01627987340001,-0.023451340045930635,0.0010374459854828688,4.2026562702560915,-46.13993711838402,-0.0033259534291095777,-0.14655522434575854,22.09731190352738,False
2025-09-24,442.7900085449219,0.0,0.0418,0.446778914015717,108.72,O:TSLA251003C00335000,0.43,O:TSLA251003P00335000,0.8635132091178671,0.8324510626663085,0.8485392310380937,0.4017603170223767,0.9598438898136036,0.0015500597745796143,7.165622885446496,-122.72048568242593,0.08773869004787682,-0.21849447769117375,33.09091373574542,0.9782239944562563,0.0008165262406483946,3.840009120573282,-73.2472572715868,0.09011883635114813,-0.1129516180895493,16.824466871795497,-0.018380104642652717,0.0007335335339312198,3.3256137648732143,-49.47322841083913,-0.002380146303271317,-0.10554285960162443,16.266446863949923,False
2025-09-25,423.3900146484375,0.0,0.0424,0.48547504014281806,92.6,O:TSLA251003C00335000,0.48,O:TSLA251003P00335000,1.2472109566927998,0.7929542076351482,1.0726196755111217,0.5871446353683036,0.8826147179672242,0.003131214004858696,14.578738187033295,-358.9447006314847,0.06681196627834989,-0.28204495638528027,29.981425031740134,0.9062859915948376,0.0020535871887660865,10.931631815745604,-298.6582379022173,0.0693124855373838,-0.15103636876897514,13.007306163328732,-0.023671273627613343,0.0010776268160926097,3.6471063712876917,-60.28646272926741,-0.002500519259033907,-0.13100858761630513,16.974118868411402,False
2025-09-26,440.3999938964844,0.0,0.042199999999999994,0.49040285125980604,103.83,O:TSLA251003C00335000,0.25,O:TSLA251003P00335000,1.0,0.8937897120125026,0.00010000000000000002,-0.49030285125980605,0.9657579816909942,0.0014210345050105415,5.230508426145116,-139.9042987701768,0.06326650161998401,-0.17414306619326392,22.866903693582238,0.9782255243661706,0.0008387410203229095,3.227691032999606,-95.03609750944302,0.06440553053229588,-0.09769016079563739,12.23183120929123,-0.012467542675176357,0.0005822934846876318,2.00281739314551,-44.86820126073377,-0.0011390289123118656,-0.07645290539762653,10.635072484291006,False
2025-09-29,443.2099914550781,0.0,0.042199999999999994,0.45807632737136544,107.64,O:TSLA251003C00335000,0.11,O:TSLA251003P00335000,1.0,0.9161427034639957,0.00010000000000000002,-0.45797632737136545,0.9825788542089627,0.0008715165195577563,2.6252346363051506,-93.82283791050554,0.05186115503625104,-0.10943021818550319,14.511305021306327,0.9889908635123046,0.0005190112005998765,1.6182859569477732,-64.88838309182911,0.05232970528840089,-0.06271712888373483,8.019935518444822,-0.006412009303341848,0.0003525053189578797,1.0069486793573772,-28.93445481867642,-0.00046855025214984433,-0.04671308930176837,6.491369502861507,False
2025-09-30,444.7200012207031,0.0,0.042,0.448109570756926,110.08,O:TSLA251003C00335000,0.09,O:TSLA251003P00335000,1.1459324599850265,1.0436009523416059,1.101389995002747,0.653280424245821,0.984767190845318,0.0007780582551703582,2.0256456823589852,-108.03282672797688,0.03902091265652835,-0.08672086589261804,10.195047911383885,0.9901617154347298,0.00047254590564084524,1.2749614821782254,-75.23394761213,0.03931722848771743,-0.05061478915857591,5.72846716580907,-0.005394524589411698,0.00030551234952951294,0.7506842001807601,-32.79887911584689,-0.0002963158311890806,-0.03610607673404214,4.466580745574814,True
2025-10-01,459.4599914550781,0.0,0.0417,0.452415435396323,37.3,O:TSLA251107C00460000,35.18,O:TSLA251107P00460000,0.6110322720022411,0.6008073894806931,0.6059196292072535,0.1535041938109305,0.09216721330372679,0.008697935947187454,119.19520385798396,-335.78267350513016,-0.032285199603247855,0.10798858163555988,-1.8802760088418613,0.5463596573177096,0.004311922897259375,59.59279548554096,-178.84045685420085,0.22899686087420815,0.05417321639516668,-0.9489101018723777,-0.45419244401398284,0.00438601304992808,59.602408372442994,-156.9422166509293,-0.261282060477456,0.0538153652403932,-0.9313659069694837,False
2025-10-02,436.0,0.0,0.042300000000000004,0.5120862243565745,25.2,O:TSLA251107C00460000,43.7,O:TSLA251107P00460000,0.6140253492629707,0.5505238780286063,0.5823271745219827,0.07024095016540821,-0.13530531067276136,0.009668657482601265,110.10961550855355,-305.35287734591395,-0.1319532143566202,0.4846745596211527,11.670551345593093,0.440010982281603,0.004586733865292386,55.237705269528156,-171.41777685542596,0.17193509901364465,0.22365022528357748,4.72770669000725,-0.5753162929543644,0.00508192361730888,54.87191023902539,-133.935100490488,-0.30388831337026484,0.2610243343375752,6.9428446555858425,False
2025-10-03,429.8299865722656,0.0,0.0424,0.5132021782278077,21.8,O:TSLA251107C00460000,54.76,O:TSLA251107P00460000,0.6119665130723833,0.7012354800476719,0.6567290052011607,0.14352682697335306,-0.16291096808536232,0.008821893247876248,105.71947799743367,-343.77620982312476,-0.1454206539926647,0.4937157607306527,13.928961019752737,0.4075931045436315,0.004685459362042033,52.5548404549635,-168.5994637087137,0.15217831215569164,0.2705388551835153,8.561120761979764,-0.5705040726289938,0.004136433885834216,53.16463754247017,-175.17674611441106,-0.29759896614835635,0.2231769055471374,5.367840257772973,False
2025-10-06,453.25,0.0,0.042199999999999994,0.5278133514979817,32.4,O:TSLA251107C00460000,37.34,O:TSLA251107P00460000,0.6211831275537705,0.6218117647081407,0.6214974480614066,0.09368409656342491,0.03173130783378797,0.009170943962089163,111.51662130371062,-361.5272014642254,-0.05272169973745161,0.19500852090971807,-1.0850727969947842,0.5158350065222407,0.004587805079836598,55.758481181215835,-190.3393691159296,0.19181163495829678,0.09754096697134412,-0.541692080833128,-0.4841036986884527,0.004583138882252565,55.758140122494794,-171.1878323482958,-0.2445333346957484,0.09746755393837395,-0.5433807161616561,False
2025-10-07,433.0899963378906,0.0,0.042,0.5661931088444765,22.2,O:TSLA251107C00460000,39.05,O:TSLA251107P00460000,0.6205386161873184,0.4555670241081541,0.5387901850298047,-0.027402923814671798,-0.2157076301129245,0.011123276667381526,100.33154532906681,-290.073443662368,-0.14116780892540842,0.6441279007943607,24.411568986621642,0.41786183879476635,0.004809079291065072,51.08746468613164,-180.33884201672237,0.14491075362569444,0.24843987721798602,6.740647414858006,-0.6335694689076908,0.006314197376316455,49.24408064293518,-109.73460164564563,-0.28607856255110287,0.39568802357637467,17.670921571763635,False
2025-10-08,438.69000244140625,0.0,0.042,0.5651115699658622,22.9,O:TSLA251107C00460000,43.49,O:TSLA251107P00460000,0.6014986125089957,0.62034999126492,0.6109279868796469,0.045816416913784686,-0.12102191307718108,0.009961891734258902,102.22772106115076,-352.6737574981662,-0.10430889974416932,0.42974126990062217,8.487872142897515,0.43746438925475445,0.005053901642810394,51.073900934381,-183.04533398481297,0.1475495074517417,0.21953425535026114,4.478976193869811,-0.5584863023319355,0.004907990091448509,51.15382012676975,-169.6284235133532,-0.251858407195911,0.21020701455036103,4.008895949027704,False
2025-10-09,435.5400085449219,0.0,0.042,0.53904918161886,20.38,O:TSLA251107C00460000,44.89,O:TSLA251107P00460000,0.5924360435027428,0.6261625486369444,0.6093172369949521,0.07026805537609215,-0.16087794456221127,0.010209521436574897,98.26610173883671,-353.57774017241616,-0.11278231779109585,0.48657723792425334,12.446555174382741,0.4154626999062194,0.005235181258516087,49.028438354730675,-181.02125059839315,0.13380885655604258,0.2531084403628914,6.7947294033345305,-0.5763406444684307,0.00497434017805881,49.23766338410604,-172.55648957402303,-0.24659117434713843,0.233468797561362,5.651825771048211,False
2025-10-10,413.489990234375,0.0,0.04190000000000001,0.521415332953509,13.15,O:TSLA251107C00460000,58.4,O:TSLA251107P00460000,0.6240334389878753,0.6305341646362381,0.6272866173401477,0.10587128438663873,-0.38012082543820114,0.009655506125897556,82.18466764735123,-315.20388184109817,-0.18152869555422974,0.7566741781193791,43.72341377339597,0.30870988893667684,0.004844421275383149,41.021281255344434,-166.0689876563015,0.09087178489022069,0.3810887372724959,22.174328677359238,-0.688830714374878,0.0048110848505144065,41.16338639200679,-149.13489418479668,-0.2724004804444504,0.37558544084688317,21.54908509603673,False
2025-10-13,435.8999938964844,0.0,0.04190000000000001,0.5407948861686591,19.08,O:TSLA251107C00460000,41.8,O:TSLA251107P00460000,0.5929070327997721,0.5944313636117807,0.5936692520812155,0.05287436591255634,-0.18131309782533944,0.010937599756579541,93.02350054606299,-360.3678291913581,-0.10549099946321214,0.5135055895882499,14.089313794353716,0.40914776343864645,0.005475189543584539,46.506381114661956,-189.5322040705577,0.12008264460824039,0.25724541766349385,7.073648611988219,-0.5904608612639859,0.005462410212995003,46.51711943140104,-170.83562512080042,-0.22557364407145253,0.256260171924756,7.015665182365497,False
2025-10-14,429.239990234375,0.0,0.04190000000000001,0.536557885279855,15.6,O:TSLA251107C00460000,46.5,O:TSLA251107P00460000,0.5894669640400597,0.6243834591062468,0.6069654298141598,0.07040754453430476,-0.25665610214608237,0.010867941752617582,86.74669243948325,-361.37218895286196,-0.12304790198482954,0.6107835702601083,22.9875338560806,0.3663462083397224,0.0055652333840479655,43.17329239554113,-184.07976072919095,0.1011788877786734,0.31863727096956335,12.484817953212762,-0.6230023104858048,0.0053027083685696155,43.57340004394212,-177.29242822367098,-0.22422678976350294,0.292146299290545,10.502715902867838,False
2025-10-15,435.1499938964844,0.0,0.042,0.5375095612157506,17.88,O:TSLA251107C00460000,47.0,O:TSLA251107P00460000,0.6075213874084069,0.7340387266920362,0.6710326596707106,0.13352309845496002,-0.17253526777550887,0.010354598024299137,88.00160867301136,-431.96910437075337,-0.09441659731073401,0.461215748765366,11.635557391406083,0.399322058535333,0.00562411245022316,43.64574502787057,-203.07547377130837,0.10516051002716231,0.2624558840015031,7.567175308906239,-0.5718573263108419,0.004730485574075977,44.355863645140786,-228.893630599445,-0.19957710733789633,0.19875986476386284,4.068382082499844,False
2025-10-16,428.75,0.0,0.042,0.5343622925955192,15.62,O:TSLA251107C00460000,39.8,O:TSLA251107P00460000,0.631254888755107,0.4833542594723336,0.55843689031899,0.02407459772347087,-0.32497444540187925,0.0122693101226269,78.728465052627,-338.7758283645214,-0.12365256728003561,0.7509455487332906,35.311442015424326,0.3646704700599156,0.005509917590837935,40.595469252265055,-207.71620985065348,0.08935394542107224,0.3006457463599589,11.238231664585365,-0.6896449154617948,0.006759392531788966,38.13299580036194,-131.0596185138679,-0.21300651270110785,0.4502998023733316,24.073210350838963,False
2025-10-17,439.30999755859375,0.0,0.0418,0.5356923846286744,18.6,O:TSLA251107C00460000,38.7,O:TSLA251107P00460000,0.6244895102524219,0.6377015673149046,0.6310980990864338,0.09540571445775936,-0.16303595846036734,0.011549799603348544,83.72562258155014,-438.4610870702578,-0.07674007530546845,0.44536753389060435,9.82567479842081,0.4170111934053873,0.005830874328927449,41.83037143711375,-226.31023903821188,0.09797451568858748,0.2261752967721924,5.079723123660461,-0.5800471518657546,0.005718925274421096,41.895251144436386,-212.1508480320459,-0.17471459099405592,0.21919223711841193,4.74595167476035,False
2025-10-20,447.42999267578125,0.0,0.0415,0.5354348689930492,20.76,O:TSLA251107C00460000,32.5,O:TSLA251107P00460000,0.6133407414502852,0.6188200898300243,0.6160805805802347,0.08064571158718559,-0.08149786921608321,0.012216547760762737,83.70573427275164,-460.40183399535545,-0.04984699501469106,0.3189133340091435,3.441550068456564,0.4588142178031069,0.006134749056711358,41.84815321489365,-238.66247643794637,0.10251513450621577,0.1604409080662655,1.749906545045515,-0.5403120870191901,0.006081798704051379,41.857581057857985,-221.73935755740908,-0.15236212952090683,0.15847242594287803,1.691643523411049,False
2025-10-21,442.6000061035156,0.0,0.0412,0.5318026097297334,18.0,O:TSLA251107C00460000,33.99,O:TSLA251107P00460000,0.6216670649313504,0.6106639371515871,0.6161670476950706,0.08436443796533721,-0.1509953295589298,0.012650838437309193,78.76801191330969,-465.51468893739747,-0.061296307110992085,0.42012587548813385,8.042588865991661,0.4256578770292334,0.00627249316343769,39.40612212756765,-244.4575167047487,0.0879027907390844,0.2072244294774139,3.904682985616379,-0.5766532065881632,0.006378345273871503,39.361889785742044,-221.05717223264875,-0.14919909785007648,0.21290144601071992,4.137905880375282,False
2025-10-22,438.9700012207031,0.0,0.041100000000000005,0.5141291270305611,15.91,O:TSLA251107C00460000,38.6,O:TSLA251107P00460000,0.6319491205257534,0.7008168218129208,0.6664630596518515,0.15233393262129036,-0.18688894956316948,0.01218221049183677,74.30943373108539,-514.457894001931,-0.0650231630561336,0.44630103735481624,10.175639070188126,0.39890083848268143,0.006377497696833572,36.981354470509494,-251.9314466655795,0.07580738169318198,0.2407560948094354,5.908402100848983,-0.5857897880458509,0.005804712795003198,37.328079260575905,-262.5264473363515,-0.14083054474931558,0.20554494254538083,4.267236969339142,False
2025-10-23,448.9800109863281,0.0,0.0412,0.4926530770381604,16.37,O:TSLA251107C00460000,27.15,O:TSLA251107P00460000,0.5571962987556562,0.5730050325176071,0.5651024722740055,0.07244939523584504,-0.10434377013592949,0.014925733880876178,74.20368420548945,-476.59821428956667,-0.039446465781025244,0.3489625768301612,4.295519397648512,0.44644934366485495,0.007563842817791832,37.08487974457049,-244.27562675710163,0.08035099775628321,0.17812609177601843,2.249654656761367,-0.5507931138007844,0.007361891063084345,37.118804460918966,-232.32258753246504,-0.11979746353730845,0.17083648505414276,2.0458647408871453,False
2025-10-24,433.7200012207031,0.0,0.041100000000000005,0.48954549446934736,8.59,O:TSLA251107C00460000,36.8,O:TSLA251107P00460000,0.5257015713455128,0.6117165684015596,0.5691202502816914,0.07957475581234408,-0.34780663014044366,0.014719416846662291,62.22159106100074,-438.44706256296325,-0.07787329049566746,0.7202439747304521,28.382413147424252,0.31071986538968566,0.0077751795625452735,30.511816410812052,-207.29119365857838,0.05006961126829803,0.4020757005373088,17.154484972722262,-0.6585264955301293,0.006944237284117018,31.70977465018868,-231.15586890438487,-0.1279429017639655,0.3181682741931433,11.22792817470199,False
2025-10-27,452.4200134277344,0.0,0.0409,0.5130099363900196,14.64,O:TSLA251107C00460000,21.63,O:TSLA251107P00460000,0.5205118521467015,0.5229128594629067,0.5217123710840941,0.008702434694074501,-0.08315770367924125,0.017790208335734872,67.8477563706104,-492.5360436240991,-0.026390074791136392,0.30878411417620644,2.7566106131109662,0.4582358013724097,0.008915138692172768,33.9222235631647,-255.0772812602307,0.06881251693213362,0.1549225194773724,1.3892072114663017,-0.541393505051651,0.008875069643562104,33.925532807445705,-237.45876236386835,-0.09520259172327002,0.15386159469883406,1.3674034016446646,False
2025-10-28,460.54998779296875,0.0,0.0407,0.5163123726350812,18.68,O:TSLA251107C00460000,17.35,O:TSLA251107P00460000,0.55388248782062,0.5481835579073909,0.5510330225452782,0.034720649910196966,0.05932492595737837,0.017597455979680612,65.29183529875891,-566.2983900557936,-0.002764414626828776,0.034304635475816095,-0.20949810499807786,0.5297113406993719,0.008753148151669627,32.64561915900332,-293.95776595643457,0.07151700047393424,0.017341315868707078,-0.10607616246788501,-0.4703864147419935,0.008844307828010985,32.646216139755595,-272.34062409935905,-0.07428141510076301,0.016963319607109013,-0.10342194253019286,False
2025-10-29,461.510009765625,0.0,0.0403,0.5032716427571353,18.7,O:TSLA251107C00460000,16.47,O:TSLA251107P00460000,0.5772966293558232,0.5705756746117142,0.5739361541792751,0.07066451142213981,0.07472658240154317,0.017994973694239576,61.10259504370339,-631.2142629305649,-0.00018970395169776166,0.0025739382539444605,-0.018570092321600912,0.53736762336238,0.008944796084510997,30.551266267825653,-326.709386346784,0.06369459364047297,0.0016594861901514817,-0.011973619782921548,-0.4626410409608368,0.00905017760972858,30.55132877587774,-304.50487658378086,-0.06388429759217074,0.0009144520637929787,-0.006596472538679364,False
2025-10-30,440.1000061035156,0.0,0.0405,0.4971386404492831,7.45,O:TSLA251107C00460000,26.61,O:TSLA251107P00460000,0.5507532868897168,0.5385092549485986,0.5446403268113731,0.04750168636209001,-0.363646724668532,0.019293049267186037,48.45253185467283,-546.3213918427389,-0.0462145061300344,0.7296274967953418,23.432558544354738,0.3204096715019611,0.009566637600262471,24.29796370302248,-286.4351239420373,0.031800547234199644,0.3583112075780135,11.352423887152405,-0.6840563961704931,0.009726411666923567,24.154568151650345,-259.8862679007016,-0.07801505336423405,0.37131628921732834,12.080134657202333,False
2025-10-31,456.55999755859375,0.0,0.0406,0.5099061896345986,13.01,O:TSLA251107C00460000,16.02,O:TSLA251107P00460000,0.5631529998714624,0.5608277683516296,0.5619904011607171,0.05208421152611853,-0.03594617333486555,0.02205410237681851,51.260353955196805,-724.1123044771664,-0.009016187462302983,0.1761951628653926,0.5106732775141718,0.4821293363773828,0.0110043667286552,25.630473829524195,-372.1424366023927,0.04109344615860799,0.08785023412734486,0.253163707486228,-0.5180755097122484,0.01104973564816331,25.629880125672607,-351.9698678747737,-0.05010963362091097,0.08834492873804774,0.25750957002794383,True
2025-11-03,468.3699951171875,0.0,0.0406,0.48127500541016577,39.4,O:TSLA251205C00455000,23.3,O:TSLA251205P00455000,0.5516539939472088,0.5340878281900813,0.5428731374576685,0.06159813204750275,0.22034243697214329,0.00978053624010511,110.90163369701763,-317.7246426735271,0.03857312964643028,-0.1587628417816268,6.422374004559098,0.6094746212131458,0.004813632321215138,55.478985775013996,-170.66734222504903,0.23434250034442922,-0.07493878765002983,3.010701669876028,-0.3891321842410025,0.004966903918889973,55.422647922003634,-147.05730044847812,-0.19576937069799893,-0.08382405413159699,3.411672334683069,False
2025-11-04,444.260009765625,0.0,0.04019999999999999,0.490800249246821,25.3,O:TSLA251205C00455000,33.6,O:TSLA251205P00455000,0.5481656754540754,0.5337043664886566,0.5409354426421226,0.05013519339530159,-0.03352568297961911,0.01098210986089131,106.99307943332403,-314.09545521995926,-0.06735177641675683,0.30283978036853176,1.710150116028689,0.4843317925619428,0.005418289949893696,53.50271470007558,-168.3011054432177,0.1732933602598231,0.14899936159766253,0.785608580261168,-0.5178574755415619,0.0055638199109976135,53.49036473324845,-145.7943497767416,-0.2406451366765799,0.1538404187708692,0.9245415357675209,False
2025-11-05,462.07000732421875,0.0,0.04,0.5081805284826487,34.75,O:TSLA251205C00455000,26.5,O:TSLA251205P00455000,0.5608313616947839,0.5684335525001997,0.5646325280494987,0.056451999566849986,0.15599652978543987,0.010152357119895455,106.84417703719384,-345.9464797927701,0.00945591224330311,-0.041517002582953016,1.115418474009961,0.5780771430301275,0.005110149955758642,53.41996944602212,-180.88125120534664,0.20285581006768555,-0.021815438301391137,0.5866753100007089,-0.4220806132446876,0.005042207164136813,53.42420759117173,-165.06522858742346,-0.19339989782438244,-0.01970156428156188,0.528743164009252,False
2025-11-06,445.9100036621094,0.0,0.04019999999999999,0.5249289990175077,27.5,O:TSLA251205C00455000,34.74,O:TSLA251205P00455000,0.602017095223894,0.5956237854626301,0.5988204600431027,0.07389146102559507,-0.008721912758807071,0.010350779246114727,102.70001246208882,-366.3348278779873,-0.0551076567918341,0.2448875145387837,0.3447654655984801,0.49603044238681615,0.005147817591869707,51.3505569834983,-193.26961336253362,0.16140411365102508,0.1217525600757083,0.1559458797082107,-0.5047523551456232,0.00520296165424502,51.34945547859052,-173.06521451545373,-0.21651177044285919,0.12313495446307543,0.18881958589026943,False
2025-11-07,429.5199890136719,0.0,0.0401,0.5086475241797332,16.81,O:TSLA251205C00455000,40.92,O:TSLA251205P00455000,0.5478226147091062,0.5494521097924365,0.5486374230414628,0.039989898861729545,-0.2166730995849876,0.011572767497412463,92.96467978763417,-315.277736283544,-0.11967891059785843,0.6015154877772612,20.015113782773078,0.39141840932596816,0.005793961751089712,46.474186330286244,-166.46315715121926,0.12008891339161823,0.3014375499104313,10.053391688162156,-0.6080915089109558,0.005778805746322751,46.49049345734792,-148.81457913232475,-0.23976782398947666,0.30007793786682985,9.961722094610924,False
2025-11-10,445.2300109863281,0.0,0.0404,0.4882821070189164,20.95,O:TSLA251205C00455000,29.7,O:TSLA251205P00455000,0.5065801748232102,0.514055196761853,0.5103178589604794,0.022035751941563042,-0.050323672226741945,0.01276427165741412,97.34991627793138,-326.5015370330128,-0.055081610064655145,0.31715442528551124,2.447654193247268,0.47424552050744473,0.006428278361938894,48.67038541417206,-171.18859162175545,0.14340350904004698,0.16008435261270462,1.264312850653406,-0.5245691927341867,0.0063359932954752275,48.67953086375932,-155.3129454112574,-0.19848511910470212,0.15707007267280662,1.1833413425938621,False
2025-11-11,439.6199951171875,0.0,0.0404,0.48715182231214915,16.8,O:TSLA251205C00455000,31.25,O:TSLA251205P00455000,0.48665095830132094,0.4949063421673196,0.4907795839995146,0.0036277616873654495,-0.13860169946141054,0.013628538250760016,92.32784443627378,-312.7860659023803,-0.07784434174318336,0.4896227694636814,10.045893329820068,0.42968874842923843,0.006868521181776368,46.14319512064544,-164.1422413974788,0.12292840391885171,0.24793605724021764,5.161014317978555,-0.568290447890649,0.006760017068983647,46.18464931562834,-148.64382450490146,-0.20077274566203507,0.24168671222346375,4.8848790118415115,False
2025-11-12,430.6000061035156,0.0,0.0403,0.4910218943657461,12.15,O:TSLA251205C00455000,36.48,O:TSLA251205P00455000,0.4762651017533607,0.5040144238430379,0.49017225793823604,-0.0008496364275100698,-0.27234821782754637,0.013706851833855161,83.9776268980721,-298.4285681646587,-0.1119187877936581,0.7294215223869269,28.46111624068109,0.3587712433057576,0.007015316893685894,41.791936687354294,-153.2602454838016,0.09602092430447728,0.3808785429659182,15.409460781093145,-0.631119461133304,0.006691534940169268,42.18569021071781,-145.16832268085713,-0.2079397120981354,0.3485429794210087,13.051655459587945,False
2025-11-13,401.989990234375,0.0,0.0405,0.543060280665722,6.35,O:TSLA251205C00455000,58.4,O:TSLA251205P00455000,0.5547672517606148,0.5618267894671378,0.5583052600428464,0.015244979377124435,-0.5715976132165854,0.010311283710761884,59.06407790021,-247.75981986242704,-0.18700096441583525,0.9740835517339248,78.14251381335379,0.21248207429340749,0.00516416348183132,29.39413732106581,-131.61903465071126,0.05020042347312713,0.49046154940007486,39.63647083370381,-0.7840796875099929,0.005147120228930565,29.669940579144193,-116.14078521171578,-0.2372013878889624,0.48362200233384994,38.50604297964998,False
2025-11-14,404.3500061035156,0.0,0.0404,0.5345753439092594,5.05,O:TSLA251205C00455000,55.23,O:TSLA251205P00455000,0.5093531235877178,0.5320030797136358,0.5207796348348261,-0.013795709074433282,-0.6029051494292219,0.010851477874820893,54.98292564462885,-228.28824083210674,-0.18099089336401472,1.042800871941103,87.18465863063497,0.19264324171964714,0.005446406546981389,26.998190424557222,-118.45649599829132,0.04336029521734675,0.5332473533610532,45.67197731880824,-0.7955483911488691,0.005405071327839504,27.98473522007163,-109.8317448338154,-0.22435118858136147,0.5095535185800497,41.512681311826725,False
2025-11-17,408.9200134277344,0.0,0.0404,0.531239035655212,5.32,O:TSLA251205C00455000,52.77,O:TSLA251205P00455000,0.5037703606931981,0.5862117845152203,0.546019539129734,0.014780503474521978,-0.5482775780284692,0.011440409099516335,57.80951522287668,-273.2254425409786,-0.15682870809418187,0.9749001336361595,71.4340837586835,0.2058268615590516,0.005865619172331987,27.45052802209913,-127.64426923510224,0.0438037349958421,0.5312727670439976,42.03934127223413,-0.7541044395875208,0.0055747899271843485,30.35898720077755,-145.58117330587632,-0.20063244309002395,0.44362736659216184,29.39474248644936,False
2025-11-18,401.25,0.0,0.04019999999999999,0.5333466076696722,4.14,O:TSLA251205C00455000,54.28,O:TSLA251205P00455000,0.5335043597303312,0.395028347467789,0.47129603826701644,-0.0620505694026558,-0.7401710087631657,0.009733605709615395,37.88963418893037,-161.5694995086029,-0.18334829462146282,1.1008715431122331,116.39891463138838,0.16858919835888886,0.005176840244456081,22.93906109775339,-121.16828307646352,0.032761246267442694,0.50997452942188,44.606222343318755,-0.9087602071220545,0.004556765465159315,14.950573091176981,-40.401216432139364,-0.21610954088890552,0.5908970136903532,71.79269228806963,False
2025-11-19,403.989990234375,0.0,0.0401,0.5345745225580322,3.6,O:TSLA251205C00455000,54.28,O:TSLA251205P00455000,0.5102296094923894,0.395028347467789,0.5226158131152392,-0.01195870944279298,-0.7457657997425138,0.010236328066622134,36.266141014151586,-162.05716683323868,-0.169766418741242,1.123647461002912,115.3479963564044,0.15983572939337626,0.005405609476328126,21.435431955625674,-117.28339539195056,0.02903430226511136,0.5272869556207267,46.25825269862969,-0.9056015291358901,0.0048307185902940085,14.830709058525915,-44.77377144128813,-0.19880072100635335,0.5963605053821852,69.0897436577747,False
2025-11-20,395.2300109863281,0.0,0.0404,0.5287237674881236,2.79,O:TSLA251205C00455000,58.18,O:TSLA251205P00455000,0.5569154272097223,1.0,0.43023007418513304,-0.09849369330299051,-0.5848864766232471,0.008672646874760468,45.40306050471841,-420.0994550705824,-0.1336949791807795,0.7328687750561091,56.32717862350643,0.12776724508929682,0.004545159475266482,17.259584942407223,-112.02995090613686,0.020824680416019516,0.47040548977917124,44.16541348202232,-0.7126537217125439,0.004127487399493985,28.143475562311192,-308.06950416444556,-0.154519659596799,0.26246328527693785,12.161765141484107,False
2025-11-21,391.0899963378906,0.0,0.0403,0.5186024642924906,1.54,O:TSLA251205C00455000,55.78,O:TSLA251205P00455000,0.5279513814385861,1.0,0.00010000000000000002,-0.5185024642924906,-0.6577344190819743,0.0079271531089282,37.26244992088542,-383.90527551215865,-0.13210483767114312,0.7102725370340026,60.501061776482956,0.08512608447849596,0.0037874439712465686,12.136487735141055,-82.01379485700869,0.012599984153555241,0.43568745455926305,46.54936217552019,-0.7428605035604703,0.004139709137681633,25.125962185744367,-301.89148065514996,-0.14470482182469835,0.2745850824747396,13.951699600962773,False
2025-11-24,417.7799987792969,0.0,0.0403,0.5556481288636539,3.73,O:TSLA251205C00455000,37.33,O:TSLA251205P00455000,0.47725749863906514,0.3006289403149029,0.40181927193403244,-0.15382885692962145,-0.738214624606107,0.013043560798409248,32.322140098974,-174.5955496640851,-0.12481118034528182,1.250767195438896,118.52839542169525,0.18803412898800925,0.007155673906366244,21.288279273103274,-145.25539682357294,0.026723892206816334,0.5510395862490964,38.510140645829125,-0.9262487535941163,0.005887886892043005,11.033860825870727,-29.340152840512154,-0.15153507255209817,0.6997276091897995,80.01825477586613,False
2025-11-25,419.3999938964844,0.0,0.0404,0.5506919921683745,2.83,O:TSLA251205C00455000,37.3,O:TSLA251205P00455000,0.44551180726521994,0.415022327742022,0.4305621746599675,-0.12012981750840701,-0.6866647327668323,0.014914604950492474,35.83834436688879,-229.9438059269225,-0.10416418562899694,1.20984382120003,91.32305111899726,0.16589155210458095,0.007482403894667635,18.614297544928693,-133.30950171234787,0.021188862203218906,0.5870366544717629,42.5742175509579,-0.8525562848714132,0.007432201055824838,17.224046821960094,-96.63430421457463,-0.12535304783221585,0.622807166728267,48.74883356803936,False
2025-11-26,426.5799865722656,0.0,0.0406,0.5554954113589374,2.74,O:TSLA251205C00455000,32.1,O:TSLA251205P00455000,0.40300370298428734,0.47537544108421703,0.44030746402442467,-0.11518794733451276,-0.5949929708211803,0.018045652465376788,39.994811067259434,-306.0819321414347,-0.0801811370843032,1.1670370562005612,69.8799407755208,0.18144344957945174,0.00920408073789302,18.749423035065814,-139.0407662730878,0.020738928968118898,0.6393582883196716,41.3596303045134,-0.776436420400632,0.008841571727483769,21.245388032193617,-167.04116586834692,-0.1009200660524221,0.5276787678808897,28.52031047100739,False
2025-11-28,430.1700134277344,0.0,0.0405,0.532767351313568,2.33,O:TSLA251205C00455000,27.4,O:TSLA251205P00455000,0.41165422933708484,0.44865155380297295,0.43048415608108054,-0.10228319523248747,-0.6230686204440836,0.020708220861361572,32.695107591893255,-342.8984922324738,-0.05907845968706971,1.1859616607464503,63.684797151028334,0.17750150131207576,0.010427607063961815,15.760390317750462,-166.49139536340735,0.014687663333900515,0.6210477649083047,34.80632075600187,-0.8005701217561594,0.010280613797399757,16.934717274142795,-176.4070968690665,-0.07376612302097023,0.5649138958381454,28.878476395026464,True
2025-12-01,430.1400146484375,0.0,0.0398,0.513572499601158,24.26,O:TSLA260102C00430000,22.5,O:TSLA260102P00430000,0.44247527511890694,0.4426049540114397,0.4425401125773787,-0.07103238702377934,0.07840431063180175,0.013516637533310885,105.40268992267377,-244.36702225469398,-0.012414446358461173,0.06844527625648253,-0.894250716116164,0.5391999363389193,0.006759312689931483,52.70137395269813,-130.69036287594497,0.19778235096689073,0.034214733912011915,-0.4469966972345165,-0.4607956257071175,0.006757324843379401,52.701315969975646,-113.67665937874901,-0.2101967973253519,0.03423054234447061,-0.4472540188816475,False
2025-12-02,429.239990234375,0.0,0.039,0.502577258704507,23.1,O:TSLA260102C00430000,21.85,O:TSLA260102P00430000,0.439772263936049,0.43042332678688466,0.4350976825267077,-0.06747957617779926,0.06324295254449686,0.014098486580025745,103.1422707223534,-245.15331635626362,-0.01624931350598477,0.09523604325954435,-0.9799635200230106,0.5318440787345095,0.006973196774015899,51.568844908071064,-132.2413614392156,0.18727544383851666,0.04788348714261941,-0.4961696357636692,-0.4686011261900126,0.007125289806009846,51.57342581428234,-112.911954917048,-0.20352475734450143,0.04735255611692494,-0.48379388425934144,False
2025-12-03,446.739990234375,0.0,0.0383,0.4932806294233454,34.0,O:TSLA260102C00430000,15.65,O:TSLA260102P00430000,0.4621008466506526,0.4585449872305158,0.4603232228204608,-0.0329574066028846,0.2911426989160315,0.012247357696762981,98.22700331406848,-262.0454096223875,0.07020364691874065,-0.3837625541710541,18.914854299691665,0.6452302098859342,0.006102123406654409,49.13031531277133,-139.76497109445646,0.22196440589658928,-0.19004014568211255,9.34346198904083,-0.35408751096990265,0.006145234290108572,49.09668800129715,-122.28043852793104,-0.15176075897784863,-0.19372240848894154,9.571392310650836,False
2025-12-04,454.5299987792969,0.0,0.0383,0.4755471635961622,38.15,O:TSLA260102C00430000,12.48,O:TSLA260102P00430000,0.45091647046315875,0.45593497665380095,0.45342708672657606,-0.02212007686958617,0.39253224657331987,0.011753605762823069,91.75092400903347,-254.509146048216,0.1064897346298381,-0.5903765954456452,39.79473404532224,0.6970067835751044,0.0059029300004899326,45.82553981516015,-134.6536408853991,0.23221707707296155,-0.2986926751503961,20.21562087114974,-0.3044745370017845,0.005850675762333136,45.92538419387331,-119.85550516281687,-0.12572734244312345,-0.2916839202952491,19.579113174172498,False
2025-12-05,455.0,0.0,0.0382,0.4576631515673543,37.55,O:TSLA260102C00430000,10.96,O:TSLA260102P00430000,0.4421562453773089,0.4356209281115568,0.4388913582757116,-0.018771793291642747,0.41316328160201254,0.012236297591368408,88.23440942949503,-249.29916819876803,0.1106978516896157,-0.6584573803645675,45.870611773712724,0.7055059369756882,0.006082988223271618,44.19213540558756,-133.9289092872579,0.224964445495189,-0.32416373496701345,22.450596703336288,-0.29234265537367565,0.006153309368096789,44.04227402390748,-115.3702589115101,-0.11426659380557332,-0.33429364539755396,23.420015070376436,False
2025-12-08,439.5799865722656,0.0,0.0382,0.45459624987005914,26.6,O:TSLA260102C00430000,15.45,O:TSLA260102P00430000,0.4364517040650576,0.42927433953957106,0.43286363333463673,-0.02173261653542241,0.21211693617708505,0.014729342873027462,92.8825428389105,-268.581693457598,0.038597414252894896,-0.26707192042692207,8.674389458885917,0.6055793379423946,0.00730608148949989,46.456831725215146,-143.61571943733102,0.18065121379293692,-0.13049082602744344,4.218229085912945,-0.39346240176530956,0.007423261383527572,46.42571111369536,-124.96597402026698,-0.14205379954004202,-0.1365810943994786,4.456160372972972,False
2025-12-09,445.1700134277344,0.0,0.0381,0.4377912769518772,29.24,O:TSLA260102C00430000,12.62,O:TSLA260102P00430000,0.4299313589552181,0.4235477879635354,0.42674081393778324,-0.011050463014093959,0.299689033182416,0.014593722263271752,88.15176288838681,-266.8146085377574,0.06539469351854348,-0.47031479368943097,21.539705084167903,0.6490940348027685,0.007247973856235439,44.11024919192218,-142.64588097975619,0.18551228584929333,-0.23108270919649596,10.526576183978722,-0.3494050016203525,0.007345748407036313,44.041513696464634,-124.1687275580012,-0.12011759233074985,-0.23923208449293498,11.01312890018918,False
2025-12-10,451.45001220703125,0.0,0.0379,0.43757370772399634,35.1,O:TSLA260102C00430000,10.4,O:TSLA260102P00430000,0.48306242488118306,0.4311522533000925,0.45724235317856077,0.019668645454564426,0.37742270234820385,0.013219916231671801,82.86473390718689,-285.6431065949328,0.0842494928928264,-0.5811095557424699,33.71989173686687,0.6812149840603366,0.00630348223618003,41.865039875128346,-160.21655554706518,0.18378518725333642,-0.2554636424348764,14.111564051566583,-0.3037922817121328,0.00691643399549177,40.999694032058535,-125.42655104786762,-0.09953569436051002,-0.32564591330759357,19.60832768530029,False
2025-12-11,446.8900146484375,0.0,0.0377,0.43208975576123315,29.0,O:TSLA260102C00430000,11.65,O:TSLA260102P00430000,0.42482701139564194,0.4387001864796804,0.4317713136285544,-0.0003184421326787312,0.33325545738553275,0.014960909720235328,81.88949584273351,-282.5276752599324,0.06874827697314438,-0.542346035606792,26.310022797940285,0.6685077801595922,0.0075839819148069525,40.85358327426799,-146.84573661466897,0.17126949312261744,-0.280752430329119,13.777409184100838,-0.3352523227740595,0.007376927805428374,41.03591256846553,-135.68193864526341,-0.10252121614947306,-0.2615936052776729,12.532613613839448,False
2025-12-12,458.9599914550781,0.0,0.037599999999999995,0.35574435478945865,37.4,O:TSLA260102C00430000,7.9,O:TSLA260102P00430000,0.43460919976828244,0.4465014171583704,0.4405709927842021,0.08482663799474344,0.5041611114023177,0.012827291783317832,70.84799668857511,-269.2003062115981,0.11076772582213713,-0.823971213100587,62.85573282415484,0.7545296983651255,0.006466397367466744,35.23722341565423,-140.255740645339,0.1838684189965837,-0.421975313147374,32.54684668232628,-0.25036858696280784,0.0063608944158510886,35.61077327292089,-128.94456556625914,-0.07310069317444658,-0.40199589995321294,30.308886141828562,False
2025-12-15,475.30999755859375,0.0,0.0377,0.3700124062691389,51.22,O:TSLA260102C00430000,4.5,O:TSLA260102P00430000,0.477204671829361,0.4587018584635544,0.46803162529915576,0.09801921903001687,0.6742163734815689,0.009390360863076534,55.14954600572801,-242.32529164304188,0.14707876824082705,-0.9179330841953792,101.11203940178737,0.8328625896111643,0.004681938577412067,28.042181247783606,-133.42996550944153,0.19147106413040377,-0.44745202370962983,48.40130547236916,-0.1586462161295954,0.004708422285664467,27.10736475794441,-108.89532613360035,-0.04439229588957671,-0.47048106048574934,52.71073392941822,False
2025-12-16,489.8800048828125,0.0,0.037599999999999995,0.37832833979449376,65.35,O:TSLA260102C00430000,3.1,O:TSLA260102P00430000,0.5659742545087104,0.4984164763953055,0.5334752363950015,0.15514689660050773,0.7527192039102102,0.006879209186164792,45.361426983438236,-246.40730609245065,0.1549125847115067,-0.7942523622298572,102.80601073222627,0.8629285640854087,0.003483903314882168,24.410968404918638,-147.34626827761042,0.1843634460095167,-0.3740802846615436,45.51695463950483,-0.11020936017519856,0.0033953058712826237,20.950458578519594,-99.06103781484025,-0.029450861298010004,-0.42017207756831354,57.28905609272143,False
2025-12-17,467.260009765625,0.0,0.0373,0.4159780071380278,45.15,O:TSLA260102C00430000,5.4,O:TSLA260102P00430000,0.5349791216835486,0.4752592932271415,0.505640752439201,0.08966274530117324,0.5918163833414916,0.011009755481625952,57.7366167097796,-315.28526087696207,0.10761053764742962,-0.8069167601914748,68.43343853819934,0.7838955327457016,0.005372425473055901,29.88169067170712,-179.83210879354561,0.15292049251713632,-0.366298081715488,29.334864035565708,-0.19207914940421,0.005637330008570051,27.854926038072474,-135.45315208341646,-0.04530995486970671,-0.44061867847598685,39.09857450263364,False
2025-12-18,483.3699951171875,0.0,0.0371,0.42642066674044743,61.25,O:TSLA260102C00430000,2.92,O:TSLA260102P00430000,0.6756118051002146,0.49392033259563206,0.5914146105140448,0.16499394377359733,0.7039638259244189,0.00774959620950764,46.19354464308529,-326.9651705723275,0.1205220199244997,-0.7312643220148201,79.90198056188822,0.8188290484927218,0.0038615081507344354,26.607600207834988,-218.32330006220158,0.14603259225750473,-0.30018344337980607,27.6146010677874,-0.1148652225683029,0.0038880880587732047,19.585944435250298,-108.64187051012591,-0.025510572333005032,-0.431080878635014,52.287379494100826,False
2025-12-19,481.20001220703125,0.0,0.0371,0.41401104989787957,55.3,O:TSLA260102C00430000,2.29,O:TSLA260102P00430000,0.5320619907168371,0.4692762223898224,0.5019505153790118,0.08793946548113224,0.7676283093261844,0.008118813661767019,37.39615842743463,-248.69423791175734,0.12372728246755063,-0.8528767395196195,98.14320477420917,0.8704017380551426,0.004138897003528343,20.23473740514612,-149.14053161507525,0.1442608440385557,-0.4055921958885243,43.86685980193357,-0.10277342872895823,0.0039799166582386745,17.161421022288508,-99.55370629668211,-0.02053356157100509,-0.44728454363109527,54.276344972275595,False
2025-12-22,488.7300109863281,0.0,0.037200000000000004,0.4070259791054348,60.75,O:TSLA260102C00430000,1.12,O:TSLA260102P00430000,0.48091685394136363,0.4529838815370173,0.4673982086092234,0.060372229503788566,0.8689331971434601,0.005905856905828807,23.549415739039034,-167.74179721100182,0.1295727610665387,-0.7753760658368163,108.22159388859271,0.9290446603927313,0.003054484668312182,12.531063534600495,-99.0004297857875,0.14046500252876035,-0.3887075671425836,52.72904368035891,-0.06011146324927119,0.0028513722375166253,11.018352204438541,-68.7413674252143,-0.010892241462221633,-0.3866684986942327,55.492550208233794,False
2025-12-23,485.55999755859375,0.0,0.0371,0.3515413103988419,57.22,O:TSLA260102C00430000,0.82,O:TSLA260102P00430000,0.4646861559532312,0.43111311770114663,0.44864090915918353,0.09709959876034163,0.8852117816237963,0.005917028809784745,19.874345817887374,-154.4604089437275,0.11802648588066317,-0.766163519046866,104.6531722343953,0.9361600018624566,0.003110106244657247,10.817084110282922,-93.90953300174188,0.1261402692758056,-0.3875984438456713,51.08098646205501,-0.0509482202386603,0.002806922565127498,9.057261707604452,-60.5508759419856,-0.008113783395142425,-0.37856507520119465,53.5721857723403,False
2025-12-24,485.3999938964844,0.0,0.037200000000000004,0.3524765950922413,52.78,O:TSLA260102C00430000,0.56,O:TSLA260102P00430000,1.0,0.42565714107598,0.00010000000000000002,-0.3523765950922413,0.7535897185696575,0.006002265279272663,30.001635541992844,-480.0398174977563,0.08309324906770729,-0.5228548746142041,60.22150896501151,0.7929391264750263,0.003532955294694063,23.122520560772344,-428.06457753673357,0.08855441638912291,-0.18577905100820685,12.274038452079362,-0.03934940790536878,0.0024693099845786,6.879114981220501,-51.97523996102275,-0.005461167321415622,-0.3370758236059973,47.94747051293215,False
2025-12-26,475.19000244140625,0.0,0.037000000000000005,0.364576105170665,47.36,O:TSLA260102C00430000,0.52,O:TSLA260102P00430000,0.5729716133945759,0.4254431407748814,0.5100803314268588,0.1455042262561938,0.8573999724522406,0.007788914162240798,17.847604940067974,-247.9838184825678,0.07133886805611943,-0.7255140025408691,72.66404061170222,0.9010587533120435,0.004540556928139181,11.655912668247636,-182.38850070911496,0.0755583553940874,-0.36680252255559165,31.613164248950813,-0.043658780859802904,0.0032483572341016165,6.191692271820338,-65.59531777345283,-0.004219487337967966,-0.35871147998527747,41.0508763627514,False
2025-12-29,459.6400146484375,0.0,0.0369,0.38888922503509815,30.74,O:TSLA260102C00430000,0.74,O:TSLA260102P00430000,0.38891435781722494,0.3760865766080489,0.3826051257252694,-0.006284099309828761,0.8442445164854432,0.013145807440672973,16.86669628750488,-216.49148436183285,0.05659818443241781,-1.0439195688679304,85.8366779731765,0.9187732496181235,0.006677325904829885,8.708666519018093,-121.13689822247328,0.062153166652867756,-0.5211919427765378,42.15997816191134,-0.07452873313268027,0.006468481535843088,8.158029768486784,-95.35458613935957,-0.005554982220449946,-0.5227276260913924,43.67669981126516,False
2025-12-30,454.42999267578125,0.0,0.0365,0.39234138127711093,25.42,O:TSLA260102C00430000,0.71,O:TSLA260102P00430000,0.38542947770445085,0.3734516464608721,0.3795261037349701,-0.012815277542140846,0.8280519612430969,0.01667694040759588,15.559743986322903,-260.8606044145721,0.04168591031938899,-1.0952831291567395,74.20162312540428,0.9107452712210894,0.00844507500587952,8.002084375118224,-143.71647024541147,0.0462440436822027,-0.5457287695916815,36.40342562201723,-0.08269330997799251,0.008231865401716358,7.55765961120468,-117.14413416916065,-0.004558133362813716,-0.549554359565058,37.79819750338705,False
2025-12-31,449.7200012207031,0.0,0.0374,0.39486759583191783,20.7,O:TSLA260102C00430000,0.69,O:TSLA260102P00430000,0.4121332013542707,0.3889972925308516,0.40083226836919794,0.0059646725372801135,0.8004818539071703,0.02180760092251826,14.028555976635607,-367.15563992332704,0.026873230183831885,-1.0898852136210322,56.075282064178325,0.8939324017629309,0.011093329662552463,7.338602812723633,-204.80369895491117,0.03026343498508331,-0.5382238898098562,26.905157247137485,-0.09345054785576057,0.010714271259965795,6.689953163911974,-162.3519409684159,-0.003390204801251422,-0.5516613238111759,29.170124817040836,True
2026-01-02,438.07000732421875,0.0,0.037200000000000004,0.3800976496435781,21.37,O:TSLA260206C00450000,31.45,O:TSLA260206P00450000,0.47065541861213556,0.46714916352012,0.46890234601646663,0.08880469637288851,-0.0662247920130532,0.012289970935813788,109.71190701511763,-256.2345421323679,-0.08118164198631261,0.3913599743541667,4.4873767982999135,0.4672306496568749,0.0061224512449910605,54.859886701391574,-136.95244092907026,0.18185489495762563,0.1946989962780219,2.2091437819550466,-0.5334554416699281,0.006167519690822728,54.85202031372606,-119.2821012032976,-0.26303653694393825,0.19666097807614483,2.278233016344867,False
2026-01-05,451.6700134277344,0.0,0.0371,0.3916077868920537,27.1,O:TSLA260206C00450000,24.25,O:TSLA260206P00450000,0.45949879683310735,0.4668764281391515,0.46318757451549175,0.07157978762343803,0.09718610628562574,0.012267227216466918,110.3898002380773,-268.16215221577227,-0.007099000065713457,0.03561321521883561,-0.6061818491081772,0.5485273475405742,0.0061825858365871155,55.19601845244767,-141.33938581092838,0.21014605183726023,0.017117422625892918,-0.290948894829493,-0.45134124125494846,0.006084641379879802,55.19378178562964,-126.8227664048439,-0.2172450519029737,0.018495792592942695,-0.31523295427868414,False
2026-01-06,432.9599914550781,0.0,0.037000000000000005,0.4181828027658746,18.1,O:TSLA260206C00450000,34.23,O:TSLA260206P00450000,0.47301457544302083,0.48481991902572585,0.47891921036541474,0.06073640759954013,-0.13589776677635673,0.012553539805675914,102.8459273883974,-265.7190211227643,-0.10146312724891621,0.5186567465997316,11.616205884938864,0.43052071796470753,0.00634994990574805,51.388702257738984,-139.39043741171477,0.15360554232293094,0.2640835308739621,6.046602299569165,-0.5664184847410643,0.006203589899927865,51.457225130658415,-126.32858371104953,-0.25506866957184715,0.2545732157257695,5.5696035853697,False
2026-01-07,431.4100036621094,0.0,0.037000000000000005,0.4011632618157359,16.51,O:TSLA260206C00450000,33.0,O:TSLA260206P00450000,0.46543527510715255,0.45236610490310525,0.4589043157935143,0.0577410539777784,-0.17380523803312736,0.013317584195674522,99.28085830945678,-256.33280465662324,-0.10868289699523948,0.6030078306114999,16.886933136679517,0.41506700396215396,0.006571367012620209,49.69555914570688,-138.4866977060489,0.14191227259465633,0.29489183175941497,8.0640173279079,-0.5888722419952813,0.0067462171830543136,49.585299163749895,-117.84610695057432,-0.2505951695898958,0.3081159988520849,8.822915808771617,False
2026-01-08,435.79998779296875,0.0,0.037000000000000005,0.4001418806997692,17.82,O:TSLA260206C00450000,31.2,O:TSLA260206P00450000,0.46531623806513306,0.47670007127650155,0.47100956286638973,0.07086768216662054,-0.11543934291283448,0.013325879023985462,99.32455676992709,-277.0225773686494,-0.08277372019353649,0.47138584657094085,8.613790202966307,0.440939063964881,0.006740171611613631,49.63777932841824,-145.0342142896943,0.1452843655777807,0.23989544059760584,4.484402624447346,-0.5563784068777154,0.006585707412371831,49.68677744150884,-131.9883630789551,-0.2280580857713172,0.23149040597333503,4.129387578518962,False
2026-01-09,445.010009765625,0.0,0.037000000000000005,0.4043596838431119,21.03,O:TSLA260206C00450000,24.66,O:TSLA260206P00450000,0.454674121543272,0.45386435466538,0.4542692433461547,0.04990955950304282,-0.0001583304036523736,0.014010142714973372,100.02868450751033,-284.5785751258183,-0.03631782429720279,0.22512722234895421,0.005603506835727447,0.49996640990410507,0.006998828000013129,50.01434338755518,-150.71745626638602,0.159888934090405,0.11246313212428274,0.001187123385037177,-0.5001247403077574,0.007011314714960242,50.014341119955155,-133.86111885943228,-0.1962067583876078,0.11266409022467146,0.00441638345069027,False
2026-01-12,448.9599914550781,0.0,0.0371,0.4039375989129602,22.57,O:TSLA260206C00450000,22.44,O:TSLA260206P00450000,0.4571212913472871,0.45889386750111566,0.4580075789496302,0.05406998003666996,0.053199278952523854,0.014099966143145416,98.14257410526119,-297.30599145223334,-0.015928071085124035,0.10261834078714978,-0.8441064031882402,0.5265541647478468,0.007063679197454501,49.071661113377594,-156.6907547942071,0.1612223536829661,0.051296632090651925,-0.4212274520963983,-0.4733548857953229,0.007036286945690915,49.07091299188359,-140.61523665802625,-0.17715042476809015,0.05132170869649785,-0.4228789510918418,False
2026-01-13,447.20001220703125,0.0,0.037200000000000004,0.39179430675587207,21.36,O:TSLA260206C00450000,23.2,O:TSLA260206P00450000,0.46408496592200726,0.46899824676080903,0.46654158368557697,0.0747472769297049,0.026800589101281802,0.014301409117702104,95.30873603161632,-310.04662755880247,-0.023267697304827695,0.15570240005791058,-0.6251703986789182,0.5132090454886826,0.007188472826788138,47.65513594838027,-162.5552967986401,0.1486764938623529,0.0781112049194084,-0.3091661023355417,-0.4864084563874008,0.007112936290913966,47.65360008323604,-147.49133076016236,-0.1719441911671806,0.07759119513850218,-0.3160042963433765,False
2026-01-14,439.20001220703125,0.0,0.037200000000000004,0.3709278085755075,16.99,O:TSLA260206C00450000,29.07,O:TSLA260206P00450000,0.4671687156673569,0.5203776934475285,0.49379098790138964,0.12286317932588214,-0.08458676298293583,0.014124493246150258,90.49868114790031,-328.12932753359746,-0.056134072408301455,0.37827116318232035,4.6254528601621745,0.4526951712474598,0.0074333101529368605,45.18861948616506,-163.23182487464646,0.1226656079581398,0.2036711178543554,2.7614229869880798,-0.5372819342303956,0.006691183093213399,45.310061661735254,-164.89750265895103,-0.17879968036644125,0.17460004532796491,1.864029873174095,False
2026-01-15,438.57000732421875,0.0,0.0375,0.3483316632824716,15.9,O:TSLA260206C00450000,26.5,O:TSLA260206P00450000,0.4636157454219451,0.4691168010321307,0.46636656339764604,0.11803490011517442,-0.11128241820199963,0.015331218868565996,87.31453684629864,-317.2545811863058,-0.05790801966089433,0.4361743891040879,6.745327947916363,0.4437589666000766,0.007709191000228078,43.64799319217008,-166.05966458338366,0.11347261792506848,0.2200261666097081,3.439239514804027,-0.5550413848020762,0.007622027868337918,43.66654365412857,-151.19491660292218,-0.1713806375859628,0.21614822249437982,3.3060884331123357,False
2026-01-16,437.5,0.0,0.0375,0.31305009955351937,14.15,O:TSLA260206C00450000,25.6,O:TSLA260206P00450000,0.44893983278105515,0.4478257971380159,0.44838283395171163,0.13533273439819227,-0.14474353857005906,0.01639617734310913,83.76021137587055,-311.6104728462605,-0.061354344121644255,0.5107008161443287,9.943837776722546,0.42777046511128825,0.008188446453985272,41.88287511803615,-164.4317681890329,0.10297593957512408,0.2548517787635801,4.952329602287036,-0.5725140036813473,0.008207730889123858,41.87733625783441,-147.1787046572276,-0.16433028369676833,0.25584903738074855,4.991508174435511,False
2026-01-20,419.25,0.0,0.0375,0.3085424521211113,7.79,O:TSLA260206C00450000,38.0,O:TSLA260206P00450000,0.48673832070751677,0.49689319073541177,0.4918256230130793,0.183283170891968,-0.4248714503172345,0.01456092532996704,64.93091423620471,-301.1301354645067,-0.11551292151156776,0.9321322612007131,49.762272162544505,0.2851981165378228,0.007327305505692047,32.33916431143921,-156.755533891084,0.05766392994683607,0.47307648772169353,25.56331957683059,-0.7100695668550573,0.007233619824274993,32.5917499247655,-144.37460157342264,-0.17317685145840384,0.4590557734790196,24.19895258571391,False
2026-01-21,431.44000244140625,0.0,0.0375,0.3339889116209282,10.35,O:TSLA260206C00450000,27.28,O:TSLA260206P00450000,0.4656718334142406,0.4421939668409706,0.45395770544558767,0.11996879382465947,-0.2795789178530737,0.017520078145603017,70.45408732821888,-329.90729527530107,-0.07535787095290278,0.7541048545233068,25.446598524301272,0.36463250012185616,0.008570532238799328,35.37604581323548,-178.48435943720776,0.06998430797275698,0.3612653807381766,11.771803054690483,-0.6442114179749299,0.00894954590680369,35.0780415149834,-151.4229358380933,-0.14534217892565976,0.3928394737851302,13.67479546961079,False
2026-01-22,449.3599853515625,0.0,0.0379,0.3665105278342263,18.1,O:TSLA260206C00450000,18.1,O:TSLA260206P00450000,0.4821288913081791,0.4849050550426887,0.48351697217077017,0.11700644433654389,0.04210691527202548,0.01755238488783832,74.8040663790953,-413.6449875016772,-0.007542349558404535,0.07946417681854259,-0.3938920942917812,0.5209983062009564,0.00880145130754283,37.402306566808825,-214.74375369495507,0.09429260728845862,0.03972155646143971,-0.1963774446186659,-0.47889139092893096,0.00875093358029549,37.40175981228648,-198.9012338067221,-0.10183495684686315,0.039742620357102874,-0.19751464967311524,False
2026-01-23,449.05999755859375,0.0,0.0378,0.3665556972496149,17.12,O:TSLA260206C00450000,17.5,O:TSLA260206P00450000,0.4834767039115163,0.48668774595585396,0.4850822310850025,0.11852653383538758,0.033659454507162456,0.018371249180370232,71.31115633013212,-435.11906149078635,-0.007740033905234173,0.08945317970264914,-0.3376714819461418,0.5167579179497609,0.009216096924753172,35.65584923459824,-225.33308772947572,0.0852917894336919,0.044760201865294086,-0.16824180072984946,-0.48309846344259844,0.009155152255617062,35.655307095533885,-209.78597376131063,-0.09303182333892607,0.044692977837355055,-0.16942968121629237,False
2026-01-26,435.20001220703125,0.0,0.0377,0.3787147052808522,10.2,O:TSLA260206C00450000,24.3,O:TSLA260206P00450000,0.4897736989657131,0.4867593844964666,0.4882668076232076,0.1095521023423554,-0.23711527801657722,0.018985054488287106,62.70251108372988,-423.42701086941486,-0.049175918531173965,0.6151574485653737,15.264171448657738,0.38190592382669347,0.009466708825265483,31.362757888341953,-220.9305611145673,0.05571623668261247,0.30601511085726985,7.562524833751181,-0.6190212018432707,0.009518345663021621,31.339753195387928,-202.49644975484756,-0.10489215521378643,0.30914233770810384,7.701646614906557,False
2026-01-27,430.8999938964844,0.0,0.0377,0.3745657020637191,8.34,O:TSLA260206C00450000,27.0,O:TSLA260206P00450000,0.5093847197817098,0.5128844367157622,0.5111352212876081,0.13656951922388905,-0.32373601942191377,0.018634799784823294,56.14336075662528,-445.384543277976,-0.055504078981896764,0.7277098623571998,23.330063147141924,0.3374953058278548,0.009342523056434723,28.05126903948239,-230.21815269321348,0.0435195953083539,0.36585862161556737,11.77791119753962,-0.6612313252497686,0.00929227672838857,28.09209171714289,-215.1663905847625,-0.09902367429025066,0.36185124074163244,11.552151949602305,False
2026-01-28,431.4599914550781,0.0,0.037599999999999995,0.3598841287187807,8.0,O:TSLA260206C00450000,26.01,O:TSLA260206P00450000,0.5252015563988297,0.5229016689218166,0.5240518854215741,0.16416775670279338,-0.3299468347902356,0.019335578940526225,52.39721070103113,-487.62822133657994,-0.04899134958867366,0.713868585904078,21.872477720680976,0.33543703427685295,0.00965121583571292,26.211181204822722,-252.93171696269317,0.03797990553966881,0.3556724090790852,10.868659084847618,-0.6653838690670886,0.009684363104813305,26.186029496208405,-234.6965043738868,-0.08697125512834247,0.3581961768249928,11.003818635833358,False
2026-01-29,416.55999755859375,0.0,0.037200000000000004,0.3761382294078103,1.69,O:TSLA260206C00450000,35.4,O:TSLA260206P00450000,0.4233013421077171,0.46972148837887595,0.4472507599353791,0.07111253052756883,-0.7174165401729933,0.01557009024967223,28.740985553209946,-257.8964237293193,-0.07998500767213379,1.1455692875920853,79.42313196124366,0.1279836634674179,0.007691172368973188,13.450797170112958,-121.48892131802228,0.012291160605125594,0.5938731913447893,43.36258236595088,-0.8454002036404111,0.007878917880699042,15.29018838309699,-136.40750241129703,-0.09227616827725939,0.5516960962472961,36.060549595292784,False
2026-01-30,430.4100036621094,0.0,0.037200000000000004,0.39770429194509455,3.57,O:TSLA260206C00450000,22.78,O:TSLA260206P00450000,0.42513648388827713,0.4225964137081735,0.4238674772918225,0.026163185346727957,-0.518113734585905,0.024246297358038897,37.77520574854959,-394.21946043209414,-0.04947447111121202,1.1215713468889854,47.82162246031254,0.24165534512291853,0.012106315106800285,18.917969764904598,-206.41292319436906,0.01992874563081819,0.5584582047007804,23.733848347100608,-0.7597690797088236,0.012139982251238612,18.85723598364499,-187.80653723772505,-0.0694032167420302,0.5631131421882051,24.08777411321193,True
2026-02-02,421.80999755859375,0.0,0.037200000000000004,0.39349409737141244,18.31,O:TSLA260306C00430000,24.35,O:TSLA260306P00430000,0.410660459434143,0.3985189478830074,0.4045902427211404,0.01109614534972797,-0.050423951506612885,0.01512270560789284,103.65544904031097,-217.79653759383592,-0.060885073201808554,0.3703135314767202,3.0511579366171135,0.47591173461878694,0.007449246098244882,51.83697498154157,-118.54538578575603,0.17374697868348254,0.18147780563916147,1.4272674046085996,-0.5263356861253998,0.007673459509647957,51.81847405876939,-99.2511518080799,-0.2346320518852911,0.1888357258375587,1.623890532008514,False
2026-02-03,421.9599914550781,0.0,0.037200000000000004,0.37434137945910456,18.15,O:TSLA260306C00430000,24.71,O:TSLA260306P00430000,0.41546497895231393,0.4150211146365044,0.41524305683076396,0.040901677371659395,-0.04837683057829045,0.015045396666763682,101.52563944696797,-228.59775483462357,-0.057749246087345274,0.35696460883752645,2.7607322367053984,0.4758511956591186,0.007518723125923624,50.76312607064767,-122.3323854602013,0.16669539001773173,0.17835689433874807,1.377132948849457,-0.524228026237409,0.007526673540840057,50.76251337632031,-106.26536937442228,-0.224444636105077,0.17860771449877835,1.3835992878559413,False
2026-02-04,406.010009765625,0.0,0.037200000000000004,0.3696153442048157,12.11,O:TSLA260306C00430000,33.51,O:TSLA260306P00430000,0.43849947718097665,0.41175736616591196,0.4251667190767825,0.05555137487196682,-0.28768106145942907,0.014626661205705046,89.41481392724515,-211.7067413469805,-0.14179645208712774,0.8680276269183136,38.48197582686274,0.36195490374966555,0.0071252175931714465,44.963781955330774,-117.9386362090271,0.1177238455608963,0.41268067639444583,17.48757996042647,-0.6496359652090946,0.0075014436125335985,44.45103197191437,-93.76810513795338,-0.25952029764802403,0.4553469505238678,20.99439586643627,False
2026-02-05,397.2099914550781,0.0,0.037200000000000004,0.3755570629709803,9.1,O:TSLA260306C00430000,38.99,O:TSLA260306P00430000,0.4468024520050381,0.40672910255316813,0.4269443089209497,0.05138724594996941,-0.423271083448831,0.013964956226452309,78.25181328960576,-192.49600148064238,-0.18018125286658437,1.0927417433901812,70.24441597866405,0.29928729591135583,0.006779261381471691,39.825112304254425,-110.84755941165915,0.09148325354296132,0.5094947157018072,30.755835745367364,-0.7225583793601869,0.007185694844980619,38.426700985351346,-81.64844206898323,-0.2716645064095457,0.5832470276883739,39.48858023329669,False
2026-02-06,411.1099853515625,0.0,0.037200000000000004,0.3975436595200437,11.92,O:TSLA260306C00430000,27.9,O:TSLA260306P00430000,0.41296535706353843,0.3755180503556578,0.3943039490476251,-0.003239710472418611,-0.2534245920304778,0.01661416697440212,87.68866944839158,-212.50629977848132,-0.11428998437885285,0.8368731294307963,31.48061451762819,0.3810968895553681,0.007967830035612543,44.136631831152016,-120.21427132411587,0.1148831243512968,0.38660344294355725,13.549059663210784,-0.6345214815858459,0.008646336938789577,43.55203761723956,-92.29202845436546,-0.22917310873014965,0.450269686487239,17.931554854417406,False
2026-02-09,417.32000732421875,0.0,0.037200000000000004,0.39332111064885944,13.05,O:TSLA260306C00430000,24.45,O:TSLA260306P00430000,0.39327176455871043,0.3915845591090495,0.3924282250627875,-0.0008928855860719231,-0.15685496798622356,0.017399384835498043,89.6568852766961,-229.49472318325422,-0.07762760362651452,0.6093582530641504,13.816826201975005,0.42182954234531944,0.0086821216754342,44.834270486732116,-122.99149943198047,0.12288770818735278,0.30363972332996086,6.8619074008162535,-0.578684510331543,0.008717263160063844,44.82261478996398,-106.50322375127377,-0.2005153118138673,0.30571852973418945,6.954918801158752,False
2026-02-10,425.2099914550781,0.0,0.037200000000000004,0.39888145549164733,16.35,O:TSLA260306C00430000,20.49,O:TSLA260306P00430000,0.3980716518074552,0.40890623943825277,0.40348907216787344,0.004607616676226112,-0.02021227046577395,0.017398304746283115,90.64407706446367,-254.32717539015684,-0.032453185251449385,0.2633141782978621,0.7589689213293298,0.48918079137702913,0.008815554307739094,45.31998550172991,-133.41376005646168,0.13689611437244417,0.13375498183760068,0.41227603006599906,-0.5093930618428031,0.008582750438544022,45.32409156273376,-120.91341533369516,-0.16934929962389356,0.12955919646026143,0.3466928912633308,False
2026-02-11,428.2699890136719,0.0,0.0371,0.4002740934400377,17.25,O:TSLA260306C00430000,17.75,O:TSLA260306P00430000,0.3959301220390017,0.39243131965196393,0.3941807226061821,-0.006093370833855638,0.028924594707766427,0.018185527798193855,88.69443673518907,-258.288492573845,-0.015254440095983868,0.13375367712625053,-0.5394645077126474,0.5145792907352242,0.009052312837532871,44.34674649418021,-137.67342254248723,0.13703137865981033,0.06674208217763995,-0.27137173911065193,-0.4856546960274578,0.009133214960660984,44.34769024100887,-120.6150700313578,-0.1522858187557942,0.06701159494861056,-0.26809276860199543,False
2026-02-12,417.07000732421875,0.0,0.037200000000000004,0.4057008373243615,12.4,O:TSLA260306C00430000,24.05,O:TSLA260306P00430000,0.41701760052000386,0.41053082425864124,0.4137750976338983,0.008074260309536785,-0.17262094326343497,0.01791866271971315,81.88070384680795,-262.77297206596495,-0.06885397972774247,0.6069972480833339,13.912481347723404,0.41467379992812975,0.008894039146259879,40.962908258497066,-140.49513376176355,0.10193524112583281,0.299677520454278,6.788087657802699,-0.5872947431915647,0.00902462357345327,40.91779558831088,-122.2778383042014,-0.17078922085357529,0.30731972762905585,7.124393689920704,False
2026-02-13,417.44000244140625,0.0,0.037200000000000004,0.40584801517453245,11.33,O:TSLA260306C00430000,22.95,O:TSLA260306P00430000,0.40043158534501994,0.4007120161034912,0.4005718090951442,-0.005276206079388224,-0.1833135509998587,0.019039337203983188,79.10628619670572,-262.0552319575344,-0.0659538149862642,0.6389947978694426,15.08575208268671,0.4082984260595621,0.009522746298342486,39.55208547163206,-138.9572915986277,0.09470839045900355,0.31967936155906324,7.550925344909402,-0.5916119770594208,0.009516590905640703,39.554200725073656,-123.09794035890664,-0.16066220544526774,0.31931543631037934,7.534826737777308,False
2026-02-17,410.6300048828125,0.0,0.037200000000000004,0.40895315705127305,7.87,O:TSLA260306C00430000,26.59,O:TSLA260306P00430000,0.40493085763297443,0.4100743922814105,0.4075044661089777,-0.0014486909422953276,-0.33353548412729916,0.019131988348640296,67.8143019644144,-261.46773098487375,-0.08843078599941241,0.9342480975100185,37.55803454443988,0.33203098756253013,0.009612742626179884,33.85886219982537,-137.66552044857318,0.06627517930843684,0.4718336235066896,19.112288180185185,-0.6655664716898293,0.009519245722460412,33.95543976458903,-123.80221053630058,-0.15470596530784925,0.4624144740033289,18.44574636425469,False
2026-02-18,411.32000732421875,0.0,0.0371,0.3824025137860219,6.95,O:TSLA260306C00430000,25.67,O:TSLA260306P00430000,0.3866564099818462,0.41130918183192244,0.39902815578430895,0.016625641998287033,-0.34491070412601177,0.02017632645867803,64.80683198796945,-265.0847875979506,-0.08308984445110122,0.9673392356251115,38.861342833694266,0.32159027437129617,0.01032555593678015,32.16466503895753,-135.2346897481987,0.0596792923856186,0.5075423627260149,21.103960790018533,-0.6665009784973079,0.00985077052189788,32.642166949011916,-129.85009784975188,-0.14276913683671982,0.45979687289909654,17.757382043675733,False
2026-02-19,411.7099914550781,0.0,0.037200000000000004,0.3660595298752084,6.45,O:TSLA260306C00430000,23.97,O:TSLA260306P00430000,0.38408478968544585,0.38171598210460017,0.38290086918473243,0.016841339309524028,-0.3709343057853327,0.021557689222571258,61.07450324652268,-261.05769715259964,-0.07994091105230243,1.0440774732580995,43.38241434728117,0.31515114424295154,0.010754570984562952,30.562941978301684,-139.0489656264005,0.05382181047367303,0.5194777784753782,21.506591981133127,-0.6860854500282842,0.010803118238008308,30.511561268220998,-122.00873152619917,-0.13376272152597546,0.5245996947827214,21.875822366148043,False
2026-02-20,411.82000732421875,0.0,0.037200000000000004,0.32818717746682796,5.15,O:TSLA260306C00430000,23.85,O:TSLA260306P00430000,0.3569140168539228,0.3972610572383568,0.3772536114692689,0.04906643400244093,-0.396381079122219,0.02257329142171825,57.17296287021587,-264.73493880641,-0.07628478528067102,1.102975000790519,47.24411496992845,0.2907224865053736,0.01170434939440316,28.114167306818068,-130.6948913567608,0.045466403381730594,0.5975937914219389,27.026000273327696,-0.6871035656275926,0.010868942027315089,29.0587955633978,-134.04004744964922,-0.12175118866240162,0.5053812093685801,20.21811469660075,False
2026-02-23,399.8299865722656,0.0,0.037200000000000004,0.3395235485419818,2.43,O:TSLA260306C00430000,32.87,O:TSLA260306P00430000,0.37607580852449046,0.4184613845673918,0.3977795903146266,0.05825604177264482,-0.6398884357539205,0.01746646631916652,39.60663015612592,-210.0211071427114,-0.1039809230982992,1.3088920380407607,90.91966376332054,0.16619117913036335,0.008776233018261088,18.84413630406878,-101.59701082040574,0.022863648900043634,0.689928401427738,50.53245685743011,-0.8060796148842838,0.008690233300905431,20.762493852057137,-108.42409632230567,-0.12684457199834284,0.6189636366130227,40.38720690589043,False
2026-02-24,409.3800048828125,0.0,0.037200000000000004,0.3410448479200442,3.53,O:TSLA260306C00430000,23.85,O:TSLA260306P00430000,0.3595216234165048,0.36867708959828877,0.3641150503382087,0.023070202418164487,-0.5203981550316504,0.02340109541028321,45.328109334056045,-251.01575814498412,-0.07632399976122654,1.3175548997542648,67.95910645627511,0.23678558277516792,0.011767389003110465,22.508565954786192,-130.9286562510803,0.02965247080402472,0.6701265793759659,35.031108105012784,-0.7571837378068184,0.011633706407172746,22.819543379269852,-120.08710189390382,-0.10597647056525127,0.6474283203782988,32.927998351262325,False
2026-02-25,417.3999938964844,0.0,0.0371,0.3489217604596628,4.98,O:TSLA260306C00430000,17.8,O:TSLA260306P00430000,0.35142108723010645,0.3777624150416495,0.3646447005301714,0.015722940070508618,-0.34196646515631657,0.028546788219774653,50.31826870990001,-324.17663593623354,-0.04597688901918026,1.000731973652383,30.895621611548435,0.32243858425646443,0.014674206676624304,24.95656593998929,-162.67312117192958,0.036001628639066474,0.5302839706108108,17.002290924250154,-0.664405049412781,0.01387258154315035,25.36170276991072,-161.50351476430393,-0.08197851765824674,0.47044800304157225,13.893330687298281,False
2026-02-26,408.5799865722656,0.0,0.0374,0.3556728449903986,2.01,O:TSLA260306C00430000,23.35,O:TSLA260306P00430000,0.34147923283093495,0.35954872246383707,0.3506142302900554,-0.005058614700343189,-0.6327258683777015,0.02404244330895077,33.49260957664579,-236.0562932648574,-0.06759026828706789,1.4491186147621782,82.45717115787618,0.17709177705756546,0.012064007446541335,16.3742260977831,-120.05156771786592,0.016749084736247324,0.7447557823414346,43.50249212815194,-0.809817645435267,0.011978435862409438,17.11838347886269,-116.00472554699147,-0.08433935302331522,0.7043628324207436,38.95467902972423,False
2026-02-27,402.510009765625,0.0,0.0374,0.3386024061500698,1.05,O:TSLA260306C00430000,28.25,O:TSLA260306P00430000,0.3663584089962171,0.3691057858632382,0.3677361792683602,0.029133773118290407,-0.7832470985116058,0.017845480701452372,21.095323878449985,-182.60479119785344,-0.06836603120452456,1.3021827584041943,91.19709385598851,0.10748204324554261,0.008903083015603741,10.48502380582192,-98.37892249820426,0.008375515531030307,0.6519913012245724,45.8390502536787,-0.8907291417571483,0.00894239768584863,10.610300072628066,-84.2258686996492,-0.07674154673555486,0.6501914571796218,45.35804360230981,True
2026-03-02,403.32000732421875,0.0,0.0374,0.31329731570264735,21.5,O:TSLA260410C00405000,22.33,O:TSLA260410P00405000,0.39367170765353504,0.41000464946722476,0.4018377931512892,0.08854047744864185,0.05520044695796078,0.01448368933944896,108.90483141732656,-189.3319083704323,-0.024818654941660273,0.13286865895168334,-1.2587099545464966,0.5270576818711022,0.0073897023770905105,54.457555329763544,-100.29227327942327,0.21988548949458817,0.0663970910153697,-0.6166112422454301,-0.47185723491314147,0.007093986962358448,54.44727608756302,-89.03963509100903,-0.24470414443624844,0.06647156793631365,-0.6420987123010665,False
2026-03-03,392.42999267578125,0.0,0.0375,0.3192602598571641,17.1,O:TSLA260410C00405000,27.72,O:TSLA260410P00405000,0.4184000071971427,0.4132604732697475,0.4158305206373335,0.09657026078016939,-0.10193549770546928,0.014549055743929692,103.51820496139266,-190.52640744022446,-0.09424727401995506,0.5076146265306002,8.507414016162862,0.4496844417646456,0.007231108402644053,51.770031662748366,-103.44897962336024,0.17707740243123624,0.251539091963417,4.160973470112288,-0.5516199394701149,0.0073179473412856395,51.74817329864428,-87.07742781686422,-0.2713246764511913,0.2560755345671832,4.346440546050573,False
2026-03-04,405.94000244140625,0.0,0.0375,0.34634871433782144,23.33,O:TSLA260410C00405000,21.15,O:TSLA260410P00405000,0.4171193202770993,0.4244106881767616,0.4207649722456933,0.07441625790787187,0.09145364941658918,0.014178303628805743,105.32176228450984,-206.5307901353454,-0.007880684284920919,0.04304195458888956,-0.6570173456164462,0.5456483422408485,0.007150736442129,52.66207907209905,-109.94112294415498,0.212325524337195,0.02077045866683695,-0.31648672723331656,-0.4541946928242593,0.007027567186676743,52.659683212410805,-96.58966719119041,-0.22020620862211593,0.022271495922052614,-0.34053061838312965,False
2026-03-05,405.54998779296875,0.0,0.0375,0.31904109714770296,22.8,O:TSLA260410C00405000,23.62,O:TSLA260410P00405000,0.41948373883626267,0.47627162288576524,0.4478742231473327,0.12883312599962976,0.08632526177587174,0.013650628336036783,103.32798051635885,-223.8403742107077,-0.011773038478389147,0.062272360794372754,-0.881780353769086,0.5422711205904214,0.007259672655331927,51.67657966618423,-112.4443533117794,0.203375762092598,0.027032027950362802,-0.37381627619625063,-0.45594585881454963,0.006390955680704857,51.651400850174625,-111.3960208989283,-0.21514880057098715,0.03524033284400995,-0.5079640775728355,False
2026-03-06,396.7300109863281,0.0,0.0375,0.3191081076379593,19.08,O:TSLA260410C00405000,25.53,O:TSLA260410P00405000,0.44391924618496637,0.4375698142626332,0.4407446422338486,0.1216365345958893,-0.04180022187726684,0.014468173639039066,99.56527835863534,-218.87493568193872,-0.06070774056011807,0.34574066298523753,2.264941041010935,0.47964866769310244,0.007182501404116209,49.78623335622138,-117.80979189181825,0.16985220357486322,0.1712963562313214,1.0924062801148382,-0.5214488895703693,0.007285672234922857,49.77904500241395,-101.06514379012047,-0.2305599441349813,0.17444430675391612,1.1725347608960968,False
2026-03-09,398.67999267578125,0.0,0.0375,0.2922553428479062,18.04,O:TSLA260410C00405000,23.1,O:TSLA260410P00405000,0.41307554881114833,0.4168227836817793,0.4149491908237338,0.12269384797582761,-0.024655062756964163,0.015621281715440142,98.12108323699172,-211.84378972303608,-0.04854236213271593,0.3055204479961702,1.1618753489950793,0.4873862612888483,0.007845734939469221,49.059453325665864,-113.00278635162492,0.1678772867437367,0.15358069281818826,0.5975476720539881,-0.5120413240458125,0.007775546775970921,49.06162991132586,-98.84100337141115,-0.21641964887645262,0.15193975517798194,0.5643276769410913,False
2026-03-10,399.239990234375,0.0,0.0375,0.285988825049269,17.85,O:TSLA260410C00405000,22.54,O:TSLA260410P00405000,0.4128613383880172,0.4193842777116043,0.41612285190150144,0.13013402685223247,-0.019040754176799568,0.015893643076441304,96.20857003098617,-217.5202292485276,-0.04380206753042748,0.28674849251284906,0.8258053336258393,0.49001204513265556,0.008008884457108383,48.10293904059892,-115.46424527947576,0.16226171804008893,0.144673251643463,0.4369158594609703,-0.5090527993094551,0.007884758619332922,48.10563099038725,-102.05598396905185,-0.2060637855705164,0.14207524086938605,0.388889474164869,False
2026-03-11,407.82000732421875,0.0,0.0375,0.28863654404802785,22.28,O:TSLA260410C00405000,18.2,O:TSLA260410P00405000,0.42137919220950687,0.42271883010073397,0.4220490156061948,0.13341247155816693,0.1146951330746655,0.015526744156085247,95.14837804263557,-230.22775105886683,0.005495608739380237,-0.036569252756579684,0.6356321514774912,0.5573598136687199,0.007775658311533917,47.57397614717826,-122.50116760191047,0.1789878822395739,-0.01852772049477363,0.3221097737773978,-0.4426646805940544,0.00775108584455133,47.574401895457314,-107.72658345695635,-0.17349227350019367,-0.01804153226180606,0.31352237770009334,False
2026-03-12,395.010009765625,0.0,0.037599999999999995,0.3045433030695151,16.34,O:TSLA260410C00405000,24.39,O:TSLA260410P00405000,0.44398108638166384,0.4290971783415231,0.4365407878294588,0.13199748475994372,-0.08788400374227767,0.015935791273057366,90.42922920849364,-234.02044519366666,-0.06287088431373286,0.42961104606428097,5.4117346102866275,0.4576559158688328,0.00783560492102425,45.234725149995676,-126.68306839478012,0.13703222316386973,0.20953004523189933,2.5407642805429873,-0.5455399196111105,0.008100186352033117,45.19450405849797,-107.33737679888655,-0.1999031074776026,0.22008100083238163,2.8709703297436406,False
2026-03-13,391.20001220703125,0.0,0.0375,0.29397057224809275,13.25,O:TSLA260410C00405000,26.7,O:TSLA260410P00405000,0.42297541809262257,0.4427778186853241,0.4328838382989169,0.13891326605082416,-0.15776391838724896,0.016404432162790836,86.20644766969293,-231.29089636444115,-0.0806882911102546,0.5804920824878192,12.750251152000548,0.41824648661153924,0.008377845241937515,43.04023523370031,-120.3300585545584,0.11933970687935086,0.30057437824999955,6.8365369824981785,-0.5760104049987882,0.008026586920853321,43.16621243599263,-110.96083780988273,-0.20002799798960547,0.27991770423781964,5.91371416950237,False
2026-03-16,395.55999755859375,0.0,0.0375,0.29801248276014003,13.85,O:TSLA260410C00405000,22.75,O:TSLA260410P00405000,0.4042264834674792,0.4182669237865278,0.41124853837266573,0.1132360556125257,-0.10138433215027276,0.017723224766516665,85.96076419790299,-231.5591913875515,-0.0578320689436108,0.4627121831759446,6.408638500415753,0.4476843561946129,0.009008254404704714,42.957915311674476,-121.27690914531168,0.1230747791279314,0.23727742896371842,3.3893569616422057,-0.5490686883448856,0.008714970361811953,43.002848886228506,-110.28228224223983,-0.1809068480715422,0.22543475421222617,3.019281538773548,False
2026-03-17,399.2699890136719,0.0,0.0374,0.2961900987985146,13.25,O:TSLA260410C00405000,18.75,O:TSLA260410P00405000,0.36128622300481056,0.38130911689379415,0.3712991667747498,0.07510906797623518,-0.05352947438546696,0.020106862435038522,84.94924037926847,-218.79583873514338,-0.038123366178423615,0.3570737187826767,2.5646715121600208,0.47144964161062153,0.010321480053803967,42.46182718552473,-113.93057708685483,0.1249897808759803,0.1852378195600634,1.4158101695941128,-0.5249791159960885,0.009785382381234555,42.487413193743734,-104.86526164828854,-0.1631131470544039,0.1718358992226133,1.1488613425659082,False
2026-03-18,392.7799987792969,0.0,0.0373,0.30065599109399793,10.8,O:TSLA260410C00405000,21.63,O:TSLA260410P00405000,0.3822653309700968,0.3728581514498471,0.3775640765398741,0.07690808544587618,-0.18794175103490351,0.02014003672376253,79.12857117888743,-217.47292581552267,-0.07167642589742709,0.6900934241954193,16.745579310500176,0.40765169577728755,0.009954584269501323,39.603644093714856,-117.7769881616372,0.1007300140351699,0.3380487413415535,8.055766804334485,-0.5955934468121911,0.010185452454261206,39.524927085172564,-99.69593765388547,-0.172406439932597,0.35204468285386586,8.689812506165689,False
2026-03-19,380.29998779296875,0.0,0.0373,0.31813624139187696,5.85,O:TSLA260410C00405000,29.58,O:TSLA260410P00405000,0.375347351340845,0.3749729070799474,0.3751601626038552,0.057023921211978246,-0.44705374318732344,0.01861175606340277,64.11741863421244,-181.76454326468416,-0.13044097338218413,1.226839408905868,69.7566564765352,0.27658797412165875,0.009303129471295517,32.065239307400326,-98.48561866132076,0.06307073217914208,0.6129744706529783,34.83283382597958,-0.7236417173089822,0.009308626592107253,32.052179326812116,-83.2789246033634,-0.1935117055613262,0.6138649382528898,34.923822650555614,False
2026-03-20,367.9599914550781,0.0,0.0373,0.33345711806336414,3.16,O:TSLA260410C00405000,40.0,O:TSLA260410P00405000,0.3906545676217175,0.41984748974392616,0.4054865027517081,0.07202938468834397,-0.6312609862705645,0.014635643703602187,47.79363797975629,-152.61031633500727,-0.16395165899645264,1.311796985693527,106.07222518001718,0.17479734226057259,0.007344851838121741,23.12426110700896,-78.16343446983286,0.036403826526530146,0.6796029506467456,57.0673000895895,-0.8060583285311371,0.007290791865480446,24.669376872747332,-74.44688186517442,-0.2003554855229828,0.6321940350467814,49.00492509042768,False
2026-03-23,380.8500061035156,0.0,0.0373,0.3502782288880967,4.8,O:TSLA260410C00405000,28.25,O:TSLA260410P00405000,0.3616293054653498,0.366401098488427,0.3640189426541329,0.01374071376603625,-0.4840133780177085,0.01977385810977534,58.001151693398,-181.91509131259343,-0.12077027665122936,1.3053063593796081,76.11560045352819,0.25643620688565405,0.009920779660643747,28.90978421488444,-97.55544384575366,0.05159096164309689,0.6586662208488329,38.690786840135075,-0.7404495849033625,0.009853078449131593,29.091367478513565,-84.35964746683977,-0.17236123829432626,0.6466401385307753,37.42481361339311,False
2026-03-24,383.0299987792969,0.0,0.0374,0.33806121510087217,5.0,O:TSLA260410C00405000,25.2,O:TSLA260410P00405000,0.36256499965795635,0.3273802351637245,0.3451841014385223,0.007122886337650125,-0.4839004163980841,0.02154672911615524,56.179530264315744,-180.0103922117388,-0.11119559074322902,1.3666269247330056,77.57766309353448,0.2700429150929303,0.010483519533058422,28.7674505639181,-104.77290621460186,0.05077972169441423,0.633893221406122,33.78751702481377,-0.7539433314910144,0.011063209583096818,27.41207970039764,-75.23748599713694,-0.16197531243764324,0.7327337033268836,43.790146068720716,False
2026-03-25,385.95001220703125,0.0,0.0373,0.32997747421584955,5.49,O:TSLA260410C00405000,23.9,O:TSLA260410P00405000,0.36616006977952176,0.36886891650516185,0.36751532530039543,0.03753785108454588,-0.4097758932791061,0.0222984921093031,58.12846519665793,-217.31772171027876,-0.08930619572058796,1.161951827454677,52.700641445012636,0.2943251783707093,0.011176644993968348,29.028544586867223,-115.63779534171583,0.0514784791357151,0.5842671910614164,26.611163886578126,-0.7041010716498154,0.011121847115334753,29.099920609790704,-101.67992636856292,-0.14078467485630305,0.5776846363932605,26.089477558434513,False
2026-03-26,372.1099853515625,0.0,0.0374,0.344132655216103,2.43,O:TSLA260410C00405000,34.4,O:TSLA260410P00405000,0.38444536421716413,0.3704616198344427,0.37752521625459207,0.03339256103848909,-0.6894362488578174,0.01625610761174181,37.08779249732797,-149.43995486486963,-0.12806100147208452,1.3814402477259236,108.9620094741459,0.16011163036566595,0.00814440005913332,18.92467890610592,-85.47498128599014,0.02494605161626128,0.6802371593330981,52.56707114545862,-0.8495478792234834,0.008111707552608488,18.163113591222043,-63.964973578879494,-0.1530070530883458,0.7012030883928254,56.394938328687275,False
2026-03-27,361.8299865722656,0.0,0.0374,0.35215096082433067,1.41,O:TSLA260410C00405000,44.0,O:TSLA260410P00405000,0.42336957660809055,0.4249835996368074,0.4241778827607633,0.07202692193643262,-0.7973706611468339,0.01159008975432932,25.541312701002944,-124.02088813718984,-0.13250897445074497,1.1349614514182957,104.22919926503822,0.10085670423438198,0.005786985513378842,12.728599238510505,-69.21226449703339,0.013921817436051382,0.5677040156380808,52.24083089946312,-0.8982273653812158,0.005803104240950479,12.812713462492438,-54.80862364015645,-0.14643079188679636,0.5672574357802149,51.9883683655751,False
2026-03-30,355.2799987792969,0.0,0.0374,0.35401224298380085,0.59,O:TSLA260410C00405000,52.71,O:TSLA260410P00405000,0.4124095501510805,0.6529097491022935,0.5543763481169941,0.20036410513319325,-0.7865339569339301,0.00943124885758449,23.584105661058416,-179.02615102096942,-0.11883563687834356,0.8569538800100828,75.68498171519217,0.052137903427851184,0.0038508804873925782,7.159327675564096,-42.00676641444594,0.006404840809357888,0.4401646221049951,48.008510838925346,-0.8386718603617813,0.005580368370191911,16.42477798549432,-137.0193846065235,-0.12524047768770144,0.4167892579050877,27.676470876266823,False
2026-03-31,371.75,0.0,0.0374,0.3904223777463656,1.16,O:TSLA260410C00405000,33.46,O:TSLA260410P00405000,0.36582362443864475,0.32164685041066987,0.34507920250892643,-0.04534317523743919,-0.8226219368563004,0.01399938570023224,21.191531879883108,-102.8991166695898,-0.1080729222305806,1.3079820749011621,117.36517614622889,0.10320859690522921,0.00741128377137492,11.8947848539852,-69.92601615508553,0.01181199869826021,0.652232874256075,54.58411993508196,-0.9258305337615296,0.006588101928857319,9.29674702589791,-32.97310051450426,-0.11988492092884082,0.655749200645087,62.78105621114693,True
