Date,Open,High,Low,Close,Volume,Dividends,Stock Splits,Return,RV,imp_vol,VRP,VRP_std,VRP_mean
2023-12-01,188.3730953528953,189.5904446947665,187.28439912721964,189.27374267578125,45704800,0.0,0.0,,,,,,
2023-12-04,188.02667840765253,188.09596593756663,185.52269231677565,187.4823303222656,43389500,0.0,0.0,-0.0094646638682696,,,,,
2023-12-05,188.25433276481263,192.40123993854132,188.22462732075607,191.4313201904297,66628400,0.0,0.0,0.0210632642626966,,,,,
2023-12-06,192.45072587794945,192.7575361433548,190.1347886146608,190.34263610839844,41089700,0.0,0.0,-0.0056870739905479,,,,,
2023-12-07,191.63916388460837,192.99507315570867,191.5995666945876,192.2725830078125,47477700,0.0,0.0,0.0101393305192798,,,,,
2023-12-08,192.2032849129047,193.97488907234165,191.6787354382317,193.69776916503903,53406400,0.0,0.0,0.007412321272912,,,,,
2023-12-11,191.12449893522992,191.5005967167582,189.4518726145205,191.1937713623047,60943700,0.0,0.0,-0.012927344561211,,,,,
2023-12-12,191.09480795445688,192.71794533501543,189.748790485074,192.7080535888672,52696900,0.0,0.0,0.0079201441332155,,,,,
2023-12-13,193.0841501529296,195.96423418895137,192.8466274130704,195.92465209960935,70404200,0.0,0.0,0.0166915624481613,,,,,
2023-12-14,195.9840185786185,197.56755876987648,194.14314196862804,196.07308959960935,66831600,0.0,0.0,0.0007576254361525,,,,,
2023-12-15,195.4990533238864,196.36010340669733,194.97450383643803,195.5386505126953,128538400,0.0,0.0,-0.0027257135999917,,,,,
2023-12-18,194.0738561652729,194.6083124997745,192.39133809002112,193.87591552734372,55751900,0.0,0.0,-0.0085033571674547,,,,,
2023-12-19,194.14313632648785,194.92500710230044,193.87590816937887,194.9151153564453,40714100,0.0,0.0,0.0053601285454922,,,,,
2023-12-20,194.87553713507947,195.6475162401682,192.8268280029297,192.8268280029297,52242800,0.0,0.0,-0.0107138297083667,,,,,
2023-12-21,194.08374258350807,195.05366217859583,191.5104692555924,192.67832946777344,46482500,0.0,0.0,-0.0007701134572103,,,,,
2023-12-22,193.1731927744169,193.4008388358449,190.9859239896969,191.6094512939453,37149600,0.0,0.0,-0.0055474747823517,,,,,
2023-12-26,191.6193643540786,191.89648427525853,190.84738527337691,191.06512451171875,28919300,0.0,0.0,-0.0028408138458239,,,,,
2023-12-27,190.5108903848591,191.5105004803971,189.12527563548676,191.16409301757807,48087700,0.0,0.0,0.0005179831018993,,,,,
2023-12-28,192.14393105408,192.65858885458317,191.18390299052217,191.58969116210935,34049900,0.0,0.0,0.0022263498223598,,,,,
2023-12-29,191.9063700376295,192.40122918172025,189.758683164504,190.5504608154297,42672100,0.0,0.0,-0.0054242498141529,,,,,
2024-01-02,185.2257618242656,186.50250680575425,181.9992858116316,183.73129272460935,82488700,0.0,0.0,-0.0357866785608326,0.1916855826645437,,,,
2024-01-03,182.3259157367389,183.96885182302103,181.5440297827802,182.3556060791016,58414500,0.0,0.0,-0.0074874923324563,0.190710367060602,,,,
2024-01-04,180.2771650380176,181.20750256721809,179.02023379077144,180.03964233398438,71983600,0.0,0.0,-0.0127002607428069,0.1751871396287603,,,,
2024-01-05,180.11885376441708,180.88092604513352,178.31755906038765,179.31716918945312,62379700,0.0,0.0,-0.0040128559197591,0.1749477467602494,,,,
2024-01-08,180.21780632812883,183.6917273170526,179.63387614033877,183.65213012695312,59144500,0.0,0.0,0.0241748236217136,0.1948107919101019,,,,
2024-01-09,182.02900778818224,183.24635720149604,180.85124046635076,183.2364654541016,42841800,0.0,0.0,-0.0022633261730437,0.1914650753366598,,,,
2024-01-10,182.4545720032457,184.48348240733844,182.02898528742008,184.2756500244141,46792900,0.0,0.0,0.005671276007956,0.189665465244188,,,,
2024-01-11,184.62205313633504,185.1268191566964,181.73207738578324,183.68182373046875,49128400,0.0,0.0,-0.0032224892104119,0.1862052799777981,,,,
2024-01-12,184.1469828082272,184.8199990991005,183.28593272766105,184.0084228515625,40477800,0.0,0.0,0.0017780698953262,0.173060371115225,,,,
2024-01-16,180.28710192352952,182.3655014396163,179.06973745492456,181.7419891357422,65603000,0.0,0.0,-0.0123170107144965,0.1754262223603235,,,,
2024-01-17,179.40625114511818,181.04917214343425,178.44622312883942,180.8017425537109,47317400,0.0,0.0,-0.0051735242169544,0.175455658933554,,,,
2024-01-18,184.17668914088887,187.1953332109462,183.9193677995691,186.69058227539065,78005800,0.0,0.0,0.0325707022427081,0.2167342587523336,,,,
2024-01-19,187.38337121910467,189.9764283832528,186.8786203129096,189.59043884277344,68903000,0.0,0.0,0.0155329558247623,0.2240742786836096,,,,
2024-01-22,190.32282073770045,193.3216657993532,190.28322355100104,191.8964691162109,60133900,0.0,0.0,0.0121632202948265,0.2260186995379112,,,,
2024-01-23,193.01485907067703,193.7373491711095,191.83709192633376,193.17320251464844,42355600,0.0,0.0,0.0066532406996206,0.2272791327057658,,,,
2024-01-24,193.41073733606615,194.36087349468036,192.3418398208385,192.5001983642578,53631300,0.0,0.0,-0.0034839415696884,0.2267012344344668,,,,
2024-01-25,193.212821813058,194.2520291241628,191.1245154438125,192.17361450195312,54822100,0.0,0.0,-0.0016965377962193,0.2265253608637647,,,,
2024-01-26,192.2725896171282,192.75754194727924,189.9665440310004,190.4416046142578,44594000,0.0,0.0,-0.0090127351363197,0.2289648245467675,,,,
2024-01-29,190.03581744325376,190.22386634852867,187.63080907007364,189.7586975097656,47145600,0.0,0.0,-0.0035859134135917,0.2291142476672158,,,,
2024-01-30,188.97682064057707,189.8279790097777,185.54249682198056,186.10662841796875,55859400,0.0,0.0,-0.0192458587654931,0.2382213086162612,,,,
2024-01-31,185.11689921687164,185.1762949988752,182.45456974695213,182.5040435791016,55467800,0.0,0.0,-0.0193576385187974,0.2121831087324325,,,,
2024-02-01,182.0982797244824,185.02783750412453,181.93002942176477,184.9387664794922,64885400,0.0,0.0,0.0133406518159437,0.2156141220305462,,,,
2024-02-02,178.01074479617154,185.40394215196616,177.40701599262258,183.9391632080078,102551700,0.0,0.0,-0.0054050499552521,0.2110671217464839,,,,
2024-02-05,186.21548923655905,187.30418539055444,183.9292424150712,185.7503204345703,69668800,0.0,0.0,0.0098465013919539,0.2122958163244444,,,,
2024-02-06,184.93873819845095,187.3635446991359,184.84966718743948,187.3536529541016,43490800,0.0,0.0,0.0086316541246345,0.1972518317876592,,,,
2024-02-07,188.67990426473503,189.0856924097343,186.6707772370308,187.46255493164065,53439000,0.0,0.0,0.0005812642338269,0.1968721104638727,,,,
2024-02-08,187.44273393335544,187.5911856262693,185.42371540021887,186.3837432861328,40962000,0.0,0.0,-0.0057548113856722,0.1976170361126833,,,,
2024-02-09,186.9486269587983,188.27655346933716,186.30449512518672,187.14683532714844,45155200,0.24,0.0,0.0040941984937181,0.1974258219222862,,,,
2024-02-12,186.72067805809252,186.96842336096995,185.1053738445565,185.46212768554688,41781900,0.0,0.0,-0.0090020632123249,0.2005517441380808,,,,
2024-02-13,184.09459726813964,184.53063145226375,181.8549698898973,183.3711700439453,56529500,0.0,0.0,-0.0112743106514274,0.1997024133472407,,,,
2024-02-14,183.64865818230027,183.85675578337245,180.7946272553445,182.48919677734372,54630500,0.0,0.0,-0.0048097706220132,0.1995689690615425,0.19302691246974754,-0.006542056591794965,,-0.006542056591794965
2024-02-15,181.8946262099093,182.826151079826,179.71447030737514,182.2018280029297,65434500,0.0,0.0,-0.0015747166379644,0.1597050778926841,0.19722052542157936,0.03751544752889527,0.031153359925894325,0.015486695468550152
2024-02-16,181.76577652013776,183.1828875508429,180.03155935687485,180.6657867431641,49752500,0.0,0.0,-0.0084304382486268,0.1487449541904567,0.19563430602419118,0.046889351833734494,0.02853024464668054,0.025954247590278267
2024-02-20,180.1504525533752,180.78467987026372,178.37660298808711,179.9225311279297,53665600,0.0,0.0,-0.004113981006769,0.1385279357969753,0.19377786652425577,0.05524993072728046,0.027517433910441896,0.033278168374528815
2024-02-21,180.2991272502037,181.24055639365764,179.03067248659073,180.6757049560547,41371400,0.0,0.0,0.0041861006701238,0.1364666759618553,0.18092214926600086,0.044455473304145565,0.02434940052361824,0.035513629360452166
2024-02-22,181.82524161821627,183.29190480468336,180.81445159653885,182.70721435546875,52292200,0.0,0.0,0.0112439544647586,0.1458961481979585,0.18152180738153806,0.03562565918357957,0.021778813936205888,0.035532300997640064
2024-02-23,183.3414349937225,183.3711632214272,180.58650833781007,180.8739013671875,45119700,0.0,0.0,-0.0100341576261702,0.1482196850810777,1.113989060511494,0.9657693754304162,0.3521582157169551,0.1684233116308938
2024-02-26,180.59643039937333,181.1117297677085,179.02075870271764,179.5261688232422,40867400,0.0,0.0,-0.0074512272569899,0.1474790669926881,1.120833059091183,0.9733539920984949,0.43276794816208997,0.26903964668934394
2024-02-27,179.46671005654383,182.26126931281985,177.94059046680667,180.98291015625,54318900,0.0,0.0,0.008114367629836,0.1525250222354699,1.1277697744766895,0.9752447522412195,0.46828521871936424,0.3475068806395523
2024-02-28,180.86396404098636,181.46846314665845,178.50543918901624,179.78379821777344,48953900,0.0,0.0,-0.0066255534151888,0.1400167645922156,1.1271348803206334,0.9871181157284178,0.4856291048635386,0.4114680041484389
2024-02-29,179.63517226295397,180.9234508895373,177.9108594746495,179.11985778808594,136682600,0.0,0.0,-0.0036929936750099,0.1239154622298053,1.118280115809511,0.9943646535797057,0.49309239555305534,0.4644586086421904
2024-03-01,177.93067957222544,178.90183692569337,175.78025215753124,178.03968811035156,73563100,0.0,0.0,-0.0060304295183859,0.1129700648424951,1.1193173518557324,1.0063472870132373,0.4954863695911689,0.5096159985064443
2024-03-04,174.56131579397731,175.3045516235648,172.22259977869518,173.5207977294922,81510100,0.0,0.0,-0.0253813654069001,0.1402170940362637,1.1721137650407811,1.0318966710045174,0.4960148194954583,0.54979143485245
2024-03-05,169.21995126633416,170.48840604509627,168.0902332564625,168.58572387695312,95132400,0.0,0.0,-0.028440820449849,0.1587838469084411,0.22380283730428135,0.06501899039584025,0.4938535062880629,0.5151648316769778
2024-03-06,169.5172632726602,169.69564777442116,167.1587228770791,167.59475708007812,68587700,0.0,0.0,-0.0058781181115803,0.1506646357418223,0.21878011320299584,0.06811547746117355,0.48968767722617235,0.4853615413959242
2024-03-07,167.62445594378354,169.1902079797121,166.97041987504164,167.47581481933594,71765100,0.0,0.0,-0.0007097015611613,0.1500403633403795,0.21854037428201545,0.06850001094163594,0.4844260512386243,0.45930769574253116
2024-03-08,167.4758228221548,172.13343143853632,167.4163663695346,169.19021606445312,76267000,0.0,0.0,0.0102367093837794,0.1601855605813823,0.21954640362170305,0.05936084304032074,0.47896876254768483,0.43578141028946
2024-03-11,171.38030546468005,172.8073209312821,170.49833272784605,171.1920166015625,60139500,0.0,0.0,0.0118316566032801,0.1680323966583673,0.2252834933377805,0.057251096679413194,0.47315599451477,0.4147519484222351
2024-03-12,171.58839851794536,172.4604668624585,169.4676992338398,171.6676788330078,59825400,0.0,0.0,0.0027785304530432,0.168946352936785,0.2170262934745852,0.04807994053780021,0.46745613277788856,0.39545342169147546
2024-03-13,171.21184817645832,171.62805851944387,169.2199660307435,169.58663940429688,52488700,0.0,0.0,-0.0121224883033183,0.1694698678492261,0.20431690833440216,0.03484704048517606,0.4620782209555929,0.3774231026311604
2024-03-14,171.35057361629617,172.73794133442243,170.49832912625453,171.43975830078125,72913500,0.0,0.0,0.0109272694063269,0.1773071777990719,0.22007006443020793,0.04276288663113603,0.4600489694273971,0.379888349792307
2024-03-15,169.6262667891251,171.0631866455078,168.75419840900892,171.0631866455078,121752700,0.0,0.0,-0.002196524651025,0.1772518977017947,0.22001625967452942,0.04276436197273473,0.4598448269486332,0.380150795514499
2024-03-18,173.98658058844927,176.107279800922,171.95506605696912,172.15325927734375,75604200,0.0,0.0,0.0063723390941785,0.1791144049445079,0.23283234950446613,0.053717944559958236,0.459586823445578,0.38049222515081016
2024-03-19,172.76764601394297,175.0171774056643,171.4694631572472,174.49195861816406,55215200,0.0,0.0,0.0135849843949373,0.1876178978797093,0.2298811332830712,0.04226323540336188,0.4600794430325717,0.3798428903846142
2024-03-20,174.1352174960067,177.05860900878906,173.51089450186836,177.05860900878906,53423100,0.0,0.0,0.0147092760660767,0.1953792311861869,0.24334338492451013,0.04796415373832322,0.4599454741644113,0.3800183244063231
2024-03-21,175.45322885093574,175.8892630091755,169.29922879245808,169.82444763183594,106181300,0.0,0.0,-0.0408574393385978,0.2356692075844689,0.23618063094110975,0.0005114233566408388,0.4613940246966338,0.3782626126149762
2024-03-22,170.21092760104457,171.48930183291895,168.52626256417108,170.7262420654297,71160100,0.0,0.0,0.0053101567304889,0.2363570434230449,0.22594924086068666,-0.010407802562358237,0.4473935554454294,0.32945375371533747
2024-03-25,169.0316847755244,170.38932429506946,167.92177545566648,169.3091583251953,54288300,0.0,0.0,-0.0083003276068789,0.2365988951163024,0.2145939651677013,-0.022004929948601093,0.42688822620495914,0.2796858076129827
2024-03-26,168.4668059986792,169.87399750483326,168.0505957042821,168.17942810058594,57388400,0.0,0.0,-0.0066725878020105,0.2333360735920842,0.20177940375450593,-0.031556669837578266,0.3990003808808453,0.22934573650904277
2024-03-27,168.87310882923745,172.0343412561863,168.575811446925,171.7469482421875,60273300,0.0,0.0,0.0212125833812912,0.2488873916473017,0.2151301275126577,-0.033757264134644,0.36038865410155857,0.1783019675158897
2024-03-28,170.20102558587905,170.67669234048742,168.97220342186947,169.93345642089844,65672700,0.0,0.0,-0.0105590919655339,0.2506333191891831,0.20604349041034475,-0.044589828778838325,0.307577186080492,0.12635424339796247
2024-04-01,169.6460781034487,169.70553455748254,167.9514935576168,168.4965362548828,46240500,0.0,0.0,-0.0084557814351554,0.2512323908138844,0.2045019749925992,-0.046730415821285176,0.22913943038454082,0.07370035825623636
2024-04-02,167.5551169522469,167.81276664190898,166.71277681419204,167.31727600097656,49329500,0.0,0.0,-0.006998721042683,0.2372376034369984,0.270084203547704,0.032846600110705615,0.040533609293399976,0.02374785471154577
2024-04-03,167.26770493028647,169.14065873561202,167.05960735256843,168.1199493408203,47691700,0.0,0.0,0.0047973129794383,0.2159511425729975,0.26453946900248115,0.04858832642948366,0.03981320874654903,0.02292632151322794
2024-04-04,168.75416790697062,170.36947196785653,167.2974395751953,167.2974395751953,53704400,0.0,0.0,-0.0048923983670585,0.2156263777196935,0.2772194336755852,0.06159305595589171,0.03944861391820649,0.022600200437963847
2024-04-05,168.0604872534819,168.85327518664994,167.4262599311819,168.0505828857422,42104800,0.0,0.0,0.0045018220987678,0.2161917410549302,0.27327954911566943,0.05708780806073924,0.03882739145569811,0.02202959029391901
2024-04-08,167.50555706407098,167.67402205960258,166.72268854116854,166.9307861328125,37425500,0.0,0.0,-0.0066634505736349,0.2141617089169275,0.2700065813729625,0.055844872456035005,0.0386570569518934,0.021853791764704724
2024-04-09,167.17853275073267,168.5460917055098,166.83169838821917,168.13978576660156,42373800,0.0,0.0,0.0072425204589114,0.2112323927620775,0.2644360838112154,0.05320369104913791,0.03847215049244893,0.021651421483190963
2024-04-10,167.27763553824258,167.5650134431552,165.60287483124418,166.26683044433594,49709300,0.0,0.0,-0.0111392750604875,0.2138538144160636,0.2711295487030938,0.0572757342870302,0.03885764696058188,0.022111211170652463
2024-04-11,166.8217782077108,173.87757491447604,166.64340884278624,173.4613494873047,91070300,0.0,0.0,0.0432709219496272,0.2623010611376857,0.3036765479884244,0.04137548685073872,0.038997434299885225,0.022437633488930596
2024-04-12,172.68839280877705,176.7514221146486,172.63885584160187,174.95774841308594,101670900,0.0,0.0,0.00862669943595,0.2613016700958197,0.3165526653410964,0.05525099524527666,0.0394374927869698,0.023062038919637626
2024-04-15,173.7784557074799,175.03700600653332,170.94424900321735,171.13253784179688,73531800,0.0,0.0,-0.0218636248236203,0.2736699738974713,0.32811117351883345,0.05444119962136218,0.03982901195631279,0.023645880802068996
2024-04-16,170.20100688366134,172.19287348566485,166.75239682964104,167.85238647460938,73711200,0.0,0.0,-0.0191673156288947,0.2809022834339394,0.3292952752201286,0.048392991786189166,0.03963473118245617,0.023379633163380546
2024-04-17,168.08032842085646,169.11094225529814,166.48484802246094,166.48484802246094,50901200,0.0,0.0,-0.0081472684474181,0.2763735951789859,0.3205597176395121,0.04418612246052617,0.039685249208973546,0.023475777516238756
2024-04-18,166.51456987389489,167.11906901091456,165.0479219314042,165.5334930419922,43122900,0.0,0.0,-0.0057143637500296,0.2692137783932545,0.3194694426996379,0.050255664306383396,0.03976290277596947,0.023590353044641767
2024-04-19,164.71101115974596,164.89928490796945,162.6002161182223,163.5119171142578,68149400,0.0,0.0,-0.0122124887875201,0.2328493113662528,0.3108739578193799,0.07802464645312707,0.04114846075131641,0.027466014199466083
2024-04-22,164.02719323258373,165.751490640931,163.28395741969712,164.34429931640625,48116400,0.0,0.0,0.005090651597992,0.232761809372911,0.31217919162383323,0.07941738225092224,0.04169551981285692,0.0319572734401301
2024-04-23,163.85878156671623,165.5434469330526,163.43265169903057,165.39479064941406,49537800,0.0,0.0,0.0063920156487164,0.2331639386686868,0.31730718232858257,0.08414324365989578,0.041218222485240576,0.03726468212055495
2024-04-24,165.03800691456527,167.77312477902248,164.71099641624178,167.4956512451172,48251800,0.0,0.0,0.012702096525859,0.2370961073908694,0.339113538727783,0.1020174313369136,0.040291264204353784,0.043943387179279536
2024-04-25,168.00106471763377,169.07132637527934,166.63350563489078,168.35781860351562,50558300,0.0,0.0,0.0051474014518544,0.2244652010305323,0.35385750639378566,0.12939230536325336,0.04024763527237989,0.05210086565417441
2024-04-26,168.3478879652858,169.79471202253325,167.6541890412428,167.7731170654297,44838400,0.0,0.0,-0.0034729693158054,0.2218154698194042,0.34750098226372533,0.12568551244432113,0.03655816995391772,0.06061463271533237
2024-04-29,171.80639405446584,174.4424074952563,171.5388400360099,171.9352264404297,68169400,0.0,0.0,0.0248079635629396,0.2369936624595772,0.4141977447328269,0.17720408227324969,0.03624209775810876,0.07181135762005912
2024-04-30,171.76678225756265,173.41181476528868,168.46681287321124,168.79383850097656,65934800,0.0,0.0,-0.0182707639643672,0.2453428230454344,0.4301703380942885,0.1848275150488541,0.042953948985294005,0.07941040336696654
2024-05-01,168.05059058657778,171.15236652369296,167.58482822154218,167.7731170654297,50383100,0.0,0.0,-0.0060471486673429,0.2458731449819493,0.43405805374133255,0.18818490875938326,0.048646590859028685,0.08639023248346153
2024-05-02,170.95418315705703,171.85597979307556,169.34879824722077,171.46949768066406,94214900,0.0,0.0,0.0220320196697116,0.2570732375803312,0.4561012493428213,0.19902801176249013,0.05433389765107993,0.09326198027379146
2024-05-03,184.9666483851495,185.313497878847,181.01264278710423,181.7261505126953,163224100,0.0,0.0,0.0598161945463484,0.3305370956131577,0.5493403443523169,0.21880324873915924,0.06036543164240598,0.10134775230771245
2024-05-06,180.7054248623681,182.53873097916653,178.79282331517493,180.07119750976562,78569700,0.0,0.0,-0.0091068511508147,0.331706219184253,0.6960962470318122,0.36439002784755914,0.083223365396577,0.11677501007728866
2024-05-07,181.7954923577229,183.2324120279765,179.68471275097576,180.7549591064453,77305800,0.0,0.0,0.0037971735965303,0.3314848102160723,0.20895691898746854,-0.12252789122860375,0.09821483673175432,0.10798843096340158
2024-05-08,181.20091221961115,181.41892928578648,179.81352951475225,181.09190368652344,45057100,0.0,0.0,0.0018640959105287,0.326879680273105,0.21122977095036832,-0.11564990932273667,0.10983818113395971,0.09934214878291323
2024-05-09,180.9135439323752,182.99461071341904,180.46760537105857,182.90542602539065,48983000,0.0,0.0,0.010014375584711,0.2942161087843629,0.21029000651818025,-0.08392610226618263,0.1166790894080603,0.09307706932706716
2024-05-10,183.4809650708303,183.66950932429603,180.7322345449188,181.64517211914065,50759500,0.25,0.0,-0.0068901942038344,0.2953040657955811,0.20810897837599668,-0.08719508741958443,0.12327096437290802,0.08595476519382411
2024-05-13,184.016837811396,185.66410172767655,183.20312365696165,184.8503875732422,72044800,0.0,0.0,0.0176454756088935,0.2860462964927556,0.22860094530916159,-0.05744535118359401,0.12725098304666796,0.0803604376535763
2024-05-14,186.07091921634225,186.8548647149755,184.8602810891409,185.9915313720703,52393600,0.0,0.0,0.0061733373340966,0.2726375044964834,0.2250198596446727,-0.04761764485181069,0.13029501160415558,0.07555990582167631
2024-05-15,186.46787049037357,189.18683240943687,185.9320062923224,188.26397705078125,70400000,0.0,0.0,0.0122180061745122,0.2688918120370772,0.2430249528856036,-0.025866859151473576,0.13211173785225247,0.07205725674107633
2024-05-16,189.00821119957223,189.6333810173086,188.2044300863017,188.38304138183597,52845200,0.0,0.0,0.000632432889817,0.2660597139834522,0.2422445191377025,-0.023815194845749676,0.1337827396663998,0.06835371378346966
2024-05-17,188.05555831413108,189.34558420614056,187.7280891548122,188.4127960205078,41282900,0.0,0.0,0.0001579475437576,0.2579482314262549,0.2333456011366589,-0.024602630289596,0.13535126703827344,0.06322234994633351
2024-05-20,187.8769390854372,190.44705781727768,187.55938774134123,189.5738067626953,44361300,0.0,0.0,0.0061620588766229,0.2578581116546357,0.2482612024205764,-0.009596909234059287,0.13625122549333177,0.05877163537208443
2024-05-21,189.6234548753388,191.2508679069906,189.45476137627725,190.8737945556641,42309400,0.0,0.0,0.0068574230542093,0.2578419370256004,0.2739189804407328,0.01607704341513244,0.13643409664409842,0.055368325359846274
2024-05-22,190.7943713148317,191.3401532056599,188.80972090576984,189.43487548828125,34648500,0.0,0.0,-0.0075385888918512,0.2622031669455787,0.25581668851148526,-0.006386478434093457,0.13663646314124336,0.04994812987129591
2024-05-23,189.51429520164533,189.5341459487459,185.19768892080705,185.44577026367188,51005900,0.0,0.0,-0.0210579240719386,0.2796504008657671,0.24193738359762604,-0.03771301726814105,0.13663201219850515,0.04159286373972619
2024-05-24,187.37087155015985,189.11735863774425,186.59684388111853,188.5219573974609,36327000,0.0,0.0,0.0165880684655965,0.2806631152089909,0.2581586808337207,-0.02250443437527022,0.13584757430246386,0.034183366398746626
2024-05-28,190.04021443649896,191.5187845976106,187.64872194997955,188.53189086914065,52280100,0.0,0.0,5.2691324749831736e-05,0.2722830320132141,0.28746033065426874,0.01517729864105466,0.13163553690419347,0.02608202721713688
2024-05-29,188.15481585355155,190.7745542503335,188.05557725890648,188.82958984375,53068000,0.0,0.0,0.0015790377598026,0.2588022488502198,0.29760828329184663,0.038806034441626835,0.1263091515953558,0.01878095318677551
2024-05-30,189.29598343446253,190.70508365256933,189.16699143181853,189.8219146728516,49889100,0.0,0.0,0.0052551341657982,0.2550529837799745,0.33226240064811297,0.07720941686813848,0.12079265422343974,0.013232178592213272
2024-05-31,189.9707550742459,191.0920874921724,188.45249859880172,190.7745361328125,75158300,0.0,0.0,0.0050185009544485,0.2482034415053085,0.3304644057064601,0.08226096420115159,0.11396896978931632,0.007393826214146347
2024-06-03,191.41954585254337,193.49351725389891,191.0424725318553,192.54087829589844,50080500,0.0,0.0,0.0092587941708124,0.1446256702320789,0.3591000403265657,0.21447437009448678,0.11354967987250662,0.007177382281912724
2024-06-04,193.14619663099631,193.82098571162211,191.54855228534225,192.85842895507807,47471400,0.0,0.0,0.0016492635849083,0.1376183779115245,0.1990627175618904,0.06144433965036589,0.07804596830140817,-0.007969902127946939
2024-06-05,193.9003813531384,195.38886948576237,193.37445009094603,194.3667755126953,54156800,0.0,0.0,0.0078210040690962,0.1384830343906497,0.2081502783395331,0.06966724394888338,0.07496993617755195,0.0016398546309274176
2024-06-06,194.1881777820001,194.99195900714616,192.6798387958098,192.98745727539065,41181800,0.0,0.0,-0.0070964712650418,0.1435938652573409,0.19880190697904684,0.05520804172170593,0.0705028462460127,0.010182752183149547
2024-06-07,193.15610745634936,195.42854080055037,192.6500270204212,195.37892150878903,53103900,0.0,0.0,0.0123918117123325,0.1453223455508606,0.20601208348939154,0.06068973793853094,0.0677033651147696,0.017413544193385228
2024-06-10,195.3888672580803,195.78580650726497,190.6753215585116,191.63787841796875,97010200,0.0,0.0,-0.0191476289352534,0.1622936370307794,0.19011568118568195,0.027822044154902553,0.06307685009704724,0.023164400772109572
2024-06-11,192.1638033246204,205.5701288673056,192.14396771907968,205.5601959228516,172373300,0.0,0.0,0.0726490901476051,0.2936325461530225,0.2503139704811236,-0.043318575671898896,0.06219966453722308,0.02387073954769433
2024-06-12,205.7784872423207,218.51002232587345,205.3120931521647,211.43475341796875,198134300,0.0,0.0,0.0285782832067447,0.304887507391578,0.34652596336744995,0.04163845597587196,0.05996224126310057,0.028333544589078462
2024-06-13,213.09194207290332,215.08651049080893,209.97604121171415,212.5957794189453,97862700,0.0,0.0,0.0054911786364724,0.3041781343792691,0.29447406439342816,-0.009704069985840946,0.05929855405081094,0.029141684047360096
2024-06-14,212.2087855151512,213.5186471242216,209.67835280423736,210.85922241210935,70122700,0.0,0.0,-0.0081683512795136,0.3079207952318801,0.26414786289696396,-0.04377293233491614,0.060394425689799115,0.028143797172901767
2024-06-17,211.73244926121387,217.2696263789355,211.0874438581257,215.0071258544922,93728300,0.0,0.0,0.019671434784465,0.3109333962105706,0.3366109991683295,0.025677602957758894,0.05911618259374925,0.03065780883526951
2024-06-18,215.92007781385277,216.95210469802015,211.3653079111793,212.64540100097656,79943300,0.0,0.0,-0.0109844026988851,0.3172924273309191,0.32044462101859045,0.003152193687671334,0.0587267209876362,0.03129526398135605
2024-06-20,212.28813739547692,212.59577094768608,207.2471383568116,208.0707550048828,86172500,0.0,0.0,-0.0215130257911043,0.3318556237695016,0.29993413102283556,-0.03192149274666606,0.06033995731273791,0.028895337173266124
2024-06-21,208.775320335952,210.2638082936136,205.52049454653317,205.8975830078125,241805100,0.0,0.0,-0.0104443894434819,0.3334132584384473,0.3478912487791744,0.014477990340727054,0.05987644541528957,0.02993856061200715
2024-06-24,206.12582769938732,211.0676038174596,205.0044951825124,206.5426025390625,80727000,0.0,0.0,0.0031327202671704,0.3197104726848689,0.28594290770101893,-0.033767564983849974,0.05964788861790581,0.030135833226221702
2024-06-25,207.54484206411715,209.75773850908567,207.0089930344414,207.4654693603516,55549700,0.0,0.0,0.0044681669057333,0.3170638888502402,0.3526309403387479,0.035567051488507695,0.058349864564873455,0.0330394075194106
2024-06-26,209.876818640151,213.2110325348534,209.0234182045521,211.61338806152344,66213200,0.0,0.0,0.0199932967831251,0.320829632884001,0.36189771785762265,0.04106808497362163,0.05821978108733094,0.034333946836038944
2024-06-27,213.0423317255729,214.0842763709762,210.7202940415425,212.4568634033203,49772700,0.0,0.0,0.0039859261718906,0.3205053076363445,0.338862133847069,0.018356826210724486,0.058316593105554926,0.03331148642449383
2024-06-28,214.1140554431902,214.41175609103416,208.686034302842,209.00357055664065,82542700,0.0,0.0,-0.0162540893777768,0.3302050007441753,0.41521185386132353,0.08500685311714823,0.058650624009328294,0.03370135823694431
2024-07-01,210.46229254870087,215.8406944532805,210.2935990460224,215.08653259277344,60402900,0.0,0.0,0.0291045842897899,0.3410878350322276,0.429562259970656,0.08847442493842839,0.058937139299229016,0.034012031273808155
2024-07-02,214.49110775455017,218.68865467979296,213.4491783018458,218.5794982910156,58046200,0.0,0.0,0.0162398159295982,0.3428060107802468,0.2474040765851748,-0.09540193419507201,0.04887055615253372,0.01851821605933022
2024-07-03,218.31157833867707,219.8496856689453,217.34902153194005,219.8496856689453,37369800,0.0,0.0,0.0058111002535039,0.3423303013357701,0.2486897988817639,-0.09364050245400618,0.0537600196555685,0.010763973954111614
2024-07-05,219.948912125906,224.71207692855523,219.948912125906,224.60292053222656,60412400,0.0,0.0,0.0216203850772784,0.3463640278696861,0.2656936549060814,-0.08067037296360474,0.055570358049489656,0.0032470931084872074
2024-07-08,225.34718574831135,226.10136279083508,221.53665960457084,226.07159423828125,59085900,0.0,0.0,0.0065389786676615,0.3421106444301887,0.2737807779286371,-0.0683298665015516,0.056351093675018636,-0.002929802302675669
2024-07-09,226.180713251394,227.63943274976205,224.6326881041504,226.92495727539065,48076100,0.0,0.0,0.0037747468450632,0.3420637169514451,0.27620742047621183,-0.06585629647523328,0.05593467629678565,-0.009257104023363879
2024-07-10,227.5401905323848,231.29117889263892,227.49057123987387,231.1919403076172,62627700,0.0,0.0,0.0188034982289244,0.3287857007523682,0.2959705748908968,-0.032815125861471395,0.05546043923375371,-0.012288962524182576
2024-07-11,229.61417679228308,230.6065022056456,224.0373128145247,225.8235015869141,64710600,0.0,0.0,-0.023220700140152,0.2522536295101026,0.29066124727856146,0.03840761776845886,0.056061382668124375,-0.008202652852164689
2024-07-12,227.16311346469493,230.8545649156238,226.92494993371523,228.7706756591797,53046500,0.0,0.0,0.0130507854654415,0.2385136846613232,0.29231482472560666,0.053801140064283465,0.05669290848123939,-0.007594518647744114
2024-07-15,234.66511292556817,235.40935699641528,231.3011303310065,232.60107421875,62631300,0.0,0.0,0.0167433983771452,0.2427194684541521,0.331303884005096,0.08858441555094393,0.060624182002717325,-0.0026800943709048702
2024-07-16,233.1964793539142,234.4567369075411,230.54697223527828,233.0178680419922,43234300,0.0,0.0,0.0017918826241112,0.2382951107999898,0.32121030273103746,0.08291519193104765,0.06268802248148686,0.0036543118423933195
2024-07-17,227.6890612108438,229.6836449661141,224.9006292447048,227.1234436035156,57345900,0.0,0.0,-0.0252960190907519,0.2547553497470481,0.31954672717502786,0.06479137742797975,0.06400748153612383,0.005610000565904362
2024-07-18,228.51267855827928,228.67145424701283,220.56415801938329,222.45948791503903,66034600,0.0,0.0,-0.0205348933358826,0.2637399234956931,0.3118722332743211,0.048132309778628035,0.06470302261844676,0.007859006370452197
2024-07-19,223.0945966051545,225.0593965950336,221.56640705838356,222.5885009765625,49151500,0.0,0.0,0.0005799395779095,0.2483961759554113,0.3105513143523393,0.06215513839692799,0.06507736400055929,0.012562837927631899
2024-07-22,225.2677759323044,226.03187070395737,221.3778623137636,222.2411956787109,48201800,0.0,0.0,-0.0015603020655956,0.2437422464010434,0.3199923629327732,0.07625011653172983,0.0666206126899441,0.01565144423718204
2024-07-23,222.6480087669316,225.19829189616587,220.9709766923272,223.28309631347656,39960300,0.0,0.0,0.0046881525793798,0.2437365662157208,0.3212930637309219,0.07755649751520113,0.06692421459063291,0.021217647362134596
2024-07-24,222.280880842846,223.0747441599071,215.46361045876344,216.8627777099609,61777600,0.0,0.0,-0.0287541632551613,0.2700302358679057,0.32171796148072573,0.051687725612820035,0.06720263385189225,0.02202368106835021
2024-07-25,217.2497669876539,219.1550448561193,212.9728474396388,215.82083129882807,51391200,0.0,0.0,-0.004804634627185,0.2627970993524209,0.32759905908700293,0.06480195973458203,0.06776383638124496,0.023210374806398232
2024-07-26,217.02154248476683,217.80548795978973,214.3521849755396,216.2872314453125,41601300,0.0,0.0,0.00216105249747,0.2626124947122633,0.3370876421681994,0.07447514745593614,0.06870756856449384,0.026016290868658816
2024-07-29,215.2949035637868,217.6169411297709,214.0941832894869,216.5650787353516,36311800,0.0,0.0,0.0012846217882691,0.2545636812572658,0.3573213487245837,0.1027576674673179,0.06961830803527998,0.0269038315861673
2024-07-30,217.50779485320817,218.63904514115285,214.46134877521007,217.12078857421875,41643800,0.0,0.0,0.0025660177629389,0.2335087830285685,0.3722816507918673,0.1387728677632988,0.0727955732033668,0.029418753727410818
2024-07-31,219.7405227481965,222.10226187087767,218.936741656308,220.3756103515625,50036300,0.0,0.0,0.0149908343586875,0.2324370688839601,0.4060313713368601,0.17359430245290003,0.07336754984411435,0.042868565559809425
2024-08-01,222.64802807062824,222.7571844619209,215.35444602521784,216.6841583251953,62501000,0.0,0.0,-0.0167507285424111,0.2393099868031109,0.42045414839441014,0.18114416159129923,0.07217786300834692,0.05660779876207469
2024-08-02,217.46809553371503,223.86860618805187,216.0391597412521,218.1726531982422,105568600,0.0,0.0,0.0068694217636942,0.2265169509607973,0.31572927600705814,0.08921232504626084,0.0647903446381593,0.06510193366256797
2024-08-05,197.5620745135683,211.8614881938157,194.49579244022425,207.66395568847656,119548600,0.0,0.0,-0.0481668868930924,0.2785042708473182,1.2634298280196248,0.9849255571723066,0.21182938642428917,0.11776470484626089
2024-08-06,203.7244066576652,208.37841518370308,199.52687447574849,205.63958740234372,69660500,0.0,0.0,-0.0097482891502347,0.2775750290329342,0.2964465842157584,0.01887155518282424,0.20878928342465572,0.12200109742916376
2024-08-07,205.31211338628992,212.00039184379943,204.80603289763476,208.209716796875,63516400,0.0,0.0,0.0124982228713708,0.2713057384274315,0.33065943966380523,0.059353701236373735,0.20619334452580051,0.126609538784056
2024-08-08,211.4744658055274,212.55609685346144,207.2273143208112,211.6729278564453,47161100,0.0,0.0,0.0166332826001052,0.2728416449195839,0.3176306779615205,0.0447890330419366,0.2060545649980254,0.12692860954772991
2024-08-09,210.47220292637735,215.1162780786914,210.3431957915856,214.58042907714844,42201600,0.0,0.0,0.0137358199281627,0.2733893550810079,0.2904986349382334,0.01710927985722549,0.20690151930508932,0.125094016537377
2024-08-12,214.65993379251097,218.0774716082045,214.1929998012183,216.1103973388672,38028100,0.25,0.0,0.0071300456816996,0.2661912883973267,0.2953993003027592,0.029208011905432485,0.2078766628479146,0.12212519635510144
2024-08-13,217.5807128008425,220.44192247615112,217.5807128008425,219.8259735107422,44155300,0.0,0.0,0.0171929542383324,0.27572154733699,0.30532572383051293,0.029604176493522927,0.20874588475362107,0.1194596455832252
2024-08-14,219.13055181670975,221.5744891931242,218.2662191901357,220.2730407714844,41960600,0.0,0.0,0.0020337326549828,0.2628667856559036,0.3058098950714343,0.0429431094155307,0.20910389473242594,0.11836723218260273
2024-08-15,223.13426697458056,223.8793724762866,221.30626328939533,223.25347900390625,46414000,0.0,0.0,0.0135306536922683,0.2577359791459258,0.31962751857983884,0.06189153943391307,0.20888317444767726,0.11905519366536699
2024-08-16,222.45869413327577,225.34970708383625,222.1904519112624,224.5747985839844,44340200,0.0,0.0,0.0059184725182044,0.2585068659299077,0.3225868632763377,0.06407999734643,0.20885601958817318,0.11915143661284208
2024-08-19,224.24695901251525,224.515201244893,221.5844407323156,224.4158477783203,40687800,0.0,0.0,-0.0007077855871019,0.2584312823853804,0.28055673214530524,0.022125449759924865,0.20978973763578201,0.11644520327425183
2024-08-20,224.2966230198485,225.68748051768907,223.97870407222223,225.0317840576172,30299000,0.0,0.0,0.0027446202458272,0.2581168991031228,0.3479420449430072,0.08982514583988438,0.20968795316702135,0.117058635690486
2024-08-21,225.0417125280657,226.4921759358446,223.58130467937312,224.9224853515625,34765500,0.0,0.0,-0.0004857034152415,0.2339726501361131,0.3432137316226038,0.10924108148649073,0.20913781092290343,0.11993630348416955
2024-08-22,226.3034322565302,226.84984597984075,222.4388190632393,223.0647125244141,43695300,0.0,0.0,-0.0082596136364253,0.2356075942291504,0.3471697286949816,0.11156213446583119,0.20875002178932922,0.122274312220732
2024-08-23,224.187342377279,226.73063334528243,222.866020162344,225.3596343994141,38677300,0.0,0.0,0.010288143960685,0.2375498654409048,0.35323839367408505,0.11568852823318024,0.20845655177804054,0.12433498125959419
2024-08-26,225.2801304868265,225.7967411465175,222.4288653159012,225.6973876953125,30602200,0.0,0.0,0.0014987302264601,0.2375405579783667,0.38729851797523074,0.14975795999686403,0.20846542583554656,0.1266849958860715
2024-08-27,224.52513427640764,227.35654136968387,223.4223774795666,226.54188537597656,35934600,0.0,0.0,0.0037417255436031,0.237602840142839,0.4175890586176061,0.1799862184747671,0.20879463824989747,0.1287456634216449
2024-08-28,226.43257756563744,228.35991942602843,224.20719049274723,225.0119171142578,38052200,0.0,0.0,-0.0067535778612399,0.2346374318718821,0.4396531407702772,0.20501570889839507,0.20926754123183336,0.13031673374391967
2024-08-29,228.59834913803303,231.39993763712056,227.386309774272,228.2903594970703,51906300,0.0,0.0,0.0145700833309541,0.2292274223559782,0.44723901014436196,0.21801158778838375,0.2099002485016086,0.1321601050537739
2024-08-30,228.68777538921813,228.89639643358683,225.99545426270925,227.5055389404297,52990800,0.0,0.0,-0.0034378173409056,0.2296681521930477,0.4315144533905228,0.2018463011974751,0.21019809023068628,0.13779180386133463
2024-09-03,227.05848641015996,227.50554667965343,219.72664341730945,221.3162078857422,50190600,0.0,0.0,-0.0272051884253601,0.174009125913825,0.2674056083429033,0.09339648242907828,0.06652093046420157,0.0932153501241732
2024-09-04,220.21344869061124,220.33266071869627,216.06071952153204,219.4087371826172,43840200,0.0,0.0,-0.0086187573939896,0.1729332667271672,0.2622229205179166,0.08928965379074943,0.06420203531020477,0.09673625505456945
2024-09-05,220.1836359939166,224.0085015990201,220.0743532532445,220.92874145507807,36615400,0.0,0.0,0.0069277290046831,0.1701119640426306,0.2790513744521518,0.10893941040952118,0.0636373979604758,0.09921554051322683
2024-09-06,222.48850009081283,223.7700900447093,218.33578603187905,219.37893676757807,48423000,0.0,0.0,-0.0070149527729741,0.1656722811283115,0.28070045262355936,0.11502817149524786,0.06240182509094519,0.1027274974358924
2024-09-09,219.37892899374344,219.82598924771256,215.2957503769675,219.4683380126953,67180000,0.0,0.0,0.0004075197301731,0.159625676716393,0.2722072483179096,0.1125815716015166,0.05907027188496308,0.10750111202310694
2024-09-10,217.49131703149231,220.03460793809228,215.3156066383465,218.67355346679688,51591000,0.0,0.0,-0.0036214086874456,0.1588662790456695,0.26015231261781574,0.10128603357214624,0.05616971416793919,0.11110501310644263
2024-09-11,220.01474349397893,221.63409569372263,216.46803428284608,221.2069091796875,44587100,0.0,0.0,0.0115851033320097,0.1522235826519447,0.25561543934533704,0.10339185669339235,0.05286057845145903,0.1147943971164361
2024-09-12,221.047965660362,222.09111639532037,218.38546260882887,221.3162078857422,37455600,0.0,0.0,0.0004941016827186,0.152096717413507,0.2479210109866454,0.0958242935731384,0.050339902887901564,0.11743845632431649
2024-09-13,222.12092741382088,222.5779169825105,220.4618275881316,221.0479736328125,36766600,0.0,0.0,-0.0012119955221181,0.1438405335918697,0.23418644411847625,0.09034591052660654,0.049073561395414834,0.11886117487895118
2024-09-16,215.12686027714844,215.80243050187988,212.52396316355507,214.90830993652344,59357400,0.0,0.0,-0.0277752543730067,0.1711614203880251,0.23315773812828966,0.06199631774026457,0.0491980378363973,0.11875699089864289
2024-09-17,214.34200737227792,215.48449636527133,213.10016491936787,215.37521362304688,45519300,0.0,0.0,0.0021725715802303,0.1717857006269872,0.23248384162518154,0.060698140998194344,0.04585289653683197,0.12068562546055636
2024-09-18,216.1302484418979,221.2565773677011,216.12030400107497,219.249755859375,59894900,0.0,0.0,0.0179897313676467,0.1853550999638637,0.24793661095413366,0.06258151099026996,0.04720274436128421,0.11932344371807564
2024-09-19,223.52171975466865,228.3202009731081,223.1640685098405,227.3763885498047,66781300,0.0,0.0,0.0370656407738125,0.2299361427842589,0.2583007120955622,0.028364569311303323,0.05139050430595907,0.11527961810931626
2024-09-20,228.46919216926284,231.5688258615364,226.13452245924367,226.7107391357422,318679900,0.0,0.0,-0.0029275221508617,0.2279688449066263,0.3386032893219783,0.110634444415352,0.0513944547731517,0.11523323360679232
2024-09-23,225.8563523524968,227.95258288382507,224.336338501163,224.99203491210935,54146000,0.0,0.0,-0.0075810445953499,0.2270400771743112,0.2472130006979063,0.020172923523595093,0.05561451124998814,0.11045745337131305
2024-09-24,227.15781488965328,227.85325878901887,224.25687274556688,225.88616943359372,43556100,0.0,0.0,0.0039740718902945,0.2274242891260899,0.2483139675217672,0.02088967839567732,0.05822551808218812,0.10401403929125372
2024-09-25,223.462095237407,225.8066944385944,222.55804543582803,224.8927001953125,42308700,0.0,0.0,-0.0043980967970388,0.2275494480480945,0.23490297127090243,0.0073535232228079395,0.05915874680448838,0.09538240452865576
2024-09-26,225.81663654010725,227.0088022729372,223.9389713421174,226.0352020263672,36636700,0.0,0.0,0.0050802086064263,0.2269523188220674,0.25205773568456247,0.025105416862495067,0.055153564114185274,0.08638688992686076
2024-09-27,226.9690618971705,228.0221418429688,225.8166284941723,226.3034210205078,34026000,0.0,0.0,0.001186624878497,0.2206956688001633,0.26169817360952197,0.04100250480935866,0.04643301208133131,0.0775364357779095
2024-09-30,228.5387415800987,231.47943115234372,228.1512873446241,231.47943115234372,54541900,0.0,0.0,0.022871992427224,0.2350961407026387,0.3243859511933696,0.0892898104907309,0.03628557681014575,0.07190861124257229
2024-10-01,228.02214574584625,228.15128705136544,222.2798675150603,224.73374938964844,63285000,0.0,0.0,-0.0291416033343185,0.2382534150899899,0.2847789620556611,0.04652554696567121,0.03633828321905109,0.06956506446940194
2024-10-02,224.4158271126304,225.8861642954019,221.56456176324295,225.30001831054688,32880600,0.0,0.0,0.0025197324497827,0.2356340127300057,0.28895679611689984,0.05332278338689414,0.03620047775301665,0.06776672094920919
2024-10-03,223.67072564154157,225.3298253274289,221.8626109260752,224.197265625,34044200,0.0,0.0,-0.0048945965198585,0.2357125441230454,0.2939128652618573,0.05820032113881188,0.03491841626173068,0.06522976648567372
2024-10-04,226.41271278943103,226.5120662505933,222.66732681912907,225.3199005126953,37245100,0.0,0.0,0.0050073531653729,0.2342581003646383,0.2797385564402573,0.045480456075619013,0.033114577784042865,0.06175238071469228
2024-10-07,223.0348997045567,224.21713611955545,219.885589131397,220.2432403564453,39505400,0.0,0.0,-0.0225309000434427,0.2492688183161058,0.2856862631418592,0.036417444825753376,0.03129077011584017,0.05794417437590412
2024-10-08,222.83620769655573,224.5052366387564,221.79305702807565,224.29661560058597,31855700,0.0,0.0,0.0184040846728397,0.2568274406994338,0.28682500878428574,0.029997568084851933,0.030132625589504806,0.0543797511015394
2024-10-09,223.760107134481,228.25061310366664,223.36272366501296,228.0419769287109,33591100,0.0,0.0,0.0166982516347662,0.2601382956796066,0.2878114994151677,0.02767320373556109,0.02835481471303947,0.05059381845364784
2024-10-10,226.2934858996686,228.0022622367944,225.68746620848788,227.54525756835935,28183500,0.0,0.0,-0.0021781926601471,0.2604685403053076,0.2905771309321345,0.030108590626826914,0.026590298814358575,0.047308033306332264
2024-10-11,227.8035972460956,227.9128799953492,225.8563814846346,226.0650177001953,31759200,0.0,0.0,-0.0065052547523183,0.2618778571416535,0.2805283099948079,0.018650452853154365,0.02528346863586371,0.04372326042265966
2024-10-14,227.20748901369805,230.21771386522883,227.1081507143634,229.79052734375,39882100,0.0,0.0,0.0164798148844744,0.2432726720351483,0.2907846375120744,0.0475119654769261,0.024937587122322104,0.04299904280949273
2024-10-15,232.085459100832,235.9401430278398,230.8535458975589,232.3238983154297,64751400,0.0,0.0,0.0110246971490253,0.2446743420441301,0.29377139342103864,0.049097051376908535,0.024637348782904914,0.04241898832842844
2024-10-16,230.0885769817669,230.60517253033711,228.3400530967301,230.26739501953125,34082200,0.0,0.0,-0.0088518801156921,0.2427274759876752,0.29915055314120476,0.056423077153529566,0.02440952253174287,0.04211106663659142
2024-10-17,231.9066247344228,232.3238971476739,229.0156269629083,230.63497924804688,32993800,0.0,0.0,0.0015963364178608,0.2056887732516118,0.292955042554625,0.0872662693030132,0.02615462788913314,0.04505615163617692
2024-10-18,234.63867690560429,234.63867690560429,232.4828401919167,233.4663848876953,46431500,0.0,0.0,0.0122765664119113,0.209094587306577,0.300224009371137,0.09112942206456001,0.023842065997608276,0.04408090051863732
2024-10-21,232.91995571367767,235.3043021987925,232.91995571367767,234.93670654296875,36254500,0.0,0.0,0.006297787392308,0.2068459515226817,0.31166145127956146,0.10481549975687976,0.026714198870653773,0.04831302933030155
2024-10-22,232.36362533760988,234.67842149785605,231.0820505913223,234.32077026367188,38846600,0.0,0.0,-0.0026217115595098,0.2074392192823249,0.3302279816017662,0.1227887623194413,0.030637733414925587,0.05340798352648975
2024-10-23,232.55238437433343,233.60546433739609,226.27362172475395,229.2540435791016,52287000,0.0,0.0,-0.0216230369969718,0.2228328069714113,0.33193338316809107,0.10910057619667976,0.031032895867295584,0.05849533617518334
2024-10-24,228.4791312160334,229.31366084202813,226.91938502162785,229.06529235839844,31109500,0.0,0.0,-0.0008233277710454,0.2224032794500898,0.3326192570102373,0.1102159775601475,0.03203264744859089,0.06275086421006595
2024-10-25,228.24069596218243,231.6979808399029,228.07180722071536,229.89979553222656,38802300,0.0,0.0,0.003643079949984,0.222636636942331,0.35220638923365555,0.12956975229132456,0.0348646136016203,0.06717922658416427
2024-10-28,231.79736647290133,233.1981533252385,231.0323872301169,231.8768310546875,36087100,0.0,0.0,0.0085995532004889,0.2093050206187209,0.37968837839240566,0.17038335777368477,0.04163038550813529,0.07123390394831194
2024-10-29,231.5787777948225,232.80074647701065,230.8038693466829,232.14505004882807,35417200,0.0,0.0,0.0011567304629818,0.1783770138868957,0.3866790562716538,0.20830204238475808,0.051194819279272635,0.0793227287192663
2024-10-30,231.091956844746,231.94634497686565,228.05192923673224,228.5983428955078,47070900,0.0,0.0,-0.0152779788006435,0.1881883227277208,0.399908609447416,0.21172028671969523,0.05866762249441549,0.08724260388590635
2024-10-31,227.8433077709005,228.330115454563,223.89921505082023,224.43569946289065,64370100,0.0,0.0,-0.018209420855338,0.1991425559116674,0.44479595241662706,0.24565339650495965,0.06801296351339782,0.09661525765421373
2024-11-01,219.5279346472888,223.8793552942412,218.83250593091051,221.4552764892578,65276700,0.0,0.0,-0.0132796296701702,0.2037265945404892,0.2623226830780125,0.058596088537523294,0.06755566484826006,0.09727103927730896
2024-11-04,219.5478246614517,221.3360657336285,218.27617915451208,220.5611572265625,44944500,0.0,0.0,-0.0040374710274229,0.1874744990750906,0.2508280706524937,0.0633535715774031,0.06653948021564621,0.09861784561489143
2024-11-05,220.3525342324639,222.48849724939907,219.69683776020292,221.99176025390625,28111300,0.0,0.0,0.0064861965965938,0.1765272982488979,0.24163783283418466,0.06511053458528676,0.06508087984367528,0.10037349393991317
2024-11-06,221.15722727351368,224.5946536653585,219.7464961432124,221.2665100097656,54561100,0.0,0.0,-0.0032670142500383,0.1646166901550635,0.20941463680142874,0.044797946646365244,0.06418047904706464,0.10122973108545338
2024-11-07,223.16406118155703,226.39285156162416,223.10445516924477,225.99545288085935,42137700,0.0,0.0,0.0213721582669019,0.1833998779309255,0.21158053465741827,0.02818065672649278,0.06429426950056422,0.10113333439043667
2024-11-08,225.9357792784742,227.4176895436531,225.17991383614745,225.7269287109375,38328800,0.25,0.0,-0.0011881839501586,0.181971023460257,0.20656231774101758,0.024591294280760567,0.06390568799296391,0.10143037646181699
2024-11-11,223.7775700900237,224.47376393957063,220.29658566640109,223.01174926757807,42005600,0.0,0.0,-0.0120286022534616,0.1757330377488878,0.21058050143262155,0.03484746368373376,0.06452778754753714,0.10079715137215736
2024-11-12,223.3300179850212,224.3643609649356,222.14648085284745,223.01174926757807,40398300,0.0,0.0,0.0,0.1696141996719629,0.21316487606753048,0.04355067639556759,0.06477312324111982,0.10051983262309032
2024-11-13,222.79294167641655,225.4185978724207,221.54973296285613,223.89691162109372,48566200,0.0,0.0,0.0039691287854684,0.1688375405512798,0.21784883814579975,0.04901129759451994,0.06505926488809717,0.10014924364513984
2024-11-14,223.7974758407695,227.62654977508777,223.77758025105396,226.98008728027344,44923900,0.0,0.0,0.0137705144606792,0.1769869558933007,0.21381425786441294,0.036827301971112225,0.06654556958877915,0.09762729527854479
2024-11-15,225.16996034674557,225.68713943052103,223.0515429787679,223.77757263183597,47923700,0.0,0.0,-0.0141092317251735,0.176030225684254,0.22181871653775426,0.04578849085350026,0.06754343362520407,0.0953602487179918
2024-11-18,224.0262188410909,228.49183017609323,223.94665165924164,226.7811737060547,44633700,0.0,0.0,0.0134222613950698,0.1822235409001709,0.2199543991586145,0.037730858258443606,0.0687049069373186,0.09200601664307
2024-11-19,225.7468090353896,228.90953992555225,225.4285554930197,227.0397491455078,36211800,0.0,0.0,0.0011401979945138,0.1824609158547847,0.24219785540462208,0.05973693954983739,0.06866465412476208,0.08885342550458981
2024-11-20,226.82094870348703,228.68078414631773,224.6627401240164,227.7558441162109,35169600,0.0,0.0,0.0031540511007355,0.1667655542628337,0.2320122197334574,0.06524666547062369,0.06868426370346127,0.086660729968287
2024-11-21,227.63648708983084,228.9095315645878,224.48371169719937,227.2784423828125,42108300,0.0,0.0,-0.0020961118923247,0.1668821824664805,0.24312286066237765,0.07624067819589714,0.06849089269873633,0.08496196500007448
2024-11-22,226.82094518602503,229.46649702017743,226.82094518602503,228.62110900878903,38168300,0.0,0.0,0.005907584599313,0.1677899702841758,0.23755986838176457,0.06976989809758877,0.06774223138695647,0.08197197229038769
2024-11-25,230.2024695182051,231.982737654973,228.4918131754458,231.60479736328125,90152800,0.0,0.0,0.0130507999345654,0.1715959681030248,0.25423217340074716,0.08263620529772236,0.0644776902813862,0.07758461466658957
2024-11-26,232.0623165721609,234.29015208323423,232.0623165721609,233.7829132080078,45986200,0.0,0.0,0.0094044504670172,0.1748029219532632,0.2607620612355088,0.08595913928224563,0.05676580502970123,0.07146746951146395
2024-11-27,233.19611792325415,234.40949083683984,232.53970008294309,233.6536102294922,33498400,0.0,0.0,-0.0005530899446042,0.164804924809437,0.2630643847908082,0.09825945998137117,0.0468075937670812,0.06579442817454775
2024-11-29,233.53426018813377,236.5179610009136,232.69882760276832,236.0405731201172,28481400,0.0,0.0,0.0102158185712626,0.1508227664085671,0.31860308799286907,0.16778032158430198,0.03193474351733679,0.06190077442851486
2024-12-02,235.98089694287455,239.4817615684827,235.8714939748314,238.2882843017578,48137100,0.0,0.0,0.0095225628032042,0.1404064602294744,0.3541510872853645,0.2137446270558901,0.04657693703546642,0.0696582013544332
2024-12-03,238.50711361537608,241.441083276618,237.60205398884364,241.3316802978516,38861000,0.0,0.0,0.0127719077965231,0.1407873199161301,0.18059932026675804,0.03981200035062793,0.04703981923941121,0.06848112279309444
2024-12-04,241.55047375645148,242.78374225546824,239.9392801306149,241.6897125244141,44383900,0.0,0.0,0.0014835691116914,0.140993271317119,0.1792648289863008,0.038271557669181805,0.04752140111430532,0.0671391739472892
2024-12-05,242.66439419479377,243.21139387343032,240.81449907142343,241.71954345703125,40033900,0.0,0.0,0.0001234265716385,0.139081457272804,0.17340707789887386,0.034325620626069864,0.04783717068133395,0.06661555764627443
2024-12-06,241.5902721155965,243.3009285590703,240.76477968960373,241.5206451416016,36870600,0.0,0.0,-0.0008228474726746,0.1248899558289128,0.17136823326578077,0.04647827743686797,0.04723459446792771,0.06753043868179318
2024-12-09,240.516140724136,245.89675186527563,240.43657354260168,245.40940856933597,44649200,0.0,0.0,0.0161011636311854,0.1314512422607221,0.19246305139166486,0.06101180913094276,0.04618237935259509,0.06935146442430229
2024-12-10,245.54863486606115,246.86147053083656,244.00705305092785,246.42385864257807,36914800,0.0,0.0,0.0041337048940224,0.116636215777145,0.19669649409650863,0.08006027831936363,0.04550614405494756,0.07161210515608378
2024-12-11,246.61284788068903,249.4374146087669,244.9220717859308,245.1508331298828,45205800,0.0,0.0,-0.005165999427603,0.1209524129626597,0.1924481932724897,0.07149578030982999,0.04502566349725485,0.07300936035179692
2024-12-12,245.5486447760948,247.3885997871069,244.3452120348149,246.6128387451172,32777500,0.0,0.0,0.0059636983344852,0.1209842005962535,0.19528167880052905,0.07429747820427554,0.04466994737958369,0.07427366938228468
2024-12-13,246.47359279661413,247.9355922748061,244.90217516923997,246.7819061279297,33155300,0.0,0.0,0.0006855579120406,0.1170704453187211,0.1985963002700002,0.08152585495127909,0.04380768107986574,0.07650859703129304
2024-12-16,246.6426542229925,250.0142354510927,246.304489938892,249.6760711669922,51694800,0.0,0.0,0.011727622516872,0.0977586416116806,0.2193737303832498,0.12161508877156921,0.04428765572116873,0.08029992692719648
2024-12-17,248.721307383058,252.45093348613432,248.4229342596344,252.1028289794922,51356400,0.0,0.0,0.0097196251172859,0.0946161997156642,0.24133290258991852,0.1467167028742543,0.045463518827739476,0.08574921915798701
2024-12-18,250.79000225751088,252.89847930582897,246.39401822090943,246.70233154296875,56774100,0.0,0.0,-0.0214218041835728,0.1336778249477068,0.2473123979085504,0.11363457296084359,0.04543787306325487,0.08844410082853732
2024-12-19,246.15532490458145,250.6308762664829,245.7475488049507,248.4328765869141,60882300,0.0,0.0,0.0070147089130525,0.1339810737829306,0.26349609530687457,0.12951502152394398,0.0459803071701873,0.09165751863120333
2024-12-20,246.6923766885693,253.61456925624785,244.35515348919105,253.1073455810547,147495300,0.0,0.0,0.0188158228426149,0.1409397078049133,0.2642766583132987,0.12333695050838542,0.04635366833470765,0.09401233224682776
2024-12-23,253.38583418491564,254.26104280923545,252.07299848460428,253.88311767578125,40858800,0.0,0.0,0.0030649924163426,0.1411739954431154,0.27563557138638356,0.13446157594326816,0.046827670540423715,0.09724691613911172
2024-12-24,254.10192745486225,256.80713572411884,253.90300191480816,256.7972106933594,23234700,0.0,0.0,0.0114780889893575,0.1401341133019049,0.2779009909373902,0.13776687763548529,0.04753957281950707,0.10000344975599987
2024-12-26,256.7872242633273,258.6868506395932,256.2302692406472,257.6127014160156,27237100,0.0,0.0,0.0031756214191516,0.1394055542290037,0.33191691211875607,0.19251135788975238,0.05167357582864388,0.10533106068637521
2024-12-27,256.4292059497028,257.294504767908,251.6851321069892,254.20138549804688,42355300,0.0,0.0,-0.0132420330954872,0.1526389882120006,0.2951357220290804,0.1424967338170798,0.052297953689644676,0.10754292437816064
2024-12-30,250.85962400320443,252.1227283114492,249.38766912858335,250.8297882080078,35557500,0.0,0.0,-0.0132634890381625,0.1629106622650986,0.301651567235784,0.13874090497068542,0.05092256703093346,0.10609095354747981
2024-12-31,251.06847768562105,251.90391026277229,248.07482152033188,249.0594482421875,39480700,0.0,0.0,-0.0070579335033054,0.1648516565293187,0.2634624481811454,0.09861079165182668,0.044172448085087704,0.10033426177727664
2025-01-02,247.57754859678104,247.74663833648884,240.5061920078161,242.5251617431641,55740700,0.0,0.0,-0.0262358506980607,0.1883499517575495,0.23248436308656678,0.04413441132901727,0.04387028914709422,0.1005503823261961
2025-01-03,242.03781127929688,242.853348279154,240.5757966624965,242.03781127929688,40244100,0.0,0.0,-0.0020094841309014,0.1884703201619121,0.21854692023068376,0.030076600068771664,0.04451610426850721,0.1001406344461756
2025-01-06,242.98266113735733,245.9862577240781,241.87869116125097,243.66891479492188,45045600,0.0,0.0,0.0067390442303363,0.1899203647397473,0.26435136148904914,0.07443099674930184,0.04224049853443345,0.10214590325233722
2025-01-07,241.6598791297847,244.215923537777,240.0387452815234,240.89407348632807,40856000,0.0,0.0,-0.0113877525614177,0.1945210599824026,0.2474909243126737,0.052969864330271094,0.04181300843758262,0.10247048259700735
2025-01-08,240.6056476428208,242.38593107741448,238.74581220273615,241.38140869140625,37628900,0.0,0.0,0.0020230269596308,0.1852055690898908,0.2588181847714049,0.07361261568151409,0.0412465256453808,0.10310052292453593
2025-01-10,238.70603757812464,238.85523174451487,231.73412786407496,235.56321716308597,61710900,0.0,0.0,-0.0241037267942973,0.2016942845047832,0.2589717042916153,0.05727741978683212,0.042219472095257844,0.10196137999790936
2025-01-13,232.2612269401141,233.39503269669683,228.47192915300568,233.12649536132807,49630700,0.0,0.0,-0.0103442372332298,0.2035421838297238,0.25339935476568004,0.049857170935956235,0.04330459865143686,0.10087944952921565
2025-01-14,233.47458784982285,234.83713969366363,231.2069764534674,232.0125732421875,39435300,0.0,0.0,-0.004778187556134,0.2012231463513701,0.25599843982657794,0.05477529347520785,0.044147130349596546,0.09990334029276228
2025-01-15,233.36518970349533,237.66172623332488,233.15632396556444,236.57763671875,39832000,0.0,0.0,0.0196759314065158,0.2165091778744214,0.2380561091002009,0.021546931225779498,0.04738006162590333,0.0969043941064873
2025-01-16,236.06046113202987,236.71686375610076,226.7910902867245,227.01983642578125,71759100,0.0,0.0,-0.0404002695501237,0.2492068465436913,0.24915709117830975,-4.9755365381543015e-05,0.05165773315922934,0.09082115189963975
2025-01-17,230.85888730040747,231.0279618693864,227.2386640256131,228.7305145263672,68488300,0.0,0.0,0.0075353683956389,0.2476548509893223,0.25800846006106903,0.010353609071746733,0.052876656211605574,0.08400299720951437
2025-01-21,222.78298573737737,223.20070201452856,218.18809151282764,221.4303741455078,98070400,0.0,0.0,-0.0319159006657935,0.2595482731138889,0.30330903384865526,0.04376076073476637,0.05312357218069798,0.08050930659821051
2025-01-22,218.59586314481808,222.90233985709412,218.59586314481808,222.61392211914065,64126500,0.0,0.0,0.005345011849436,0.2585667020611081,0.3089192773075521,0.05035257524644399,0.052221541335135076,0.07655118428433552
2025-01-23,223.51898889751175,225.7965406078772,221.09224303438072,222.44485473632807,60234800,0.0,0.0,-0.0007594645528145,0.243186279718247,0.3226343127980985,0.07944803307985152,0.05106129967579597,0.07435673841290882
2025-01-24,223.5587751677507,224.4041632112556,220.207089142254,221.56964111328125,54697900,0.0,0.0,-0.0039345195198347,0.2408605168710118,0.29446269439155326,0.05360217752054147,0.04921976408478035,0.07031376849177248
2025-01-27,222.802878047592,230.8886965110468,222.76308687365625,228.61114501953125,94863400,0.0,0.0,0.0317800934770207,0.2701521947891083,0.295111828389395,0.02495963360028669,0.04751726570301515,0.06467340629001256
2025-01-28,229.5958003833341,238.88505261672515,229.5560092044273,236.9655303955078,75707600,0.0,0.0,0.0365440861392072,0.3079459240625269,0.33898204984134706,0.031036125778820145,0.037265147043736756,0.05659964468446595
2025-01-29,232.8480185689149,238.55683854812665,232.738615593108,238.0595550537109,45486100,0.0,0.0,0.0046168092733873,0.3073534202439188,0.34415208581037127,0.03679866556645245,0.03148959499882897,0.05131474127193458
2025-01-30,237.37329797187644,239.4817751014353,235.9212386876704,236.29916381835935,55658300,0.0,0.0,-0.0073947514308105,0.3054788869038133,0.34099561120381744,0.03551672430000413,0.02396683996255437,0.04615353223840051
2025-01-31,245.8470107317681,245.8470107317681,232.1717149504871,234.71780395507807,100959800,0.0,0.0,-0.0066921940718199,0.3054140745414923,0.2334413810146164,-0.07197269352687588,0.03297597515865397,0.03762435797946539
2025-02-03,228.7404632470789,230.5704628324937,224.4737624406888,226.77120971679688,73063300,0.0,0.0,-0.0338559500147765,0.3142445109593408,1.1479567539130588,0.833712242953718,0.18110810467698799,0.07710324956070043
2025-02-04,226.0153670030395,231.8634262398647,225.4186206897715,231.53521728515625,45067300,0.0,0.0,0.0210079911568532,0.3257778202400506,0.2421582151152171,-0.08361960512483349,0.18441611342376113,0.07141843930102017
2025-02-05,227.2883891710869,231.4058958330951,227.0298072213747,231.2069854736328,39620300,0.0,0.0,-0.001417632338493,0.3241533669144316,0.2361736092807978,-0.08797975763363378,0.18782082754623003,0.06329790158187339
2025-02-06,230.03338922164468,232.5297620441898,229.1780610151748,231.95291137695312,29925300,0.0,0.0,0.00322622563411,0.3229412688072601,0.2168884503742753,-0.10605281843298481,0.19160886547960998,0.0553467674437106
2025-02-07,231.33627899238985,232.72866665415376,226.0252799376335,226.39328002929688,39707200,0.0,0.0,-0.0239687931255199,0.332026860659075,0.22490475116129233,-0.10712210949778267,0.19493513523002087,0.046310031184745755
2025-02-10,228.57379092662129,229.58935370973876,226.21406518332185,226.662109375,33115600,0.25,0.0,0.0011874440163079,0.3227036965208645,0.21669096591487663,-0.10601273060598787,0.197849382968835,0.03814552366510475
2025-02-11,227.2097321635687,234.2092245435644,227.1400438259152,231.6105499267578,53718400,0.0,0.0,0.021831794318877,0.3314025222110096,0.2251153186948556,-0.10628720351615398,0.20042688458143704,0.030338304942499245
2025-02-12,230.19669384296432,235.9317077791751,229.6789461531513,235.8420867919922,45243300,0.0,0.0,0.0182700523209002,0.337152878936253,0.24579595873768606,-0.09135692019856695,0.202145416056092,0.02303169425881051
2025-02-13,235.8819260401158,241.2883551100076,234.5477446540096,240.48187255859372,53614100,0.0,0.0,0.0196732730349937,0.3371509295543337,0.2534273850657312,-0.08372354448860247,0.20355175188882899,0.017768170473091406
2025-02-14,240.2030902821229,244.484433375407,239.94422402720735,243.5385589599609,40896200,0.0,0.0,0.012710672820557,0.3013941179152349,0.2546639140909244,-0.04673020382431048,0.20403387319854804,0.015434148050144958
2025-02-18,243.0905000064508,244.11602908498716,240.7905267294893,243.40911865234372,48822500,0.0,0.0,-0.000531498207799,0.3013891033013993,0.2686648799631048,-0.0327242233382945,0.20431750816493546,0.013280256429642895
2025-02-19,243.59830810290345,244.9424406983724,242.10481731288857,243.8073883056641,32204200,0.0,0.0,0.0016362150092212,0.2714580345218188,0.2678775517563433,-0.0035804827654755123,0.20422000551888625,0.010913194254630804
2025-02-20,243.87707690453925,245.70908851524857,243.2298884862767,244.76321411132807,32316900,0.0,0.0,0.0039204136195647,0.2714785959660772,0.26782569874533996,-0.00365289722073725,0.2040280268574543,0.008212920631271742
2025-02-21,244.88267886995575,247.6107939080121,244.155851012499,244.4844207763672,53197400,0.0,0.0,-0.0011390328239199,0.2715867275584648,0.2958032077021444,0.02421648014367961,0.2033858694016576,0.005451342984463146
2025-02-24,243.86711335623195,247.7800669312537,243.3593319822528,246.0277099609375,51326400,0.0,0.0,0.0063124234242393,0.2696074909504402,0.33415950088729196,0.06455200993685178,0.20353698960337632,0.005998834605278662
2025-02-25,246.92381259977984,248.91513366913293,243.84722519384715,245.9679718017578,48013300,0.0,0.0,-0.000242810694735,0.2513732714799221,0.3348935783368149,0.08352030685689277,0.20424410263188927,0.008926868268108967
2025-02-26,243.26972892021308,243.91690216055417,238.0922974197643,239.31695556640625,44433600,0.0,0.0,-0.0270401718834844,0.2426438424656412,0.3085279798071748,0.06588413734153359,0.20459099220991886,0.010669268846244638
2025-02-27,238.3710773588995,241.4078448384303,236.0312691715791,236.27023315429688,41153600,0.0,0.0,-0.0127309091196589,0.2466212539650595,0.3193722892227103,0.07275103525765084,0.20499021536069012,0.012466887330804557
2025-02-28,235.92174819400608,241.03944246427383,229.2010399398617,240.79052734375,56833400,0.0,0.0,0.0191318818672394,0.2543012040509361,0.25787807160273496,0.003576867551798868,0.20492559743833727,0.010869894493394294
2025-03-03,240.7407483660274,242.971033380884,235.085403953726,236.9970703125,47184000,0.0,0.0,-0.0157541788420708,0.2599391545810705,0.34505379844383166,0.08511464386276119,0.2045934448793439,0.018724261362876145
2025-03-04,236.6784479935277,239.02820722093008,233.66158290717055,234.9061584472656,53798100,0.0,0.0,-0.0088225219935307,0.229295876896886,0.28987880710320546,0.06058293020631947,0.07361756346956487,-0.01993220427449378
2025-03-05,234.39839184729652,235.5234930679701,228.235250954078,234.71701049804688,47227600,0.0,0.0,-0.0008052064299591,0.217931532641716,0.2763016786641731,0.0583701460224571,0.07399803906936847,-0.012832716717129256
2025-03-06,233.42265485870865,236.82781201573715,232.1482106078643,234.3087921142578,45170400,0.0,0.0,-0.0017391938612496,0.2179773755692215,0.2975105867818447,0.07953321121262322,0.07452298941773355,-0.004457068274816403
2025-03-07,234.0897400039076,240.32256924437755,233.74125275300776,238.03256225585935,46273600,0.0,0.0,0.0158925753831111,0.2244226103177963,0.2867523507705135,0.062329740452717164,0.07190673423785594,0.003962059669468695
2025-03-10,234.5178647329352,235.13518456664028,223.24699590534985,226.4928436279297,72071200,0.0,0.0,-0.0484795799304371,0.2728055632362618,0.33873072985919095,0.06592516662292913,0.06814977937232186,0.012614423475504285
2025-03-11,222.8387656202518,224.8599551431671,216.50636447278404,219.88165283203125,76137400,0.0,0.0,-0.0291894025877433,0.2919331262602713,0.2706582148121268,-0.021274911448144473,0.06281154628089303,0.016851314433396457
2025-03-12,219.1847126113749,220.78772670269151,213.9774121949233,216.03842163085935,62547500,0.0,0.0,-0.0174786352188636,0.2837566260647975,0.2671675784341905,-0.016589047630607034,0.05643505435054717,0.021336222227673805
2025-03-13,215.01287598245443,215.899013195213,207.51555384047248,208.77008056640625,61368300,0.0,0.0,-0.0336437426712569,0.2911077105052611,0.3148397112716886,0.023732000766427508,0.049819206954481915,0.027090668275923525
2025-03-14,210.3332680009786,213.02154815111564,208.67051688888432,212.5635528564453,60107600,0.0,0.0,0.0181705744412568,0.2893996144950786,0.27854071140293934,-0.010858903092139272,0.04356002009810733,0.030733900345746683
2025-03-17,212.3843419118567,214.28605714072168,209.0588394397278,213.07135009765625,48073400,0.0,0.0,0.0023889196166846,0.282796767593828,1.1404968047971404,0.8577000372033124,0.18820825988613826,0.07595541239712783
2025-03-18,213.23065092190424,214.21634506867483,210.57223927739028,211.76702880859372,42432400,0.0,0.0,-0.0061215235575533,0.2819248988916139,1.1460563504775303,0.8641314515859164,0.2556948564972205,0.12079819614333838
2025-03-19,213.29039128502816,217.8106832228152,212.8224296395377,214.30596923828125,54385400,0.0,0.0,0.011989309402751,0.288349403597965,0.24368758623454229,-0.04466181736342273,0.2569087396480548,0.11874412941344101
2025-03-20,213.0613904363763,216.5462020975973,211.29906714235267,213.17091369628903,48862900,0.0,0.0,-0.0052964252280353,0.2858750475977465,0.2908283701192558,0.0049533225215092624,0.25670006272904367,0.11917444040055336
2025-03-21,210.64192650603025,217.89033350890864,210.36314278996363,217.32281494140625,94127800,0.0,0.0,0.0194768656432768,0.3002285275238845,1.1282065205371865,0.827977993013302,0.30027069851951826,0.15936251604403445
2025-03-24,220.0409578175666,220.5188705761007,217.63146136955083,219.77212524414065,44299500,0.0,0.0,0.0112703781395191,0.3033588674583087,0.22257049460699296,-0.08078837285131574,0.3044161436192296,0.15209549690462607
2025-03-25,219.81197343150768,223.1275247285548,219.1249652538438,222.77903747558597,34493600,0.0,0.0,0.0136819545613666,0.3104731295214631,1.1187977164661727,0.8083245869447095,0.337200672810025,0.1883357109090169
2025-03-26,222.5400680439697,224.04352508950677,219.51326687455483,220.56866455078125,34466100,0.0,0.0,-0.0099218173749714,0.2999440241742882,0.2432098654307745,-0.05673415874351373,0.3406413974859743,0.18220479610476456
2025-03-27,220.4292696466093,224.0136533961419,219.6028696378956,222.87860107421875,37094800,0.0,0.0,0.01047264137969,0.3021824891936051,1.1282845262544403,0.8261020370608352,0.36842062035083034,0.21987234619492377
2025-03-28,220.7080664246457,222.8387793372666,216.7353754664909,216.9544219970703,39818600,0.0,0.0,-0.0265802954998612,0.3018664140172691,1.1331268905793588,0.8312604765620897,0.38876999156823255,0.2612565266454383
2025-03-31,216.0682546413304,224.64089116236792,215.29164075657343,221.16604614257807,65299300,0.0,0.0,0.0194124835379694,0.3109606899584595,0.25901548935856933,-0.05194520059989016,0.39322085059873985,0.25440353442230573
2025-04-01,218.85614379144317,222.70934527111467,217.95008904171655,222.2214813232422,36412700,0.0,0.0,0.0047721393001873,0.3114827326452611,0.303440793493434,-0.008041939151827104,0.3952950823793412,0.25097229095439844
2025-04-02,220.35960203797092,224.2128035366635,220.06090083198967,222.9184417724609,35905900,0.0,0.0,0.0031363324781592,0.3120952973611485,0.309997441715062,-0.0020978556460864994,0.3970729705455336,0.24794889087097122
2025-04-03,204.64805110026137,206.58960121618028,200.37667426890133,202.30825805664065,103419000,0.0,0.0,-0.0924561626752159,0.446689575365167,0.3507209143070721,-0.09596866105809493,0.40288742915365605,0.23917379725743534
2025-04-04,193.0486144227304,199.0126263082325,186.52703508606032,187.56253051757807,125910900,0.0,0.0,-0.0728874227908883,0.4950832574747807,1.2189037645166931,0.7238205070419124,0.414587775100599,0.2722483355868951
2025-04-07,176.43103817745248,193.30748067285785,173.86223225537526,180.6725616455078,160466300,0.0,0.0,-0.0367342499221857,0.4850587052007185,0.40124778440458886,-0.08381092079612962,0.41982862049859754,0.26476153121594215
2025-04-08,185.88981432593783,189.5140179775097,168.47572171547168,171.67178344726562,120859500,0.0,0.0,-0.0498181800062277,0.500718736139992,0.501737492182916,0.0010187560429240072,0.4190580851428898,0.26587621459049554
2025-04-09,171.20381523449285,199.7394480269994,171.14407803694525,197.98709106445312,184395900,0.0,0.0,0.1532884850891707,0.7697191646759574,0.42762736029911824,-0.3420918043768391,0.4365610092555246,0.249601076753184
2025-04-10,188.24952597387417,193.9347385570105,182.205859833413,189.5936584472656,121880000,0.0,0.0,-0.042393837760135,0.7749079210771761,0.5576547830067051,-0.21725313807047097,0.44633932735887766,0.23755181981133905
2025-04-11,185.2924188893916,198.67408279715283,185.2525839628914,197.2901153564453,87435900,0.0,0.0,0.0405944849221864,0.7872938201072389,0.42410923834613623,-0.3631845817611027,0.46329067694418546,0.21993553587789086
2025-04-14,210.52246440005905,212.01595519155484,200.28707539108044,201.64117431640625,101352900,0.0,0.0,0.0220541153422706,0.7920224286800998,0.374385753562569,-0.4176366751175308,0.45863397595569727,0.15616870026184873
2025-04-15,200.98403365195668,202.62686743682656,198.9329754067001,201.2628173828125,51343900,0.0,0.0,-0.0018763872749523,0.791844541179419,0.3316430735633281,-0.46020146761609093,0.44648129545669724,0.08995205430174835
2025-04-16,197.4992192732065,199.8290612192316,191.5352073519423,193.42697143554688,59732400,0.0,0.0,-0.0389334008594415,0.8010102398581282,1.1986700966117048,0.3976598567535765,0.4504001829213709,0.11206813800759832
2025-04-17,196.3442601625108,197.9671917432912,193.5763250102755,196.12521362304688,52164700,0.0,0.0,0.0139496687947631,0.8034864835458176,1.192693706422932,0.3892072228771143,0.4537734251691588,0.13128083302537857
2025-04-21,192.43131586910096,192.9590147372882,188.9863237329868,192.32179260253903,46742500,0.0,0.0,-0.0193928202817308,0.8009233653043744,0.5493326307101634,-0.251590734594211,0.4301301136730906,0.07730239664500291
2025-04-22,195.26894368988752,200.715208155226,195.1196006832811,198.8732452392578,52976400,0.0,0.0,0.0340650560088022,0.811057128944271,0.43193399517062636,-0.3791231337736446,0.4409384591873259,0.06238565859888647
2025-04-23,205.1060615575032,207.0973825434984,201.9199510184256,203.71214294433597,52929200,0.0,0.0,0.0243315670705559,0.8149694088694815,0.3860815026998306,-0.42888790616965095,0.4169120735259305,0.0005250339431684458
2025-04-24,204.00089523709076,207.923800345576,202.0593601483308,207.46578979492188,47311000,0.0,0.0,0.0184262302498658,0.8180956829339017,0.39835279913268457,-0.4197428838012171,0.42730831989614126,-0.017625402309716723
2025-04-25,205.4744504992001,208.8397878176709,205.30519003897632,208.371826171875,38222300,0.0,0.0,0.0043671603778567,0.8171646078607534,0.3894780479358388,-0.4276865599249146,0.3870897130843083,-0.08031483215900422
2025-04-28,209.088696522261,210.5821872117057,206.55972563953333,209.22808837890625,38743100,0.0,0.0,0.0041092993364897,0.812233853895311,0.3780610280914513,-0.4341728258038597,0.32936224958624405,-0.1435864972773017
2025-04-29,207.7844034400983,211.31900144522857,207.46578477039023,210.29347229003903,36827600,0.0,0.0,0.0050919736417198,0.8091390058215562,0.3638320666936925,-0.4453069391278637,0.33529333288806973,-0.16325458420370034
2025-04-30,208.39173986928208,212.65316547487808,205.7731479657814,211.57785034179688,52286500,0.0,0.0,0.0061075507374113,0.8092861293839042,0.3695084057392428,-0.4397777236446614,0.3386556281119675,-0.18484137342834206
2025-05-01,208.17271138967985,213.62892699621813,207.99348458901505,212.39431762695312,57365700,0.0,0.0,0.0038589449880375,0.8093421208676123,0.43190163509674745,-0.3774404857708648,0.3383956089417858,-0.203608504934581
2025-05-02,205.19567188008236,206.0917754590827,201.2827333487594,204.4588928222656,101010600,0.0,0.0,-0.0373617566295967,0.7482862273687744,1.1677547448838703,0.41946851751509595,0.3655619351752777,-0.17783664600592144
2025-05-05,202.2186538992821,203.21431440062256,197.34987465543003,198.02691650390625,69018500,0.0,0.0,-0.0314585305122954,0.7069394029406293,1.2398520261489865,0.5329126232083572,0.3425470887010396,-0.1873820401975992
2025-05-06,197.3498583398735,199.77925700053615,196.165020010421,197.64854431152344,51216500,0.0,0.0,-0.0019107109228524,0.6912105227200838,0.319506122462891,-0.37170440025719276,0.34401157220756207,-0.20177671417065235
2025-05-07,198.30568786560423,198.5745204381265,192.4113798882551,195.3983612060547,68536700,0.0,0.0,-0.0113847694315528,0.6634266826835354,0.3276385231060208,-0.3357881595775146,0.3417983704098736,-0.2186170599516743
2025-05-08,196.86199326420865,199.1818840286168,193.83517686729027,196.63299560546875,50478900,0.0,0.0,0.0063185504309941,0.3782319097574473,0.2975062032758259,-0.08072570648162142,0.34182550144131735,-0.20554875505691336
2025-05-09,198.13644922219603,199.66975978270045,196.68277813613463,197.66848754882807,36453900,0.0,0.0,0.0052661148764525,0.3437654390334574,0.30615826405496105,-0.03760717497849636,0.34385603959944583,-0.19656645690231467
2025-05-12,210.32994399020487,210.62903686932515,206.12274573806783,210.1504821777344,63775800,0.26,0.0,0.0631461027687732,0.3840368115575693,0.30156995715470125,-0.08246685440286805,0.34242321775128326,-0.18253057053440294
2025-05-13,209.79158118866215,212.75257189298435,208.36592688565327,212.28399658203125,51909300,0.0,0.0,0.0101523174355244,0.3786713728031673,0.3083873513958199,-0.07028402140734741,0.33865921818131545,-0.16516293784889377
2025-05-14,211.78550901932945,213.29093762104836,209.94113079478424,211.68582153320312,49325800,0.0,0.0,-0.0028178056681582,0.3788417149609958,0.29942060560169914,-0.07942110935929664,0.3318342561999937,-0.14612391993605406
2025-05-15,210.310003869238,212.3139155435744,208.90427796298636,210.80848693847656,45029500,0.0,0.0,-0.0041445127896246,0.3467868818824753,0.30372338337840976,-0.043063498504065545,0.3075689310031237,-0.16816008769893614
2025-05-16,211.71573318604425,211.92510277199543,209.1335944967917,210.6190643310547,54737900,0.0,0.0,-0.0008985530429671,0.3454436329335323,0.3010122664728277,-0.04443136646070461,0.28028394017702507,-0.1898420171658271
2025-05-19,207.2792203104568,208.84444913775627,203.6402850091008,208.1465759277344,46140500,0.0,0.0,-0.0117391481686293,0.3396498310594986,0.3057926525787291,-0.03385717848076947,0.2819827006661624,-0.178955339360155
2025-05-20,207.03996203611737,207.83753801206535,204.40797196423648,206.232421875,42496600,0.0,0.0,-0.0091961832386757,0.3234874251475595,0.3081269276385461,-0.015360497509013415,0.2801175119582097,-0.16076720754692347
2025-05-21,204.5475404614086,206.41186226922272,200.10108001028595,201.4768829345703,59211800,0.0,0.0,-0.023059123765283,0.3238606689514111,0.32762340022020575,0.0037627312687946723,0.2749806359345544,-0.1391346756750012
2025-05-22,200.1010778345708,202.1348820380274,199.09413231135568,200.7490997314453,46742400,0.0,0.0,-0.0036122417248303,0.3162676056832275,0.322181598073641,0.005913992390413514,0.2685155698188558,-0.11785183186541966
2025-05-23,193.0824298832746,197.10020219746903,192.8730755135501,194.67758178710935,78432900,0.0,0.0,-0.0302443097003084,0.3313170791029726,0.33405679529515864,0.002739716192186048,0.2594724442585255,-0.09633051805956463
2025-05-27,197.6983910952664,200.1309909415137,196.83102019804124,199.60260009765625,56288500,0.0,0.0,0.0252983330968876,0.3457313073222683,0.3216234941176186,-0.02410781320464972,0.24728675723019136,-0.07582726742960413
2025-05-28,199.98143310081724,202.11494001836,199.2935240345892,199.81195068359372,45339700,0.0,0.0,0.0010488369682313,0.344908134039816,0.32682007855093115,-0.01808805548888487,0.231648196943628,-0.05446632324765518
2025-05-29,202.9623758748587,203.19167383577107,197.90775006205251,199.3433837890625,51396800,0.0,0.0,-0.0023450393879255,0.3434671209805308,0.32199452563117326,-0.021472595349357526,0.21317544140970895,-0.033551066832889984
2025-05-30,198.7651407343476,201.3472946799051,196.18300200128655,200.24066162109372,70819900,0.0,0.0,0.0045011668557843,0.3436386469761004,0.323094393762195,-0.020544253213905406,0.1972137641036423,-0.01570625520504202
2025-06-02,199.6723835925692,201.51677709467236,199.51286535414476,201.08807373046875,35423300,0.0,0.0,0.0042319681852556,0.31885270010228,0.3203085296227176,0.0014558295204376015,0.1687653042199338,-0.03660688960477494
2025-06-03,200.7391319516516,203.1517881077627,200.35031577799097,202.6533050537109,46381600,0.0,0.0,0.0077838098212634,0.2983158328069169,0.27312252020629985,-0.02519331260061708,0.10294518540066051,-0.06451218639522366
2025-06-04,202.29440469878628,205.6143037964219,201.48686455307688,202.2046813964844,43604000,0.0,0.0,-0.0022137495221588,0.2983612930063269,0.26950755332339793,-0.02885373968292898,0.07340717465940677,-0.047369653366510465
2025-06-05,202.88261988754903,204.12882762641604,199.54277706238676,200.02133178710935,55126100,0.0,0.0,-0.0107977203806368,0.2980372487273481,0.2782625653288726,-0.01977468339847549,0.02806634463690049,-0.03156897955755851
2025-06-06,202.3841235560851,205.07592905349443,201.4370087789868,203.30133056640625,46607700,0.0,0.0,0.0163982448771409,0.302389046512253,0.27340390284637356,-0.028985143665879454,0.025570452148269585,-0.02898195141677141
2025-06-09,203.76991971327612,205.37503589356555,199.4131823149893,200.83883666992188,72862600,0.0,0.0,-0.0121125321198034,0.3060460556591396,0.27325420328082217,-0.03279185237831744,0.0255075571211974,-0.028741185286762467
2025-06-10,199.9914028593682,203.7300256804245,199.96149509379936,202.05511474609372,54672600,0.0,0.0,0.0060559904465629,0.2014217291698786,0.26477929498550723,0.06335756581562862,0.029819252251184567,-0.021449964275837632
2025-06-11,202.88260699920767,203.8795731269679,197.80805305990708,198.1769256591797,60989900,0.0,0.0,-0.0191937189602325,0.2050632826355697,0.26831821055751964,0.06325492792194995,0.03308131080621647,-0.014773016809372763
2025-06-12,198.476026276637,199.07419684911244,196.7612432530472,198.5956573486328,43904600,0.0,0.0,0.0021129184846335,0.2059787792524017,0.2655524703284595,0.05957369107605781,0.03338386684435215,-0.007823276787605042
2025-06-13,199.12403626091725,199.76209396079904,195.1062640673262,195.8539886474609,51447300,0.0,0.0,-0.0138052802250298,0.2094499549428765,0.2643259785178842,0.054876023575007704,0.03508252697811207,-0.0029263006836513796
2025-06-16,196.701426450214,198.08720880439395,195.9636660151664,197.81802368164065,43020700,0.0,0.0,0.0100280573693853,0.2148336708068131,0.24758506582295625,0.03275139501614316,0.034517164941258845,0.0009328373901910089
2025-06-17,196.60172782081943,197.7881200100286,194.6177748569289,195.0464630126953,38856200,0.0,0.0,-0.0140106579641384,0.216200149019262,0.25053427865626987,0.03433412963700788,0.03426679936090835,0.004342402796079876
2025-06-18,195.34553910938877,196.97059871241268,194.4781834746436,195.9835968017578,45394700,0.0,0.0,0.0048046694853498,0.2167241193308342,0.2452642870188001,0.02854016768796591,0.03434424900564095,0.006537436055928843
2025-06-20,197.63857663438117,201.08807102199276,196.2627584683704,200.39019775390625,96813500,0.0,0.0,0.0224845396454573,0.2195779135752549,0.24166498419451737,0.02208707061926246,0.03451035270544787,0.0074536530234522325
2025-06-23,201.01828233775663,201.686247808318,198.3563846401482,200.888671875,55814300,0.0,0.0,0.0024875174867879,0.2193805158143001,0.22348659546242075,0.004106079648120653,0.03451696508770263,0.007363257386337589
2025-06-24,201.9753521214132,202.82277936444737,199.5926038267289,199.6923065185547,54064000,0.0,0.0,-0.0059553649555199,0.1897207548998455,0.2193703758163619,0.029649620916516406,0.034850126040744375,0.008708752622554107
2025-06-25,200.8388346981885,203.05210084338043,200.01135094007645,200.9485015869141,39525700,0.0,0.0,0.0062906533068796,0.1687199224312683,0.23412375214551367,0.06540382971424538,0.03613780822213712,0.013184334768498862
2025-06-26,200.81888589983927,202.025221644493,198.854876564116,200.39019775390625,50799100,0.0,0.0,-0.0027783428520183,0.1690681921955735,0.21237564758982613,0.043307455394252625,0.03594868568338458,0.016254110312655737
2025-06-27,201.2774955925489,202.60346239871808,199.39323017588663,200.46995544433597,73188600,0.0,0.0,0.0003980119353323,0.1688010513823451,0.2262664412579118,0.05746538987556668,0.035921960013067904,0.020201009573901946
2025-06-30,201.39711462840117,206.7607970676305,198.65545787730727,204.5475311279297,91912800,0.0,0.0,0.02034008375248,0.1827702559054783,0.2586012558189337,0.07583099991345538,0.03662575088304585,0.025019772230269986
2025-07-01,206.04297877714563,209.5523036527052,205.5145879695679,207.1894989013672,78788900,0.0,0.0,0.0129161557652099,0.1872707959507339,0.30129450635750377,0.11402371040676987,0.041180176728055476,0.030648166274586598
2025-07-02,208.2761972389462,212.69274987948137,207.5085290616707,211.7954864501953,67941800,0.0,0.0,0.0222307963156993,0.2002115107820381,0.306594800824122,0.10638329004208388,0.0422849047612442,0.03722699640672165
2025-07-03,211.5063683517463,213.9987837940836,211.1674035025876,212.90213012695312,34955800,0.0,0.0,0.0052250578862929,0.1997357342269562,0.29886697961521724,0.09913124538826104,0.04143397714710979,0.04362624566028115
2025-07-07,212.0347473083985,215.57398008038285,208.16652910348648,209.3130340576172,50229000,0.0,0.0,-0.0168579622345523,0.2062034800968455,0.3192657142079539,0.11306223411110841,0.04138275202384549,0.05026809153576034
2025-07-08,209.46258702266437,210.78853856973336,207.81758380403343,209.3728485107422,42848900,0.0,0.0,0.0002857655443881,0.1994691894861482,0.3165854326839672,0.11711624319781902,0.039509113182448555,0.05757316087894526
2025-07-09,208.8943192909964,210.6888614301138,206.59132988433592,210.4994354248047,48749400,0.0,0.0,0.0053807689109446,0.1931453728306189,0.3105824079556475,0.11743703512502862,0.0355022922547916,0.06508460525411257
2025-07-10,209.87131932773667,212.83230973607436,209.3927798795442,211.76556396484372,44443600,0.0,0.0,0.0060148785552982,0.1931351684345431,0.30479785702662743,0.11166268859208434,0.03699054522829387,0.06749986139293536
2025-07-11,209.931172276849,211.48643705736623,209.2233196075129,210.51937866210935,39765800,0.0,0.0,-0.0058847400842814,0.1786129205203282,0.3046720588394368,0.12605913831910862,0.03921040362831037,0.07064007191279328
2025-07-14,209.293099043616,210.27013683517245,206.91035052542597,207.9870758056641,38840100,0.0,0.0,-0.0120288349345251,0.1865133666139666,0.3115659572952383,0.12505259068127167,0.04093354203072159,0.07391401689305399
2025-07-15,208.5852528191871,211.24715053377864,208.28615994072268,208.4755859375,42296300,0.0,0.0,0.0023487523440752,0.1764666222328427,0.32385227160585406,0.14738564937301135,0.043795743873279336,0.07853949818295416
2025-07-16,209.6619898172476,211.7556096589697,208.0070223143888,209.5224151611328,47490500,0.0,0.0,0.0050213516317765,0.1747787831277141,0.3241059951667504,0.14932721203903632,0.04511863335025034,0.08436828903409882
2025-07-17,209.93117746335784,211.1574416148312,208.9541396463333,209.38284301757807,48068100,0.0,0.0,-0.000666144209188,0.1636847948189155,0.3203277250277931,0.1566429302088776,0.04625465265246025,0.09048372906269231
2025-07-18,210.23024956462243,211.1474566075158,209.06380098140497,210.539306640625,48974600,0.0,0.0,0.0055232014542365,0.1637746115493259,0.3203331153124671,0.1565585037631412,0.0460890449852257,0.09688464586645107
2025-07-21,211.4565208835752,215.12534891613052,210.98794558852117,211.8353576660156,51377400,0.0,0.0,0.0061558625136106,0.1483872410811635,0.32868066189451295,0.18029342081334945,0.046152313791886196,0.10479496337615542
2025-07-22,212.4933703299684,214.29787667610697,211.5861274580158,213.74954223632807,46404100,0.0,0.0,0.0090361901403184,0.150003190637205,0.3523393064614067,0.20233611582420172,0.04465184209727916,0.11470646518495946
2025-07-23,214.3477172095632,214.4972560435483,211.76557859278188,213.5002899169922,46989300,0.0,0.0,-0.0011660952193308,0.1470823862993303,0.3476714282284436,0.2005890419291133,0.04386707733202893,0.1232534362355893
2025-07-24,213.251055366678,215.03563331063384,212.8821827557749,213.11148071289065,46022600,0.0,0.0,-0.0018211179209767,0.1477769015540675,0.3458716127799497,0.1980947112258822,0.04468391030638463,0.12988798031117116
2025-07-25,214.0486138925591,214.5869840936473,212.75255494873,213.23110961914065,40268800,0.0,0.0,0.0005613442591165,0.1465199352113124,0.33880836638035955,0.19228843116904715,0.041816798047742604,0.1373370290999109
2025-07-28,213.38067592321025,214.1981955143971,212.41361748607304,213.40061950683597,37858000,0.0,0.0,0.0007949585217563,0.1464277726221414,0.37647344254372805,0.23004566992158665,0.042271343446040235,0.1459660431022119
2025-07-29,213.53020352524888,214.1582970701604,210.18041185237743,210.6290435791016,51411700,0.0,0.0,-0.0129876658003121,0.1423286025449087,0.4094665872542451,0.2671379847093364,0.04695140830021464,0.15553139234200594
2025-07-30,211.2571158132724,211.74563469104575,207.0898047125579,208.415771484375,45512500,0.0,0.0,-0.0105079150392446,0.1417038278385703,0.41218731972816214,0.27048349188959186,0.05239092652247023,0.16335438141614703
2025-07-31,207.85748415888983,209.20337937318877,206.5315173151756,206.94027709960935,80698400,0.0,0.0,-0.0070795716382541,0.117809569193172,0.4742482034222857,0.3564386342291137,0.06611824102554921,0.17585714862549853
2025-08-01,210.23025491744008,212.93203997684435,200.8886866162373,201.7660217285156,104434500,0.0,0.0,-0.0250036167130632,0.1424595127035868,0.2982182771016004,0.15575876439801362,0.06383265999366315,0.17868852457598614
2025-08-04,203.8895472057539,207.24933356384108,201.06813110178,202.7330780029297,75109300,0.0,0.0,0.0047929590231763,0.1343048203698361,0.32145618912268237,0.18715136875284627,0.061945608949026586,0.18239298130807308
2025-08-05,202.7829065525681,204.7170232958933,201.5466782764192,202.3043670654297,44155100,0.0,0.0,-0.0021146570738387,0.1341371086793726,0.27136962871237547,0.13723252003300287,0.06098580179362962,0.18339879514983226
2025-08-06,205.0061502968161,214.72657006985975,204.96626313259569,212.60302734375,108483100,0.0,0.0,0.050906762062084,0.2294262147752841,0.29863776537142994,0.06921155059614584,0.0645786263130445,0.1809875209233881
2025-08-07,218.2159523061407,220.1799768073744,215.92292715514495,219.36245727539065,90224800,0.0,0.0,0.0317936673625609,0.2543934126587444,0.29870651437320683,0.044313101714462455,0.0699190308777613,0.177620041579507
2025-08-08,220.16004899168945,230.29919347638383,218.5848405614596,228.6542053222656,113854000,0.0,0.0,0.0423579684613488,0.2899989718262061,0.3474463646683677,0.057447392842161604,0.07413796061450251,0.17418945430565966
2025-08-11,227.4864157407103,229.12329528601256,224.3324234952035,226.7478179931641,61806100,0.26,0.0,-0.0083374251805895,0.2875284171707564,0.35678555370079457,0.06925713653003818,0.07707583763281398,0.17139968159809799
2025-08-12,227.57622481823225,230.36092560837628,226.63802588155735,229.21310424804688,55626200,0.0,0.0,0.0108723703570861,0.2882811676414737,0.37552946167113277,0.08724829402965906,0.07920558439901479,0.16839281383093035
2025-08-13,230.6304284784954,234.552944884794,229.99163136972763,232.88612365722656,69878500,0.0,0.0,0.0160244739114254,0.2909724795000179,1.162686247290042,0.8717137677900242,0.17582912124972416,0.20451214161847978
2025-08-14,233.61473725595164,234.6727183450988,230.41085227691244,232.3371734619141,51916300,0.0,0.0,-0.0023571614602528,0.2915058603159851,0.36421340856143164,0.07270754824544656,0.17801987614124495,0.20031537252030823
2025-08-15,233.5548328767578,233.834298979768,228.9036945156081,231.1494140625,56038700,0.0,0.0,-0.0051122228170206,0.2938678072258333,0.3746393563686934,0.08077154914286011,0.17979803417127954,0.19652602478929415
2025-08-18,231.2592012143754,232.67649791960372,229.6722297518056,230.45074462890625,37476200,0.0,0.0,-0.0030225879499951,0.2951262427030251,,,0.18468320669423047,0.19738037236697545
2025-08-19,230.8400151681398,232.42698672077373,228.9136940815642,230.1213836669922,39402600,0.0,0.0,-0.0014292032878627,0.2952750170359302,0.41962217912905675,0.12434716209312657,0.18543209802455446,0.1932756905916557
2025-08-20,229.54248102593337,230.0315543310328,225.3404986724704,225.5800323486328,42263900,0.0,0.0,-0.0197345907016235,0.3066047033173974,0.3784814207707252,0.0718767174533278,0.18748976550458185,0.18650135772450913
2025-08-21,225.8395414786139,226.0890658711696,223.3542730460458,224.47213745117188,30621200,0.0,0.0,-0.0049113163338353,0.3074348857881251,0.3385917806741119,0.031156894885986774,0.1907986382063308,0.1777151568645146
2025-08-22,225.7397343895232,228.65417758009715,224.98118568943212,227.3267059326172,42477800,0.0,0.0,0.0127168053632769,0.3092960535864964,0.3717394959255496,0.06244344233905319,0.1925648520264346,0.1708812100839886
2025-08-25,226.0491451945495,228.86378779922748,225.79962078901823,226.7278594970703,30983100,0.0,0.0,-0.0026342986543973,0.3099155597601979,0.43108470466814597,0.12116914490794806,0.19232625008398604,0.16515086666221818
2025-08-26,226.438403395408,229.0534295301293,224.2625578823749,228.87376403808597,54575100,0.0,0.0,0.0094646707545147,0.3045512469053964,1.1821328487812264,0.87758160187583,0.2520309098038837,0.1972794780920336
2025-08-27,228.17510050695543,230.46073738560716,227.82576024347395,230.0515289306641,31259500,0.0,0.0,0.0051459148125956,0.2994594403801848,1.181870632211159,0.8824111918309742,0.29699334857297566,0.22948619914158006
2025-08-28,230.3809040856524,232.9659733126178,228.90370861616245,232.1175842285156,38074700,0.0,0.0,0.0089808370648745,0.2961924306380345,0.4633656959563267,0.16717326531829219,0.2956698166783569,0.21952486393574733
2025-08-29,232.0676707602769,232.9360260407387,230.92984008944924,231.6983795166016,39418400,0.0,0.0,-0.0018060015285242,0.2747392269268355,0.4252038642451921,0.15046463731835658,0.2957357353756174,0.21924622566839697
2025-09-02,228.8138823959992,230.4108447009183,226.53822101083423,229.28298950195312,44075600,0.0,0.0,-0.010424716908628,0.2816428009524889,0.2419671706293806,-0.03967563032310828,0.3016229968834561,0.2073079625591362
2025-09-03,236.75874463665696,238.395624134605,233.9141603097862,238.01634216308597,66427800,0.0,0.0,0.0380898412049814,0.3011562108662439,0.2326218331762877,-0.06853437768995618,0.3079074344673619,0.19647812583687518
2025-09-04,237.9963808412042,239.4436193831587,236.28964239378743,239.3238525390625,47549400,0.0,0.0,0.0054933638761689,0.2557145502067579,0.24234234134330884,-0.013372208863449031,0.3103767619063973,0.19213161218110705
2025-09-05,239.5434165987409,240.8609127003189,238.0362947520209,239.2340087890625,54870400,0.0,0.0,-0.0003754065842029,0.2376310914978143,0.2397724375993044,0.0021413461014900825,0.31164078360767783,0.18991204609621376
2025-09-08,238.84475646782596,239.69313028194867,235.89038089866293,237.42745971679688,48999500,0.0,0.0,-0.0075513890412566,0.194081750476567,0.2390117801702183,0.044930029693651286,0.31194944910184885,0.18925323750945006
2025-09-09,236.54912730927947,238.3257397896772,232.9160527142261,233.9041748046875,66313900,0.0,0.0,-0.014839416284502,0.1999387583605643,0.2359155254070067,0.0359767670464424,0.3127530599028433,0.1875016391155766
2025-09-10,231.7482872752143,231.9778454619465,225.5201526853384,226.35855102539065,83440800,0.0,0.0,-0.0322594660210642,0.2298715917108552,0.22976567488017835,-0.00010591683067684432,0.31494310064690806,0.18290404907029575
2025-09-11,226.44839058875493,230.0115911363252,226.21881717306923,229.59239196777344,50208600,0.0,0.0,0.0142863652719709,0.2282890564436991,0.21709789272511631,-0.01119116371858278,0.26952545904988434,0.1364353684645796
2025-09-12,228.78394562468256,234.0638755168574,228.5843291396984,233.62472534179688,55824200,0.0,0.0,0.0175630095556016,0.237054081314195,0.23243122858864135,-0.0046228527255536556,0.2711204084392154,0.13236534736084274
2025-09-15,236.549127145038,237.7368657054393,234.58287368836287,236.24969482421875,42699500,0.0,0.0,0.011235837639109,0.2391223683493717,0.23877780974808488,-0.0003445586012868207,0.2726125311332788,0.12809607853220342
2025-09-16,236.72878926810645,240.76111223381088,235.87043992435724,237.6969451904297,63421100,0.0,0.0,0.006125935389198,0.2391850523375487,0.2613908756961433,0.022205823358594584,0.26639590316015394,0.122801565773523
2025-09-17,238.5153883976145,239.6432435766681,237.27774187166392,238.5353546142578,46508000,0.0,0.0,0.0035272200202507,0.2389838553935435,0.24382713730376376,0.004843281910220265,0.2676964577341502,0.11682637176437768
2025-09-18,239.5134800259323,240.74113579799257,236.199788714976,237.42745971679688,44249600,0.0,0.0,-0.0046445731252398,0.2265404974578533,0.24575356105027008,0.019213063592416785,0.26841990765379004,0.11419318907133214
2025-09-19,240.77107799962133,245.83144010441063,239.7530294205925,245.032958984375,163741300,0.0,0.0,0.0320329387201039,0.247182179725416,0.2661338421914603,0.018951662466044294,0.26863241991179415,0.113582927450335
2025-09-22,247.82763635806887,256.15178189089505,247.64797087115,255.5928192138672,105517400,0.0,0.0,0.043095672815858,0.2816798751445407,0.33233602790202443,0.05065615275748375,0.2687634205757211,0.11299356297125655
2025-09-23,255.3932223520852,256.8504363399061,253.0975947938589,253.9459686279297,60275200,0.0,0.0,-0.0064432584256582,0.2835512342450264,0.324392129055559,0.0408408948105326,0.26923461540821697,0.10897715046638576
2025-09-24,254.73446948849343,255.2534845023776,250.5624136207024,251.8300018310547,42303700,0.0,0.0,-0.008332350414175,0.2875387963471691,0.3145887433155179,0.02704994696834878,0.19961111451135127,0.06645056772101171
2025-09-25,252.72829161839877,256.6807646844572,251.2311452680336,256.3813171386719,55202100,0.0,0.0,0.0180729669798063,0.2912954131373398,0.3150816885805875,0.023786275443247684,0.05439330844988556,0.023519321901625385
2025-09-26,253.61660096533103,257.10994249251326,253.2972024297037,254.97401428222656,46076300,0.0,0.0,-0.0054891006573779,0.2935816775178522,0.325572328716634,0.031990651198781805,0.042757331831269244,0.016760191195649865
2025-09-29,254.0757261912774,254.5148915782133,252.52867184357527,253.9459686279297,40127700,0.0,0.0,-0.0040319624617077,0.2943581192938068,0.37009815467588547,0.07574003538207869,0.032491419014390295,0.013023961098835971
2025-09-30,254.3751575512532,255.4331385813304,252.6284867333586,254.1455993652344,37704300,0.0,0.0,0.0007861150085717,0.2893365875982746,0.32550799434738925,0.036171406749114676,0.03037404755644806,0.016816312952447118
2025-10-01,254.55481135314997,258.29769267334166,254.44502000530687,254.9640350341797,48713900,0.0,0.0,0.003220341689919,0.2621494542772461,0.41531420492831633,0.15316475065107021,0.037259900435375345,0.027901269369498438
2025-10-02,256.09186667190835,257.68882891050583,253.66649683440303,256.6408386230469,42630200,0.0,0.0,0.0065766279100596,0.2622828343522736,0.447168568796903,0.18488573444462936,0.049922579583880945,0.03781416653490236
2025-10-03,254.18552630266564,258.7468246365968,253.46689477740225,257.5291442871094,49155600,0.0,0.0,0.0034612794628809,0.261859389240298,0.37681980150951633,0.11496041226921833,0.05200991865047257,0.04345511984328877
2025-10-06,257.49920544747016,258.5771679771474,254.56481112131075,256.2016906738281,44664100,0.0,0.0,-0.0051545762595371,0.2606142146266795,0.4551987420568584,0.1945845274301789,0.06203297093032391,0.05093784473011516
2025-10-07,256.3214394907812,256.91031341337026,254.94405994391948,255.99208068847656,31955800,0.0,0.0,-0.000818144426761,0.2518181761387648,0.26290761420576225,0.01108943806699747,0.06259594441098172,0.0496934782811429
2025-10-08,256.03198246417537,258.0281776413904,255.6227587977037,257.5690612792969,36496900,0.0,0.0,0.0061602709997086,0.2107246931064705,0.2676908797711563,0.05696618666468581,0.06149747284547177,0.05254708345591104
2025-10-09,257.3195337882977,257.50917476461467,252.6584199331141,253.55670166015625,38322000,0.0,0.0,-0.0155778011505418,0.2225374810166609,0.266430133099711,0.04389265208305007,0.05969989326119283,0.05530127424599268
2025-10-10,254.4550078501572,255.8922708493858,243.53581752909895,244.80340576171875,61999100,0.0,0.0,-0.0345220451328066,0.2577632830916815,0.2795983256361815,0.021835042544499972,0.058584870739829674,0.056624169009495365
2025-10-13,248.9055871417832,249.2149949644775,245.09284695690997,247.18885803222656,38142900,0.0,0.0,0.009744359001401,0.25714372958072,0.2820695230009874,0.024925793420267406,0.05755499707021106,0.057887686610573065
2025-10-14,246.1308726626428,248.37659224814223,244.2344780970313,247.29864501953125,35478000,0.0,0.0,0.0004441421356069,0.2568394741839212,0.27744667106864174,0.020607196884720513,0.05760824494902226,0.05780775528687937
2025-10-15,249.01537013681212,251.3409393203658,246.99920876557604,248.8656463623047,33893600,0.0,0.0,0.0063364736294841,0.2572390053482886,0.2954871693802602,0.03824816403197162,0.05646472382616576,0.05947799939296694
2025-10-16,247.7777291727393,248.56621957555785,244.66366953460536,246.979248046875,39777000,0.0,0.0,-0.0075799868041386,0.258489854465608,0.2992560681937366,0.04076621372812861,0.05585822026497747,0.06055565689975253
2025-10-17,247.5481624372989,252.89796599708643,246.79958926324147,251.81002807617188,49147000,0.0,0.0,0.0195594571912374,0.2426376632592353,0.2945512910110736,0.051913627751838276,0.055046459998719724,0.06220375516404222
2025-10-20,255.4032084113237,263.87706298772724,255.143708503654,261.7411193847656,90483000,0.0,0.0,0.0394388237214669,0.234529852659282,0.3129409464116679,0.07841109375238592,0.0550898578280202,0.06359150221378734
2025-10-21,261.38182000576944,264.7853366806196,261.3318968470685,262.2701110839844,46695900,0.0,0.0,0.0020210492736569,0.2327446419949459,0.3020706060782794,0.0693259640833335,0.0548383654752096,0.06501575567742737
2025-10-22,262.15033525743416,262.349966966352,254.94406918261987,257.9583435058594,45015300,0.0,0.0,-0.0164401790211782,0.2390803556243799,0.2969557928460337,0.05787543722165378,0.054143936437546406,0.06655703019009263
2025-10-23,259.4454820834593,260.12418111371363,257.51916110368444,259.0861511230469,32754900,0.0,0.0,0.0043720532620099,0.231154771428697,0.28780088428514716,0.05664611285645016,0.053269252304805094,0.06820002206075275
2025-10-24,260.69310343226954,263.6275126875418,258.68691759501684,262.32000732421875,38253700,0.0,0.0,0.0124817794666147,0.2336385228103036,0.29081803504509174,0.05717951223478815,0.05266241081481401,0.06945946511255306
2025-10-27,264.37609822840903,268.60802232244004,264.1465248140549,268.2986145019531,44888200,0.0,0.0,0.0227912740576627,0.2443345330057577,0.3198687548425083,0.07553422183675063,0.0526611390386555,0.06944917443528667
2025-10-28,268.4782600095115,269.3765722048576,267.63986169210665,268.4882507324219,41534800,0.0,0.0,0.0007068103233436,0.2443436446303209,0.3138742454826967,0.0695306008523758,0.05207669988566416,0.07111713414044972
2025-10-29,268.76770579477784,270.8936584399069,266.6018207191691,269.1869201660156,51086700,0.0,0.0,0.0026022346664624,0.2443414422989625,0.3375382149260763,0.09319677262711376,0.04872239401357285,0.0681187352392519
2025-10-30,271.4725408872279,273.6184749716116,267.969239224885,270.8836669921875,69886500,0.0,0.0,0.0063032290912405,0.2442877649789297,0.31740008975024514,0.07311232477131543,0.04030756815925654,0.0625300647555862
2025-10-31,276.4630533049319,276.79244258078194,268.647962249571,269.85565185546875,86167100,0.0,0.0,-0.0037950428984276,0.2453891820280354,0.31954821406540956,0.07415903203737417,0.038506564632095085,0.060489995743993996
2025-11-03,269.90556627002525,270.33474092754267,265.74348587775046,268.53814697265625,50194600,0.0,0.0,-0.0048822578802912,0.2452790773858892,0.2816508912834349,0.03637181389754571,0.022385539278295036,0.052579360067362337
2025-11-04,267.8195068636227,270.9734988318123,267.11086611942017,269.5262756347656,49274800,0.0,0.0,0.0036796584516909,0.2449994630561282,0.23303437348876843,-0.011965089567359782,0.025067416254291413,0.05142663368564447
2025-11-05,268.0989800730272,271.18312844251227,266.4221834255846,269.6260986328125,43683100,0.0,0.0,0.0003703646251622,0.2447743571823359,0.2368141568274616,-0.007960200354874297,0.02830702852950144,0.04818031433466647
2025-11-06,267.38037702601645,272.8798740142925,267.38037702601645,269.2567749023437,51204000,0.0,0.0,-0.0013697625428008,0.2359690745477656,0.23736310230036256,0.0013940277525969491,0.030179058032007895,0.04605538311814381
2025-11-07,269.28671541495146,271.7719991063764,266.26248096015127,267.9592590332031,48227400,0.0,0.0,-0.0048188791892468,0.1927297958846488,0.2359659200699249,0.04323612418527609,0.02964984986111291,0.04712543720018262
2025-11-10,268.7085692371889,273.4741297822401,267.2099714283653,269.1781311035156,41312400,0.26,0.0,0.0045487216030906,0.1917698319000365,0.23287315803735484,0.04110332613731835,0.029230044338337178,0.04793431383603517
2025-11-11,269.55775905965567,275.65206242273547,269.5477586519058,274.99267578125,46208300,0.0,0.0,0.0216011035290912,0.2005743427772298,0.23297880777998337,0.03240446500275357,0.02876489129729916,0.04852417724193682
2025-11-12,274.74292397164845,275.4722525277038,271.4460210796085,273.21435546875,48398000,0.0,0.0,-0.0064667915516215,0.2048809776798723,0.24203717795890262,0.03715620027903033,0.028786450841598168,0.04846957905428976
2025-11-13,273.85374352181776,276.4413491841305,271.83564282199285,272.6948547363281,49602800,0.0,0.0,-0.001901440103799,0.201306494239545,0.25286158408917137,0.05155508984962637,0.028735539920729372,0.04900902286036464
2025-11-14,270.7965900477885,275.702003472256,269.3479639093673,272.15533447265625,47431300,0.0,0.0,-0.001978476140276,0.19512560679017,0.23767167373338138,0.04254606694321139,0.028762035783684605,0.048540644819933296
2025-11-17,268.5687054184609,270.2371271729127,265.48159771217263,267.2099609375,45018300,0.0,0.0,-0.0181711431258133,0.1602470679658933,0.24551742486817152,0.08527035690227822,0.029174894490130634,0.04888360797742792
2025-11-18,269.7376065335732,270.4569347049811,265.0719890725528,267.19000244140625,45677300,0.0,0.0,-7.469218596389826e-05,0.1602569796120453,0.24552116238284605,0.08526418277080075,0.02996951948061819,0.04968051891180127
2025-11-19,265.2817633125939,271.9555110777923,265.2517925781922,268.3089294433594,40424500,0.0,0.0,0.0041877577444107,0.1466726042488062,0.24400300571967432,0.0973304014708681,0.03178115112657707,0.05165326712426199
2025-11-20,270.5768036466949,275.17250947675234,265.67142054546326,266.0010986328125,45823600,0.0,0.0,-0.0086013939801957,0.151064420199222,0.26296803038407046,0.11190361018484846,0.03452176700937307,0.05441614199068191
2025-11-21,265.70137680880595,273.0744516711978,265.4216397990326,271.2361755371094,59030800,0.0,0.0,0.0196806589566886,0.1599910227346627,0.2430329900038116,0.08304196726914889,0.03511009292608371,0.05570926474239994
2025-11-24,270.64675212306133,276.7410558404627,270.64675212306133,275.6620788574219,65585800,0.0,0.0,0.0163175259035717,0.1500227665703201,0.24138390548514532,0.09136113891482522,0.035752921502482056,0.056500610596303666
2025-11-25,275.012667049666,280.1179060838009,274.9926967216935,276.7110900878906,46914200,0.0,0.0,0.0038054245067611,0.1502367654620172,0.2419210152953199,0.0916842498333027,0.03651295742538941,0.05760829304535002
2025-11-26,276.70108254872224,279.26868736786383,276.3714044558947,277.29052734375,33431400,0.0,0.0,0.0020940152983219,0.1502004645266231,0.216465524709783,0.06626506018315989,0.03561701176965576,0.05626170742315232
2025-11-28,277.0008150112318,278.73917862681736,275.73198274965245,278.5893249511719,20135600,0.0,0.0,0.0046838874009274,0.1496263073775787,0.22431408430045605,0.07468777692287734,0.03565795965641844,0.056340480030730423
2025-12-01,277.75011957449965,283.1550658399818,275.88187257202503,282.8353576660156,46587700,0.0,0.0,0.0152411895738933,0.1559094139453745,0.24781857380761685,0.09190915986224235,0.03633918320763974,0.05722798642197382
2025-12-02,282.7354345985028,287.1313151163589,282.36578537497866,285.9224548339844,53669500,0.0,0.0,0.0109148205282527,0.1562102551055322,0.2914259457770022,0.13521569067147002,0.03990039240720044,0.06217018026067004
2025-12-03,285.9324708384744,288.35019153510143,283.0351573834178,283.8843688964844,43538700,0.0,0.0,-0.0071281072998738,0.1604126499883989,0.2634760282633601,0.10306337827496118,0.03682349290257702,0.0679216036527861
2025-12-04,283.83440686502166,284.46382276925783,278.32954829392816,280.4375915527344,43989100,0.0,0.0,-0.0121414833692616,0.1687015573977984,0.20777154030961809,0.03906998291181968,0.03302885412738647,0.07027311281612078
2025-12-05,280.27774306596746,280.8771882481053,277.79005013345267,278.5193786621094,47265800,0.0,0.0,-0.0068400704770148,0.1712580109884851,0.22222591301685074,0.05096790202836565,0.02922929608982934,0.07275180652990923
2025-12-08,277.8699843761556,279.4085531850005,275.8918244790692,277.6302185058594,38211800,0.0,0.0,-0.0031924534677664,0.1705266463216346,0.2607772447431339,0.0902505984214993,0.02861467917570485,0.07510253024172038
2025-12-09,277.8999627322321,279.7682096639769,276.6611317163261,276.9208679199219,32193300,0.0,0.0,-0.0025550193698475,0.1708878873124001,0.27158575456145184,0.10069786724905175,0.027983827427652423,0.07808225729730707
2025-12-10,277.490342786908,279.48847306800184,276.1815698919154,278.5193786621094,33038300,0.0,0.0,0.0057724459488901,0.1546239605025536,0.3336622444394507,0.1790382839368971,0.03395769978238463,0.08541394824401423
2025-12-11,278.83908758708685,279.3286197507982,273.5540244422053,277.77008056640625,33248000,0.0,0.0,-0.0026902907054526,0.1528793461841092,0.3515151254208647,0.19863577923675552,0.04045528536764845,0.0934879271919005
2025-12-12,277.64021728323,278.9589906850317,276.5612402656973,278.0198669433594,39532900,0.0,0.0,0.0008992558753764,0.1525285067035963,2.0,1.8474714932964038,0.39366898819600205,0.18328374736423939
2025-12-15,279.8880911943856,279.8880911943856,272.5849275039148,273.8537292480469,50409100,0.0,0.0,-0.014985035929685,0.1625668439924255,,,0.4030219596801571,0.1906909937021882
2025-12-16,272.5649667835892,275.2424541197232,271.53593087885605,274.353271484375,37648600,0.0,0.0,0.0018241206270945,0.147092496320022,,,0.41387335884851967,0.19654769574662767
2025-12-17,274.75292651919426,275.90184538512057,271.38608172110213,271.5858764648437,50138700,0.0,0.0,-0.0100869765633133,0.1525795047080918,,,0.42564929664551815,0.20309378474520573
2025-12-18,273.35420232069225,273.374203136776,266.7004552212896,271.935546875,51630700,0.0,0.0,0.0012875132341483,0.1520870686249701,,,0.43870659657588557,0.20970399619985183
2025-12-19,271.8955859651445,274.34330788170604,269.64768928264715,273.4141845703125,144632000,0.0,0.0,0.0054374564572545,0.148809898133256,,,0.45330134975450803,0.21622402193418538
2025-12-22,272.6048920133635,273.62395794129594,270.25711338978425,270.7166748046875,36571800,0.0,0.0,-0.0098660198257976,0.1372217625853239,,,0.46885664288932016,0.22573702583883085
2025-12-23,270.5868091030317,272.2452609569047,269.30800689497966,272.1053771972656,29642000,0.0,0.0,0.0051297261004703,0.1246852930497083,,,0.48633829968456405,0.23607363252529281
2025-12-24,272.085389177814,275.17249671786806,271.9455359163183,273.55401611328125,17910600,0.0,0.0,0.0053238158353827,0.1255137728407364,,,0.5059386999544138,0.24810608108295865
2025-12-26,273.9037084592662,275.1125687682936,272.6049054553,273.1444091796875,21521800,0.0,0.0,-0.0014973530252399,0.1251595852318042,,,0.5272230531836896,0.26463708298294036
2025-12-29,272.4350823114352,274.10350406329195,272.0954038139857,273.50408935546875,23715200,0.0,0.0,0.0013168132449112,0.1237934170015571,,,0.5517600792336533,0.28363201358894663
2025-12-30,272.5549704076282,273.82377221524894,272.0254670796708,272.82470703125,22139600,0.0,0.0,-0.0024839932953827,0.1081574893524945,,,0.5808518344913189,0.3049345528919138
2025-12-31,272.80472532736104,273.42414083736213,271.4959524300237,271.6058349609375,27293600,0.0,0.0,-0.0044676014997897,0.0974692674384782,,,0.6172179257810078,0.3261494106694693
2026-01-02,272.0054842546519,277.5802543100492,268.7485221479618,270.75665283203125,37838100,0.0,0.0,-0.0031265238798289,0.0959987656766246,,,0.6595236629671031,0.3580188438686847
2026-01-05,270.38700744645297,271.25618925068443,265.89121426121545,267.0101623535156,45647200,0.0,0.0,-0.0138371132872581,0.0984506502012983,,,0.7058534786849144,0.4111769873614956
2026-01-06,266.7503924619391,267.2998660934885,261.8749496989937,262.1147155761719,52352100,0.0,0.0,-0.0183343088300222,0.1126999206257655,,,0.764108134472821,0.48321880442812154
2026-01-07,262.95395138764474,263.4334831315393,259.5671060011504,260.08660888671875,48309800,0.0,0.0,-0.0077374774056275,0.1139471944712106,,,0.8450670488202027,0.5814608559297771
2026-01-08,256.7797203952787,259.0476178563403,255.4609622909548,258.7978515625,50419300,0.0,0.0,-0.0049551083377001,0.1140759737443335,,,0.9576631843428645,0.7417151854900189
2026-01-09,258.8377955175017,259.9667440583015,255.98048371428257,259.1275329589844,39997000,0.0,0.0,0.0012738954148727,0.1103597519888213,,,1.1659029144741426,1.0230536362665799
2026-01-12,258.9177364764393,261.05572011368304,256.5599267903311,260.0067138671875,45263800,0.0,0.0,0.0033928502238405,0.1130880155604148,,,,1.8474714932964038
2026-01-13,258.4781303943212,261.56523797230057,258.148452318208,260.8059387207031,45730800,0.0,0.0,0.0030738623692765,0.1144082589146739,,,,
2026-01-14,259.247418118488,261.57525710051715,256.4700180914029,259.71697998046875,40019400,0.0,0.0,-0.0041753602144793,0.1057000999371701,,,,
2026-01-15,260.40631875644857,260.7959687899761,256.8096782083212,257.9685974121094,39388600,0.0,0.0,-0.0067318762465621,0.1052855096729325,,,,
2026-01-16,257.6589020182799,258.6579671912775,254.69167723491492,255.29112243652344,72142800,0.0,0.0,-0.0103790732765377,0.1055491029213966,,,,
2026-01-20,252.49373739571587,254.55180921698133,243.1924430560896,246.4693756103516,80267500,0.0,0.0,-0.0345556349236756,0.1522736328382755,,,,
2026-01-21,248.4675090444481,251.3248360900433,244.9507953165175,247.41848754882807,54641700,0.0,0.0,0.0038508311068108,0.1509489579339504,,,,
2026-01-22,248.96703988447877,250.76536025794263,247.9180183962477,248.1178436279297,39708300,0.0,0.0,0.0028266120532465,0.1521732808337586,,,,
2026-01-23,247.0888078223564,249.176850391454,244.45126111041236,247.80812072753903,41689000,0.0,0.0,-0.0012482895057522,0.1485702068340638,,,,
2026-01-26,251.24490015634893,256.32015295784896,249.5664780183616,255.17123413085935,55969200,0.0,0.0,0.029712962519965,0.1897457815420897,,,,
2026-01-27,258.92771692213245,261.7051166970889,257.96859246831417,258.0285339355469,49648300,0.0,0.0,0.011197578028024,0.1966626256615929,,,,
2026-01-28,257.409147241713,258.61800761819165,254.2720830679268,256.2002868652344,41288000,0.0,0.0,-0.0070854453281867,0.19660873576784,,,,
2026-01-29,257.75880668092503,259.4072580677027,254.17216647920577,258.0385437011719,67253000,0.0,0.0,0.0071750771961642,0.2000282475723928,,,,
2026-01-30,254.9314433110553,261.6551472598355,251.94423313215475,259.2374267578125,92443400,0.0,0.0,0.0046461394466286,0.2015740750653785,,,,
2026-02-02,259.7869174093499,270.2371306501278,258.9676766447768,269.7575988769531,73913400,0.0,0.0,0.0405812241338472,0.2523637041386368,,,,
2026-02-03,268.9483513556569,271.6258386480508,267.3598109321867,269.22808837890625,64394700,0.0,0.0,-0.0019629122599374,0.2472371522646131,,,,
2026-02-04,272.03545112075,278.68922850453845,272.03545112075,276.23150634765625,90545700,0.0,0.0,0.0260129543351863,0.2524222715105929,,,,
2026-02-05,277.86999494352693,279.2387093202658,272.97458180817284,275.6520690917969,52977400,0.0,0.0,-0.0020976508564164,0.2500989103996937,,,,
2026-02-06,276.8609202349588,280.6473855638201,276.6710954236804,277.8599853515625,50453400,0.0,0.0,0.0080097938935852,0.2488413743923205,,,,
2026-02-09,277.9100036621094,278.20001220703125,271.70001220703125,274.6199951171875,44623400,0.26,0.0,-0.0116605139465317,0.2546647237495072,,,,
2026-02-10,274.8900146484375,275.3699951171875,272.94000244140625,273.67999267578125,34376900,0.0,0.0,-0.0034229206107339,0.2556828040672531,,,,
2026-02-11,274.70001220703125,280.17999267578125,274.45001220703125,275.5,51931300,0.0,0.0,0.0066501292492171,0.2560691631738001,,,,
2026-02-12,275.5899963378906,275.7200012207031,260.17999267578125,261.7300109863281,80867900,0.0,0.0,-0.0499818113018942,0.3171219832549469,,,,
