Date,Transaction,Earned
2024-05-29,short,0.0
2024-05-31,close,0.0
2024-06-18,long,0.0
2024-06-21,close,0.0
2024-06-24,short,0.0
2024-06-25,close,0.0
2024-06-26,long,0.0
2024-06-27,close,0.0
2024-06-27,short,117.00000000000053
2024-06-28,close,0.0
2024-07-05,short,0.0
2024-07-31,close,0.0
2024-08-02,short,0.0
2024-08-07,close,0.0
2024-08-07,long,253.99999999999991
2024-08-08,close,0.0
2024-08-13,long,0.0
2024-08-22,close,0.0
2024-08-22,short,-182.00000000000003
2024-08-23,close,0.0
2024-08-26,short,0.0
2024-08-27,close,0.0
2024-08-27,long,220.99999999999972
2024-08-28,close,0.0
2024-08-28,short,-154.99999999999972
2024-08-29,close,0.0
2024-08-29,long,220.00000000000028
2024-08-30,close,0.0
2024-09-03,long,0.0
2024-09-06,close,0.0
2024-09-09,short,0.0
2024-09-10,close,0.0
2024-09-11,long,0.0
2024-09-12,close,0.0
2024-09-13,long,0.0
2024-09-27,close,0.0
2024-09-27,short,-39.00000000000006
2024-09-30,close,0.0
2024-10-07,short,0.0
2024-10-18,close,0.0
2024-10-21,long,0.0
2024-10-24,close,0.0
2024-10-24,short,208.0
2024-10-30,close,0.0
2024-11-01,short,0.0
2024-11-07,close,0.0
2024-11-08,short,0.0
2024-11-11,close,0.0
2024-11-13,short,0.0
2024-11-18,close,0.0
2024-11-19,long,0.0
2024-11-21,close,0.0
2024-11-21,short,345.9999999999997
2024-11-22,close,0.0
2024-11-22,long,39.99999999999986
2024-11-27,close,0.0
2024-11-27,short,-8.999999999999986
2024-11-29,close,0.0
2024-12-03,long,0.0
2024-12-18,close,0.0
2024-12-18,short,1103.0
2024-12-23,close,0.0
2024-12-23,long,428.9999999999999
2024-12-30,close,0.0
2024-12-30,short,637.0000000000001
2024-12-31,close,0.0
2025-01-02,short,0.0
2025-01-23,close,0.0
2025-01-28,short,0.0
2025-01-31,close,0.0
2025-02-03,long,0.0
2025-02-21,close,0.0
2025-02-25,short,0.0
2025-02-28,close,0.0
2025-03-03,short,0.0
2025-03-11,close,0.0
2025-03-12,short,0.0
2025-03-20,close,0.0
2025-03-24,long,0.0
2025-03-31,close,0.0
2025-04-04,long,0.0
2025-04-09,close,0.0
2025-04-09,short,550.0
2025-04-24,close,0.0
2025-05-06,long,0.0
2025-05-21,close,0.0
2025-05-23,short,0.0
2025-05-27,close,0.0
2025-05-27,long,-557.9999999999998
2025-05-28,close,0.0
2025-05-28,short,-77.9999999999994
2025-05-29,close,0.0
2025-05-29,long,107.00000000000003
2025-05-30,close,0.0
2025-06-02,long,0.0
2025-06-17,close,0.0
2025-06-23,long,0.0
2025-06-24,close,0.0
2025-06-27,short,0.0
2025-06-30,close,0.0
2025-07-01,long,0.0
2025-07-21,close,0.0
2025-07-21,short,76.99999999999996
2025-07-23,close,0.0
2025-07-23,long,-214.00000000000006
2025-07-24,close,0.0
2025-07-24,short,103.99999999999991
2025-07-31,close,0.0
2025-08-12,long,0.0
2025-08-21,close,0.0
2025-08-26,long,0.0
2025-08-27,close,0.0
2025-08-28,short,0.0
2025-08-29,close,0.0
2025-09-19,short,0.0
2025-09-26,close,0.0
2025-09-26,long,-184.0
2025-09-29,close,0.0
2025-09-29,short,180.00000000000006
2025-09-30,close,0.0
2025-10-07,short,0.0
2025-10-21,close,0.0
2025-10-28,short,0.0
2025-10-31,close,0.0
2025-11-03,long,0.0
2025-11-07,close,0.0
2025-11-07,short,310.0000000000001
2025-11-10,close,0.0
2025-11-10,long,498.99999999999983
2025-11-13,close,0.0
2025-11-17,short,0.0
2025-11-18,close,0.0
2025-11-18,long,145.00000000000028
2025-11-19,close,0.0
2025-11-20,short,0.0
2025-11-21,close,0.0
2025-11-21,long,816.0000000000003
2025-11-28,close,0.0
2025-12-10,long,0.0
2025-12-17,close,0.0
2025-12-18,long,0.0
2025-12-31,close,0.0
2026-01-02,short,0.0
2026-01-30,close,0.0
2026-02-02,long,0.0
2026-02-04,close,0.0
2026-02-05,short,0.0
2026-02-06,close,0.0
2026-02-09,long,0.0
2026-02-12,close,0.0
2026-02-12,short,246.00000000000009
2026-02-17,close,0.0
2026-02-19,short,0.0
2026-02-20,close,0.0
2026-02-23,short,0.0
2026-02-24,close,0.0
2026-02-24,long,346.0000000000001
2026-02-27,close,0.0
2026-03-02,short,0.0
2026-03-17,close,0.0
2026-03-17,long,430.9999999999999
2026-03-20,close,0.0
2026-03-20,short,1256.0000000000002
2026-03-23,close,0.0
2026-03-23,long,1100.0
2026-03-27,close,0.0
2026-03-27,short,1147.0
2026-03-31,close,0.0
2024-05-29,short,0.0
2024-05-30,rehedge,-10.469970703125
2024-05-31,close,114.3017578125
2024-06-18,long,0.0
2024-06-18,rehedge,0.0
2024-06-20,rehedge,1.489990234375
2024-06-21,close,210.93896484375
2024-06-24,short,0.0
2024-06-24,rehedge,0.0
2024-06-25,close,152.57196044921875
2024-06-26,long,0.0
2024-06-26,rehedge,0.0
2024-06-27,close,-50.7391357421875
2024-06-27,short,66.26086425781303
2024-06-28,close,-199.9522705078125
2024-07-05,short,0.0
2024-07-05,rehedge,0.0
2024-07-08,rehedge,0.0
2024-07-09,rehedge,0.0
2024-07-10,rehedge,0.0
2024-07-11,rehedge,6.620923723493206
2024-07-12,rehedge,0.0
2024-07-15,rehedge,0.0
2024-07-16,rehedge,0.0
2024-07-17,rehedge,-31.16064889090285
2024-07-18,rehedge,-75.50073460170142
2024-07-19,rehedge,-135.94338786845242
2024-07-22,rehedge,0.0
2024-07-23,rehedge,-5.080978427525906
2024-07-24,rehedge,-799.7985162200615
2024-07-25,rehedge,0.0
2024-07-26,rehedge,-144.6307983398425
2024-07-29,rehedge,0.0
2024-07-30,rehedge,-5.20001220703125
2024-07-31,close,-158.5799560546875
2024-08-02,short,0.0
2024-08-02,rehedge,0.0
2024-08-05,rehedge,0.0
2024-08-06,rehedge,-2.481136924341854
2024-08-07,close,156.902950889188
2024-08-07,long,431.99261474609364
2024-08-07,rehedge,0.0
2024-08-08,close,323.73138427734375
2024-08-13,long,0.0
2024-08-13,rehedge,0.0
2024-08-14,rehedge,0.0
2024-08-15,rehedge,0.0
2024-08-16,rehedge,0.0
2024-08-19,rehedge,-71.2209979363206
2024-08-20,rehedge,0.0
2024-08-21,rehedge,0.0
2024-08-22,close,-171.50641905586235
2024-08-22,short,134.80175781249997
2024-08-22,rehedge,0.0
2024-08-23,close,325.0518798828125
2024-08-26,short,0.0
2024-08-26,rehedge,0.0
2024-08-27,close,52.361328125
2024-08-27,long,273.3613281249997
2024-08-27,rehedge,0.0
2024-08-28,close,273.8408203125
2024-08-28,short,118.84082031250028
2024-08-28,rehedge,0.0
2024-08-29,close,3.399169921875
2024-08-29,long,223.39916992187528
2024-08-29,rehedge,0.0
2024-08-30,close,-458.3814697265625
2024-09-03,long,0.0
2024-09-04,rehedge,0.0
2024-09-05,rehedge,0.0
2024-09-06,close,-441.55108642578216
2024-09-09,short,0.0
2024-09-09,rehedge,0.0
2024-09-10,close,-119.000244140625
2024-09-11,long,0.0
2024-09-11,rehedge,0.0
2024-09-12,close,135.4312744140625
2024-09-13,long,0.0
2024-09-13,rehedge,0.0
2024-09-16,rehedge,0.0
2024-09-17,rehedge,0.0
2024-09-18,rehedge,5.989990234375
2024-09-19,rehedge,38.31982421875
2024-09-20,rehedge,38.2197265625
2024-09-23,rehedge,0.0
2024-09-24,rehedge,0.0
2024-09-25,rehedge,3.8234913105867463
2024-09-26,rehedge,0.0
2024-09-27,close,-20.142766212931633
2024-09-27,short,6.650939941406193
2024-09-27,rehedge,0.0
2024-09-30,close,114.501953125
2024-10-07,short,0.0
2024-10-07,rehedge,0.0
2024-10-08,rehedge,0.0
2024-10-09,rehedge,0.0
2024-10-10,rehedge,2.2722320556640625
2024-10-11,rehedge,0.0
2024-10-14,rehedge,0.0
2024-10-15,rehedge,30.601911124535945
2024-10-16,rehedge,0.0
2024-10-17,rehedge,0.0
2024-10-18,close,371.0178245932343
2024-10-21,long,0.0
2024-10-21,rehedge,0.0
2024-10-22,rehedge,10.5399169921875
2024-10-24,close,197.5506591796875
2024-10-24,short,151.75
2024-10-24,rehedge,0.0
2024-10-25,rehedge,0.0
2024-10-28,rehedge,0.0
2024-10-29,rehedge,0.0
2024-10-30,close,15.390930175778522
2024-11-01,short,0.0
2024-11-01,rehedge,0.0
2024-11-04,rehedge,-3.68994140625
2024-11-05,rehedge,0.0
2024-11-06,rehedge,0.0
2024-11-07,close,656.8898315429658
2024-11-08,short,0.0
2024-11-08,rehedge,0.0
2024-11-11,close,39.9005126953125
2024-11-13,short,0.0
2024-11-13,rehedge,0.0
2024-11-14,rehedge,-46.080322265625
2024-11-15,rehedge,-148.72003173828125
2024-11-18,close,-451.9989013671875
2024-11-19,long,0.0
2024-11-19,rehedge,0.0
2024-11-20,rehedge,0.0
2024-11-21,close,-212.3096923828125
2024-11-21,short,146.29107666015597
2024-11-21,rehedge,0.0
2024-11-22,close,134.32196044921875
2024-11-22,long,174.3219604492186
2024-11-22,rehedge,0.0
2024-11-25,rehedge,-42.42041015625
2024-11-26,rehedge,0.0
2024-11-27,close,-187.1004028320324
2024-11-27,short,102.02044677734376
2024-11-27,rehedge,0.0
2024-11-29,close,230.63818359375
2024-12-03,long,0.0
2024-12-03,rehedge,0.0
2024-12-04,rehedge,0.0
2024-12-05,rehedge,-3.7272727272725206
2024-12-09,rehedge,9.433460582386829
2024-12-10,rehedge,29.2816716974437
2024-12-11,rehedge,0.0
2024-12-12,rehedge,39.07795046971842
2024-12-13,rehedge,0.0
2024-12-16,rehedge,0.0
2024-12-17,rehedge,38.72542672906036
2024-12-18,close,350.0579453775705
2024-12-18,short,1409.1691284179688
2024-12-19,rehedge,0.0
2024-12-20,rehedge,-53.91036033630371
2024-12-23,close,-447.36875343322754
2024-12-23,long,241.38116455078114
2024-12-23,rehedge,0.0
2024-12-24,rehedge,284.2293701171875
2024-12-26,rehedge,0.0
2024-12-27,rehedge,0.0
2024-12-30,close,-431.402404785156
2024-12-30,short,216.0175781250001
2024-12-30,rehedge,0.0
2024-12-31,close,173.33624267578125
2025-01-02,short,0.0
2025-01-02,rehedge,0.0
2025-01-03,rehedge,0.0
2025-01-06,rehedge,0.0
2025-01-07,rehedge,-57.50389640562071
2025-01-08,rehedge,0.0
2025-01-10,rehedge,-179.31635505922532
2025-01-13,rehedge,-1.800048828125
2025-01-14,rehedge,-3.4000244140625
2025-01-15,rehedge,-98.3203125
2025-01-16,rehedge,-4.56005859375
2025-01-17,rehedge,0.0
2025-01-21,rehedge,0.0
2025-01-22,rehedge,0.0
2025-01-23,close,792.3692016601557
2025-01-28,short,0.0
2025-01-28,rehedge,0.0
2025-01-29,rehedge,-21.68017578125
2025-01-30,rehedge,0.0
2025-01-31,close,-227.54028320312273
2025-02-03,long,0.0
2025-02-03,rehedge,0.0
2025-02-04,rehedge,16.0400390625
2025-02-05,rehedge,0.0
2025-02-06,rehedge,0.0
2025-02-07,rehedge,64.871679687501
2025-02-10,rehedge,0.0
2025-02-11,rehedge,0.0
2025-02-12,rehedge,9.189318847656068
2025-02-13,rehedge,0.0
2025-02-14,rehedge,0.0
2025-02-18,rehedge,0.0
2025-02-19,rehedge,0.0
2025-02-20,rehedge,-8.310842146962841
2025-02-21,close,425.57851792821816
2025-02-25,short,0.0
2025-02-25,rehedge,0.0
2025-02-26,rehedge,0.0
2025-02-27,rehedge,0.0
2025-02-28,close,-353.7902832031232
2025-03-03,short,0.0
2025-03-04,rehedge,0.0
2025-03-05,rehedge,-46.630216899670245
2025-03-06,rehedge,0.0
2025-03-07,rehedge,0.663289587237955
2025-03-10,rehedge,0.0
2025-03-11,close,989.0190513358684
2025-03-12,short,0.0
2025-03-12,rehedge,0.0
2025-03-13,rehedge,0.0
2025-03-14,rehedge,-23.6400146484375
2025-03-17,rehedge,-49.68017578125
2025-03-18,rehedge,0.0
2025-03-19,rehedge,-87.4814976283484
2025-03-20,close,-416.64801897321536
2025-03-24,long,0.0
2025-03-24,rehedge,0.0
2025-03-25,rehedge,13.800048828125
2025-03-26,rehedge,0.0
2025-03-27,rehedge,-177.8172986260779
2025-03-28,rehedge,0.0
2025-03-31,close,-746.3426745184569
2025-04-04,long,0.0
2025-04-04,rehedge,0.0
2025-04-07,rehedge,0.0
2025-04-08,rehedge,0.0
2025-04-09,close,2446.199707031249
2025-04-09,short,3417.6991271972656
2025-04-09,rehedge,0.0
2025-04-10,rehedge,0.0
2025-04-11,rehedge,-45.74757737379787
2025-04-14,rehedge,0.0
2025-04-15,rehedge,0.0
2025-04-16,rehedge,0.0
2025-04-17,rehedge,0.0
2025-04-21,rehedge,0.0
2025-04-22,rehedge,14.125377613109322
2025-04-23,rehedge,-69.92868109063807
2025-04-24,close,-1132.299033699456
2025-05-06,long,0.0
2025-05-06,rehedge,0.0
2025-05-07,rehedge,0.0
2025-05-08,rehedge,0.0
2025-05-09,rehedge,0.0
2025-05-12,rehedge,0.0
2025-05-13,rehedge,0.0
2025-05-14,rehedge,0.0
2025-05-15,rehedge,0.0
2025-05-16,rehedge,0.0
2025-05-19,rehedge,-430.89141036803585
2025-05-20,rehedge,0.0
2025-05-21,close,-41.43732498353552
2025-05-23,short,0.0
2025-05-23,rehedge,0.0
2025-05-27,close,710.3623046875
2025-05-27,long,152.36230468750023
2025-05-27,rehedge,0.0
2025-05-28,close,205.20263671875
2025-05-28,short,127.2026367187506
2025-05-28,rehedge,0.0
2025-05-29,close,180.9605712890625
2025-05-29,long,287.9605712890625
2025-05-30,close,41.57830810546875
2025-06-02,long,0.0
2025-06-02,rehedge,0.0
2025-06-03,rehedge,0.0
2025-06-04,rehedge,-2.254255022321445
2025-06-05,rehedge,4.380249023437386
2025-06-06,rehedge,0.0
2025-06-09,rehedge,0.0
2025-06-10,rehedge,0.0
2025-06-11,rehedge,-31.170144306327188
2025-06-12,rehedge,0.0
2025-06-13,rehedge,39.43487321131215
2025-06-16,rehedge,0.0
2025-06-17,close,134.50905736734182
2025-06-23,long,0.0
2025-06-23,rehedge,0.0
2025-06-24,close,-358.020263671875
2025-06-27,short,0.0
2025-06-27,rehedge,0.0
2025-06-30,close,235.2001953125
2025-07-01,long,0.0
2025-07-01,rehedge,0.0
2025-07-02,rehedge,0.0
2025-07-03,rehedge,0.0
2025-07-07,rehedge,16.96971842447897
2025-07-08,rehedge,1.6453287760416515
2025-07-09,rehedge,0.0
2025-07-10,rehedge,0.0
2025-07-11,rehedge,-1.6535146949408954
2025-07-14,rehedge,0.0
2025-07-15,rehedge,14.915242222376719
2025-07-16,rehedge,0.0
2025-07-17,rehedge,0.0
2025-07-18,rehedge,0.0
2025-07-21,close,-161.58759015764144
2025-07-21,short,22.259887695312457
2025-07-21,rehedge,0.0
2025-07-22,rehedge,0.0
2025-07-23,close,293.31030273437545
2025-07-23,long,74.90197753906244
2025-07-23,rehedge,0.0
2025-07-24,close,-16.796875
2025-07-24,short,87.20312499999991
2025-07-24,rehedge,0.0
2025-07-25,rehedge,0.0
2025-07-28,rehedge,0.0
2025-07-29,rehedge,1.5379163953991792
2025-07-30,rehedge,-6.401258680555884
2025-07-31,close,-206.81347656250182
2025-08-12,long,0.0
2025-08-12,rehedge,0.0
2025-08-13,rehedge,-4.4000244140625
2025-08-14,rehedge,0.0
2025-08-15,rehedge,-1.9674987792967613
2025-08-18,rehedge,0.0
2025-08-19,rehedge,15.0121798580642
2025-08-20,rehedge,136.37099718067861
2025-08-21,close,283.23538375227577
2025-08-26,long,0.0
2025-08-26,rehedge,0.0
2025-08-27,close,-79.3817138671875
2025-08-28,short,0.0
2025-08-28,rehedge,0.0
2025-08-29,close,-344.4295654296875
2025-09-19,short,0.0
2025-09-19,rehedge,0.0
2025-09-22,rehedge,0.0
2025-09-23,rehedge,-3.1168084395558253
2025-09-24,rehedge,-8.667745489823119
2025-09-25,rehedge,0.0
2025-09-26,close,-149.6759563245255
2025-09-26,long,76.13134765625
2025-09-26,rehedge,0.0
2025-09-29,close,-96.71923828125
2025-09-29,short,83.28076171875006
2025-09-29,rehedge,0.0
2025-09-30,close,225.0
2025-10-07,short,0.0
2025-10-08,rehedge,0.0
2025-10-09,rehedge,0.6586091414743578
2025-10-10,rehedge,-324.1481721297548
2025-10-13,rehedge,-250.49896240234375
2025-10-14,rehedge,0.0
2025-10-15,rehedge,-80.82644314236131
2025-10-16,rehedge,0.0
2025-10-17,rehedge,-37.608464167668444
2025-10-20,rehedge,-44.3547655415332
2025-10-21,close,-0.18017578125
2025-10-28,short,0.0
2025-10-28,rehedge,0.0
2025-10-29,rehedge,0.0
2025-10-30,rehedge,-152.57881783150344
2025-10-31,close,-266.8909087309968
2025-11-03,long,0.0
2025-11-03,rehedge,0.0
2025-11-04,rehedge,97.200439453125
2025-11-05,rehedge,14.0401611328125
2025-11-06,rehedge,0.0
2025-11-07,close,-1.900695800782728
2025-11-07,short,327.81927490234386
2025-11-07,rehedge,0.0
2025-11-10,close,-219.87066650390625
2025-11-10,long,279.1293334960936
2025-11-10,rehedge,0.0
2025-11-11,rehedge,0.0
2025-11-12,rehedge,0.0
2025-11-13,close,122.54028320312545
2025-11-17,short,0.0
2025-11-17,rehedge,0.0
2025-11-18,close,229.1885986328125
2025-11-18,long,374.1885986328128
2025-11-18,rehedge,0.0
2025-11-19,close,196.34906005859375
2025-11-20,short,0.0
2025-11-21,close,-494.0
2025-11-21,long,322.00000000000034
2025-11-21,rehedge,0.0
2025-11-24,rehedge,0.0
2025-11-25,rehedge,344.9471199972588
2025-11-26,rehedge,376.4705714175576
2025-11-28,close,216.37192040158993
2025-12-10,long,0.0
2025-12-10,rehedge,0.0
2025-12-11,rehedge,0.0
2025-12-12,rehedge,164.24543129525466
2025-12-15,rehedge,28.452773675685876
2025-12-16,rehedge,71.78543016387175
2025-12-17,close,32.88629894721794
2025-12-18,long,0.0
2025-12-18,rehedge,0.0
2025-12-19,rehedge,45.32061767578125
2025-12-22,rehedge,0.0
2025-12-23,rehedge,0.0
2025-12-24,rehedge,0.0
2025-12-26,rehedge,0.0
2025-12-29,rehedge,-10.432804928550354
2025-12-30,rehedge,-0.638469454608412
2025-12-31,close,324.413864715189
2026-01-02,short,0.0
2026-01-02,rehedge,0.0
2026-01-05,rehedge,0.0
2026-01-06,rehedge,0.0
2026-01-07,rehedge,18.011704799107065
2026-01-08,rehedge,0.0
2026-01-09,rehedge,0.0
2026-01-12,rehedge,0.0
2026-01-13,rehedge,14.94695370123236
2026-01-14,rehedge,3.2670424562058997
2026-01-15,rehedge,0.0
2026-01-20,rehedge,-486.46428738232976
2026-01-21,rehedge,-70.38006591796875
2026-01-22,rehedge,0.0
2026-01-23,rehedge,0.0
2026-01-26,rehedge,0.0
2026-01-27,rehedge,0.0
2026-01-28,rehedge,0.0
2026-01-29,rehedge,3.9817062904095337
2026-01-30,close,108.96684107287467
2026-02-02,long,0.0
2026-02-02,rehedge,0.0
2026-02-03,rehedge,99.95904541015625
2026-02-04,close,9.219970703125
2026-02-05,short,0.0
2026-02-05,rehedge,0.0
2026-02-06,close,-364.0
2026-02-09,long,0.0
2026-02-10,rehedge,10.9801025390625
2026-02-11,rehedge,0.0
2026-02-12,close,88.75994873046875
2026-02-12,short,320.83001708984386
2026-02-12,rehedge,0.0
2026-02-17,close,-39.4989013671875
2026-02-19,short,0.0
2026-02-19,rehedge,0.0
2026-02-20,close,-103.95025634765625
2026-02-23,short,0.0
2026-02-23,rehedge,0.0
2026-02-24,close,-158.71875
2026-02-24,long,187.2812500000001
2026-02-24,rehedge,0.0
2026-02-25,rehedge,92.80078125
2026-02-26,rehedge,38.5003662109375
2026-02-27,close,-36.40997314453125
2026-03-02,short,0.0
2026-03-02,rehedge,0.0
2026-03-03,rehedge,-54.44989013671875
2026-03-04,rehedge,-19.199951171875
2026-03-05,rehedge,-22.9200439453125
2026-03-06,rehedge,0.0
2026-03-09,rehedge,-44.55013877467127
2026-03-10,rehedge,0.0
2026-03-11,rehedge,0.0
2026-03-12,rehedge,0.0
2026-03-13,rehedge,0.0
2026-03-16,rehedge,-12.0863255140913
2026-03-17,close,-102.91340143390107
2026-03-17,long,367.6418457031249
2026-03-17,rehedge,0.0
2026-03-18,rehedge,0.0
2026-03-19,rehedge,0.0
2026-03-20,close,-1144.848510742186
2026-03-20,short,671.1552109375002
2026-03-20,rehedge,0.0
2026-03-23,close,-476.6998291015625
2026-03-23,long,623.3001708984375
2026-03-23,rehedge,0.0
2026-03-24,rehedge,0.0
2026-03-25,rehedge,0.0
2026-03-26,rehedge,0.0
2026-03-27,close,-1807.8583984375
2026-03-27,short,135.0
2026-03-27,rehedge,0.0
2026-03-30,rehedge,6.36016845703125
2026-03-31,close,-1430.0
2024-05-29,short,0.0
2024-05-31,close,0.0
2024-06-18,long,0.0
2024-06-28,close,0.0
2024-07-05,short,0.0
2024-07-24,close,0.0
2024-07-25,short,0.0
2024-07-31,close,0.0
2024-08-02,short,0.0
2024-08-13,close,0.0
2024-08-13,long,135.00000000000014
2024-08-26,close,0.0
2024-08-26,short,65.99999999999966
2024-08-30,close,0.0
2024-09-03,long,0.0
2024-09-06,close,0.0
2024-09-09,short,0.0
2024-09-11,close,0.0
2024-09-11,long,282.99999999999983
2024-09-25,close,0.0
2024-09-27,short,0.0
2024-09-30,close,0.0
2024-10-07,short,0.0
2024-10-30,close,0.0
2024-11-01,short,0.0
2024-11-08,close,0.0
2024-11-13,short,0.0
2024-11-29,close,0.0
2024-12-03,long,0.0
2024-12-18,close,0.0
2024-12-18,short,1103.0
2024-12-20,close,0.0
2024-12-23,long,0.0
2024-12-24,close,0.0
2024-12-26,long,0.0
2024-12-27,close,0.0
2024-12-30,short,0.0
2024-12-31,close,0.0
2025-01-02,short,0.0
2025-01-31,close,0.0
2025-02-03,long,0.0
2025-02-21,close,0.0
2025-02-25,short,0.0
2025-02-28,close,0.0
2025-03-03,short,0.0
2025-03-10,close,0.0
2025-03-12,short,0.0
2025-03-24,close,0.0
2025-03-24,long,1052.0000000000002
2025-03-31,close,0.0
2025-04-04,long,0.0
2025-04-14,close,0.0
2025-04-22,short,0.0
2025-04-24,close,0.0
2025-05-06,long,0.0
2025-05-16,close,0.0
2025-05-19,long,0.0
2025-05-30,close,0.0
2025-06-02,long,0.0
2025-06-30,close,0.0
2025-07-01,long,0.0
2025-07-31,close,0.0
2025-08-12,long,0.0
2025-08-29,close,0.0
2025-09-19,short,0.0
2025-09-25,close,0.0
2025-09-26,long,0.0
2025-09-30,close,0.0
2025-10-07,short,0.0
2025-10-31,close,0.0
2025-11-03,long,0.0
2025-11-24,close,0.0
2025-11-25,long,0.0
2025-11-28,close,0.0
2025-12-10,long,0.0
2025-12-18,close,0.0
2025-12-19,long,0.0
2025-12-31,close,0.0
2026-01-02,short,0.0
2026-01-30,close,0.0
2026-02-02,long,0.0
2026-02-20,close,0.0
2026-02-23,short,0.0
2026-02-26,close,0.0
2026-02-26,long,146.00000000000009
2026-02-27,close,0.0
2026-03-02,short,0.0
2026-03-20,close,0.0
2026-03-23,long,0.0
2026-03-26,close,0.0
2026-03-27,short,0.0
2026-03-31,close,0.0
2024-05-29,short,0.0
2024-05-31,close,0.0
2024-06-18,long,0.0
2024-06-21,close,0.0
2024-06-24,short,0.0
2024-06-25,close,0.0
2024-06-26,long,0.0
2024-06-27,close,0.0
2024-06-27,short,117.00000000000053
2024-06-28,close,0.0
2024-07-05,short,0.0
2024-07-24,close,0.0
2024-07-25,short,0.0
2024-07-31,close,0.0
2024-08-02,short,0.0
2024-08-07,close,0.0
2024-08-07,long,253.99999999999991
2024-08-08,close,0.0
2024-08-13,long,0.0
2024-08-22,close,0.0
2024-08-22,short,-182.00000000000003
2024-08-23,close,0.0
2024-08-26,short,0.0
2024-08-27,close,0.0
2024-08-27,long,220.99999999999972
2024-08-28,close,0.0
2024-08-28,short,-154.99999999999972
2024-08-29,close,0.0
2024-08-29,long,220.00000000000028
2024-08-30,close,0.0
2024-09-03,long,0.0
2024-09-06,close,0.0
2024-09-09,short,0.0
2024-09-10,close,0.0
2024-09-11,long,0.0
2024-09-12,close,0.0
2024-09-13,long,0.0
2024-09-27,close,0.0
2024-09-27,short,-39.00000000000006
2024-09-30,close,0.0
2024-10-07,short,0.0
2024-10-18,close,0.0
2024-10-21,long,0.0
2024-10-24,close,0.0
2024-10-24,short,208.0
2024-10-30,close,0.0
2024-11-01,short,0.0
2024-11-07,close,0.0
2024-11-08,short,0.0
2024-11-11,close,0.0
2024-11-13,short,0.0
2024-11-18,close,0.0
2024-11-19,long,0.0
2024-11-21,close,0.0
2024-11-21,short,345.9999999999997
2024-11-22,close,0.0
2024-11-22,long,39.99999999999986
2024-11-27,close,0.0
2024-11-27,short,-8.999999999999986
2024-11-29,close,0.0
2024-12-03,long,0.0
2024-12-18,close,0.0
2024-12-18,short,1103.0
2024-12-20,close,0.0
2024-12-23,long,0.0
2024-12-24,close,0.0
2024-12-26,long,0.0
2024-12-27,close,0.0
2024-12-30,short,0.0
2024-12-31,close,0.0
2025-01-02,short,0.0
2025-01-23,close,0.0
2025-01-28,short,0.0
2025-01-31,close,0.0
2025-02-03,long,0.0
2025-02-21,close,0.0
2025-02-25,short,0.0
2025-02-28,close,0.0
2025-03-03,short,0.0
2025-03-10,close,0.0
2025-03-12,short,0.0
2025-03-20,close,0.0
2025-03-24,long,0.0
2025-03-31,close,0.0
2025-04-04,long,0.0
2025-04-09,close,0.0
2025-04-09,short,550.0
2025-04-14,close,0.0
2025-04-22,short,0.0
2025-04-24,close,0.0
2025-05-06,long,0.0
2025-05-16,close,0.0
2025-05-19,long,0.0
2025-05-21,close,0.0
2025-05-23,short,0.0
2025-05-27,close,0.0
2025-05-27,long,-557.9999999999998
2025-05-28,close,0.0
2025-05-28,short,-77.9999999999994
2025-05-29,close,0.0
2025-05-29,long,107.00000000000003
2025-05-30,close,0.0
2025-06-02,long,0.0
2025-06-17,close,0.0
2025-06-23,long,0.0
2025-06-24,close,0.0
2025-06-27,short,0.0
2025-06-30,close,0.0
2025-07-01,long,0.0
2025-07-21,close,0.0
2025-07-21,short,76.99999999999996
2025-07-23,close,0.0
2025-07-23,long,-214.00000000000006
2025-07-24,close,0.0
2025-07-24,short,103.99999999999991
2025-07-31,close,0.0
2025-08-12,long,0.0
2025-08-21,close,0.0
2025-08-26,long,0.0
2025-08-27,close,0.0
2025-08-28,short,0.0
2025-08-29,close,0.0
2025-09-19,short,0.0
2025-09-25,close,0.0
2025-09-26,long,0.0
2025-09-29,close,0.0
2025-09-29,short,180.00000000000006
2025-09-30,close,0.0
2025-10-07,short,0.0
2025-10-21,close,0.0
2025-10-28,short,0.0
2025-10-31,close,0.0
2025-11-03,long,0.0
2025-11-07,close,0.0
2025-11-07,short,310.0000000000001
2025-11-10,close,0.0
2025-11-10,long,498.99999999999983
2025-11-13,close,0.0
2025-11-17,short,0.0
2025-11-18,close,0.0
2025-11-18,long,145.00000000000028
2025-11-19,close,0.0
2025-11-20,short,0.0
2025-11-21,close,0.0
2025-11-21,long,816.0000000000003
2025-11-24,close,0.0
2025-11-25,long,0.0
2025-11-28,close,0.0
2025-12-10,long,0.0
2025-12-17,close,0.0
2025-12-18,long,0.0
2025-12-30,close,0.0
2026-01-02,short,0.0
2026-01-30,close,0.0
2026-02-02,long,0.0
2026-02-04,close,0.0
2026-02-05,short,0.0
2026-02-06,close,0.0
2026-02-09,long,0.0
2026-02-12,close,0.0
2026-02-12,short,246.00000000000009
2026-02-17,close,0.0
2026-02-19,short,0.0
2026-02-20,close,0.0
2026-02-23,short,0.0
2026-02-24,close,0.0
2026-02-24,long,346.0000000000001
2026-02-27,close,0.0
2026-03-02,short,0.0
2026-03-17,close,0.0
2026-03-17,long,430.9999999999999
2026-03-20,close,0.0
2026-03-20,short,1256.0000000000002
2026-03-23,close,0.0
2026-03-23,long,1100.0
2026-03-26,close,0.0
2026-03-27,short,0.0
2026-03-31,close,0.0
2024-06-18,long,0.0
2024-06-21,close,0.0
2024-06-26,long,0.0
2024-06-27,close,0.0
2024-08-07,long,0.0
2024-08-08,close,0.0
2024-08-13,long,0.0
2024-08-22,close,0.0
2024-08-27,long,0.0
2024-08-28,close,0.0
2024-08-29,long,0.0
2024-08-30,close,0.0
2024-09-03,long,0.0
2024-09-06,close,0.0
2024-09-11,long,0.0
2024-09-12,close,0.0
2024-09-13,long,0.0
2024-09-27,close,0.0
2024-10-21,long,0.0
2024-10-24,close,0.0
2024-11-19,long,0.0
2024-11-21,close,0.0
2024-11-22,long,0.0
2024-11-27,close,0.0
2024-12-03,long,0.0
2024-12-18,close,0.0
2024-12-23,long,0.0
2024-12-24,close,0.0
2024-12-26,long,0.0
2024-12-27,close,0.0
2025-02-03,long,0.0
2025-02-21,close,0.0
2025-03-24,long,0.0
2025-03-31,close,0.0
2025-04-04,long,0.0
2025-04-09,close,0.0
2025-05-06,long,0.0
2025-05-16,close,0.0
2025-05-19,long,0.0
2025-05-21,close,0.0
2025-05-27,long,0.0
2025-05-28,close,0.0
2025-05-29,long,0.0
2025-05-30,close,0.0
2025-06-02,long,0.0
2025-06-17,close,0.0
2025-06-23,long,0.0
2025-06-24,close,0.0
2025-07-01,long,0.0
2025-07-21,close,0.0
2025-07-23,long,0.0
2025-07-24,close,0.0
2025-08-12,long,0.0
2025-08-21,close,0.0
2025-08-26,long,0.0
2025-08-27,close,0.0
2025-09-26,long,0.0
2025-09-29,close,0.0
2025-11-03,long,0.0
2025-11-07,close,0.0
2025-11-10,long,0.0
2025-11-13,close,0.0
2025-11-18,long,0.0
2025-11-19,close,0.0
2025-11-21,long,0.0
2025-11-24,close,0.0
2025-11-25,long,0.0
2025-11-28,close,0.0
2025-12-10,long,0.0
2025-12-17,close,0.0
2025-12-18,long,0.0
2025-12-30,close,0.0
2026-02-02,long,0.0
2026-02-04,close,0.0
2026-02-09,long,0.0
2026-02-12,close,0.0
2026-02-24,long,0.0
2026-02-27,close,0.0
2026-03-17,long,0.0
2026-03-20,close,0.0
2026-03-23,long,0.0
2026-03-26,close,0.0
2024-06-18,long,0.0
2024-06-21,close,0.0
2024-06-26,long,0.0
2024-06-27,close,0.0
2024-08-07,long,0.0
2024-08-08,close,0.0
2024-08-13,long,0.0
2024-08-22,close,0.0
2024-08-27,long,0.0
2024-08-28,close,0.0
2024-08-29,long,0.0
2024-08-30,close,0.0
2024-09-03,long,0.0
2024-09-06,close,0.0
2024-09-11,long,0.0
2024-09-12,close,0.0
2024-09-13,long,0.0
2024-09-27,close,0.0
2024-10-21,long,0.0
2024-10-24,close,0.0
2024-11-19,long,0.0
2024-11-21,close,0.0
2024-11-22,long,0.0
2024-11-27,close,0.0
2024-12-03,long,0.0
2024-12-18,close,0.0
2024-12-23,long,0.0
2024-12-24,close,0.0
2024-12-26,long,0.0
2024-12-27,close,0.0
2025-02-03,long,0.0
2025-02-21,close,0.0
2025-03-24,long,0.0
2025-03-31,close,0.0
2025-04-04,long,0.0
2025-04-09,close,0.0
2025-05-06,long,0.0
2025-05-16,close,0.0
2025-05-19,long,0.0
2025-05-21,close,0.0
2025-05-27,long,0.0
2025-05-28,close,0.0
2025-05-29,long,0.0
2025-05-30,close,0.0
2025-06-02,long,0.0
2025-06-17,close,0.0
2025-06-23,long,0.0
2025-06-24,close,0.0
2025-07-01,long,0.0
2025-07-21,close,0.0
2025-07-23,long,0.0
2025-07-24,close,0.0
2025-08-12,long,0.0
2025-08-21,close,0.0
2025-08-26,long,0.0
2025-08-27,close,0.0
2025-09-26,long,0.0
2025-09-29,close,0.0
2025-11-03,long,0.0
2025-11-07,close,0.0
2025-11-10,long,0.0
2025-11-13,close,0.0
2025-11-18,long,0.0
2025-11-19,close,0.0
2025-11-21,long,0.0
2025-11-24,close,0.0
2025-11-25,long,0.0
2025-11-28,close,0.0
2025-12-10,long,0.0
2025-12-17,close,0.0
2025-12-18,long,0.0
2025-12-30,close,0.0
2026-02-02,long,0.0
2026-02-04,close,0.0
2026-02-09,long,0.0
2026-02-12,close,0.0
2026-02-24,long,0.0
2026-02-27,close,0.0
2026-03-17,long,0.0
2026-03-20,close,0.0
2026-03-23,long,0.0
2026-03-26,close,0.0
2024-06-18,long,0.0
2024-06-28,close,0.0
2024-08-07,long,0.0
2024-08-14,close,0.0
2024-08-15,long,0.0
2024-08-30,close,0.0
2024-09-03,long,0.0
2024-09-06,close,0.0
2024-09-11,long,0.0
2024-09-25,close,0.0
2024-10-21,long,0.0
2024-10-30,close,0.0
2024-11-19,long,0.0
2024-11-26,close,0.0
2024-12-03,long,0.0
2024-12-18,close,0.0
2024-12-23,long,0.0
2024-12-24,close,0.0
2024-12-26,long,0.0
2024-12-27,close,0.0
2025-02-03,long,0.0
2025-02-21,close,0.0
2025-03-24,long,0.0
2025-03-31,close,0.0
2025-04-04,long,0.0
2025-04-14,close,0.0
2025-05-06,long,0.0
2025-05-16,close,0.0
2025-05-19,long,0.0
2025-05-30,close,0.0
2025-06-02,long,0.0
2025-06-30,close,0.0
2025-07-01,long,0.0
2025-07-31,close,0.0
2025-08-12,long,0.0
2025-08-29,close,0.0
2025-09-26,long,0.0
2025-09-30,close,0.0
2025-11-03,long,0.0
2025-11-24,close,0.0
2025-11-25,long,0.0
2025-11-28,close,0.0
2025-12-10,long,0.0
2025-12-18,close,0.0
2025-12-19,long,0.0
2025-12-31,close,0.0
2026-02-02,long,0.0
2026-02-20,close,0.0
2026-02-24,long,0.0
2026-02-27,close,0.0
2026-03-17,long,0.0
2026-03-20,close,0.0
2026-03-23,long,0.0
2026-03-26,close,0.0
2024-06-18,long,0.0
2024-06-28,close,0.0
2024-08-07,long,0.0
2024-08-14,close,0.0
2024-08-15,long,0.0
2024-08-30,close,0.0
2024-09-03,long,0.0
2024-09-06,close,0.0
2024-09-11,long,0.0
2024-09-25,close,0.0
2024-10-21,long,0.0
2024-10-30,close,0.0
2024-11-19,long,0.0
2024-11-26,close,0.0
2024-12-03,long,0.0
2024-12-18,close,0.0
2024-12-23,long,0.0
2024-12-24,close,0.0
2024-12-26,long,0.0
2024-12-27,close,0.0
2025-02-03,long,0.0
2025-02-21,close,0.0
2025-03-24,long,0.0
2025-03-31,close,0.0
2025-04-04,long,0.0
2025-04-14,close,0.0
2025-05-06,long,0.0
2025-05-16,close,0.0
2025-05-19,long,0.0
2025-05-30,close,0.0
2025-06-02,long,0.0
2025-06-30,close,0.0
2025-07-01,long,0.0
2025-07-31,close,0.0
2025-08-12,long,0.0
2025-08-29,close,0.0
2025-09-26,long,0.0
2025-09-30,close,0.0
2025-11-03,long,0.0
2025-11-24,close,0.0
2025-11-25,long,0.0
2025-11-28,close,0.0
2025-12-10,long,0.0
2025-12-18,close,0.0
2025-12-19,long,0.0
2025-12-31,close,0.0
2026-02-02,long,0.0
2026-02-20,close,0.0
2026-02-24,long,0.0
2026-02-27,close,0.0
2026-03-17,long,0.0
2026-03-20,close,0.0
2026-03-23,long,0.0
2026-03-26,close,0.0
2024-06-18,long,0.0
2024-06-28,close,0.0
2024-08-07,long,0.0
2024-08-14,close,0.0
2024-08-15,long,0.0
2024-08-30,close,0.0
2024-09-03,long,0.0
2024-09-06,close,0.0
2024-09-11,long,0.0
2024-09-25,close,0.0
2024-10-21,long,0.0
2024-10-30,close,0.0
2024-11-19,long,0.0
2024-11-26,close,0.0
2024-12-03,long,0.0
2024-12-18,close,0.0
2024-12-23,long,0.0
2024-12-24,close,0.0
2024-12-26,long,0.0
2024-12-27,close,0.0
2025-02-03,long,0.0
2025-02-21,close,0.0
2025-03-24,long,0.0
2025-03-31,close,0.0
2025-04-04,long,0.0
2025-04-14,close,0.0
2025-05-06,long,0.0
2025-05-16,close,0.0
2025-05-19,long,0.0
2025-05-30,close,0.0
2025-06-02,long,0.0
2025-06-30,close,0.0
2025-07-01,long,0.0
2025-07-31,close,0.0
2025-08-12,long,0.0
2025-08-29,close,0.0
2025-09-26,long,0.0
2025-09-30,close,0.0
2025-11-03,long,0.0
2025-11-24,close,0.0
2025-11-25,long,0.0
2025-11-28,close,0.0
2025-12-10,long,0.0
2025-12-18,close,0.0
2025-12-19,long,0.0
2025-12-31,close,0.0
2026-02-02,long,0.0
2026-02-20,close,0.0
2026-02-24,long,0.0
2026-02-27,close,0.0
2026-03-17,long,0.0
2026-03-20,close,0.0
2026-03-23,long,0.0
2026-03-26,close,0.0
2024-05-01,long straddle,0.0
2024-05-01,rehedge,0.0
2024-05-02,rehedge,0.0
2024-05-03,close put (stop_loss),24.49957275390625
2024-05-03,rehedge,0.0
2024-05-06,rehedge,0.0
2024-05-07,rehedge,0.0
2024-05-08,close call (take_profit),230.0607910156296
2024-05-09,long straddle,0.0
2024-05-09,rehedge,0.0
2024-05-10,rehedge,0.0
2024-05-13,rehedge,0.0
2024-05-14,close put (stop_loss),-252.60046386719182
2024-05-15,rehedge,-284.0501052193017
2024-05-17,rehedge,0.0
2024-05-20,rehedge,0.0
2024-05-21,rehedge,0.0
2024-05-22,rehedge,-71.24582835965174
2024-05-23,rehedge,0.0
2024-05-24,rehedge,-314.06258203525954
2024-05-28,rehedge,0.0
2024-05-29,rehedge,-10.185728353014497
2024-05-30,rehedge,-5.295713704576997
2024-05-31,force_close,-311.90021566804205
2024-06-12,long straddle,0.0
2024-06-12,rehedge,0.0
2024-06-13,rehedge,-2.57000732421875
2024-06-14,rehedge,-141.1202392578141
2024-06-17,close put (stop_loss),367.41027832031574
2024-06-18,rehedge,0.0
2024-06-20,rehedge,-30.240485008726523
2024-06-21,rehedge,0.0
2024-06-24,rehedge,14.060234515797845
2024-06-25,rehedge,0.0
2024-06-26,rehedge,0.0
2024-06-27,rehedge,0.0
2024-06-28,force_close,-38.768815669177684
2024-07-24,long straddle,0.0
2024-07-24,rehedge,0.0
2024-07-25,close call (stop_loss),354.7093811035156
2024-07-25,rehedge,0.0
2024-07-26,rehedge,19.482768665660387
2024-07-29,rehedge,0.0
2024-07-30,rehedge,-98.16455668407161
2024-07-31,force_close,662.252680352393
2024-08-01,long straddle,0.0
2024-08-01,rehedge,0.0
2024-08-02,close call (stop_loss),354.280029296875
2024-08-02,rehedge,0.0
2024-08-05,close put (take_profit),-53.6602783203125
2024-08-06,long straddle,0.0
2024-08-06,rehedge,0.0
2024-08-07,rehedge,-61.880126953125
2024-08-08,rehedge,42.70004272460966
2024-08-09,close put (stop_loss),-236.86007690429807
2024-08-09,rehedge,0.0
2024-08-12,rehedge,0.0
2024-08-13,close call (take_profit),88.80075073242188
2024-08-14,long straddle,0.0
2024-08-14,rehedge,0.0
2024-08-15,close put (stop_loss),264.26995849609375
2024-08-16,rehedge,0.0
2024-08-19,close call (take_profit),-88.479248046875
2024-08-20,long straddle,0.0
2024-08-20,rehedge,0.0
2024-08-21,rehedge,0.0
2024-08-22,rehedge,112.49594492455003
2024-08-23,rehedge,0.0
2024-08-26,rehedge,50.144343316359254
2024-08-27,rehedge,0.0
2024-08-28,close call (stop_loss),174.29025268554688
2024-08-28,rehedge,0.0
2024-08-29,rehedge,-4.1400146484375
2024-08-30,force_close,98.399658203125
2024-09-03,long straddle,0.0
2024-09-03,rehedge,0.0
2024-09-04,rehedge,0.0
2024-09-05,rehedge,0.0
2024-09-06,close call (stop_loss),338.049774169924
2024-09-06,rehedge,0.0
2024-09-09,rehedge,-0.6281174285502402
2024-09-10,rehedge,19.42976746378065
2024-09-11,rehedge,249.2270090610166
2024-09-12,close put (stop_loss),-728.599670410156
2024-09-13,long straddle,0.0
2024-09-13,rehedge,0.0
2024-09-16,rehedge,10.500030517578125
2024-09-17,rehedge,0.0
2024-09-18,close call (stop_loss),-24.14996337890608
2024-09-18,rehedge,0.0
2024-09-19,close put (stop_loss),48.59906005859057
2024-09-20,long straddle,0.0
2024-09-20,rehedge,0.0
2024-09-23,rehedge,0.0
2024-09-24,close put (stop_loss),-24.199462890625
2024-09-24,rehedge,0.0
2024-09-25,rehedge,0.0
2024-09-26,rehedge,0.0
2024-09-27,rehedge,-11.926787240164742
2024-09-30,force_close,-292.72381700788867
2024-10-31,force_close,0.0
2024-11-07,long straddle,0.0
2024-11-08,rehedge,-6.60040283203125
2024-11-11,rehedge,0.0
2024-11-12,rehedge,3.211678282855246
2024-11-13,close put (stop_loss),34.878173828125
2024-11-13,rehedge,0.0
2024-11-14,rehedge,9.279921909259542
2024-11-15,rehedge,234.6393850054418
2024-11-18,rehedge,0.0
2024-11-19,close call (stop_loss),-1391.2401733398438
2024-11-21,long straddle,0.0
2024-11-21,rehedge,0.0
2024-11-22,close put (stop_loss),329.79010009765625
2024-11-22,rehedge,0.0
2024-11-25,rehedge,0.0
2024-11-26,rehedge,0.0
2024-11-27,rehedge,8.624128404552039
2024-11-29,force_close,-256.8423596057279
2024-12-02,long straddle,0.0
2024-12-02,rehedge,0.0
2024-12-03,rehedge,0.0
2024-12-04,close put (stop_loss),-16.48046875
2024-12-04,rehedge,0.0
2024-12-05,rehedge,-5.155383770282583
2024-12-06,rehedge,0.0
2024-12-09,rehedge,-12.20179513784592
2024-12-10,rehedge,0.03691570575415426
2024-12-11,rehedge,0.0
2024-12-12,rehedge,-18.64706976014577
2024-12-13,rehedge,0.0
2024-12-16,close call (take_profit),125.04412841796875
2024-12-23,long straddle,0.0
2024-12-23,rehedge,0.0
2024-12-24,close put (stop_loss),29.68841552734375
2024-12-24,rehedge,0.0
2024-12-26,rehedge,0.0
2024-12-27,rehedge,13.996186308808092
2024-12-30,close call (stop_loss),-31.2989501953125
2024-12-31,force_close,0.0
2025-01-02,long straddle,0.0
2025-01-02,rehedge,0.0
2025-01-03,close put (stop_loss),-16.150054931640625
2025-01-03,rehedge,0.0
2025-01-06,rehedge,0.0
2025-01-07,rehedge,32.29285727606907
2025-01-08,rehedge,0.0
2025-01-10,rehedge,120.18274985419345
2025-01-13,close call (stop_loss),-33.49975585937216
2025-01-15,long straddle,0.0
2025-01-15,rehedge,0.0
2025-01-16,rehedge,39.8199462890625
2025-01-17,rehedge,0.0
2025-01-21,close put (stop_loss),-118.45989990234375
2025-01-21,rehedge,0.0
2025-01-22,rehedge,0.0
2025-01-23,rehedge,-191.9112239975516
2025-01-24,rehedge,0.0
2025-01-27,rehedge,299.74914955231407
2025-01-28,rehedge,0.0
2025-01-29,rehedge,0.0
2025-01-30,rehedge,0.0
2025-01-31,force_close,147.88259446478332
2025-02-03,long straddle,0.0
2025-02-03,rehedge,0.0
2025-02-04,rehedge,25.43994140625
2025-02-05,close put (stop_loss),-65.9400634765625
2025-02-06,rehedge,0.0
2025-02-07,rehedge,40.32083176832873
2025-02-10,rehedge,0.0
2025-02-11,rehedge,-1.0238361735920307
2025-02-12,rehedge,0.0
2025-02-13,rehedge,0.0
2025-02-14,rehedge,0.0
2025-02-18,rehedge,0.0
2025-02-19,rehedge,-56.74294062870649
2025-02-20,rehedge,-21.501353126853246
2025-02-21,rehedge,79.65691339910336
2025-02-24,close call (stop_loss),-6.60870361328125
2025-02-27,long straddle,0.0
2025-02-27,rehedge,0.0
2025-02-28,force_close,371.3011474609375
2025-03-03,long straddle,0.0
2025-03-03,rehedge,0.0
2025-03-04,rehedge,-3.0
2025-03-05,rehedge,69.4403076171867
2025-03-06,close call (stop_loss),279.33001708984415
2025-03-06,rehedge,0.0
2025-03-07,rehedge,10.768690910891792
2025-03-10,close put (take_profit),311.10015869140625
2025-03-12,long straddle,0.0
2025-03-12,rehedge,0.0
2025-03-13,close call (stop_loss),255.1388549804692
2025-03-13,rehedge,0.0
2025-03-14,rehedge,8.78793886483436
2025-03-17,rehedge,45.02372870387808
2025-03-18,rehedge,0.0
2025-03-19,rehedge,17.0818763940008
2025-03-20,rehedge,0.0
2025-03-21,rehedge,0.0
2025-03-24,close put (stop_loss),-283.4393774414061
2025-03-25,long straddle,0.0
2025-03-25,rehedge,0.0
2025-03-26,close call (stop_loss),-110.87918090820335
2025-03-26,rehedge,0.0
2025-03-27,rehedge,-280.97394064198306
2025-03-28,rehedge,0.0
2025-03-31,force_close,-1289.0049411939526
2025-04-01,long straddle,0.0
2025-04-01,rehedge,0.0
2025-04-02,rehedge,0.0
2025-04-03,close call (stop_loss),1115.329833984375
2025-04-03,close put (take_profit),1115.329833984375
2025-04-04,long straddle,0.0
2025-04-04,rehedge,0.0
2025-04-07,rehedge,7.139923095703523
2025-04-08,rehedge,0.0
2025-04-09,close call (take_profit),955.7401733398438
2025-04-09,close put (stop_loss),955.7401733398438
2025-04-10,long straddle,0.0
2025-04-11,rehedge,131.5200195312491
2025-04-14,rehedge,0.0
2025-04-15,close put (stop_loss),-650.2106018066406
2025-04-15,rehedge,0.0
2025-04-16,close call (stop_loss),110.91992187499818
2025-04-17,long straddle,0.0
2025-04-17,rehedge,0.0
2025-04-21,close call (stop_loss),-969.2216186523438
2025-04-21,rehedge,0.0
2025-04-22,rehedge,8.13366421786219
2025-04-23,close put (stop_loss),-204.3212890625
2025-04-24,long straddle,0.0
2025-04-24,rehedge,0.0
2025-04-25,close put (stop_loss),-257.8501281738281
2025-04-25,rehedge,0.0
2025-04-28,rehedge,0.149993896484375
2025-04-29,rehedge,0.0
2025-04-30,force_close,-147.9302062988279
2025-05-01,long straddle,0.0
2025-05-02,rehedge,0.0
2025-05-05,rehedge,4.374970869584047
2025-05-06,rehedge,46.30486366965545
2025-05-07,rehedge,0.0
2025-05-08,close put (stop_loss),-48.900207519531136
2025-05-08,rehedge,0.0
2025-05-09,rehedge,-0.17786485924978024
2025-05-12,rehedge,0.0
2025-05-13,close call (take_profit),207.83825683593795
2025-05-14,long straddle,0.0
2025-05-14,rehedge,0.0
2025-05-15,rehedge,-1.1400146484375
2025-05-16,rehedge,0.0
2025-05-19,close put (stop_loss),-186.0
2025-05-20,rehedge,0.0
2025-05-21,rehedge,0.0
2025-05-22,rehedge,0.0
2025-05-23,rehedge,42.2563899177203
2025-05-27,rehedge,0.0
2025-05-28,rehedge,-6.1659530334350166
2025-05-29,rehedge,0.0
2025-05-30,force_close,-88.29499844344741
2025-06-03,long straddle,0.0
2025-06-03,rehedge,0.0
2025-06-04,rehedge,0.0
2025-06-05,rehedge,26.57012939453125
2025-06-06,rehedge,0.0
2025-06-09,rehedge,0.0
2025-06-10,close put (stop_loss),-232.3603515625
2025-06-10,rehedge,0.0
2025-06-11,rehedge,-3.4493408203125
2025-06-12,rehedge,0.0
2025-06-13,rehedge,41.80235496727221
2025-06-16,rehedge,0.0
2025-06-17,rehedge,28.827443165821478
2025-06-18,rehedge,0.0
2025-06-20,rehedge,5.132744316582148
2025-06-23,rehedge,0.0
2025-06-24,rehedge,0.0
2025-06-25,rehedge,0.0
2025-06-26,rehedge,0.0
2025-06-27,rehedge,-405.3905080972454
2025-06-30,force_close,-1171.8343146258599
2025-07-30,long straddle,0.0
2025-07-30,rehedge,0.0
2025-07-31,force_close,201.670654296875
2025-08-12,long straddle,0.0
2025-08-12,rehedge,0.0
2025-08-13,rehedge,0.0
2025-08-14,rehedge,0.16838007387912057
2025-08-15,rehedge,2.7183678668478706
2025-08-18,rehedge,0.0
2025-08-19,rehedge,150.29009049749743
2025-08-20,close call (stop_loss),-0.479736328125
2025-08-20,rehedge,0.0
2025-08-21,close put (take_profit),48.2601318359375
2025-08-22,long straddle,0.0
2025-08-22,rehedge,0.0
2025-08-25,rehedge,8.24981689453125
2025-08-26,rehedge,0.0
2025-08-27,rehedge,0.0
2025-08-28,close put (stop_loss),-234.842041015625
2025-08-28,rehedge,0.0
2025-08-29,force_close,111.32308799341263
2025-09-30,force_close,0.0
2025-10-31,force_close,0.0
2025-11-03,long straddle,0.0
2025-11-03,rehedge,0.0
2025-11-04,close call (stop_loss),49.6202392578125
2025-11-04,rehedge,0.0
2025-11-05,rehedge,12.090087890625
2025-11-06,rehedge,0.0
2025-11-07,close put (take_profit),223.83050537109375
2025-11-14,long straddle,0.0
2025-11-14,rehedge,0.0
2025-11-17,close call (stop_loss),195.3994140625
2025-11-18,rehedge,-233.95226408305803
2025-11-19,rehedge,0.0
2025-11-20,rehedge,-537.688892054215
2025-11-21,rehedge,0.0
2025-11-24,rehedge,58.01914473495242
2025-11-25,rehedge,0.0
2025-11-26,rehedge,82.88765066327005
2025-11-28,force_close,1372.004990621869
2025-12-01,long straddle,0.0
2025-12-02,rehedge,0.0
2025-12-03,rehedge,0.0
2025-12-04,rehedge,0.0
2025-12-05,close put (stop_loss),142.1204833984375
2025-12-05,rehedge,0.0
2025-12-08,rehedge,0.0
2025-12-10,rehedge,0.0
2025-12-11,rehedge,-5.9738351004466494
2025-12-12,close call (stop_loss),40.3614501953125
2025-12-15,long straddle,0.0
2025-12-16,rehedge,6.05010986328125
2025-12-17,close call (stop_loss),161.919677734375
2025-12-17,rehedge,0.0
2025-12-18,rehedge,92.02974853515684
2025-12-19,close put (stop_loss),-106.7198486328125
2025-12-22,long straddle,0.0
2025-12-22,rehedge,0.0
2025-12-23,close put (stop_loss),-64.29937744140625
2025-12-24,rehedge,0.0
2025-12-26,rehedge,0.0
2025-12-29,rehedge,5.433863932291274
2025-12-30,close call (stop_loss),-60.07983398437506
2025-12-31,force_close,0.0
2026-01-30,force_close,0.0
2026-02-10,long straddle,0.0
2026-02-10,rehedge,0.0
2026-02-11,rehedge,4.9200439453125
2026-02-12,close call (stop_loss),251.54052734375
2026-02-12,rehedge,0.0
2026-02-13,rehedge,-7.510258662236538
2026-02-17,rehedge,0.0
2026-02-18,rehedge,22.63081712598887
2026-02-19,rehedge,0.0
2026-02-20,rehedge,0.0
2026-02-23,rehedge,0.0
2026-02-24,rehedge,24.840426945282275
2026-02-25,close put (stop_loss),26.9398193359375
2026-02-26,long straddle,0.0
2026-02-26,rehedge,0.0
2026-02-27,force_close,-107.25067138671875
2026-03-31,force_close,0.0
2024-05-01,long straddle,0.0
2024-05-01,rehedge,0.0
2024-05-02,rehedge,0.0
2024-05-03,close put (stop_loss),24.49957275390625
2024-05-03,rehedge,0.0
2024-05-06,close call (breakeven),-357.7491760253906
2024-05-07,long straddle,0.0
2024-05-07,rehedge,0.0
2024-05-08,rehedge,0.0
2024-05-09,rehedge,0.0
2024-05-10,rehedge,0.0
2024-05-13,close put (stop_loss),-22.459197998046875
2024-05-13,rehedge,0.0
2024-05-14,close call (breakeven),-253.65054321289568
2024-05-15,long straddle,0.0
2024-05-15,rehedge,0.0
2024-05-16,rehedge,0.0
2024-05-17,rehedge,0.0
2024-05-20,close put (stop_loss),-91.74948120117142
2024-05-20,rehedge,0.0
2024-05-21,close call (breakeven),-87.21844482422432
2024-05-24,long straddle,0.0
2024-05-24,rehedge,0.0
2024-05-28,rehedge,0.0
2024-05-29,rehedge,1.5841517857142549
2024-05-30,close put (stop_loss),335.4110107421875
2024-05-31,force_close,505.51722760882
2024-06-12,long straddle,0.0
2024-06-12,rehedge,0.0
2024-06-13,rehedge,-2.57000732421875
2024-06-14,rehedge,-141.1202392578141
2024-06-17,close put (stop_loss),367.41027832031574
2024-06-18,close call (breakeven),-13.949432373046875
2024-06-27,long straddle,0.0
2024-06-27,rehedge,0.0
2024-06-28,force_close,242.5
2024-07-24,long straddle,0.0
2024-07-24,rehedge,0.0
2024-07-25,close call (stop_loss),354.7093811035156
2024-07-25,close put (breakeven),354.7093811035156
2024-07-29,long straddle,0.0
2024-07-29,rehedge,0.0
2024-07-30,close call (stop_loss),-28.07958984375
2024-07-30,close put (breakeven),-28.07958984375
2024-07-31,force_close,0.0
2024-08-01,long straddle,0.0
2024-08-01,rehedge,0.0
2024-08-02,close call (stop_loss),354.280029296875
2024-08-02,close put (breakeven),354.280029296875
2024-08-05,long straddle,0.0
2024-08-05,rehedge,0.0
2024-08-06,rehedge,20.800018310546875
2024-08-07,close call (stop_loss),-796.640380859375
2024-08-07,rehedge,0.0
2024-08-08,close put (stop_loss),527.3009338378934
2024-08-09,long straddle,0.0
2024-08-09,rehedge,0.0
2024-08-12,rehedge,1.94000244140625
2024-08-13,close put (stop_loss),82.19970703125
2024-08-13,rehedge,0.0
2024-08-14,close call (breakeven),-224.5513916015625
2024-08-15,long straddle,0.0
2024-08-15,rehedge,0.0
2024-08-16,rehedge,0.0
2024-08-19,close put (stop_loss),-76.95947265625
2024-08-20,close call (breakeven),97.88815307617188
2024-08-21,long straddle,0.0
2024-08-22,rehedge,152.9998779296875
2024-08-23,rehedge,0.0
2024-08-26,rehedge,65.26200845207939
2024-08-27,rehedge,0.0
2024-08-28,close call (stop_loss),174.29025268554688
2024-08-28,close put (breakeven),174.29025268554688
2024-08-29,long straddle,0.0
2024-08-30,force_close,-319.7691650390625
2024-09-03,long straddle,0.0
2024-09-03,rehedge,0.0
2024-09-04,rehedge,0.0
2024-09-05,rehedge,0.0
2024-09-06,close call (stop_loss),338.049774169924
2024-09-06,close put (breakeven),338.049774169924
2024-09-09,long straddle,0.0
2024-09-09,rehedge,0.0
2024-09-10,rehedge,42.0001220703125
2024-09-11,close call (take_profit),784.1195983886719
2024-09-11,rehedge,0.0
2024-09-12,close put (stop_loss),-728.599670410156
2024-09-13,long straddle,0.0
2024-09-13,rehedge,0.0
2024-09-16,rehedge,10.500030517578125
2024-09-17,rehedge,0.0
2024-09-18,close call (stop_loss),-24.14996337890608
2024-09-18,close put (breakeven),-24.14996337890608
2024-09-19,long straddle,0.0
2024-09-19,rehedge,0.0
2024-09-20,rehedge,0.9199829101561932
2024-09-23,rehedge,0.0
2024-09-24,close put (stop_loss),-24.199462890625
2024-09-24,rehedge,0.0
2024-09-25,rehedge,0.0
2024-09-26,close call (breakeven),1.950469970707502
2024-09-27,long straddle,0.0
2024-09-27,rehedge,0.0
2024-09-30,force_close,-76.5604248046908
2024-10-31,force_close,0.0
2024-11-07,long straddle,0.0
2024-11-08,rehedge,-6.60040283203125
2024-11-11,rehedge,0.0
2024-11-12,rehedge,3.211678282855246
2024-11-13,close put (stop_loss),34.878173828125
2024-11-13,rehedge,0.0
2024-11-14,close call (breakeven),291.91979980468284
2024-11-19,long straddle,0.0
2024-11-19,rehedge,0.0
2024-11-20,rehedge,1.159912109375
2024-11-21,rehedge,-28.88037109375
2024-11-22,close put (stop_loss),329.79010009765625
2024-11-22,rehedge,0.0
2024-11-25,close call (breakeven),-67.99896240234375
2024-11-26,long straddle,0.0
2024-11-26,rehedge,0.0
2024-11-27,rehedge,124.31030273437324
2024-11-29,force_close,-22.78961181640625
2024-12-02,long straddle,0.0
2024-12-02,rehedge,0.0
2024-12-03,rehedge,0.0
2024-12-04,close put (stop_loss),-16.48046875
2024-12-04,rehedge,0.0
2024-12-05,close call (breakeven),23.100952148437273
2024-12-23,long straddle,0.0
2024-12-23,rehedge,0.0
2024-12-24,close put (stop_loss),29.68841552734375
2024-12-24,rehedge,0.0
2024-12-26,close call (breakeven),-42.5958251953125
2024-12-27,long straddle,0.0
2024-12-27,rehedge,0.0
2024-12-30,close call (stop_loss),-5.54913330078125
2024-12-30,close put (breakeven),-5.54913330078125
2024-12-31,force_close,0.0
2025-01-02,long straddle,0.0
2025-01-02,rehedge,0.0
2025-01-03,close put (stop_loss),-16.150054931640625
2025-01-03,rehedge,0.0
2025-01-06,close call (breakeven),-52.3974609375
2025-01-07,long straddle,0.0
2025-01-07,rehedge,0.0
2025-01-08,rehedge,0.0
2025-01-10,close call (stop_loss),60.680358886717556
2025-01-10,close put (breakeven),60.680358886717556
2025-01-13,long straddle,0.0
2025-01-13,rehedge,0.0
2025-01-14,rehedge,0.0
2025-01-15,close put (stop_loss),-21.659820556640625
2025-01-15,rehedge,0.0
2025-01-16,close call (breakeven),-71.9403076171875
2025-01-17,long straddle,0.0
2025-01-21,close put (stop_loss),-118.45989990234375
2025-01-21,rehedge,0.0
2025-01-22,close call (breakeven),1.4583740234375
2025-01-23,long straddle,0.0
2025-01-23,rehedge,0.0
2025-01-24,rehedge,0.0
2025-01-27,close call (stop_loss),561.23876953125
2025-01-27,close put (breakeven),561.23876953125
2025-01-31,force_close,0.0
2025-02-03,long straddle,0.0
2025-02-03,rehedge,0.0
2025-02-04,rehedge,25.43994140625
2025-02-05,close put (stop_loss),-65.9400634765625
2025-02-06,close call (breakeven),-86.0
2025-02-07,long straddle,0.0
2025-02-07,rehedge,0.0
2025-02-10,rehedge,0.0
2025-02-11,rehedge,-2.5499877929688637
2025-02-12,rehedge,0.0
2025-02-13,close put (stop_loss),-33.40087890625
2025-02-13,rehedge,0.0
2025-02-14,close call (breakeven),-67.75
2025-02-27,long straddle,0.0
2025-02-27,rehedge,0.0
2025-02-28,force_close,371.3011474609375
2025-03-03,long straddle,0.0
2025-03-03,rehedge,0.0
2025-03-04,rehedge,-3.0
2025-03-05,rehedge,69.4403076171867
2025-03-06,close call (stop_loss),279.33001708984415
2025-03-06,close put (breakeven),279.33001708984415
2025-03-12,long straddle,0.0
2025-03-12,rehedge,0.0
2025-03-13,close call (stop_loss),255.1388549804692
2025-03-13,close put (breakeven),255.1388549804692
2025-03-14,long straddle,0.0
2025-03-14,rehedge,0.0
2025-03-17,rehedge,24.8798828125
2025-03-18,close call (stop_loss),-598.3388671875
2025-03-18,rehedge,0.0
2025-03-19,rehedge,8.316534570900842
2025-03-20,rehedge,0.0
2025-03-21,rehedge,0.0
2025-03-24,close put (stop_loss),-283.4393774414061
2025-03-25,long straddle,0.0
2025-03-25,rehedge,0.0
2025-03-26,close call (stop_loss),-110.87918090820335
2025-03-26,close put (breakeven),-110.87918090820335
2025-03-27,long straddle,0.0
2025-03-27,rehedge,0.0
2025-03-28,close call (stop_loss),55.60040283203398
2025-03-28,close put (breakeven),55.60040283203398
2025-03-31,force_close,0.0
2025-04-01,long straddle,0.0
2025-04-01,rehedge,0.0
2025-04-02,rehedge,0.0
2025-04-03,close call (stop_loss),1115.329833984375
2025-04-03,close put (breakeven),1115.329833984375
2025-04-04,long straddle,0.0
2025-04-04,rehedge,0.0
2025-04-07,rehedge,7.139923095703523
2025-04-08,rehedge,0.0
2025-04-09,close call (take_profit),955.7401733398438
2025-04-09,close put (stop_loss),955.7401733398438
2025-04-10,long straddle,0.0
2025-04-11,rehedge,131.5200195312491
2025-04-14,rehedge,0.0
2025-04-15,close put (stop_loss),-650.2106018066406
2025-04-15,rehedge,0.0
2025-04-16,close call (stop_loss),110.91992187499818
2025-04-17,long straddle,0.0
2025-04-17,rehedge,0.0
2025-04-21,close call (stop_loss),-969.2216186523438
2025-04-21,close put (breakeven),-969.2216186523438
2025-04-22,long straddle,0.0
2025-04-22,rehedge,0.0
2025-04-23,close call (take_profit),-201.36111450195312
2025-04-23,close put (stop_loss),-201.36111450195312
2025-04-24,long straddle,0.0
2025-04-24,rehedge,0.0
2025-04-25,close put (stop_loss),-257.8501281738281
2025-04-25,rehedge,0.0
2025-04-28,rehedge,0.149993896484375
2025-04-29,close call (breakeven),-26.1197509765625
2025-04-30,force_close,0.0
2025-05-01,long straddle,0.0
2025-05-02,rehedge,0.0
2025-05-05,rehedge,4.374970869584047
2025-05-06,rehedge,46.30486366965545
2025-05-07,rehedge,0.0
2025-05-08,close put (stop_loss),-48.900207519531136
2025-05-08,rehedge,0.0
2025-05-09,close call (breakeven),-23.47955322265625
2025-05-12,long straddle,0.0
2025-05-12,rehedge,0.0
2025-05-13,close put (stop_loss),237.1586303710942
2025-05-13,rehedge,0.0
2025-05-14,close call (breakeven),-88.55712890625091
2025-05-27,long straddle,0.0
2025-05-27,rehedge,0.0
2025-05-28,rehedge,16.16998291015625
2025-05-29,close put (stop_loss),-185.6416015625009
2025-05-29,rehedge,0.0
2025-05-30,force_close,182.85888671875477
2025-06-03,long straddle,0.0
2025-06-03,rehedge,0.0
2025-06-04,rehedge,0.0
2025-06-05,rehedge,26.57012939453125
2025-06-06,rehedge,0.0
2025-06-09,rehedge,0.0
2025-06-10,close put (stop_loss),-232.3603515625
2025-06-10,rehedge,0.0
2025-06-11,close call (breakeven),90.80371093749977
2025-06-26,long straddle,0.0
2025-06-26,rehedge,0.0
2025-06-27,rehedge,-50.49151611328125
2025-06-30,force_close,-303.5224609375
2025-07-30,long straddle,0.0
2025-07-30,rehedge,0.0
2025-07-31,force_close,201.670654296875
2025-08-12,long straddle,0.0
2025-08-12,rehedge,0.0
2025-08-13,rehedge,0.0
2025-08-14,rehedge,0.16838007387912057
2025-08-15,rehedge,2.7183678668478706
2025-08-18,rehedge,0.0
2025-08-19,rehedge,150.29009049749743
2025-08-20,close call (stop_loss),-0.479736328125
2025-08-20,close put (breakeven),-0.479736328125
2025-08-22,long straddle,0.0
2025-08-22,rehedge,0.0
2025-08-25,rehedge,8.24981689453125
2025-08-26,rehedge,0.0
2025-08-27,rehedge,0.0
2025-08-28,close put (stop_loss),-234.842041015625
2025-08-28,rehedge,0.0
2025-08-29,force_close,111.32308799341263
2025-09-30,force_close,0.0
2025-10-31,force_close,0.0
2025-11-03,long straddle,0.0
2025-11-03,rehedge,0.0
2025-11-04,close call (stop_loss),49.6202392578125
2025-11-04,close put (breakeven),49.6202392578125
2025-11-05,long straddle,0.0
2025-11-05,rehedge,0.0
2025-11-06,rehedge,0.0
2025-11-07,close call (stop_loss),81.31024169921875
2025-11-07,close put (breakeven),81.31024169921875
2025-11-14,long straddle,0.0
2025-11-14,rehedge,0.0
2025-11-17,close call (stop_loss),195.3994140625
2025-11-17,close put (breakeven),195.3994140625
2025-11-18,long straddle,0.0
2025-11-19,rehedge,0.0
2025-11-20,close call (stop_loss),-1145.0008544921875
2025-11-21,close put (breakeven),1333.6014404296875
2025-11-25,long straddle,0.0
2025-11-25,rehedge,0.0
2025-11-26,rehedge,64.56005859375
2025-11-28,force_close,590.5191650390625
2025-12-01,long straddle,0.0
2025-12-02,rehedge,0.0
2025-12-03,rehedge,0.0
2025-12-04,rehedge,0.0
2025-12-05,close put (stop_loss),142.1204833984375
2025-12-05,rehedge,0.0
2025-12-08,close call (breakeven),-239.403076171875
2025-12-10,long straddle,0.0
2025-12-10,rehedge,0.0
2025-12-11,rehedge,12.1798095703125
2025-12-12,close call (stop_loss),-97.23931884765625
2025-12-12,close put (breakeven),-97.23931884765625
2025-12-15,long straddle,0.0
2025-12-16,rehedge,6.05010986328125
2025-12-17,close call (stop_loss),161.919677734375
2025-12-17,close put (breakeven),161.919677734375
2025-12-18,long straddle,0.0
2025-12-18,rehedge,0.0
2025-12-19,close put (stop_loss),-252.49993896484375
2025-12-22,close call (breakeven),-61.563811523437494
2025-12-23,long straddle,0.0
2025-12-23,rehedge,0.0
2025-12-24,rehedge,0.0
2025-12-26,close put (stop_loss),-122.12103271484352
2025-12-26,rehedge,0.0
2025-12-29,close call (stop_loss),-54.498535156249886
2025-12-30,long straddle,0.0
2025-12-30,rehedge,0.0
2025-12-31,force_close,153.599853515625
2026-01-30,force_close,0.0
2026-02-10,long straddle,0.0
2026-02-10,rehedge,0.0
2026-02-11,rehedge,4.9200439453125
2026-02-12,close call (stop_loss),251.54052734375
2026-02-12,close put (breakeven),251.54052734375
2026-02-17,long straddle,0.0
2026-02-17,rehedge,0.0
2026-02-18,rehedge,49.389892578125
2026-02-19,rehedge,0.0
2026-02-20,close put (stop_loss),-252.318603515625
2026-02-20,rehedge,0.0
2026-02-23,close call (stop_loss),35.6007080078125
2026-02-25,long straddle,0.0
2026-02-25,rehedge,0.0
2026-02-26,close call (stop_loss),-61.9200439453125
2026-02-26,close put (breakeven),-61.9200439453125
2026-02-27,force_close,0.0
2026-03-31,force_close,0.0
2024-05-01,long straddle,0.0
2024-05-01,rehedge,0.0
2024-05-02,rehedge,0.0
2024-05-03,close put (stop_loss),24.49957275390625
2024-05-03,rehedge,0.0
2024-05-06,close call (breakeven),-357.7491760253906
2024-05-07,long straddle,0.0
2024-05-07,rehedge,0.0
2024-05-08,rehedge,0.0
2024-05-09,rehedge,0.0
2024-05-10,rehedge,0.0
2024-05-13,close put (stop_loss),-22.459197998046875
2024-05-13,rehedge,0.0
2024-05-14,close call (breakeven),-253.65054321289568
2024-05-15,long straddle,0.0
2024-05-15,rehedge,0.0
2024-05-16,rehedge,0.0
2024-05-17,rehedge,0.0
2024-05-20,close put (stop_loss),-91.74948120117142
2024-05-20,rehedge,0.0
2024-05-21,close call (breakeven),-87.21844482422432
2024-05-24,long straddle,0.0
2024-05-24,rehedge,0.0
2024-05-28,rehedge,0.0
2024-05-29,rehedge,1.5841517857142549
2024-05-30,close put (stop_loss),335.4110107421875
2024-05-31,force_close,505.51722760882
2024-06-12,long straddle,0.0
2024-06-12,rehedge,0.0
2024-06-13,rehedge,-2.57000732421875
2024-06-14,rehedge,-141.1202392578141
2024-06-17,close put (stop_loss),367.41027832031574
2024-06-18,close call (breakeven),-13.949432373046875
2024-06-27,long straddle,0.0
2024-06-27,rehedge,0.0
2024-06-28,force_close,242.5
2024-07-24,long straddle,0.0
2024-07-24,rehedge,0.0
2024-07-25,close call (stop_loss),354.7093811035156
2024-07-25,close put (breakeven),354.7093811035156
2024-07-29,long straddle,0.0
2024-07-29,rehedge,0.0
2024-07-30,close call (stop_loss),-28.07958984375
2024-07-30,close put (breakeven),-28.07958984375
2024-07-31,force_close,0.0
2024-08-01,long straddle,0.0
2024-08-01,rehedge,0.0
2024-08-02,close call (stop_loss),354.280029296875
2024-08-02,close put (breakeven),354.280029296875
2024-08-05,long straddle,0.0
2024-08-05,rehedge,0.0
2024-08-06,rehedge,20.800018310546875
2024-08-07,close call (stop_loss),-796.640380859375
2024-08-07,rehedge,0.0
2024-08-08,close put (stop_loss),527.3009338378934
2024-08-09,long straddle,0.0
2024-08-09,rehedge,0.0
2024-08-12,rehedge,1.94000244140625
2024-08-13,close put (stop_loss),82.19970703125
2024-08-13,rehedge,0.0
2024-08-14,close call (breakeven),-224.5513916015625
2024-08-15,long straddle,0.0
2024-08-15,rehedge,0.0
2024-08-16,rehedge,0.0
2024-08-19,close put (stop_loss),-76.95947265625
2024-08-20,close call (breakeven),97.88815307617188
2024-08-21,long straddle,0.0
2024-08-22,rehedge,152.9998779296875
2024-08-23,rehedge,0.0
2024-08-26,rehedge,65.26200845207939
2024-08-27,rehedge,0.0
2024-08-28,close call (stop_loss),174.29025268554688
2024-08-28,close put (breakeven),174.29025268554688
2024-08-29,long straddle,0.0
2024-08-30,force_close,-319.7691650390625
2024-09-03,long straddle,0.0
2024-09-03,rehedge,0.0
2024-09-04,rehedge,0.0
2024-09-05,rehedge,0.0
2024-09-06,close call (stop_loss),338.049774169924
2024-09-06,close put (breakeven),338.049774169924
2024-09-09,long straddle,0.0
2024-09-09,rehedge,0.0
2024-09-10,rehedge,42.0001220703125
2024-09-11,close call (take_profit),784.1195983886719
2024-09-11,rehedge,0.0
2024-09-12,close put (stop_loss),-728.599670410156
2024-09-13,long straddle,0.0
2024-09-13,rehedge,0.0
2024-09-16,rehedge,10.500030517578125
2024-09-17,rehedge,0.0
2024-09-18,close call (stop_loss),-24.14996337890608
2024-09-18,close put (breakeven),-24.14996337890608
2024-09-19,long straddle,0.0
2024-09-19,rehedge,0.0
2024-09-20,rehedge,0.9199829101561932
2024-09-23,rehedge,0.0
2024-09-24,close put (stop_loss),-24.199462890625
2024-09-24,rehedge,0.0
2024-09-25,rehedge,0.0
2024-09-26,close call (breakeven),1.950469970707502
2024-09-27,long straddle,0.0
2024-09-27,rehedge,0.0
2024-09-30,force_close,-76.5604248046908
2024-10-31,force_close,0.0
2024-11-07,long straddle,0.0
2024-11-08,rehedge,-6.60040283203125
2024-11-11,rehedge,0.0
2024-11-12,rehedge,3.211678282855246
2024-11-13,close put (stop_loss),34.878173828125
2024-11-13,rehedge,0.0
2024-11-14,close call (breakeven),291.91979980468284
2024-11-19,long straddle,0.0
2024-11-19,rehedge,0.0
2024-11-20,rehedge,1.159912109375
2024-11-21,rehedge,-28.88037109375
2024-11-22,close put (stop_loss),329.79010009765625
2024-11-22,rehedge,0.0
2024-11-25,close call (breakeven),-67.99896240234375
2024-11-26,long straddle,0.0
2024-11-26,rehedge,0.0
2024-11-27,rehedge,124.31030273437324
2024-11-29,force_close,-22.78961181640625
2024-12-02,long straddle,0.0
2024-12-02,rehedge,0.0
2024-12-03,rehedge,0.0
2024-12-04,close put (stop_loss),-16.48046875
2024-12-04,rehedge,0.0
2024-12-05,close call (breakeven),23.100952148437273
2024-12-23,long straddle,0.0
2024-12-23,rehedge,0.0
2024-12-24,close put (stop_loss),29.68841552734375
2024-12-24,rehedge,0.0
2024-12-26,close call (breakeven),-42.5958251953125
2024-12-27,long straddle,0.0
2024-12-27,rehedge,0.0
2024-12-30,close call (stop_loss),-5.54913330078125
2024-12-30,close put (breakeven),-5.54913330078125
2024-12-31,force_close,0.0
2025-01-02,long straddle,0.0
2025-01-02,rehedge,0.0
2025-01-03,close put (stop_loss),-16.150054931640625
2025-01-03,rehedge,0.0
2025-01-06,close call (breakeven),-52.3974609375
2025-01-07,long straddle,0.0
2025-01-07,rehedge,0.0
2025-01-08,rehedge,0.0
2025-01-10,close call (stop_loss),60.680358886717556
2025-01-10,close put (breakeven),60.680358886717556
2025-01-13,long straddle,0.0
2025-01-13,rehedge,0.0
2025-01-14,rehedge,0.0
2025-01-15,close put (stop_loss),-21.659820556640625
2025-01-15,rehedge,0.0
2025-01-16,close call (breakeven),-71.9403076171875
2025-01-17,long straddle,0.0
2025-01-21,close put (stop_loss),-118.45989990234375
2025-01-21,rehedge,0.0
2025-01-22,close call (breakeven),1.4583740234375
2025-01-23,long straddle,0.0
2025-01-23,rehedge,0.0
2025-01-24,rehedge,0.0
2025-01-27,close call (stop_loss),561.23876953125
2025-01-27,close put (breakeven),561.23876953125
2025-01-31,force_close,0.0
2025-02-03,long straddle,0.0
2025-02-03,rehedge,0.0
2025-02-04,rehedge,25.43994140625
2025-02-05,close put (stop_loss),-65.9400634765625
2025-02-06,close call (breakeven),-86.0
2025-02-07,long straddle,0.0
2025-02-07,rehedge,0.0
2025-02-10,rehedge,0.0
2025-02-11,rehedge,-2.5499877929688637
2025-02-12,rehedge,0.0
2025-02-13,close put (stop_loss),-33.40087890625
2025-02-13,rehedge,0.0
2025-02-14,close call (breakeven),-67.75
2025-02-27,long straddle,0.0
2025-02-27,rehedge,0.0
2025-02-28,force_close,371.3011474609375
2025-03-03,long straddle,0.0
2025-03-03,rehedge,0.0
2025-03-04,rehedge,-3.0
2025-03-05,rehedge,69.4403076171867
2025-03-06,close call (stop_loss),279.33001708984415
2025-03-06,close put (breakeven),279.33001708984415
2025-03-12,long straddle,0.0
2025-03-12,rehedge,0.0
2025-03-13,close call (stop_loss),255.1388549804692
2025-03-13,close put (breakeven),255.1388549804692
2025-03-14,long straddle,0.0
2025-03-14,rehedge,0.0
2025-03-17,rehedge,24.8798828125
2025-03-18,close call (stop_loss),-598.3388671875
2025-03-18,rehedge,0.0
2025-03-19,rehedge,8.316534570900842
2025-03-20,rehedge,0.0
2025-03-21,rehedge,0.0
2025-03-24,close put (stop_loss),-283.4393774414061
2025-03-25,long straddle,0.0
2025-03-25,rehedge,0.0
2025-03-26,close call (stop_loss),-110.87918090820335
2025-03-26,close put (breakeven),-110.87918090820335
2025-03-27,long straddle,0.0
2025-03-27,rehedge,0.0
2025-03-28,close call (stop_loss),55.60040283203398
2025-03-28,close put (breakeven),55.60040283203398
2025-03-31,force_close,0.0
2025-04-01,long straddle,0.0
2025-04-01,rehedge,0.0
2025-04-02,rehedge,0.0
2025-04-03,close call (stop_loss),1115.329833984375
2025-04-03,close put (breakeven),1115.329833984375
2025-04-04,long straddle,0.0
2025-04-04,rehedge,0.0
2025-04-07,rehedge,7.139923095703523
2025-04-08,rehedge,0.0
2025-04-09,close call (take_profit),955.7401733398438
2025-04-09,close put (stop_loss),955.7401733398438
2025-04-10,long straddle,0.0
2025-04-11,rehedge,131.5200195312491
2025-04-14,rehedge,0.0
2025-04-15,close put (stop_loss),-650.2106018066406
2025-04-15,rehedge,0.0
2025-04-16,close call (stop_loss),110.91992187499818
2025-04-17,long straddle,0.0
2025-04-17,rehedge,0.0
2025-04-21,close call (stop_loss),-969.2216186523438
2025-04-21,close put (breakeven),-969.2216186523438
2025-04-22,long straddle,0.0
2025-04-22,rehedge,0.0
2025-04-23,close call (take_profit),-201.36111450195312
2025-04-23,close put (stop_loss),-201.36111450195312
2025-04-24,long straddle,0.0
2025-04-24,rehedge,0.0
2025-04-25,close put (stop_loss),-257.8501281738281
2025-04-25,rehedge,0.0
2025-04-28,rehedge,0.149993896484375
2025-04-29,close call (breakeven),-26.1197509765625
2025-04-30,force_close,0.0
2025-05-01,long straddle,0.0
2025-05-02,rehedge,0.0
2025-05-05,rehedge,4.374970869584047
2025-05-06,rehedge,46.30486366965545
2025-05-07,rehedge,0.0
2025-05-08,close put (stop_loss),-48.900207519531136
2025-05-08,rehedge,0.0
2025-05-09,close call (breakeven),-23.47955322265625
2025-05-12,long straddle,0.0
2025-05-12,rehedge,0.0
2025-05-13,close put (stop_loss),237.1586303710942
2025-05-13,rehedge,0.0
2025-05-14,close call (breakeven),-88.55712890625091
2025-05-27,long straddle,0.0
2025-05-27,rehedge,0.0
2025-05-28,rehedge,16.16998291015625
2025-05-29,close put (stop_loss),-185.6416015625009
2025-05-29,rehedge,0.0
2025-05-30,force_close,182.85888671875477
2025-06-03,long straddle,0.0
2025-06-03,rehedge,0.0
2025-06-04,rehedge,0.0
2025-06-05,rehedge,26.57012939453125
2025-06-06,rehedge,0.0
2025-06-09,rehedge,0.0
2025-06-10,close put (stop_loss),-232.3603515625
2025-06-10,rehedge,0.0
2025-06-11,close call (breakeven),90.80371093749977
2025-06-26,long straddle,0.0
2025-06-26,rehedge,0.0
2025-06-27,rehedge,-50.49151611328125
2025-06-30,force_close,-303.5224609375
2025-07-30,long straddle,0.0
2025-07-30,rehedge,0.0
2025-07-31,force_close,201.670654296875
2025-08-12,long straddle,0.0
2025-08-12,rehedge,0.0
2025-08-13,rehedge,0.0
2025-08-14,rehedge,0.16838007387912057
2025-08-15,rehedge,2.7183678668478706
2025-08-18,rehedge,0.0
2025-08-19,rehedge,150.29009049749743
2025-08-20,close call (stop_loss),-0.479736328125
2025-08-20,close put (breakeven),-0.479736328125
2025-08-22,long straddle,0.0
2025-08-22,rehedge,0.0
2025-08-25,rehedge,8.24981689453125
2025-08-26,rehedge,0.0
2025-08-27,rehedge,0.0
2025-08-28,close put (stop_loss),-234.842041015625
2025-08-28,rehedge,0.0
2025-08-29,force_close,111.32308799341263
2025-09-30,force_close,0.0
2025-10-31,force_close,0.0
2025-11-03,long straddle,0.0
2025-11-03,rehedge,0.0
2025-11-04,close call (stop_loss),49.6202392578125
2025-11-04,close put (breakeven),49.6202392578125
2025-11-05,long straddle,0.0
2025-11-05,rehedge,0.0
2025-11-06,rehedge,0.0
2025-11-07,close call (stop_loss),81.31024169921875
2025-11-07,close put (breakeven),81.31024169921875
2025-11-14,long straddle,0.0
2025-11-14,rehedge,0.0
2025-11-17,close call (stop_loss),195.3994140625
2025-11-17,close put (breakeven),195.3994140625
2025-11-18,long straddle,0.0
2025-11-19,rehedge,0.0
2025-11-20,close call (stop_loss),-1145.0008544921875
2025-11-21,close put (breakeven),1333.6014404296875
2025-11-25,long straddle,0.0
2025-11-25,rehedge,0.0
2025-11-26,rehedge,64.56005859375
2025-11-28,force_close,590.5191650390625
2025-12-01,long straddle,0.0
2025-12-02,rehedge,0.0
2025-12-03,rehedge,0.0
2025-12-04,rehedge,0.0
2025-12-05,close put (stop_loss),142.1204833984375
2025-12-05,rehedge,0.0
2025-12-08,close call (breakeven),-239.403076171875
2025-12-10,long straddle,0.0
2025-12-10,rehedge,0.0
2025-12-11,rehedge,12.1798095703125
2025-12-12,close call (stop_loss),-97.23931884765625
2025-12-12,close put (breakeven),-97.23931884765625
2025-12-15,long straddle,0.0
2025-12-16,rehedge,6.05010986328125
2025-12-17,close call (stop_loss),161.919677734375
2025-12-17,close put (breakeven),161.919677734375
2025-12-18,long straddle,0.0
2025-12-18,rehedge,0.0
2025-12-19,close put (stop_loss),-252.49993896484375
2025-12-22,close call (breakeven),-61.563811523437494
2025-12-23,long straddle,0.0
2025-12-23,rehedge,0.0
2025-12-24,rehedge,0.0
2025-12-26,close put (stop_loss),-122.12103271484352
2025-12-26,rehedge,0.0
2025-12-29,close call (stop_loss),-54.498535156249886
2025-12-30,long straddle,0.0
2025-12-30,rehedge,0.0
2025-12-31,force_close,153.599853515625
2026-01-30,force_close,0.0
2026-02-10,long straddle,0.0
2026-02-10,rehedge,0.0
2026-02-11,rehedge,4.9200439453125
2026-02-12,close call (stop_loss),251.54052734375
2026-02-12,close put (breakeven),251.54052734375
2026-02-17,long straddle,0.0
2026-02-17,rehedge,0.0
2026-02-18,rehedge,49.389892578125
2026-02-19,rehedge,0.0
2026-02-20,close put (stop_loss),-252.318603515625
2026-02-20,rehedge,0.0
2026-02-23,close call (stop_loss),35.6007080078125
2026-02-25,long straddle,0.0
2026-02-25,rehedge,0.0
2026-02-26,close call (stop_loss),-61.9200439453125
2026-02-26,close put (breakeven),-61.9200439453125
2026-02-27,force_close,0.0
2026-03-31,force_close,0.0
2024-05-31,force_close,0.0
2024-06-28,force_close,0.0
2024-07-30,long straddle,0.0
2024-07-30,rehedge,0.0
2024-07-31,force_close,853.0205383300818
2024-08-30,force_close,0.0
2024-09-30,force_close,0.0
2024-10-31,force_close,0.0
2024-11-29,force_close,0.0
2024-12-31,force_close,0.0
2025-01-31,force_close,0.0
2025-02-28,force_close,0.0
2025-03-18,long straddle,0.0
2025-03-18,rehedge,0.0
2025-03-19,rehedge,31.750030517578125
2025-03-20,rehedge,0.0
2025-03-21,close call (stop_loss),108.65896606445312
2025-03-21,close put (breakeven),108.65896606445312
2025-03-27,long straddle,0.0
2025-03-27,rehedge,0.0
2025-03-28,close call (stop_loss),55.60040283203398
2025-03-28,close put (breakeven),55.60040283203398
2025-03-31,force_close,0.0
2025-04-09,long straddle,0.0
2025-04-10,close call (stop_loss),606.4399414062505
2025-04-10,close put (breakeven),606.4399414062505
2025-04-11,long straddle,0.0
2025-04-11,rehedge,0.0
2025-04-14,rehedge,0.0
2025-04-15,close call (stop_loss),-650.2106018066406
2025-04-15,close put (stop_loss),-650.2106018066406
2025-04-16,long straddle,0.0
2025-04-16,rehedge,0.0
2025-04-17,rehedge,0.0
2025-04-21,close call (stop_loss),-969.2216186523438
2025-04-21,rehedge,0.0
2025-04-22,rehedge,7.971267237807808
2025-04-23,close put (stop_loss),-204.3212890625
2025-04-24,long straddle,0.0
2025-04-24,rehedge,0.0
2025-04-25,close put (stop_loss),-257.8501281738281
2025-04-25,rehedge,0.0
2025-04-28,rehedge,0.149993896484375
2025-04-29,close call (breakeven),-26.1197509765625
2025-04-30,force_close,0.0
2025-05-01,long straddle,0.0
2025-05-02,rehedge,0.0
2025-05-05,rehedge,4.374970869584047
2025-05-06,rehedge,46.30486366965545
2025-05-07,rehedge,0.0
2025-05-08,close put (stop_loss),-48.900207519531136
2025-05-08,rehedge,0.0
2025-05-09,close call (breakeven),-23.47955322265625
2025-05-30,force_close,0.0
2025-06-30,force_close,0.0
2025-07-31,force_close,0.0
2025-08-29,force_close,0.0
2025-09-30,force_close,0.0
2025-10-31,force_close,0.0
2025-11-20,long straddle,0.0
2025-11-20,rehedge,0.0
2025-11-21,rehedge,0.0
2025-11-24,rehedge,288.6700949367096
2025-11-25,rehedge,0.0
2025-11-26,rehedge,303.1046000823394
2025-11-28,force_close,1723.6057371098623
2025-12-31,force_close,0.0
2026-01-30,force_close,0.0
2026-02-27,force_close,0.0
2026-03-31,force_close,0.0
2024-05-14,long straddle,0.0
2024-05-14,rehedge,0.0
2024-05-15,close put (stop_loss),-8.570098876948578
2024-05-15,rehedge,0.0
2024-05-16,close call (breakeven),60.7188720703125
2024-05-21,long straddle,0.0
2024-05-21,rehedge,0.0
2024-05-22,rehedge,0.7199707031254547
2024-05-23,rehedge,0.0
2024-05-24,rehedge,-58.892010432416896
2024-05-28,close put (stop_loss),15.09130859375
2024-05-28,rehedge,0.0
2024-05-29,close call (breakeven),233.279296875
2024-05-31,force_close,0.0
2024-06-12,long straddle,0.0
2024-06-12,rehedge,0.0
2024-06-13,rehedge,-2.57000732421875
2024-06-14,rehedge,-141.1202392578141
2024-06-17,close put (stop_loss),367.41027832031574
2024-06-18,close call (breakeven),-13.949432373046875
2024-06-27,long straddle,0.0
2024-06-27,rehedge,0.0
2024-06-28,force_close,242.5
2024-07-30,long straddle,0.0
2024-07-30,rehedge,0.0
2024-07-31,force_close,853.0205383300818
2024-08-07,long straddle,0.0
2024-08-07,rehedge,0.0
2024-08-08,rehedge,66.50009155273466
2024-08-09,rehedge,46.9200439453125
2024-08-12,rehedge,33.22003173828125
2024-08-13,close call (take_profit),82.19970703125
2024-08-13,close put (stop_loss),82.19970703125
2024-08-14,long straddle,0.0
2024-08-14,rehedge,0.0
2024-08-15,close put (stop_loss),264.26995849609375
2024-08-16,close call (breakeven),-15.358886718749773
2024-08-19,long straddle,0.0
2024-08-19,rehedge,0.0
2024-08-20,rehedge,8.079833984375
2024-08-21,rehedge,0.0
2024-08-22,rehedge,130.7585833823839
2024-08-23,rehedge,0.0
2024-08-26,rehedge,56.96068020555117
2024-08-27,rehedge,0.0
2024-08-28,close call (stop_loss),174.29025268554688
2024-08-28,close put (breakeven),174.29025268554688
2024-08-30,force_close,0.0
2024-09-30,force_close,0.0
2024-10-31,force_close,0.0
2024-11-21,long straddle,0.0
2024-11-21,rehedge,0.0
2024-11-22,close put (stop_loss),329.79010009765625
2024-11-22,rehedge,0.0
2024-11-25,close call (breakeven),-67.99896240234375
2024-11-26,long straddle,0.0
2024-11-26,rehedge,0.0
2024-11-27,rehedge,124.31030273437324
2024-11-29,force_close,-22.78961181640625
2024-12-31,force_close,0.0
2025-01-31,force_close,0.0
2025-02-27,long straddle,0.0
2025-02-27,rehedge,0.0
2025-02-28,force_close,371.3011474609375
2025-03-18,long straddle,0.0
2025-03-18,rehedge,0.0
2025-03-19,rehedge,31.750030517578125
2025-03-20,rehedge,0.0
2025-03-21,close call (stop_loss),108.65896606445312
2025-03-21,close put (breakeven),108.65896606445312
2025-03-24,long straddle,0.0
2025-03-24,rehedge,0.0
2025-03-25,rehedge,16.7999267578125
2025-03-26,close call (stop_loss),-110.87918090820335
2025-03-26,close put (breakeven),-110.87918090820335
2025-03-27,long straddle,0.0
2025-03-27,rehedge,0.0
2025-03-28,close call (stop_loss),55.60040283203398
2025-03-28,close put (breakeven),55.60040283203398
2025-03-31,force_close,0.0
2025-04-09,long straddle,0.0
2025-04-10,close call (stop_loss),606.4399414062505
2025-04-10,close put (breakeven),606.4399414062505
2025-04-11,long straddle,0.0
2025-04-11,rehedge,0.0
2025-04-14,rehedge,0.0
2025-04-15,close call (stop_loss),-650.2106018066406
2025-04-15,close put (stop_loss),-650.2106018066406
2025-04-16,long straddle,0.0
2025-04-16,rehedge,0.0
2025-04-17,rehedge,0.0
2025-04-21,close call (stop_loss),-969.2216186523438
2025-04-21,rehedge,0.0
2025-04-22,rehedge,7.971267237807808
2025-04-23,close put (stop_loss),-204.3212890625
2025-04-24,long straddle,0.0
2025-04-24,rehedge,0.0
2025-04-25,close put (stop_loss),-257.8501281738281
2025-04-25,rehedge,0.0
2025-04-28,rehedge,0.149993896484375
2025-04-29,close call (breakeven),-26.1197509765625
2025-04-30,force_close,0.0
2025-05-01,long straddle,0.0
2025-05-02,rehedge,0.0
2025-05-05,rehedge,4.374970869584047
2025-05-06,rehedge,46.30486366965545
2025-05-07,rehedge,0.0
2025-05-08,close put (stop_loss),-48.900207519531136
2025-05-08,rehedge,0.0
2025-05-09,close call (breakeven),-23.47955322265625
2025-05-27,long straddle,0.0
2025-05-27,rehedge,0.0
2025-05-28,rehedge,16.16998291015625
2025-05-29,close put (stop_loss),-185.6416015625009
2025-05-29,rehedge,0.0
2025-05-30,force_close,182.85888671875477
2025-06-26,long straddle,0.0
2025-06-26,rehedge,0.0
2025-06-27,rehedge,-50.49151611328125
2025-06-30,force_close,-303.5224609375
2025-07-31,force_close,0.0
2025-08-12,long straddle,0.0
2025-08-12,rehedge,0.0
2025-08-13,rehedge,0.0
2025-08-14,rehedge,0.16838007387912057
2025-08-15,rehedge,2.7183678668478706
2025-08-18,rehedge,0.0
2025-08-19,rehedge,150.29009049749743
2025-08-20,close call (stop_loss),-0.479736328125
2025-08-20,close put (breakeven),-0.479736328125
2025-08-22,long straddle,0.0
2025-08-22,rehedge,0.0
2025-08-25,rehedge,8.24981689453125
2025-08-26,rehedge,0.0
2025-08-27,rehedge,0.0
2025-08-28,close put (stop_loss),-234.842041015625
2025-08-28,rehedge,0.0
2025-08-29,force_close,111.32308799341263
2025-09-30,force_close,0.0
2025-10-31,force_close,0.0
2025-11-20,long straddle,0.0
2025-11-20,rehedge,0.0
2025-11-21,rehedge,0.0
2025-11-24,rehedge,288.6700949367096
2025-11-25,rehedge,0.0
2025-11-26,rehedge,303.1046000823394
2025-11-28,force_close,1723.6057371098623
2025-12-31,force_close,0.0
2026-01-30,force_close,0.0
2026-02-27,force_close,0.0
2026-03-31,force_close,0.0
2024-05-06,long straddle,0.0
2024-05-06,rehedge,0.0
2024-05-07,rehedge,0.0
2024-05-08,rehedge,0.0
2024-05-09,rehedge,0.0
2024-05-10,close put (stop_loss),53.19940185546875
2024-05-10,rehedge,0.0
2024-05-13,close call (breakeven),-14.759033203125
2024-05-14,long straddle,0.0
2024-05-14,rehedge,0.0
2024-05-15,close put (stop_loss),-8.570098876948578
2024-05-15,rehedge,0.0
2024-05-16,close call (breakeven),60.7188720703125
2024-05-21,long straddle,0.0
2024-05-21,rehedge,0.0
2024-05-22,rehedge,0.7199707031254547
2024-05-23,rehedge,0.0
2024-05-24,rehedge,-58.892010432416896
2024-05-28,close put (stop_loss),15.09130859375
2024-05-28,rehedge,0.0
2024-05-29,close call (breakeven),233.279296875
2024-05-31,force_close,0.0
2024-06-12,long straddle,0.0
2024-06-12,rehedge,0.0
2024-06-13,rehedge,-2.57000732421875
2024-06-14,rehedge,-141.1202392578141
2024-06-17,close put (stop_loss),367.41027832031574
2024-06-18,close call (breakeven),-13.949432373046875
2024-06-27,long straddle,0.0
2024-06-27,rehedge,0.0
2024-06-28,force_close,242.5
2024-07-30,long straddle,0.0
2024-07-30,rehedge,0.0
2024-07-31,force_close,853.0205383300818
2024-08-07,long straddle,0.0
2024-08-07,rehedge,0.0
2024-08-08,rehedge,66.50009155273466
2024-08-09,rehedge,46.9200439453125
2024-08-12,rehedge,33.22003173828125
2024-08-13,close call (take_profit),82.19970703125
2024-08-13,close put (stop_loss),82.19970703125
2024-08-14,long straddle,0.0
2024-08-14,rehedge,0.0
2024-08-15,close put (stop_loss),264.26995849609375
2024-08-16,close call (breakeven),-15.358886718749773
2024-08-19,long straddle,0.0
2024-08-19,rehedge,0.0
2024-08-20,rehedge,8.079833984375
2024-08-21,rehedge,0.0
2024-08-22,rehedge,130.7585833823839
2024-08-23,rehedge,0.0
2024-08-26,rehedge,56.96068020555117
2024-08-27,rehedge,0.0
2024-08-28,close call (stop_loss),174.29025268554688
2024-08-28,close put (breakeven),174.29025268554688
2024-08-30,force_close,0.0
2024-09-03,long straddle,0.0
2024-09-03,rehedge,0.0
2024-09-04,rehedge,0.0
2024-09-05,rehedge,0.0
2024-09-06,close call (stop_loss),338.049774169924
2024-09-06,close put (breakeven),338.049774169924
2024-09-30,force_close,0.0
2024-10-31,force_close,0.0
2024-11-21,long straddle,0.0
2024-11-21,rehedge,0.0
2024-11-22,close put (stop_loss),329.79010009765625
2024-11-22,rehedge,0.0
2024-11-25,close call (breakeven),-67.99896240234375
2024-11-26,long straddle,0.0
2024-11-26,rehedge,0.0
2024-11-27,rehedge,124.31030273437324
2024-11-29,force_close,-22.78961181640625
2024-12-31,force_close,0.0
2025-01-31,force_close,0.0
2025-02-27,long straddle,0.0
2025-02-27,rehedge,0.0
2025-02-28,force_close,371.3011474609375
2025-03-18,long straddle,0.0
2025-03-18,rehedge,0.0
2025-03-19,rehedge,31.750030517578125
2025-03-20,rehedge,0.0
2025-03-21,close call (stop_loss),108.65896606445312
2025-03-21,close put (breakeven),108.65896606445312
2025-03-24,long straddle,0.0
2025-03-24,rehedge,0.0
2025-03-25,rehedge,16.7999267578125
2025-03-26,close call (stop_loss),-110.87918090820335
2025-03-26,close put (breakeven),-110.87918090820335
2025-03-27,long straddle,0.0
2025-03-27,rehedge,0.0
2025-03-28,close call (stop_loss),55.60040283203398
2025-03-28,close put (breakeven),55.60040283203398
2025-03-31,force_close,0.0
2025-04-03,long straddle,0.0
2025-04-03,rehedge,0.0
2025-04-04,close call (stop_loss),1042.430419921875
2025-04-04,close put (breakeven),1042.430419921875
2025-04-08,long straddle,0.0
2025-04-08,rehedge,0.0
2025-04-09,close call (take_profit),955.7401733398438
2025-04-09,close put (stop_loss),955.7401733398438
2025-04-10,long straddle,0.0
2025-04-11,rehedge,131.5200195312491
2025-04-14,rehedge,0.0
2025-04-15,close put (stop_loss),-650.2106018066406
2025-04-15,rehedge,0.0
2025-04-16,close call (stop_loss),110.91992187499818
2025-04-17,long straddle,0.0
2025-04-17,rehedge,0.0
2025-04-21,close call (stop_loss),-969.2216186523438
2025-04-21,close put (breakeven),-969.2216186523438
2025-04-22,long straddle,0.0
2025-04-22,rehedge,0.0
2025-04-23,close call (take_profit),-201.36111450195312
2025-04-23,close put (stop_loss),-201.36111450195312
2025-04-24,long straddle,0.0
2025-04-24,rehedge,0.0
2025-04-25,close put (stop_loss),-257.8501281738281
2025-04-25,rehedge,0.0
2025-04-28,rehedge,0.149993896484375
2025-04-29,close call (breakeven),-26.1197509765625
2025-04-30,force_close,0.0
2025-05-01,long straddle,0.0
2025-05-02,rehedge,0.0
2025-05-05,rehedge,4.374970869584047
2025-05-06,rehedge,46.30486366965545
2025-05-07,rehedge,0.0
2025-05-08,close put (stop_loss),-48.900207519531136
2025-05-08,rehedge,0.0
2025-05-09,close call (breakeven),-23.47955322265625
2025-05-27,long straddle,0.0
2025-05-27,rehedge,0.0
2025-05-28,rehedge,16.16998291015625
2025-05-29,close put (stop_loss),-185.6416015625009
2025-05-29,rehedge,0.0
2025-05-30,force_close,182.85888671875477
2025-06-26,long straddle,0.0
2025-06-26,rehedge,0.0
2025-06-27,rehedge,-50.49151611328125
2025-06-30,force_close,-303.5224609375
2025-07-30,long straddle,0.0
2025-07-30,rehedge,0.0
2025-07-31,force_close,201.670654296875
2025-08-12,long straddle,0.0
2025-08-12,rehedge,0.0
2025-08-13,rehedge,0.0
2025-08-14,rehedge,0.16838007387912057
2025-08-15,rehedge,2.7183678668478706
2025-08-18,rehedge,0.0
2025-08-19,rehedge,150.29009049749743
2025-08-20,close call (stop_loss),-0.479736328125
2025-08-20,close put (breakeven),-0.479736328125
2025-08-22,long straddle,0.0
2025-08-22,rehedge,0.0
2025-08-25,rehedge,8.24981689453125
2025-08-26,rehedge,0.0
2025-08-27,rehedge,0.0
2025-08-28,close put (stop_loss),-234.842041015625
2025-08-28,rehedge,0.0
2025-08-29,force_close,111.32308799341263
2025-09-30,force_close,0.0
2025-10-31,force_close,0.0
2025-11-20,long straddle,0.0
2025-11-20,rehedge,0.0
2025-11-21,rehedge,0.0
2025-11-24,rehedge,288.6700949367096
2025-11-25,rehedge,0.0
2025-11-26,rehedge,303.1046000823394
2025-11-28,force_close,1723.6057371098623
2025-12-31,force_close,0.0
2026-01-30,force_close,0.0
2026-02-27,force_close,0.0
2026-03-31,force_close,0.0
2024-05-06,long straddle,0.0
2024-05-06,rehedge,0.0
2024-05-07,rehedge,0.0
2024-05-08,rehedge,0.0
2024-05-09,close put (stop_loss),-113.31942749023438
2024-05-09,rehedge,0.0
2024-05-10,close call (breakeven),49.55926513671875
2024-05-14,long straddle,0.0
2024-05-14,rehedge,0.0
2024-05-15,close put (stop_loss),-8.570098876948578
2024-05-15,rehedge,0.0
2024-05-16,close call (breakeven),60.7188720703125
2024-05-21,long straddle,0.0
2024-05-21,rehedge,0.0
2024-05-22,rehedge,0.7199707031254547
2024-05-23,rehedge,0.0
2024-05-24,rehedge,-58.892010432416896
2024-05-28,close put (stop_loss),15.09130859375
2024-05-28,rehedge,0.0
2024-05-29,close call (breakeven),233.279296875
2024-05-31,force_close,0.0
2024-06-12,long straddle,0.0
2024-06-12,rehedge,0.0
2024-06-13,close put (stop_loss),601.9793701171875
2024-06-13,rehedge,0.0
2024-06-14,close call (breakeven),-128.7101135253959
2024-06-27,long straddle,0.0
2024-06-27,rehedge,0.0
2024-06-28,force_close,242.5
2024-07-30,long straddle,0.0
2024-07-30,rehedge,0.0
2024-07-31,force_close,853.0205383300818
2024-08-07,long straddle,0.0
2024-08-07,rehedge,0.0
2024-08-08,rehedge,66.50009155273466
2024-08-09,rehedge,46.9200439453125
2024-08-12,close put (stop_loss),-33.53997802734375
2024-08-12,rehedge,0.0
2024-08-13,close call (breakeven),88.80075073242188
2024-08-14,long straddle,0.0
2024-08-14,rehedge,0.0
2024-08-15,close put (stop_loss),264.26995849609375
2024-08-16,close call (breakeven),-15.358886718749773
2024-08-19,long straddle,0.0
2024-08-19,rehedge,0.0
2024-08-20,rehedge,8.079833984375
2024-08-21,rehedge,0.0
2024-08-22,rehedge,130.7585833823839
2024-08-23,rehedge,0.0
2024-08-26,close call (stop_loss),-20.139739990234375
2024-08-26,close put (breakeven),-20.139739990234375
2024-08-27,long straddle,0.0
2024-08-28,close put (take_profit),174.29025268554688
2024-08-28,rehedge,0.0
2024-08-29,close call (stop_loss),-137.9398193359375
2024-08-30,force_close,0.0
2024-09-03,long straddle,0.0
2024-09-03,rehedge,0.0
2024-09-04,rehedge,0.0
2024-09-05,rehedge,0.0
2024-09-06,close call (stop_loss),338.049774169924
2024-09-06,close put (breakeven),338.049774169924
2024-09-30,force_close,0.0
2024-10-31,force_close,0.0
2024-11-21,long straddle,0.0
2024-11-21,rehedge,0.0
2024-11-22,close put (stop_loss),329.79010009765625
2024-11-22,rehedge,0.0
2024-11-25,close call (breakeven),-67.99896240234375
2024-11-26,long straddle,0.0
2024-11-26,rehedge,0.0
2024-11-27,rehedge,124.31030273437324
2024-11-29,force_close,-22.78961181640625
2024-12-31,force_close,0.0
2025-01-31,force_close,0.0
2025-02-27,long straddle,0.0
2025-02-27,rehedge,0.0
2025-02-28,force_close,371.3011474609375
2025-03-18,long straddle,0.0
2025-03-18,rehedge,0.0
2025-03-19,rehedge,31.750030517578125
2025-03-20,close call (stop_loss),-100.100341796875
2025-03-20,close put (breakeven),-100.100341796875
2025-03-24,long straddle,0.0
2025-03-24,rehedge,0.0
2025-03-25,rehedge,16.7999267578125
2025-03-26,close call (stop_loss),-110.87918090820335
2025-03-26,close put (breakeven),-110.87918090820335
2025-03-27,long straddle,0.0
2025-03-27,rehedge,0.0
2025-03-28,close call (stop_loss),55.60040283203398
2025-03-28,close put (breakeven),55.60040283203398
2025-03-31,force_close,0.0
2025-04-03,long straddle,0.0
2025-04-03,rehedge,0.0
2025-04-04,close call (stop_loss),1042.430419921875
2025-04-04,close put (breakeven),1042.430419921875
2025-04-08,long straddle,0.0
2025-04-08,rehedge,0.0
2025-04-09,close call (take_profit),955.7401733398438
2025-04-09,close put (stop_loss),955.7401733398438
2025-04-10,long straddle,0.0
2025-04-11,rehedge,131.5200195312491
2025-04-14,close put (stop_loss),-631.759521484375
2025-04-14,rehedge,0.0
2025-04-15,close call (stop_loss),-213.84927368164062
2025-04-16,long straddle,0.0
2025-04-16,rehedge,0.0
2025-04-17,rehedge,0.0
2025-04-21,close call (stop_loss),-969.2216186523438
2025-04-21,rehedge,0.0
2025-04-22,rehedge,7.971267237807808
2025-04-23,close put (stop_loss),-204.3212890625
2025-04-24,long straddle,0.0
2025-04-24,rehedge,0.0
2025-04-25,close put (stop_loss),-257.8501281738281
2025-04-25,rehedge,0.0
2025-04-28,rehedge,0.149993896484375
2025-04-29,close call (breakeven),-26.1197509765625
2025-04-30,force_close,0.0
2025-05-01,long straddle,0.0
2025-05-02,close put (stop_loss),-156.04995727539023
2025-05-02,rehedge,0.0
2025-05-05,close call (breakeven),146.8996276855434
2025-05-06,long straddle,0.0
2025-05-06,rehedge,0.0
2025-05-07,rehedge,0.0
2025-05-08,close put (stop_loss),-48.900207519531136
2025-05-08,rehedge,0.0
2025-05-09,close call (breakeven),-23.47955322265625
2025-05-27,long straddle,0.0
2025-05-27,rehedge,0.0
2025-05-28,rehedge,16.16998291015625
2025-05-29,close put (stop_loss),-185.6416015625009
2025-05-29,rehedge,0.0
2025-05-30,force_close,182.85888671875477
2025-06-26,long straddle,0.0
2025-06-26,rehedge,0.0
2025-06-27,rehedge,-50.49151611328125
2025-06-30,force_close,-303.5224609375
2025-07-30,long straddle,0.0
2025-07-30,rehedge,0.0
2025-07-31,force_close,201.670654296875
2025-08-12,long straddle,0.0
2025-08-12,rehedge,0.0
2025-08-13,rehedge,0.0
2025-08-14,rehedge,0.16838007387912057
2025-08-15,rehedge,2.7183678668478706
2025-08-18,rehedge,0.0
2025-08-19,close call (stop_loss),-92.56298828125
2025-08-19,close put (breakeven),-92.56298828125
2025-08-22,long straddle,0.0
2025-08-22,rehedge,0.0
2025-08-25,rehedge,8.24981689453125
2025-08-26,rehedge,0.0
2025-08-27,rehedge,0.0
2025-08-28,close put (stop_loss),-234.842041015625
2025-08-28,rehedge,0.0
2025-08-29,force_close,111.32308799341263
2025-09-30,force_close,0.0
2025-10-31,force_close,0.0
2025-11-20,long straddle,0.0
2025-11-20,rehedge,0.0
2025-11-21,rehedge,0.0
2025-11-24,rehedge,288.6700949367096
2025-11-25,close put (stop_loss),-1649.0073852539062
2025-11-25,rehedge,0.0
2025-11-26,close call (breakeven),-0.800048828125
2025-11-28,force_close,0.0
2025-12-31,force_close,0.0
2026-01-30,force_close,0.0
2026-02-27,force_close,0.0
2026-03-31,force_close,0.0
2024-05-06,long straddle,0.0
2024-05-06,rehedge,0.0
2024-05-07,rehedge,0.0
2024-05-08,rehedge,0.0
2024-05-09,close put (stop_loss),-113.31942749023438
2024-05-09,rehedge,0.0
2024-05-10,close call (breakeven),49.55926513671875
2024-05-14,long straddle,0.0
2024-05-14,rehedge,0.0
2024-05-15,close put (stop_loss),-8.570098876948578
2024-05-15,rehedge,0.0
2024-05-16,close call (breakeven),60.7188720703125
2024-05-21,long straddle,0.0
2024-05-21,rehedge,0.0
2024-05-22,rehedge,0.7199707031254547
2024-05-23,rehedge,0.0
2024-05-24,rehedge,-58.892010432416896
2024-05-28,close put (stop_loss),15.09130859375
2024-05-28,rehedge,0.0
2024-05-29,close call (breakeven),233.279296875
2024-05-31,force_close,0.0
2024-06-12,long straddle,0.0
2024-06-12,rehedge,0.0
2024-06-13,close put (stop_loss),601.9793701171875
2024-06-13,rehedge,0.0
2024-06-14,close call (breakeven),-128.7101135253959
2024-06-27,long straddle,0.0
2024-06-27,rehedge,0.0
2024-06-28,force_close,242.5
2024-07-30,long straddle,0.0
2024-07-30,rehedge,0.0
2024-07-31,force_close,853.0205383300818
2024-08-07,long straddle,0.0
2024-08-07,rehedge,0.0
2024-08-08,rehedge,66.50009155273466
2024-08-09,rehedge,46.9200439453125
2024-08-12,close put (stop_loss),-33.53997802734375
2024-08-12,rehedge,0.0
2024-08-13,close call (breakeven),88.80075073242188
2024-08-14,long straddle,0.0
2024-08-14,rehedge,0.0
2024-08-15,close put (stop_loss),264.26995849609375
2024-08-16,close call (breakeven),-15.358886718749773
2024-08-19,long straddle,0.0
2024-08-19,rehedge,0.0
2024-08-20,rehedge,8.079833984375
2024-08-21,rehedge,0.0
2024-08-22,rehedge,130.7585833823839
2024-08-23,rehedge,0.0
2024-08-26,close call (stop_loss),-20.139739990234375
2024-08-26,close put (breakeven),-20.139739990234375
2024-08-27,long straddle,0.0
2024-08-28,close put (take_profit),174.29025268554688
2024-08-28,rehedge,0.0
2024-08-29,close call (stop_loss),-137.9398193359375
2024-08-30,force_close,0.0
2024-09-03,long straddle,0.0
2024-09-03,rehedge,0.0
2024-09-04,rehedge,0.0
2024-09-05,rehedge,0.0
2024-09-06,close call (stop_loss),338.049774169924
2024-09-06,close put (breakeven),338.049774169924
2024-09-30,force_close,0.0
2024-10-31,force_close,0.0
2024-11-21,long straddle,0.0
2024-11-21,rehedge,0.0
2024-11-22,close put (stop_loss),329.79010009765625
2024-11-22,rehedge,0.0
2024-11-25,close call (breakeven),-67.99896240234375
2024-11-26,long straddle,0.0
2024-11-26,rehedge,0.0
2024-11-27,rehedge,124.31030273437324
2024-11-29,force_close,-22.78961181640625
2024-12-31,force_close,0.0
2025-01-31,force_close,0.0
2025-02-27,long straddle,0.0
2025-02-27,rehedge,0.0
2025-02-28,force_close,371.3011474609375
2025-03-18,long straddle,0.0
2025-03-18,rehedge,0.0
2025-03-19,rehedge,31.750030517578125
2025-03-20,close call (stop_loss),-100.100341796875
2025-03-20,close put (breakeven),-100.100341796875
2025-03-24,long straddle,0.0
2025-03-24,rehedge,0.0
2025-03-25,rehedge,16.7999267578125
2025-03-26,close call (stop_loss),-110.87918090820335
2025-03-26,close put (breakeven),-110.87918090820335
2025-03-27,long straddle,0.0
2025-03-27,rehedge,0.0
2025-03-28,close call (stop_loss),55.60040283203398
2025-03-28,close put (breakeven),55.60040283203398
2025-03-31,force_close,0.0
2025-04-03,long straddle,0.0
2025-04-03,rehedge,0.0
2025-04-04,close call (stop_loss),1042.430419921875
2025-04-04,close put (breakeven),1042.430419921875
2025-04-08,long straddle,0.0
2025-04-08,rehedge,0.0
2025-04-09,close call (take_profit),955.7401733398438
2025-04-09,close put (stop_loss),955.7401733398438
2025-04-10,long straddle,0.0
2025-04-11,rehedge,131.5200195312491
2025-04-14,close put (stop_loss),-631.759521484375
2025-04-14,rehedge,0.0
2025-04-15,close call (stop_loss),-213.84927368164062
2025-04-16,long straddle,0.0
2025-04-16,rehedge,0.0
2025-04-17,rehedge,0.0
2025-04-21,close call (stop_loss),-969.2216186523438
2025-04-21,rehedge,0.0
2025-04-22,rehedge,7.971267237807808
2025-04-23,close put (stop_loss),-204.3212890625
2025-04-24,long straddle,0.0
2025-04-24,rehedge,0.0
2025-04-25,close put (stop_loss),-257.8501281738281
2025-04-25,rehedge,0.0
2025-04-28,rehedge,0.149993896484375
2025-04-29,close call (breakeven),-26.1197509765625
2025-04-30,force_close,0.0
2025-05-01,long straddle,0.0
2025-05-02,close put (stop_loss),-156.04995727539023
2025-05-02,rehedge,0.0
2025-05-05,close call (breakeven),146.8996276855434
2025-05-06,long straddle,0.0
2025-05-06,rehedge,0.0
2025-05-07,rehedge,0.0
2025-05-08,close put (stop_loss),-48.900207519531136
2025-05-08,rehedge,0.0
2025-05-09,close call (breakeven),-23.47955322265625
2025-05-27,long straddle,0.0
2025-05-27,rehedge,0.0
2025-05-28,rehedge,16.16998291015625
2025-05-29,close put (stop_loss),-185.6416015625009
2025-05-29,rehedge,0.0
2025-05-30,force_close,182.85888671875477
2025-06-26,long straddle,0.0
2025-06-26,rehedge,0.0
2025-06-27,rehedge,-50.49151611328125
2025-06-30,force_close,-303.5224609375
2025-07-30,long straddle,0.0
2025-07-30,rehedge,0.0
2025-07-31,force_close,201.670654296875
2025-08-12,long straddle,0.0
2025-08-12,rehedge,0.0
2025-08-13,rehedge,0.0
2025-08-14,rehedge,0.16838007387912057
2025-08-15,rehedge,2.7183678668478706
2025-08-18,rehedge,0.0
2025-08-19,close call (stop_loss),-92.56298828125
2025-08-19,close put (breakeven),-92.56298828125
2025-08-22,long straddle,0.0
2025-08-22,rehedge,0.0
2025-08-25,rehedge,8.24981689453125
2025-08-26,rehedge,0.0
2025-08-27,rehedge,0.0
2025-08-28,close put (stop_loss),-234.842041015625
2025-08-28,rehedge,0.0
2025-08-29,force_close,111.32308799341263
2025-09-30,force_close,0.0
2025-10-31,force_close,0.0
2025-11-20,long straddle,0.0
2025-11-20,rehedge,0.0
2025-11-21,rehedge,0.0
2025-11-24,rehedge,288.6700949367096
2025-11-25,close put (stop_loss),-1649.0073852539062
2025-11-25,rehedge,0.0
2025-11-26,close call (breakeven),-0.800048828125
2025-11-28,force_close,0.0
2025-12-31,force_close,0.0
2026-01-30,force_close,0.0
2026-02-27,force_close,0.0
2026-03-31,force_close,0.0
2024-05-06,long straddle,0.0
2024-05-06,rehedge,0.0
2024-05-07,rehedge,0.0
2024-05-08,rehedge,0.0
2024-05-09,close put (stop_loss),-113.31942749023438
2024-05-09,rehedge,0.0
2024-05-10,close call (breakeven),49.55926513671875
2024-05-14,long straddle,0.0
2024-05-14,rehedge,0.0
2024-05-15,close put (stop_loss),-8.570098876948578
2024-05-15,rehedge,0.0
2024-05-16,close call (breakeven),60.7188720703125
2024-05-21,long straddle,0.0
2024-05-21,rehedge,0.0
2024-05-22,rehedge,0.7199707031254547
2024-05-23,rehedge,0.0
2024-05-24,rehedge,-58.892010432416896
2024-05-28,close put (stop_loss),15.09130859375
2024-05-28,rehedge,0.0
2024-05-29,close call (breakeven),233.279296875
2024-05-31,force_close,0.0
2024-06-12,long straddle,0.0
2024-06-12,rehedge,0.0
2024-06-13,close put (stop_loss),601.9793701171875
2024-06-13,rehedge,0.0
2024-06-14,close call (breakeven),-128.7101135253959
2024-06-27,long straddle,0.0
2024-06-27,rehedge,0.0
2024-06-28,force_close,242.5
2024-07-30,long straddle,0.0
2024-07-30,rehedge,0.0
2024-07-31,force_close,853.0205383300818
2024-08-07,long straddle,0.0
2024-08-07,rehedge,0.0
2024-08-08,rehedge,66.50009155273466
2024-08-09,rehedge,46.9200439453125
2024-08-12,close put (stop_loss),-33.53997802734375
2024-08-12,rehedge,0.0
2024-08-13,close call (breakeven),88.80075073242188
2024-08-14,long straddle,0.0
2024-08-14,rehedge,0.0
2024-08-15,close put (stop_loss),264.26995849609375
2024-08-16,close call (breakeven),-15.358886718749773
2024-08-19,long straddle,0.0
2024-08-19,rehedge,0.0
2024-08-20,rehedge,8.079833984375
2024-08-21,rehedge,0.0
2024-08-22,rehedge,130.7585833823839
2024-08-23,rehedge,0.0
2024-08-26,close call (stop_loss),-20.139739990234375
2024-08-26,close put (breakeven),-20.139739990234375
2024-08-27,long straddle,0.0
2024-08-28,close put (take_profit),174.29025268554688
2024-08-28,rehedge,0.0
2024-08-29,close call (stop_loss),-137.9398193359375
2024-08-30,force_close,0.0
2024-09-03,long straddle,0.0
2024-09-03,rehedge,0.0
2024-09-04,rehedge,0.0
2024-09-05,rehedge,0.0
2024-09-06,close call (stop_loss),338.049774169924
2024-09-06,close put (breakeven),338.049774169924
2024-09-30,force_close,0.0
2024-10-31,force_close,0.0
2024-11-21,long straddle,0.0
2024-11-21,rehedge,0.0
2024-11-22,close put (stop_loss),329.79010009765625
2024-11-22,rehedge,0.0
2024-11-25,close call (breakeven),-67.99896240234375
2024-11-26,long straddle,0.0
2024-11-26,rehedge,0.0
2024-11-27,rehedge,124.31030273437324
2024-11-29,force_close,-22.78961181640625
2024-12-31,force_close,0.0
2025-01-31,force_close,0.0
2025-02-27,long straddle,0.0
2025-02-27,rehedge,0.0
2025-02-28,force_close,371.3011474609375
2025-03-18,long straddle,0.0
2025-03-18,rehedge,0.0
2025-03-19,rehedge,31.750030517578125
2025-03-20,close call (stop_loss),-100.100341796875
2025-03-20,close put (breakeven),-100.100341796875
2025-03-24,long straddle,0.0
2025-03-24,rehedge,0.0
2025-03-25,rehedge,16.7999267578125
2025-03-26,close call (stop_loss),-110.87918090820335
2025-03-26,close put (breakeven),-110.87918090820335
2025-03-27,long straddle,0.0
2025-03-27,rehedge,0.0
2025-03-28,close call (stop_loss),55.60040283203398
2025-03-28,close put (breakeven),55.60040283203398
2025-03-31,force_close,0.0
2025-04-03,long straddle,0.0
2025-04-03,rehedge,0.0
2025-04-04,close call (stop_loss),1042.430419921875
2025-04-04,close put (breakeven),1042.430419921875
2025-04-08,long straddle,0.0
2025-04-08,rehedge,0.0
2025-04-09,close call (take_profit),955.7401733398438
2025-04-09,close put (stop_loss),955.7401733398438
2025-04-10,long straddle,0.0
2025-04-11,rehedge,131.5200195312491
2025-04-14,close put (stop_loss),-631.759521484375
2025-04-14,rehedge,0.0
2025-04-15,close call (stop_loss),-213.84927368164062
2025-04-16,long straddle,0.0
2025-04-16,rehedge,0.0
2025-04-17,rehedge,0.0
2025-04-21,close call (stop_loss),-969.2216186523438
2025-04-21,rehedge,0.0
2025-04-22,rehedge,7.971267237807808
2025-04-23,close put (stop_loss),-204.3212890625
2025-04-24,long straddle,0.0
2025-04-24,rehedge,0.0
2025-04-25,close put (stop_loss),-257.8501281738281
2025-04-25,rehedge,0.0
2025-04-28,rehedge,0.149993896484375
2025-04-29,close call (breakeven),-26.1197509765625
2025-04-30,force_close,0.0
2025-05-01,long straddle,0.0
2025-05-02,close put (stop_loss),-156.04995727539023
2025-05-02,rehedge,0.0
2025-05-05,close call (breakeven),146.8996276855434
2025-05-06,long straddle,0.0
2025-05-06,rehedge,0.0
2025-05-07,rehedge,0.0
2025-05-08,close put (stop_loss),-48.900207519531136
2025-05-08,rehedge,0.0
2025-05-09,close call (breakeven),-23.47955322265625
2025-05-27,long straddle,0.0
2025-05-27,rehedge,0.0
2025-05-28,rehedge,16.16998291015625
2025-05-29,close put (stop_loss),-185.6416015625009
2025-05-29,rehedge,0.0
2025-05-30,force_close,182.85888671875477
2025-06-26,long straddle,0.0
2025-06-26,rehedge,0.0
2025-06-27,rehedge,-50.49151611328125
2025-06-30,force_close,-303.5224609375
2025-07-30,long straddle,0.0
2025-07-30,rehedge,0.0
2025-07-31,force_close,201.670654296875
2025-08-12,long straddle,0.0
2025-08-12,rehedge,0.0
2025-08-13,rehedge,0.0
2025-08-14,rehedge,0.16838007387912057
2025-08-15,rehedge,2.7183678668478706
2025-08-18,rehedge,0.0
2025-08-19,close call (stop_loss),-92.56298828125
2025-08-19,close put (breakeven),-92.56298828125
2025-08-22,long straddle,0.0
2025-08-22,rehedge,0.0
2025-08-25,rehedge,8.24981689453125
2025-08-26,rehedge,0.0
2025-08-27,rehedge,0.0
2025-08-28,close put (stop_loss),-234.842041015625
2025-08-28,rehedge,0.0
2025-08-29,force_close,111.32308799341263
2025-09-30,force_close,0.0
2025-10-31,force_close,0.0
2025-11-20,long straddle,0.0
2025-11-20,rehedge,0.0
2025-11-21,rehedge,0.0
2025-11-24,rehedge,288.6700949367096
2025-11-25,close put (stop_loss),-1649.0073852539062
2025-11-25,rehedge,0.0
2025-11-26,close call (breakeven),-0.800048828125
2025-11-28,force_close,0.0
2025-12-31,force_close,0.0
2026-01-30,force_close,0.0
2026-02-27,force_close,0.0
2026-03-31,force_close,0.0
2024-05-31,force_close,0.0
2024-06-28,force_close,0.0
2024-07-31,force_close,0.0
2024-08-30,force_close,0.0
2024-09-30,force_close,0.0
2024-10-31,force_close,0.0
2024-11-29,force_close,0.0
2024-12-06,long straddle,0.0
2024-12-06,rehedge,0.0
2024-12-09,rehedge,49.19970703125
2024-12-10,close call (stop_loss),-91.99853515625
2024-12-10,close put (breakeven),-91.99853515625
2024-12-10,long straddle,-91.99853515625
2024-12-10,rehedge,0.0
2024-12-11,close put (stop_loss),157.95965576171875
2024-12-11,rehedge,0.0
2024-12-12,close call (breakeven),-21.30145263671875
2024-12-12,long straddle,-21.30145263671875
2024-12-12,rehedge,0.0
2024-12-13,close put (stop_loss),-41.86181640625
2024-12-13,rehedge,0.0
2024-12-16,close call (breakeven),125.04412841796875
2024-12-30,long straddle,0.0
2024-12-30,rehedge,0.0
2024-12-31,force_close,188.33889770507812
2025-01-15,long straddle,0.0
2025-01-15,rehedge,0.0
2025-01-16,rehedge,39.8199462890625
2025-01-17,close put (stop_loss),126.4404296875
2025-01-17,rehedge,0.0
2025-01-21,close call (breakeven),-32.1998291015625
2025-01-23,long straddle,0.0
2025-01-23,rehedge,0.0
2025-01-24,rehedge,0.0
2025-01-27,close call (stop_loss),561.23876953125
2025-01-27,close put (breakeven),561.23876953125
2025-01-31,force_close,0.0
2025-02-03,long straddle,0.0
2025-02-03,rehedge,0.0
2025-02-04,close put (stop_loss),5.43994140625
2025-02-04,rehedge,0.0
2025-02-05,close call (breakeven),-55.6602783203125
2025-02-05,long straddle,-55.6602783203125
2025-02-05,rehedge,0.0
2025-02-06,rehedge,0.0
2025-02-07,rehedge,83.5732014973953
2025-02-10,close put (stop_loss),52.02984619140625
2025-02-10,rehedge,0.0
2025-02-11,rehedge,1.019000986896458
2025-02-12,rehedge,0.0
2025-02-13,close call (breakeven),-41.2022705078125
2025-02-13,long straddle,-41.2022705078125
2025-02-13,rehedge,0.0
2025-02-14,rehedge,0.0
2025-02-18,close put (stop_loss),-135.318359375
2025-02-18,rehedge,0.0
2025-02-19,close call (breakeven),103.79785156250023
2025-02-19,long straddle,103.79785156250023
2025-02-19,rehedge,0.0
2025-02-20,rehedge,13.740234375
2025-02-21,close call (stop_loss),-20.60205078125
2025-02-21,close put (breakeven),-20.60205078125
2025-02-24,long straddle,0.0
2025-02-24,rehedge,0.0
2025-02-25,close call (stop_loss),145.7000732421875
2025-02-25,close put (breakeven),145.7000732421875
2025-02-27,long straddle,0.0
2025-02-27,rehedge,0.0
2025-02-28,force_close,371.3011474609375
2025-03-18,long straddle,0.0
2025-03-18,rehedge,0.0
2025-03-19,rehedge,31.750030517578125
2025-03-20,close call (stop_loss),-100.100341796875
2025-03-20,close put (breakeven),-100.100341796875
2025-03-24,long straddle,0.0
2025-03-24,rehedge,0.0
2025-03-25,rehedge,16.7999267578125
2025-03-26,close call (stop_loss),-110.87918090820335
2025-03-26,close put (breakeven),-110.87918090820335
2025-03-26,long straddle,-110.87918090820335
2025-03-26,rehedge,0.0
2025-03-27,close call (stop_loss),-57.600830078125
2025-03-27,close put (breakeven),-57.600830078125
2025-03-27,long straddle,-57.600830078125
2025-03-27,rehedge,0.0
2025-03-28,close call (stop_loss),55.60040283203398
2025-03-28,close put (breakeven),55.60040283203398
2025-03-28,long straddle,55.60040283203398
2025-03-28,rehedge,0.0
2025-03-31,force_close,-1.3392639160194335
2025-04-15,long straddle,0.0
2025-04-15,rehedge,0.0
2025-04-16,close call (stop_loss),373.410095214846
2025-04-16,close put (breakeven),373.410095214846
2025-04-17,long straddle,0.0
2025-04-17,rehedge,0.0
2025-04-21,close call (stop_loss),-969.2216186523438
2025-04-21,close put (breakeven),-969.2216186523438
2025-04-21,long straddle,-969.2216186523438
2025-04-21,rehedge,0.0
2025-04-22,rehedge,102.33023071289062
2025-04-23,close call (take_profit),-201.36111450195312
2025-04-23,close put (stop_loss),-201.36111450195312
2025-04-23,long straddle,-201.36111450195312
2025-04-24,close call (take_profit),336.0702819824219
2025-04-24,close put (stop_loss),336.0702819824219
2025-04-30,force_close,0.0
2025-05-01,long straddle,0.0
2025-05-02,close put (stop_loss),-156.04995727539023
2025-05-02,rehedge,0.0
2025-05-05,close call (breakeven),146.8996276855434
2025-05-05,long straddle,146.8996276855434
2025-05-05,rehedge,0.0
2025-05-06,close call (stop_loss),-228.20016479492102
2025-05-06,close put (breakeven),-228.20016479492102
2025-05-06,long straddle,-228.20016479492102
2025-05-06,rehedge,0.0
2025-05-07,rehedge,0.0
2025-05-08,close put (stop_loss),-48.900207519531136
2025-05-08,rehedge,0.0
2025-05-09,close call (breakeven),-23.47955322265625
2025-05-09,long straddle,-23.47955322265625
2025-05-09,rehedge,0.0
2025-05-12,close put (stop_loss),235.5198974609375
2025-05-12,rehedge,0.0
2025-05-13,close call (breakeven),207.83825683593795
2025-05-19,long straddle,0.0
2025-05-19,rehedge,0.0
2025-05-20,rehedge,3.47998046875
2025-05-21,rehedge,0.0
2025-05-22,rehedge,0.0
2025-05-23,close call (stop_loss),62.040771484375
2025-05-23,close put (breakeven),62.040771484375
2025-05-27,long straddle,0.0
2025-05-27,rehedge,0.0
2025-05-28,rehedge,16.16998291015625
2025-05-29,close put (stop_loss),-185.6416015625009
2025-05-29,rehedge,0.0
2025-05-30,force_close,182.85888671875477
2025-06-02,long straddle,0.0
2025-06-02,rehedge,0.0
2025-06-03,rehedge,0.0
2025-06-04,rehedge,0.0
2025-06-05,rehedge,2.030334472655113
2025-06-06,close put (stop_loss),-282.60009765625
2025-06-06,rehedge,0.0
2025-06-09,close call (breakeven),-52.261962890625
2025-06-09,long straddle,-52.261962890625
2025-06-09,rehedge,0.0
2025-06-10,rehedge,0.0
2025-06-11,close put (stop_loss),39.202392578125
2025-06-11,rehedge,0.0
2025-06-12,rehedge,0.0
2025-06-13,rehedge,44.71278175147779
2025-06-16,rehedge,0.0
2025-06-17,rehedge,31.630076365428295
2025-06-18,rehedge,0.0
2025-06-20,close call (stop_loss),-243.60174560546875
2025-06-20,long straddle,-243.60174560546875
2025-06-20,rehedge,0.0
2025-06-23,close put (stop_loss),-399.508205078125
2025-06-24,close call (breakeven),190.85961914062477
2025-06-24,long straddle,190.85961914062477
2025-06-24,rehedge,0.0
2025-06-25,rehedge,0.0
2025-06-26,close put (stop_loss),-445.37982177734375
2025-06-26,rehedge,0.0
2025-06-27,close call (breakeven),196.08477783203125
2025-06-27,long straddle,196.08477783203125
2025-06-27,rehedge,0.0
2025-06-30,force_close,-198.79931640625
2025-07-01,long straddle,0.0
2025-07-02,rehedge,0.0
2025-07-03,close put (stop_loss),31.4403076171875
2025-07-03,rehedge,0.0
2025-07-07,close call (breakeven),-12.463867187500227
2025-07-09,long straddle,0.0
2025-07-09,rehedge,0.0
2025-07-10,rehedge,1.5999755859375
2025-07-11,rehedge,8.199951171875
2025-07-14,rehedge,0.0
2025-07-15,rehedge,-0.9550682274070823
2025-07-16,close put (stop_loss),-371.95025634765625
2025-07-16,rehedge,0.0
2025-07-17,close call (breakeven),41.279296875
2025-07-30,long straddle,0.0
2025-07-30,rehedge,0.0
2025-07-31,force_close,201.670654296875
2025-08-04,long straddle,0.0
2025-08-04,rehedge,0.0
2025-08-05,rehedge,38.299560546875
2025-08-06,rehedge,0.0
2025-08-07,rehedge,-3.565776909722217
2025-08-08,close put (stop_loss),-70.639892578125
2025-08-08,rehedge,0.0
2025-08-11,close call (breakeven),4.6009521484375
2025-08-12,long straddle,0.0
2025-08-12,rehedge,0.0
2025-08-13,rehedge,0.0
2025-08-14,rehedge,0.16838007387912057
2025-08-15,rehedge,2.7183678668478706
2025-08-18,rehedge,0.0
2025-08-19,close call (stop_loss),-92.56298828125
2025-08-19,close put (breakeven),-92.56298828125
2025-08-22,long straddle,0.0
2025-08-22,rehedge,0.0
2025-08-25,rehedge,8.24981689453125
2025-08-26,rehedge,0.0
2025-08-27,rehedge,0.0
2025-08-28,close put (stop_loss),-234.842041015625
2025-08-28,rehedge,0.0
2025-08-29,force_close,111.32308799341263
2025-09-30,force_close,0.0
2025-10-01,long straddle,0.0
2025-10-01,rehedge,0.0
2025-10-02,rehedge,0.0
2025-10-03,rehedge,4.778573172433198
2025-10-06,rehedge,0.0
2025-10-07,rehedge,12.055326304041955
2025-10-08,close put (stop_loss),-110.22991943359375
2025-10-08,rehedge,0.0
2025-10-09,close call (breakeven),26.099365234375
2025-10-09,long straddle,26.099365234375
2025-10-09,rehedge,0.0
2025-10-10,close call (stop_loss),1087.4003295898438
2025-10-10,close put (breakeven),1087.4003295898438
2025-10-21,long straddle,0.0
2025-10-21,rehedge,0.0
2025-10-22,close call (stop_loss),38.8104248046875
2025-10-22,close put (breakeven),38.8104248046875
2025-10-23,long straddle,0.0
2025-10-24,close put (stop_loss),115.92120361328125
2025-10-24,rehedge,0.0
2025-10-27,close call (breakeven),-100.28369140625
2025-10-27,long straddle,-100.28369140625
2025-10-27,rehedge,0.0
2025-10-28,close put (stop_loss),79.92333984375
2025-10-28,rehedge,0.0
2025-10-29,close call (breakeven),-100.5032958984375
2025-10-31,force_close,0.0
2025-11-03,long straddle,0.0
2025-11-03,rehedge,0.0
2025-11-04,close call (stop_loss),49.6202392578125
2025-11-04,close put (breakeven),49.6202392578125
2025-11-04,long straddle,49.6202392578125
2025-11-04,rehedge,0.0
2025-11-05,close put (stop_loss),-250.57958984375
2025-11-05,rehedge,0.0
2025-11-06,rehedge,127.71051025390625
2025-11-07,close call (stop_loss),-142.5202636718749
2025-11-07,long straddle,-142.5202636718749
2025-11-07,rehedge,0.0
2025-11-10,close put (stop_loss),-74.3603515625
2025-11-10,rehedge,0.0
2025-11-11,close call (breakeven),-29.641235351562614
2025-11-11,long straddle,-29.641235351562614
2025-11-11,rehedge,0.0
2025-11-12,rehedge,0.0
2025-11-13,close call (stop_loss),425.4801025390625
2025-11-13,close put (breakeven),425.4801025390625
2025-11-14,long straddle,0.0
2025-11-14,rehedge,0.0
2025-11-17,close call (stop_loss),195.3994140625
2025-11-17,close put (breakeven),195.3994140625
2025-11-18,long straddle,0.0
2025-11-19,rehedge,0.0
2025-11-20,close call (stop_loss),-1145.0008544921875
2025-11-21,close put (breakeven),1333.6014404296875
2025-11-25,long straddle,0.0
2025-11-25,rehedge,0.0
2025-11-26,rehedge,64.56005859375
2025-11-28,force_close,590.5191650390625
2025-12-01,long straddle,0.0
2025-12-02,rehedge,0.0
2025-12-03,close put (stop_loss),-125.3603515625
2025-12-04,close call (breakeven),-210.61895751953148
2025-12-04,long straddle,-210.61895751953148
2025-12-04,rehedge,0.0
2025-12-05,rehedge,0.0
2025-12-08,rehedge,0.0
2025-12-09,close put (stop_loss),3.9810791015625
2025-12-10,close call (breakeven),-178.83984375
2025-12-10,long straddle,-178.83984375
2025-12-10,rehedge,0.0
2025-12-11,rehedge,12.1798095703125
2025-12-12,close call (stop_loss),-97.23931884765625
2025-12-12,close put (breakeven),-97.23931884765625
2025-12-12,long straddle,-97.23931884765625
2025-12-12,rehedge,0.0
2025-12-15,close call (stop_loss),3.5198974609375
2025-12-15,close put (breakeven),3.5198974609375
2025-12-15,long straddle,3.5198974609375
2025-12-16,rehedge,6.05010986328125
2025-12-17,close call (stop_loss),161.919677734375
2025-12-17,close put (breakeven),161.919677734375
2025-12-17,long straddle,161.919677734375
2025-12-17,rehedge,0.0
2025-12-18,close put (stop_loss),-15.9993896484375
2025-12-18,rehedge,0.0
2025-12-19,close call (breakeven),-153.7200927734375
2025-12-19,long straddle,-153.7200927734375
2025-12-19,rehedge,0.0
2025-12-22,close put (stop_loss),-131.724205078125
2025-12-22,rehedge,0.0
2025-12-23,close call (breakeven),-49.1978759765625
2025-12-23,long straddle,-49.1978759765625
2025-12-23,rehedge,0.0
2025-12-24,close put (stop_loss),-76.70025634765648
2025-12-24,rehedge,0.0
2025-12-26,close call (breakeven),-55.0416259765625
2025-12-26,long straddle,-55.0416259765625
2025-12-26,rehedge,0.0
2025-12-29,close call (stop_loss),-74.958984375
2025-12-29,close put (breakeven),-74.958984375
2025-12-29,long straddle,-74.958984375
2025-12-29,rehedge,0.0
2025-12-30,close call (stop_loss),-130.71990966796875
2025-12-30,rehedge,0.0
2025-12-31,force_close,-174.079833984375
2026-01-29,long straddle,0.0
2026-01-29,rehedge,0.0
2026-01-30,force_close,521.6398315429688
2026-02-09,long straddle,0.0
2026-02-09,rehedge,0.0
2026-02-10,rehedge,0.0
2026-02-11,rehedge,-0.3728812081474189
2026-02-12,close call (stop_loss),251.54052734375
2026-02-12,close put (breakeven),251.54052734375
2026-02-12,long straddle,251.54052734375
2026-02-12,rehedge,0.0
2026-02-13,rehedge,7.6798095703125
2026-02-17,close call (stop_loss),-339.27978515625
2026-02-17,rehedge,0.0
2026-02-18,rehedge,38.82380371093768
2026-02-19,rehedge,0.0
2026-02-20,close put (stop_loss),-215.49798583984375
2026-02-20,long straddle,-215.49798583984375
2026-02-20,rehedge,0.0
2026-02-23,close call (stop_loss),249.598876953125
2026-02-23,close put (breakeven),249.598876953125
2026-02-24,long straddle,0.0
2026-02-24,rehedge,0.0
2026-02-25,close put (stop_loss),44.68988037109375
2026-02-25,rehedge,0.0
2026-02-26,close call (stop_loss),-48.39990234375
2026-02-26,long straddle,-48.39990234375
2026-02-26,rehedge,0.0
2026-02-27,force_close,-107.25067138671875
2026-03-17,long straddle,0.0
2026-03-17,rehedge,0.0
2026-03-18,close call (stop_loss),223.77008056640625
2026-03-18,close put (breakeven),223.77008056640625
2026-03-18,long straddle,223.77008056640625
2026-03-18,rehedge,0.0
2026-03-19,rehedge,0.0
2026-03-20,close call (stop_loss),-166.9605712890625
2026-03-20,close put (breakeven),-166.9605712890625
2026-03-20,long straddle,-166.9605712890625
2026-03-20,rehedge,0.0
2026-03-23,close put (stop_loss),-104.98486572265625
2026-03-23,rehedge,0.0
2026-03-24,rehedge,28.14013671875
2026-03-25,rehedge,0.0
2026-03-26,close call (stop_loss),149.720703125
2026-03-26,long straddle,149.720703125
2026-03-26,rehedge,0.0
2026-03-27,close call (stop_loss),152.04296875000045
2026-03-27,close put (breakeven),152.04296875000045
2026-03-31,force_close,0.0
2024-05-31,force_close,0.0
2024-06-28,force_close,0.0
2024-07-31,force_close,0.0
2024-08-30,force_close,0.0
2024-09-30,force_close,0.0
2024-10-31,force_close,0.0
2024-11-29,force_close,0.0
2024-12-06,long straddle,0.0
2024-12-06,rehedge,0.0
2024-12-09,rehedge,49.19970703125
2024-12-10,close call (stop_loss),-91.99853515625
2024-12-10,close put (breakeven),-91.99853515625
2024-12-10,long straddle,-91.99853515625
2024-12-10,rehedge,0.0
2024-12-11,close put (stop_loss),157.95965576171875
2024-12-11,rehedge,0.0
2024-12-12,close call (breakeven),-21.30145263671875
2024-12-12,long straddle,-21.30145263671875
2024-12-12,rehedge,0.0
2024-12-13,close put (stop_loss),-41.86181640625
2024-12-13,rehedge,0.0
2024-12-16,close call (breakeven),125.04412841796875
2024-12-30,long straddle,0.0
2024-12-30,rehedge,0.0
2024-12-31,force_close,188.33889770507812
2025-01-15,long straddle,0.0
2025-01-15,rehedge,0.0
2025-01-16,rehedge,39.8199462890625
2025-01-17,close put (stop_loss),126.4404296875
2025-01-17,rehedge,0.0
2025-01-21,close call (breakeven),-32.1998291015625
2025-01-21,long straddle,-32.1998291015625
2025-01-21,rehedge,0.0
2025-01-22,close put (stop_loss),41.078857421875
2025-01-22,rehedge,0.0
2025-01-23,close call (breakeven),-243.7904052734375
2025-01-23,long straddle,-243.7904052734375
2025-01-23,rehedge,0.0
2025-01-24,rehedge,0.0
2025-01-27,close call (stop_loss),561.23876953125
2025-01-27,close put (breakeven),561.23876953125
2025-01-31,force_close,0.0
2025-02-03,long straddle,0.0
2025-02-03,rehedge,0.0
2025-02-04,close put (stop_loss),5.43994140625
2025-02-04,rehedge,0.0
2025-02-05,close call (breakeven),-55.6602783203125
2025-02-05,long straddle,-55.6602783203125
2025-02-05,rehedge,0.0
2025-02-06,rehedge,0.0
2025-02-07,rehedge,83.5732014973953
2025-02-10,close put (stop_loss),52.02984619140625
2025-02-10,rehedge,0.0
2025-02-11,rehedge,1.019000986896458
2025-02-12,rehedge,0.0
2025-02-13,close call (breakeven),-41.2022705078125
2025-02-13,long straddle,-41.2022705078125
2025-02-13,rehedge,0.0
2025-02-14,rehedge,0.0
2025-02-18,close put (stop_loss),-135.318359375
2025-02-18,rehedge,0.0
2025-02-19,close call (breakeven),103.79785156250023
2025-02-19,long straddle,103.79785156250023
2025-02-19,rehedge,0.0
2025-02-20,rehedge,13.740234375
2025-02-21,close call (stop_loss),-20.60205078125
2025-02-21,close put (breakeven),-20.60205078125
2025-02-27,long straddle,0.0
2025-02-27,rehedge,0.0
2025-02-28,force_close,371.3011474609375
2025-03-18,long straddle,0.0
2025-03-18,rehedge,0.0
2025-03-19,rehedge,31.750030517578125
2025-03-20,close call (stop_loss),-100.100341796875
2025-03-20,close put (breakeven),-100.100341796875
2025-03-24,long straddle,0.0
2025-03-24,rehedge,0.0
2025-03-25,rehedge,16.7999267578125
2025-03-26,close call (stop_loss),-110.87918090820335
2025-03-26,close put (breakeven),-110.87918090820335
2025-03-26,long straddle,-110.87918090820335
2025-03-26,rehedge,0.0
2025-03-27,close call (stop_loss),-57.600830078125
2025-03-27,close put (breakeven),-57.600830078125
2025-03-27,long straddle,-57.600830078125
2025-03-27,rehedge,0.0
2025-03-28,close call (stop_loss),55.60040283203398
2025-03-28,close put (breakeven),55.60040283203398
2025-03-28,long straddle,55.60040283203398
2025-03-28,rehedge,0.0
2025-03-31,force_close,-1.3392639160194335
2025-04-15,long straddle,0.0
2025-04-15,rehedge,0.0
2025-04-16,close call (stop_loss),373.410095214846
2025-04-16,close put (breakeven),373.410095214846
2025-04-17,long straddle,0.0
2025-04-17,rehedge,0.0
2025-04-21,close call (stop_loss),-969.2216186523438
2025-04-21,close put (breakeven),-969.2216186523438
2025-04-21,long straddle,-969.2216186523438
2025-04-21,rehedge,0.0
2025-04-22,rehedge,102.33023071289062
2025-04-23,close call (take_profit),-201.36111450195312
2025-04-23,close put (stop_loss),-201.36111450195312
2025-04-23,long straddle,-201.36111450195312
2025-04-24,close call (take_profit),336.0702819824219
2025-04-24,close put (stop_loss),336.0702819824219
2025-04-28,long straddle,0.0
2025-04-28,rehedge,0.0
2025-04-29,close put (stop_loss),-96.3599853515625
2025-04-29,rehedge,0.0
2025-04-30,force_close,-5.820129394532728
2025-05-01,long straddle,0.0
2025-05-02,close put (stop_loss),-156.04995727539023
2025-05-02,rehedge,0.0
2025-05-05,close call (breakeven),146.8996276855434
2025-05-05,long straddle,146.8996276855434
2025-05-05,rehedge,0.0
2025-05-06,close call (stop_loss),-228.20016479492102
2025-05-06,close put (breakeven),-228.20016479492102
2025-05-06,long straddle,-228.20016479492102
2025-05-06,rehedge,0.0
2025-05-07,rehedge,0.0
2025-05-08,close put (stop_loss),-48.900207519531136
2025-05-08,rehedge,0.0
2025-05-09,close call (breakeven),-23.47955322265625
2025-05-09,long straddle,-23.47955322265625
2025-05-09,rehedge,0.0
2025-05-12,close put (stop_loss),235.5198974609375
2025-05-12,rehedge,0.0
2025-05-13,close call (breakeven),207.83825683593795
2025-05-13,long straddle,207.83825683593795
2025-05-13,rehedge,0.0
2025-05-14,rehedge,0.0
2025-05-15,close put (stop_loss),117.679443359375
2025-05-15,rehedge,0.0
2025-05-16,close call (breakeven),-183.8408203125
2025-05-16,long straddle,-183.8408203125
2025-05-16,rehedge,0.0
2025-05-19,rehedge,-11.0
2025-05-20,rehedge,2.47998046875
2025-05-21,rehedge,0.0
2025-05-22,rehedge,0.0
2025-05-23,close call (stop_loss),62.040771484375
2025-05-23,close put (breakeven),62.040771484375
2025-05-27,long straddle,0.0
2025-05-27,rehedge,0.0
2025-05-28,rehedge,16.16998291015625
2025-05-29,close put (stop_loss),-185.6416015625009
2025-05-29,rehedge,0.0
2025-05-30,force_close,182.85888671875477
2025-06-02,long straddle,0.0
2025-06-02,rehedge,0.0
2025-06-03,rehedge,0.0
2025-06-04,rehedge,0.0
2025-06-05,rehedge,2.030334472655113
2025-06-06,close put (stop_loss),-282.60009765625
2025-06-06,rehedge,0.0
2025-06-09,close call (breakeven),-52.261962890625
2025-06-09,long straddle,-52.261962890625
2025-06-09,rehedge,0.0
2025-06-10,rehedge,0.0
2025-06-11,close put (stop_loss),39.202392578125
2025-06-11,rehedge,0.0
2025-06-12,rehedge,0.0
2025-06-13,rehedge,44.71278175147779
2025-06-16,rehedge,0.0
2025-06-17,rehedge,31.630076365428295
2025-06-18,rehedge,0.0
2025-06-20,close call (stop_loss),-243.60174560546875
2025-06-20,long straddle,-243.60174560546875
2025-06-20,rehedge,0.0
2025-06-23,close put (stop_loss),-399.508205078125
2025-06-24,close call (breakeven),190.85961914062477
2025-06-24,long straddle,190.85961914062477
2025-06-24,rehedge,0.0
2025-06-25,rehedge,0.0
2025-06-26,close put (stop_loss),-445.37982177734375
2025-06-26,rehedge,0.0
2025-06-27,close call (breakeven),196.08477783203125
2025-06-27,long straddle,196.08477783203125
2025-06-27,rehedge,0.0
2025-06-30,force_close,-198.79931640625
2025-07-09,long straddle,0.0
2025-07-09,rehedge,0.0
2025-07-10,rehedge,1.5999755859375
2025-07-11,rehedge,8.199951171875
2025-07-14,rehedge,0.0
2025-07-15,rehedge,-0.9550682274070823
2025-07-16,close put (stop_loss),-371.95025634765625
2025-07-16,rehedge,0.0
2025-07-17,close call (breakeven),41.279296875
2025-07-30,long straddle,0.0
2025-07-30,rehedge,0.0
2025-07-31,force_close,201.670654296875
2025-08-06,long straddle,0.0
2025-08-06,rehedge,0.0
2025-08-07,rehedge,-1.91998291015625
2025-08-08,close put (stop_loss),-70.639892578125
2025-08-08,rehedge,0.0
2025-08-11,close call (breakeven),4.6009521484375
2025-08-12,long straddle,0.0
2025-08-12,rehedge,0.0
2025-08-13,rehedge,0.0
2025-08-14,rehedge,0.16838007387912057
2025-08-15,rehedge,2.7183678668478706
2025-08-18,rehedge,0.0
2025-08-19,close call (stop_loss),-92.56298828125
2025-08-19,close put (breakeven),-92.56298828125
2025-08-22,long straddle,0.0
2025-08-22,rehedge,0.0
2025-08-25,rehedge,8.24981689453125
2025-08-26,rehedge,0.0
2025-08-27,rehedge,0.0
2025-08-28,close put (stop_loss),-234.842041015625
2025-08-28,rehedge,0.0
2025-08-29,force_close,111.32308799341263
2025-09-30,force_close,0.0
2025-10-08,long straddle,0.0
2025-10-08,rehedge,0.0
2025-10-09,rehedge,1.47998046875
2025-10-10,close call (stop_loss),1087.4003295898438
2025-10-10,close put (breakeven),1087.4003295898438
2025-10-31,force_close,0.0
2025-11-05,long straddle,0.0
2025-11-05,rehedge,0.0
2025-11-06,close call (stop_loss),262.72967529296875
2025-11-06,close put (breakeven),262.72967529296875
2025-11-18,long straddle,0.0
2025-11-19,rehedge,0.0
2025-11-20,close call (stop_loss),-1145.0008544921875
2025-11-21,close put (breakeven),1333.6014404296875
2025-11-25,long straddle,0.0
2025-11-25,rehedge,0.0
2025-11-26,rehedge,64.56005859375
2025-11-28,force_close,590.5191650390625
2025-12-01,long straddle,0.0
2025-12-02,rehedge,0.0
2025-12-03,close put (stop_loss),-125.3603515625
2025-12-04,close call (breakeven),-210.61895751953148
2025-12-04,long straddle,-210.61895751953148
2025-12-04,rehedge,0.0
2025-12-05,rehedge,0.0
2025-12-08,rehedge,0.0
2025-12-09,close put (stop_loss),3.9810791015625
2025-12-10,close call (breakeven),-178.83984375
2025-12-10,long straddle,-178.83984375
2025-12-10,rehedge,0.0
2025-12-11,rehedge,12.1798095703125
2025-12-12,close call (stop_loss),-97.23931884765625
2025-12-12,close put (breakeven),-97.23931884765625
2025-12-12,long straddle,-97.23931884765625
2025-12-12,rehedge,0.0
2025-12-15,close call (stop_loss),3.5198974609375
2025-12-15,close put (breakeven),3.5198974609375
2025-12-15,long straddle,3.5198974609375
2025-12-16,rehedge,6.05010986328125
2025-12-17,close call (stop_loss),161.919677734375
2025-12-17,close put (breakeven),161.919677734375
2025-12-17,long straddle,161.919677734375
2025-12-17,rehedge,0.0
2025-12-18,close put (stop_loss),-15.9993896484375
2025-12-18,rehedge,0.0
2025-12-19,close call (breakeven),-153.7200927734375
2025-12-19,long straddle,-153.7200927734375
2025-12-19,rehedge,0.0
2025-12-22,close put (stop_loss),-131.724205078125
2025-12-22,rehedge,0.0
2025-12-23,close call (breakeven),-49.1978759765625
2025-12-23,long straddle,-49.1978759765625
2025-12-23,rehedge,0.0
2025-12-24,close put (stop_loss),-76.70025634765648
2025-12-24,rehedge,0.0
2025-12-26,close call (breakeven),-55.0416259765625
2025-12-26,long straddle,-55.0416259765625
2025-12-26,rehedge,0.0
2025-12-29,close call (stop_loss),-74.958984375
2025-12-29,close put (breakeven),-74.958984375
2025-12-29,long straddle,-74.958984375
2025-12-29,rehedge,0.0
2025-12-30,close call (stop_loss),-130.71990966796875
2025-12-30,rehedge,0.0
2025-12-31,force_close,-174.079833984375
2026-01-29,long straddle,0.0
2026-01-29,rehedge,0.0
2026-01-30,force_close,521.6398315429688
2026-02-09,long straddle,0.0
2026-02-09,rehedge,0.0
2026-02-10,rehedge,0.0
2026-02-11,rehedge,-0.3728812081474189
2026-02-12,close call (stop_loss),251.54052734375
2026-02-12,close put (breakeven),251.54052734375
2026-02-12,long straddle,251.54052734375
2026-02-12,rehedge,0.0
2026-02-13,rehedge,7.6798095703125
2026-02-17,close call (stop_loss),-339.27978515625
2026-02-17,rehedge,0.0
2026-02-18,rehedge,38.82380371093768
2026-02-19,rehedge,0.0
2026-02-20,close put (stop_loss),-215.49798583984375
2026-02-20,long straddle,-215.49798583984375
2026-02-20,rehedge,0.0
2026-02-23,close call (stop_loss),249.598876953125
2026-02-23,close put (breakeven),249.598876953125
2026-02-23,long straddle,249.598876953125
2026-02-23,rehedge,0.0
2026-02-24,close put (stop_loss),-129.93865966796875
2026-02-24,rehedge,0.0
2026-02-25,close call (breakeven),17.75006103515625
2026-02-25,long straddle,17.75006103515625
2026-02-25,rehedge,0.0
2026-02-26,close call (stop_loss),-61.9200439453125
2026-02-26,close put (breakeven),-61.9200439453125
2026-02-26,long straddle,-61.9200439453125
2026-02-26,rehedge,0.0
2026-02-27,force_close,-107.25067138671875
2026-03-17,long straddle,0.0
2026-03-17,rehedge,0.0
2026-03-18,close call (stop_loss),223.77008056640625
2026-03-18,close put (breakeven),223.77008056640625
2026-03-20,long straddle,0.0
2026-03-20,rehedge,0.0
2026-03-23,close put (stop_loss),-104.98486572265625
2026-03-23,rehedge,0.0
2026-03-24,rehedge,28.14013671875
2026-03-25,rehedge,0.0
2026-03-26,close call (stop_loss),149.720703125
2026-03-26,long straddle,149.720703125
2026-03-26,rehedge,0.0
2026-03-27,close call (stop_loss),152.04296875000045
2026-03-27,close put (breakeven),152.04296875000045
2026-03-31,force_close,0.0
2024-05-31,force_close,0.0
2024-06-28,force_close,0.0
2024-07-31,force_close,0.0
2024-08-30,force_close,0.0
2024-09-30,force_close,0.0
2024-10-31,force_close,0.0
2024-11-29,force_close,0.0
2024-12-06,long straddle,0.0
2024-12-06,rehedge,0.0
2024-12-09,rehedge,49.19970703125
2024-12-10,close call (stop_loss),-91.99853515625
2024-12-10,close put (breakeven),-91.99853515625
2024-12-10,long straddle,-91.99853515625
2024-12-10,rehedge,0.0
2024-12-11,close put (stop_loss),157.95965576171875
2024-12-11,rehedge,0.0
2024-12-12,close call (breakeven),-21.30145263671875
2024-12-12,long straddle,-21.30145263671875
2024-12-12,rehedge,0.0
2024-12-13,close put (stop_loss),-41.86181640625
2024-12-13,rehedge,0.0
2024-12-16,close call (breakeven),125.04412841796875
2024-12-30,long straddle,0.0
2024-12-30,rehedge,0.0
2024-12-31,force_close,188.33889770507812
2025-01-15,long straddle,0.0
2025-01-15,rehedge,0.0
2025-01-16,rehedge,39.8199462890625
2025-01-17,close put (stop_loss),126.4404296875
2025-01-17,rehedge,0.0
2025-01-21,close call (breakeven),-32.1998291015625
2025-01-21,long straddle,-32.1998291015625
2025-01-21,rehedge,0.0
2025-01-22,close put (stop_loss),41.078857421875
2025-01-22,rehedge,0.0
2025-01-23,close call (breakeven),-243.7904052734375
2025-01-23,long straddle,-243.7904052734375
2025-01-23,rehedge,0.0
2025-01-24,rehedge,0.0
2025-01-27,close call (stop_loss),561.23876953125
2025-01-27,close put (breakeven),561.23876953125
2025-01-31,force_close,0.0
2025-02-03,long straddle,0.0
2025-02-03,rehedge,0.0
2025-02-04,close put (stop_loss),5.43994140625
2025-02-04,rehedge,0.0
2025-02-05,close call (breakeven),-55.6602783203125
2025-02-05,long straddle,-55.6602783203125
2025-02-05,rehedge,0.0
2025-02-06,rehedge,0.0
2025-02-07,rehedge,83.5732014973953
2025-02-10,close put (stop_loss),52.02984619140625
2025-02-10,rehedge,0.0
2025-02-11,rehedge,1.019000986896458
2025-02-12,rehedge,0.0
2025-02-13,close call (breakeven),-41.2022705078125
2025-02-13,long straddle,-41.2022705078125
2025-02-13,rehedge,0.0
2025-02-14,rehedge,0.0
2025-02-18,close put (stop_loss),-135.318359375
2025-02-18,rehedge,0.0
2025-02-19,close call (breakeven),103.79785156250023
2025-02-19,long straddle,103.79785156250023
2025-02-19,rehedge,0.0
2025-02-20,rehedge,13.740234375
2025-02-21,close call (stop_loss),-20.60205078125
2025-02-21,close put (breakeven),-20.60205078125
2025-02-27,long straddle,0.0
2025-02-27,rehedge,0.0
2025-02-28,force_close,371.3011474609375
2025-03-18,long straddle,0.0
2025-03-18,rehedge,0.0
2025-03-19,rehedge,31.750030517578125
2025-03-20,close call (stop_loss),-100.100341796875
2025-03-20,close put (breakeven),-100.100341796875
2025-03-24,long straddle,0.0
2025-03-24,rehedge,0.0
2025-03-25,rehedge,16.7999267578125
2025-03-26,close call (stop_loss),-110.87918090820335
2025-03-26,close put (breakeven),-110.87918090820335
2025-03-26,long straddle,-110.87918090820335
2025-03-26,rehedge,0.0
2025-03-27,close call (stop_loss),-57.600830078125
2025-03-27,close put (breakeven),-57.600830078125
2025-03-27,long straddle,-57.600830078125
2025-03-27,rehedge,0.0
2025-03-28,close call (stop_loss),55.60040283203398
2025-03-28,close put (breakeven),55.60040283203398
2025-03-28,long straddle,55.60040283203398
2025-03-28,rehedge,0.0
2025-03-31,force_close,-1.3392639160194335
2025-04-15,long straddle,0.0
2025-04-15,rehedge,0.0
2025-04-16,close call (stop_loss),373.410095214846
2025-04-16,close put (breakeven),373.410095214846
2025-04-17,long straddle,0.0
2025-04-17,rehedge,0.0
2025-04-21,close call (stop_loss),-969.2216186523438
2025-04-21,close put (breakeven),-969.2216186523438
2025-04-21,long straddle,-969.2216186523438
2025-04-21,rehedge,0.0
2025-04-22,rehedge,102.33023071289062
2025-04-23,close call (take_profit),-201.36111450195312
2025-04-23,close put (stop_loss),-201.36111450195312
2025-04-23,long straddle,-201.36111450195312
2025-04-24,close call (take_profit),336.0702819824219
2025-04-24,close put (stop_loss),336.0702819824219
2025-04-28,long straddle,0.0
2025-04-28,rehedge,0.0
2025-04-29,close put (stop_loss),-96.3599853515625
2025-04-29,rehedge,0.0
2025-04-30,force_close,-5.820129394532728
2025-05-01,long straddle,0.0
2025-05-02,close put (stop_loss),-156.04995727539023
2025-05-02,rehedge,0.0
2025-05-05,close call (breakeven),146.8996276855434
2025-05-05,long straddle,146.8996276855434
2025-05-05,rehedge,0.0
2025-05-06,close call (stop_loss),-228.20016479492102
2025-05-06,close put (breakeven),-228.20016479492102
2025-05-06,long straddle,-228.20016479492102
2025-05-06,rehedge,0.0
2025-05-07,rehedge,0.0
2025-05-08,close put (stop_loss),-48.900207519531136
2025-05-08,rehedge,0.0
2025-05-09,close call (breakeven),-23.47955322265625
2025-05-09,long straddle,-23.47955322265625
2025-05-09,rehedge,0.0
2025-05-12,close put (stop_loss),235.5198974609375
2025-05-12,rehedge,0.0
2025-05-13,close call (breakeven),207.83825683593795
2025-05-13,long straddle,207.83825683593795
2025-05-13,rehedge,0.0
2025-05-14,rehedge,0.0
2025-05-15,close put (stop_loss),117.679443359375
2025-05-15,rehedge,0.0
2025-05-16,close call (breakeven),-183.8408203125
2025-05-16,long straddle,-183.8408203125
2025-05-16,rehedge,0.0
2025-05-19,rehedge,-11.0
2025-05-20,rehedge,2.47998046875
2025-05-21,rehedge,0.0
2025-05-22,rehedge,0.0
2025-05-23,close call (stop_loss),62.040771484375
2025-05-23,close put (breakeven),62.040771484375
2025-05-27,long straddle,0.0
2025-05-27,rehedge,0.0
2025-05-28,rehedge,16.16998291015625
2025-05-29,close put (stop_loss),-185.6416015625009
2025-05-29,rehedge,0.0
2025-05-30,force_close,182.85888671875477
2025-06-02,long straddle,0.0
2025-06-02,rehedge,0.0
2025-06-03,rehedge,0.0
2025-06-04,rehedge,0.0
2025-06-05,rehedge,2.030334472655113
2025-06-06,close put (stop_loss),-282.60009765625
2025-06-06,rehedge,0.0
2025-06-09,close call (breakeven),-52.261962890625
2025-06-09,long straddle,-52.261962890625
2025-06-09,rehedge,0.0
2025-06-10,rehedge,0.0
2025-06-11,close put (stop_loss),39.202392578125
2025-06-11,rehedge,0.0
2025-06-12,rehedge,0.0
2025-06-13,rehedge,44.71278175147779
2025-06-16,rehedge,0.0
2025-06-17,rehedge,31.630076365428295
2025-06-18,rehedge,0.0
2025-06-20,close call (stop_loss),-243.60174560546875
2025-06-20,long straddle,-243.60174560546875
2025-06-20,rehedge,0.0
2025-06-23,close put (stop_loss),-399.508205078125
2025-06-24,close call (breakeven),190.85961914062477
2025-06-24,long straddle,190.85961914062477
2025-06-24,rehedge,0.0
2025-06-25,rehedge,0.0
2025-06-26,close put (stop_loss),-445.37982177734375
2025-06-26,rehedge,0.0
2025-06-27,close call (breakeven),196.08477783203125
2025-06-27,long straddle,196.08477783203125
2025-06-27,rehedge,0.0
2025-06-30,force_close,-198.79931640625
2025-07-09,long straddle,0.0
2025-07-09,rehedge,0.0
2025-07-10,rehedge,1.5999755859375
2025-07-11,rehedge,8.199951171875
2025-07-14,rehedge,0.0
2025-07-15,rehedge,-0.9550682274070823
2025-07-16,close put (stop_loss),-371.95025634765625
2025-07-16,rehedge,0.0
2025-07-17,close call (breakeven),41.279296875
2025-07-30,long straddle,0.0
2025-07-30,rehedge,0.0
2025-07-31,force_close,201.670654296875
2025-08-06,long straddle,0.0
2025-08-06,rehedge,0.0
2025-08-07,rehedge,-1.91998291015625
2025-08-08,close put (stop_loss),-70.639892578125
2025-08-08,rehedge,0.0
2025-08-11,close call (breakeven),4.6009521484375
2025-08-12,long straddle,0.0
2025-08-12,rehedge,0.0
2025-08-13,rehedge,0.0
2025-08-14,rehedge,0.16838007387912057
2025-08-15,rehedge,2.7183678668478706
2025-08-18,rehedge,0.0
2025-08-19,close call (stop_loss),-92.56298828125
2025-08-19,close put (breakeven),-92.56298828125
2025-08-22,long straddle,0.0
2025-08-22,rehedge,0.0
2025-08-25,rehedge,8.24981689453125
2025-08-26,rehedge,0.0
2025-08-27,rehedge,0.0
2025-08-28,close put (stop_loss),-234.842041015625
2025-08-28,rehedge,0.0
2025-08-29,force_close,111.32308799341263
2025-09-30,force_close,0.0
2025-10-08,long straddle,0.0
2025-10-08,rehedge,0.0
2025-10-09,rehedge,1.47998046875
2025-10-10,close call (stop_loss),1087.4003295898438
2025-10-10,close put (breakeven),1087.4003295898438
2025-10-31,force_close,0.0
2025-11-05,long straddle,0.0
2025-11-05,rehedge,0.0
2025-11-06,close call (stop_loss),262.72967529296875
2025-11-06,close put (breakeven),262.72967529296875
2025-11-18,long straddle,0.0
2025-11-19,rehedge,0.0
2025-11-20,close call (stop_loss),-1145.0008544921875
2025-11-21,close put (breakeven),1333.6014404296875
2025-11-25,long straddle,0.0
2025-11-25,rehedge,0.0
2025-11-26,rehedge,64.56005859375
2025-11-28,force_close,590.5191650390625
2025-12-01,long straddle,0.0
2025-12-02,rehedge,0.0
2025-12-03,close put (stop_loss),-125.3603515625
2025-12-04,close call (breakeven),-210.61895751953148
2025-12-04,long straddle,-210.61895751953148
2025-12-04,rehedge,0.0
2025-12-05,rehedge,0.0
2025-12-08,rehedge,0.0
2025-12-09,close put (stop_loss),3.9810791015625
2025-12-10,close call (breakeven),-178.83984375
2025-12-10,long straddle,-178.83984375
2025-12-10,rehedge,0.0
2025-12-11,rehedge,12.1798095703125
2025-12-12,close call (stop_loss),-97.23931884765625
2025-12-12,close put (breakeven),-97.23931884765625
2025-12-12,long straddle,-97.23931884765625
2025-12-12,rehedge,0.0
2025-12-15,close call (stop_loss),3.5198974609375
2025-12-15,close put (breakeven),3.5198974609375
2025-12-15,long straddle,3.5198974609375
2025-12-16,rehedge,6.05010986328125
2025-12-17,close call (stop_loss),161.919677734375
2025-12-17,close put (breakeven),161.919677734375
2025-12-17,long straddle,161.919677734375
2025-12-17,rehedge,0.0
2025-12-18,close put (stop_loss),-15.9993896484375
2025-12-18,rehedge,0.0
2025-12-19,close call (breakeven),-153.7200927734375
2025-12-19,long straddle,-153.7200927734375
2025-12-19,rehedge,0.0
2025-12-22,close put (stop_loss),-131.724205078125
2025-12-22,rehedge,0.0
2025-12-23,close call (breakeven),-49.1978759765625
2025-12-23,long straddle,-49.1978759765625
2025-12-23,rehedge,0.0
2025-12-24,close put (stop_loss),-76.70025634765648
2025-12-24,rehedge,0.0
2025-12-26,close call (breakeven),-55.0416259765625
2025-12-26,long straddle,-55.0416259765625
2025-12-26,rehedge,0.0
2025-12-29,close call (stop_loss),-74.958984375
2025-12-29,close put (breakeven),-74.958984375
2025-12-29,long straddle,-74.958984375
2025-12-29,rehedge,0.0
2025-12-30,close call (stop_loss),-130.71990966796875
2025-12-30,rehedge,0.0
2025-12-31,force_close,-174.079833984375
2026-01-29,long straddle,0.0
2026-01-29,rehedge,0.0
2026-01-30,force_close,521.6398315429688
2026-02-09,long straddle,0.0
2026-02-09,rehedge,0.0
2026-02-10,rehedge,0.0
2026-02-11,rehedge,-0.3728812081474189
2026-02-12,close call (stop_loss),251.54052734375
2026-02-12,close put (breakeven),251.54052734375
2026-02-12,long straddle,251.54052734375
2026-02-12,rehedge,0.0
2026-02-13,rehedge,7.6798095703125
2026-02-17,close call (stop_loss),-339.27978515625
2026-02-17,rehedge,0.0
2026-02-18,rehedge,38.82380371093768
2026-02-19,rehedge,0.0
2026-02-20,close put (stop_loss),-215.49798583984375
2026-02-20,long straddle,-215.49798583984375
2026-02-20,rehedge,0.0
2026-02-23,close call (stop_loss),249.598876953125
2026-02-23,close put (breakeven),249.598876953125
2026-02-23,long straddle,249.598876953125
2026-02-23,rehedge,0.0
2026-02-24,close put (stop_loss),-129.93865966796875
2026-02-24,rehedge,0.0
2026-02-25,close call (breakeven),17.75006103515625
2026-02-25,long straddle,17.75006103515625
2026-02-25,rehedge,0.0
2026-02-26,close call (stop_loss),-61.9200439453125
2026-02-26,close put (breakeven),-61.9200439453125
2026-02-26,long straddle,-61.9200439453125
2026-02-26,rehedge,0.0
2026-02-27,force_close,-107.25067138671875
2026-03-17,long straddle,0.0
2026-03-17,rehedge,0.0
2026-03-18,close call (stop_loss),223.77008056640625
2026-03-18,close put (breakeven),223.77008056640625
2026-03-20,long straddle,0.0
2026-03-20,rehedge,0.0
2026-03-23,close put (stop_loss),-104.98486572265625
2026-03-23,rehedge,0.0
2026-03-24,rehedge,28.14013671875
2026-03-25,rehedge,0.0
2026-03-26,close call (stop_loss),149.720703125
2026-03-26,long straddle,149.720703125
2026-03-26,rehedge,0.0
2026-03-27,close call (stop_loss),152.04296875000045
2026-03-27,close put (breakeven),152.04296875000045
2026-03-31,force_close,0.0
