Date,Open,High,Low,Close,Volume,Dividends,Stock Splits,Return,RV,imp_vol,r,VRP,VRP_std,VRP_mean
2023-12-01,188.3730649805332,189.59041412612484,187.2843689303936,189.27371215820312,45704800,0.0,0.0,,,,0.055,,,
2023-12-04,188.02667840765253,188.09596593756663,185.52269231677565,187.4823303222656,43389500,0.0,0.0,-0.0094645041591416,,,0.055,,,
2023-12-05,188.254317759258,192.40122460244103,188.22461231756915,191.43130493164065,66628400,0.0,0.0,0.0210631828748184,,,0.055,,,
2023-12-06,192.45072587794945,192.7575361433548,190.1347886146608,190.34263610839844,41089700,0.0,0.0,-0.0056869947349047,,,0.055,,,
2023-12-07,191.63917909312917,192.9950884718347,191.59958189996595,192.2725982666016,47477700,0.0,0.0,0.0101394106841308,,,0.055,,,
2023-12-08,192.203315195023,193.97491963358075,191.678765637706,193.6977996826172,53406400,0.0,0.0,0.0074124000448543,,,0.055,,,
2023-12-11,191.12449893522992,191.5005967167582,189.4518726145205,191.1937713623047,60943700,0.0,0.0,-0.0129275000770038,,,0.055,,,
2023-12-12,191.094792823406,192.71793007544312,189.748775460602,192.70803833007807,52696900,0.0,0.0,0.0079200643252335,,,0.055,,,
2023-12-13,193.0841501529296,195.96423418895137,192.8466274130704,195.92465209960935,70404200,0.0,0.0,0.016691642950678,,,0.055,,,
2023-12-14,195.98403383047588,197.567574144968,194.14315707722483,196.07310485839844,66831600,0.0,0.0,0.0007577033170567,,,0.055,,,
2023-12-15,195.4990533238864,196.36010340669733,194.97450383643803,195.5386505126953,128538400,0.0,0.0,-0.0027257912098097,,,0.055,,,
2023-12-18,194.07387143964067,194.6083278162061,192.39135323196817,193.8759307861328,55751900,0.0,0.0,-0.0085032791328103,,,0.055,,,
2023-12-19,194.14313632648785,194.92500710230044,193.87590816937887,194.9151153564453,40714100,0.0,0.0,0.0053600494197438,,,0.055,,,
2023-12-20,194.87552171417175,195.64750075817216,192.82681274414065,192.82681274414065,52242800,0.0,0.0,-0.0107139079926447,,,0.055,,,
2023-12-21,194.08374258350807,195.05366217859583,191.5104692555924,192.67832946777344,46482500,0.0,0.0,-0.0007700343860591,,,0.055,,,
2023-12-22,193.1731927744169,193.4008388358449,190.9859239896969,191.6094512939453,37149600,0.0,0.0,-0.0055474747823517,,,0.055,,,
2023-12-26,191.6193796571302,191.8964996004414,190.84740051477695,191.0651397705078,28919300,0.0,0.0,-0.0028407342109783,,,0.055,,,
2023-12-27,190.5108903848591,191.5105004803971,189.12527563548676,191.16409301757807,48087700,0.0,0.0,0.0005179031988209,,,0.055,,,
2023-12-28,192.14390044821917,192.65855816674448,191.18387253758047,191.58966064453125,34049900,0.0,0.0,0.0022261901816151,,,0.055,,,
2023-12-29,191.9063700376295,192.40122918172025,189.758683164504,190.5504608154297,42672100,0.0,0.0,-0.0054240913920174,,,0.055,,,
2024-01-02,185.22579259007347,186.50253778362813,181.99931604152516,183.7313232421875,82488700,0.0,0.0,-0.0357865184059948,0.1916851427709126,,0.055,,,
2024-01-03,182.32593099304364,183.9688672168001,181.5440449736598,182.35562133789065,58414500,0.0,0.0,-0.007487574138262,0.1907100483300841,,0.055,,,
2024-01-04,180.2771803169373,181.2075179249861,179.0202489631632,180.03965759277344,71983600,0.0,0.0,-0.0127002596800999,0.1751869502478393,,0.055,,,
2024-01-05,180.1188231104021,180.8808952614232,178.31752871293088,179.317138671875,62379700,0.0,0.0,-0.0040131098367931,0.1749475937439123,,0.055,,,
2024-01-08,180.21780632812883,183.6917273170526,179.63387614033877,183.65213012695312,59144500,0.0,0.0,0.0241749979237095,0.1948109084724352,,0.055,,,
2024-01-09,182.0289774717032,183.24632668227045,180.8512103460259,183.23643493652344,42841800,0.0,0.0,-0.0022634923436081,0.1914651310772163,,0.055,,,
2024-01-10,182.4545720032457,184.48348240733844,182.02898528742008,184.2756500244141,46792900,0.0,0.0,0.0056714435000366,0.1896655083828612,,0.055,,,
2024-01-11,184.6220684732307,185.12683453552387,181.7320924826033,183.6818389892578,49128400,0.0,0.0,-0.0032224064062591,0.1862053769332597,,0.055,,,
2024-01-12,184.14699807850627,184.82001442518904,183.28594792653803,184.0084381103516,40477800,0.0,0.0,0.0017780697476186,0.1730603627334077,,0.055,,,
2024-01-16,180.28708678689063,182.36548612847807,179.0697224204938,181.74197387695312,65603000,0.0,0.0,-0.012317175541913,0.1754262987554678,,0.055,,,
2024-01-17,179.40626628613458,181.0491874231052,178.4462381888341,180.8017578125,47317400,0.0,0.0,-0.005173356734255,0.1754557237040045,,0.055,,,
2024-01-18,184.176674087568,187.1953179109023,183.91935276727983,186.6905670166016,78005800,0.0,0.0,0.0325705307036259,0.2167339717874405,,0.055,,,
2024-01-19,187.38337121910467,189.9764283832528,186.8786203129096,189.59043884277344,68903000,0.0,0.0,0.0155330388273662,0.2240741198761397,,0.055,,,
2024-01-22,190.32285100501895,193.32169654358245,190.28325381202237,191.89649963378903,60133900,0.0,0.0,0.0121633812606343,0.2260186100018784,,0.055,,,
2024-01-23,193.01488956324005,193.73737977781173,191.83712223283263,193.17323303222656,42355600,0.0,0.0,0.0066532396415464,0.2272790427425276,,0.055,,,
2024-01-24,193.41073733606615,194.36087349468036,192.3418398208385,192.5001983642578,53631300,0.0,0.0,-0.0034840989996604,0.2267011784161261,,0.055,,,
2024-01-25,193.212821813058,194.2520291241628,191.1245154438125,192.17361450195312,54822100,0.0,0.0,-0.0016965377962193,0.2265253198510547,,0.055,,,
2024-01-26,192.2725742116348,192.7575265029299,189.96652881027472,190.44158935546875,44594000,0.0,0.0,-0.0090128145373816,0.2289648255955907,,0.055,,,
2024-01-29,190.0357868811084,190.22383575614063,187.6307788947091,189.7586669921875,47145600,0.0,0.0,-0.0035859938241039,0.229114286379463,,0.055,,,
2024-01-30,188.97682064057707,189.8279790097777,185.54249682198056,186.10662841796875,55859400,0.0,0.0,-0.0192457010375664,0.2382212246013776,,0.055,,,
2024-01-31,185.11691469411625,185.17631048108572,182.4545850016048,182.50405883789065,55467800,0.0,0.0,-0.0193575565292992,0.2121832723210392,,0.055,,,
2024-02-01,182.0982496756258,185.0278069718484,181.92999940067185,184.9387359619141,64885400,0.0,0.0,0.0133403998767285,0.2156140519823837,,0.055,,,
2024-02-02,178.01073002917815,185.40392677166545,177.4070012757119,183.93914794921875,102551700,0.0,0.0,-0.0054049683399002,0.2110670231994219,,0.055,,,
2024-02-05,186.21547393955785,187.3041700041204,183.92922730587784,185.75030517578125,69668800,0.0,0.0,0.0098465022087768,0.212295633111025,,0.055,,,
2024-02-06,184.93875326056028,187.36355995873055,184.8496822422945,187.35366821289065,43490800,0.0,0.0,0.0086318191272529,0.1972514521630262,,0.055,,,
2024-02-07,188.67988890685805,189.0856770188276,186.6707620426896,187.4625396728516,53439000,0.0,0.0,0.0005811012989467,0.1968716973964678,,0.055,,,
2024-02-08,187.44274927884152,187.5912009839088,185.42373058041275,186.38375854492188,40962000,0.0,0.0,-0.0057546490611527,0.1976165014136918,,0.055,,,
2024-02-09,186.9486117161699,188.27653811843788,186.30447993507684,187.14682006835935,45155200,0.24,0.0,0.0040940344233566,0.1974252744021544,,0.055,,,
2024-02-12,186.72066269575697,186.9684079782513,185.10535861511917,185.4621124267578,41781900,0.0,0.0,-0.0090020639462973,0.2005511994636844,,0.055,,,
2024-02-13,184.0945819491523,184.53061609699293,181.8549547572752,183.37115478515625,56529500,0.0,0.0,-0.0112743115790149,0.1997017271440453,,0.055,,,
2024-02-14,183.64864282656316,183.8567404102353,180.7946121382465,182.4891815185547,54630500,0.0,0.0,-0.0048097710222466,0.1995683461403187,,0.055,,,
2024-02-15,181.8946262099093,182.826151079826,179.71447030737514,182.2018280029297,65434500,0.0,0.0,-0.0015746331548743,0.15970475215138,,0.055,,,
2024-02-16,181.76577652013776,183.1828875508429,180.03155935687485,180.6657867431641,49752500,0.0,0.0,-0.0084304382486268,0.1487444802663681,,0.055,,,
2024-02-20,180.15046783149373,180.78469520216956,178.3766181157698,179.92254638671875,53665600,0.0,0.0,-0.0041138965481156,0.1385271824838741,,0.055,,,
2024-02-21,180.2991272502037,181.24055639365764,179.03067248659073,180.6757049560547,41371400,0.0,0.0,0.0041860155075681,0.1364658493225622,,0.055,,,
2024-02-22,181.825211247954,183.29187418944448,180.8144213951088,182.70718383789065,52292200,0.0,0.0,0.0112437855567246,0.1458951609049883,,0.055,,,
2024-02-23,183.3414504606763,183.3711786908889,180.58652357235425,180.87391662597656,45119700,0.0,0.0,-0.0100339087571983,0.1482185496395009,,0.055,,,
2024-02-26,180.59644574912903,181.11174516126204,179.02077391854948,179.52618408203125,40867400,0.0,0.0,-0.0074512266283935,0.1474778814819457,,0.055,,,
2024-02-27,179.46672518750103,182.2612846793882,177.94060546909574,180.98292541503903,54318900,0.0,0.0,0.0081143669401571,0.1525238587691253,,0.055,,,
2024-02-28,180.8639793914523,181.46847854843008,178.50545433930714,179.7838134765625,48953900,0.0,0.0,-0.0066255528565841,0.1400157454143832,,0.055,,,
2024-02-29,179.63517226295397,180.9234508895373,177.9108594746495,179.11985778808594,136682600,0.0,0.0,-0.0036930782345604,0.1239144915610774,,0.055,,,
2024-03-01,177.93066432277888,178.90182159301432,175.78023709238585,178.0396728515625,73563100,0.0,0.0,-0.0060305147059762,0.1129694812220879,,0.055,,,
2024-03-04,174.5613464945542,175.3045824548566,172.2226300679557,173.5208282470703,81510100,0.0,0.0,-0.0253811104688992,0.1402161076153593,,0.055,,,
2024-03-05,169.21996658252752,170.48842147609815,168.09024847040442,168.5857391357422,95132400,0.0,0.0,-0.0284409033842394,0.1587831782645687,0.2243275479776288,0.055,0.0655443697130601,,0.0655443697130601
2024-03-06,169.5172478388351,169.69563232435493,167.15870765798908,167.59474182128906,68587700,0.0,0.0,-0.0058782986006615,0.1506637418451331,0.2198594672487836,0.055,0.06919572540365052,0.0025818983693405703,0.06737004755835531
2024-03-07,167.62445594378354,169.1902079797121,166.97041987504164,167.47581481933594,71765100,0.0,0.0,-0.000709610580026,0.1500395925590517,0.21970823602273756,0.055099999999999996,0.06966864346368587,0.0022570513153528197,0.06813624619346549
2024-03-08,167.47579261380926,172.13340039007758,167.4163361719135,169.190185546875,76267000,0.0,0.0,0.0102365271629722,0.1601846204090113,0.21977510670861738,0.055099999999999996,0.05959048629960609,0.004653352569309346,0.06599980622000065
2024-03-11,171.38030546468005,172.8073209312821,170.49833272784605,171.1920166015625,60139500,0.0,0.0,0.0118318391118075,0.1680318523199969,0.22455933554984048,0.055,0.05652748322984358,0.005846815215713167,0.06410534162196924
2024-03-12,171.58838326620315,172.46045153320196,169.4676841705973,171.66766357421875,59825400,0.0,0.0,0.0027784413204459,0.1689457617599403,0.21602082801759964,0.0552,0.04707506625765934,0.008699803352033847,0.061266962394584255
2024-03-13,171.21183277143888,171.62804307697533,169.21995080494636,169.5866241455078,52488700,0.0,0.0,-0.0121224893808333,0.1694692786102233,0.20434341117097088,0.0552,0.03487413256074759,0.01275083474631519,0.05749655813260758
2024-03-14,171.35058886714742,172.73795670875472,170.49834430125284,171.4397735595703,72913500,0.0,0.0,0.0109274503422656,0.1773068046887463,0.21920537348596505,0.0552,0.04189856879721876,0.0130295698468663,0.05554680946568398
2024-03-15,169.62625165850892,171.06317138671875,168.75418335618096,171.06317138671875,121752700,0.0,0.0,-0.0021967024630996,0.1772515035217105,0.219342098879022,0.0552,0.042090595357311494,0.012987198868227499,0.05405167456475371
2024-03-18,173.98659600973463,176.1072954101753,171.95508129819137,172.1532745361328,75604200,0.0,0.0,0.0063725180620537,0.1791141356148004,0.2317236570306321,0.0552,0.052609521415831695,0.012252938426160695,0.0539074592498615
2024-03-19,172.76766112194616,175.01719271038215,171.46947815172825,174.49197387695312,55215200,0.0,0.0,0.0135849831908334,0.1876176499984045,0.22768778195360567,0.0552,0.04007013195520118,0.012350204920658666,0.052649520404892375
2024-03-20,174.1352325028599,177.05862426757812,173.51090945491785,177.05862426757812,53423100,0.0,0.0,0.0147092747797954,0.1953790214453205,0.24020179472825565,0.055,0.04482277328293516,0.011990256481667098,0.05199729147806261
2024-03-21,175.45322885093574,175.8892630091755,169.29922879245808,169.82444763183594,106181300,0.0,0.0,-0.0408575219968365,0.235669360000238,0.2361699790129163,0.055099999999999996,0.0005006190126783105,0.018324262520759624,0.04803600898072536
2024-03-22,170.210942813777,171.48931715990707,168.5262776263353,170.72625732421875,71160100,0.0,0.0,0.0053102465808565,0.2363573302434347,0.2254860777985755,0.055099999999999996,-0.010871252444859203,0.023618028957780358,0.04382834745032647
2024-03-25,169.03166954174233,170.3893089389317,167.92176032191367,169.30914306640625,54288300,0.0,0.0,-0.0083005056165514,0.2365992365333674,0.214864436255238,0.055099999999999996,-0.021734800278129407,0.02836434470982591,0.03945747093509607
2024-03-26,168.4668365684045,169.87402832990531,168.0506261984825,168.17945861816406,57388400,0.0,0.0,-0.0066723180318685,0.2333363653994023,0.20285148549382379,0.055,-0.03048487990557852,0.032506093146772365,0.03508607400755391
2024-03-27,168.87312383270142,172.0343565405087,168.57582642397568,171.74696350097656,60273300,0.0,0.0,0.0212124888028817,0.2488875399640313,0.2141641044478473,0.055,-0.03472343551618398,0.035738975845197966,0.030979632270863443
2024-03-28,170.2010103030642,170.67667701496117,168.97218824939392,169.93344116210938,65672700,0.0,0.0,-0.0105592687166016,0.2506335365933055,0.20597699653197737,0.054900000000000004,-0.04465654006132813,0.03898672244284464,0.026777622696852802
2024-04-01,169.64606274055888,169.70551918920845,167.95147834818596,168.49652099609375,46240500,0.0,0.0,-0.0084557821944232,0.2512325920960736,0.20542359492594425,0.054900000000000004,-0.04580899717012937,0.041386329037648724,0.02295727428280111
2024-04-02,167.5551169522469,167.81276664190898,166.71277681419204,167.31727600097656,49329500,0.0,0.0,-0.0069986311179951,0.2372381274203452,0.2690747418729605,0.054900000000000004,0.03183661445261529,0.040331396095731005,0.02340124129129182
2024-04-03,167.2677201117247,169.14067408704202,167.05962251511946,168.11996459960938,47691700,0.0,0.0,0.004797404176172,0.2159516176798661,0.2631924583292659,0.0547,0.04724084064939982,0.03952437021380235,0.022486064838108805
2024-04-04,168.75416790697062,170.36947196785653,167.2974395751953,167.2974395751953,53704400,0.0,0.0,-0.004892488684333,0.2156268154390897,0.27627149638999854,0.0547,0.06064468095090883,0.03903572759637583,0.02205851261547172
2024-04-05,168.06050251317026,168.85329051832247,167.42627513328318,168.05059814453125,42104800,0.0,0.0,0.0045019133063146,0.216192205205296,0.2720213752444801,0.0547,0.05582917003918411,0.03826234148529072,0.021366538944246633
2024-04-08,167.50555706407098,167.67402205960258,166.72268854116854,166.9307861328125,37425500,0.0,0.0,-0.0066635407673804,0.2141623386973549,0.2691673169034931,0.0548,0.0550049782061382,0.038034300200525305,0.021137263539573237
2024-04-09,167.17853275073267,168.5460917055098,166.83169838821917,168.13978576660156,42373800,0.0,0.0,0.0072425204589114,0.2112328891059369,0.2630812320547063,0.0548,0.05184834294876939,0.03781893140116451,0.020903306525519527
2024-04-10,167.27763553824258,167.5650134431552,165.60287483124418,166.26683044433594,49709300,0.0,0.0,-0.0111392750604875,0.2138543287307202,0.27055827084244993,0.054900000000000004,0.056703942111729744,0.03822870828977042,0.02138475031822305
2024-04-11,166.8217782077108,173.87757491447604,166.64340884278624,173.4613494873047,91070300,0.0,0.0,0.0432709219496272,0.2623014661156327,0.30066009950304695,0.0548,0.03835863338741424,0.03830129226790902,0.021558975359556382
2024-04-12,172.68837774790788,176.7514066994258,172.63884078505302,174.95773315429688,101670900,0.0,0.0,0.0086266114694426,0.2613019539455181,0.31305618881751246,0.0548,0.051754234871994376,0.03863866942691722,0.022051758663295163
2024-04-15,173.77848669689703,175.03703722038412,170.94427948721847,171.132568359375,73531800,0.0,0.0,-0.0218633650880034,0.2736699392237581,0.3261178834671292,0.054900000000000004,0.052447944243371125,0.038989201011333185,0.02256962610759814
2024-04-16,170.20103782824685,172.1929047923956,166.75242714722782,167.8524169921875,73711200,0.0,0.0,-0.0191673122108425,0.280902199557953,0.32837761267427396,0.054900000000000004,0.047475413116320975,0.03879743824799548,0.022312920692622605
2024-04-17,168.08032842085646,169.11094225529814,166.48484802246094,166.48484802246094,50901200,0.0,0.0,-0.0081474487781144,0.2763735670548663,0.3200625776176942,0.054900000000000004,0.04368901056282787,0.038892934637574254,0.02249386462300394
2024-04-18,166.5145852231191,167.11908441586118,165.04793714543356,165.53350830078125,43122900,0.0,0.0,-0.0057142720973102,0.2692137349958984,0.31929748068273034,0.054900000000000004,0.05008374568683194,0.03906929364560973,0.022756913243198777
2024-04-19,164.71101115974596,164.89928490796945,162.6002161182223,163.5119171142578,68149400,0.0,0.0,-0.0122125798412374,0.2328491308843241,0.31143469955016684,0.054900000000000004,0.07858556866584274,0.040599726197338794,0.026661160725857003
2024-04-22,164.0272236912775,165.75152141981465,163.28398774037723,164.34432983398438,48116400,0.0,0.0,0.0050908382362424,0.2327616657131404,0.3124253716655252,0.054900000000000004,0.07966370595238481,0.04123691269657366,0.031187908645719204
2024-04-23,163.85873621547074,165.54340111554177,163.4326064657252,165.39474487304688,49537800,0.0,0.0,0.00639155022947,0.2331635206233975,0.31717705760056647,0.054900000000000004,0.08401353697716896,0.04087192753835672,0.03647532550848412
2024-04-24,165.0380369843625,167.77315534715606,164.71102642645795,167.4956817626953,48251800,0.0,0.0,0.0127025613253979,0.2370961388267846,0.3383338074309187,0.054900000000000004,0.10123766860413408,0.04012003387084911,0.04306145293396975
2024-04-25,168.0010494911784,169.07131105182287,166.63349053238153,168.35780334472656,50558300,0.0,0.0,0.0051471272152119,0.2244652598542215,0.3528653238952094,0.0548,0.12840006404098792,0.04005552140614627,0.051217627911828344
2024-04-26,168.34791858741357,169.79474290783526,167.65421953718817,167.7731475830078,44838400,0.0,0.0,-0.0034726977312813,0.2218153798207018,0.3466625152385112,0.0548,0.12484713541780942,0.03647445003245284,0.05969281168578522
2024-04-29,171.80640930182136,174.44242297655094,171.53885525962073,171.93524169921875,68169400,0.0,0.0,0.0248078681014891,0.2369934261223287,0.41244002793215395,0.0548,0.17544660180982524,0.03634478957114074,0.07075559163478295
2024-04-30,171.76679778510277,173.41183044153803,168.46682810243752,168.79385375976562,65934800,0.0,0.0,-0.0182707623428861,0.2453426351434079,0.42927221580809005,0.0548,0.18392958066468215,0.04306358966380197,0.0783602399453863
2024-05-01,168.05062115462775,171.15239765594947,167.58485870487095,167.7731475830078,50383100,0.0,0.0,-0.0060470577217256,0.2458729067596232,0.43341580384651124,0.0547,0.18754289708688804,0.048776172243497944,0.0853753427672607
2024-05-02,170.95416794412498,171.8559644998941,169.34878317714927,171.469482421875,94214900,0.0,0.0,0.0220317428153298,0.2570726792729333,0.454589317858604,0.055099999999999996,0.1975166385856707,0.054401312169952094,0.0922189406489988
2024-05-03,184.9666328542693,185.31348231884328,181.01262758822543,181.72613525390625,163224100,0.0,0.0,0.0598161998692938,0.3305366829848903,0.5458903140672806,0.055099999999999996,0.2153536310823903,0.060173471357915176,0.1001951637011591
2024-05-06,180.7054248623681,182.53873097916653,178.79282331517493,180.07119750976562,78569700,0.0,0.0,-0.0091067679496312,0.3317057250475397,0.6938482015884966,0.055099999999999996,0.3621424765409569,0.08292471415774257,0.11555203861790005
2024-05-07,181.7954923577229,183.2324120279765,179.68471275097576,180.7549591064453,77305800,0.0,0.0,0.0037971735965303,0.3314843156638216,0.20835692989166293,0.055099999999999996,-0.12312738577215865,0.09788084529777073,0.10680325218185364
2024-05-08,181.20092748758523,181.4189445721307,179.81354466582562,181.0919189453125,45057100,0.0,0.0,0.0018641803275158,0.3268791701302951,0.21048461017200445,0.055099999999999996,-0.11639455995829065,0.10950647795104632,0.09814832707835262
2024-05-09,180.91352883975787,182.99459544718977,180.4675903156434,182.9054107666016,48983000,0.0,0.0,0.0100142062210777,0.2942154924338314,0.20868286667386549,0.055099999999999996,-0.0855326257599659,0.11635656141698264,0.09195376412098362
2024-05-10,183.48094965782863,183.669493895456,180.7322193628195,181.6451568603516,50759500,0.25,0.0,-0.0068901947786452,0.2953034745830219,0.20709180991836773,0.055099999999999996,-0.08821166466465419,0.12292535074009117,0.08495546914415118
2024-05-13,184.01682262141372,185.6640864017181,183.2031085341488,184.85037231445312,72044800,0.0,0.0,0.0176454770911713,0.286045999643249,0.2263298692607028,0.055,-0.059716130382546195,0.12697830083781578,0.07934726541285532
2024-05-14,186.07091921634225,186.8548647149755,184.8602810891409,185.9915313720703,52393600,0.0,0.0,0.0061734203903898,0.27263721725023,0.22218978933710334,0.055,-0.05044742791312665,0.1301209340527673,0.07445112336138295
2024-05-15,186.46787049037357,189.18683240943687,185.9320062923224,188.26397705078125,70400000,0.0,0.0,0.0122180061745122,0.2688914017596246,0.2395339010065418,0.054900000000000004,-0.029357500753082827,0.13204082807830073,0.0707987977955874
2024-05-16,189.00821119957223,189.6333810173086,188.2044300863017,188.38304138183597,52845200,0.0,0.0,0.000632432889817,0.2660593558083269,0.23862904937949564,0.055099999999999996,-0.027430306428831264,0.13380666481543194,0.06692309518980424
2024-05-17,188.05558877384672,189.3456148748041,187.72811956148703,188.41282653808597,41282900,0.0,0.0,0.0001581095412386,0.2579477151650146,0.22955376462450372,0.055,-0.02839395054051086,0.13544417037332593,0.06157411922948656
2024-05-20,187.8769693298537,190.44708847543168,187.5594179346384,189.57383728027344,44361300,0.0,0.0,0.0061620578785426,0.2578576159493352,0.2441832085612919,0.055,-0.01367440738804332,0.13639278610234848,0.056907213562465156
2024-05-21,189.62343971650407,191.2508526180576,189.4547462309282,190.873779296875,42309400,0.0,0.0,0.006857180480446,0.2578414249732955,0.2698940008008389,0.055,0.012052575827543432,0.13658911043041083,0.05330916550498388
2024-05-22,190.7943866831268,191.3401686179172,188.80973611420333,189.4348907470703,34648500,0.0,0.0,-0.0075384296109457,0.2622024110289668,0.25193242340457533,0.054900000000000004,-0.010269987624391463,0.13680539118891566,0.04773378269355761
2024-05-23,189.51429520164533,189.5341459487459,185.19768892080705,185.44577026367188,51005900,0.0,0.0,-0.0210580029247338,0.2796497842929153,0.2395827845174634,0.055099999999999996,-0.04006699977545192,0.13676361800468442,0.03931042950273562
2024-05-24,187.3708563845385,189.117343330764,186.59682877814635,188.52194213867188,36327000,0.0,0.0,0.0165879861839188,0.280662577437375,0.2546325776115797,0.0556,-0.02602999982579529,0.13595589554471868,0.031766572740555374
2024-05-28,190.04021443649896,191.5187845976106,187.64872194997955,188.53189086914065,52280100,0.0,0.0,5.277226807609559e-05,0.27228253577815,0.2844114060225691,0.055,0.01212887024441911,0.13171024011417912,0.023600686162285073
2024-05-29,188.154831057814,190.77456966628964,188.05559245514976,188.82960510253903,53068000,0.0,0.0,0.001579118694593,0.2588017165201607,0.2945461696366215,0.055,0.035744453116460795,0.12627212359151627,0.016191429784874006
2024-05-30,189.2959530014381,190.70505299300456,189.16696101953207,189.82188415527344,49889100,0.0,0.0,0.0052548913195871,0.2550525160184486,0.3293200494064276,0.0548,0.07426753338797903,0.12059464023003533,0.010527661599928555
2024-05-31,189.9707550742459,191.0920874921724,188.45249859880172,190.7745361328125,75158300,0.0,0.0,0.0050186625308163,0.248203186067993,0.327109603189099,0.0548,0.07890641712110599,0.11363043403778167,0.004597150526700319
2024-06-03,191.4195610224673,193.49353258818425,191.04248767189637,192.5408935546875,50080500,0.0,0.0,0.0092588741541759,0.1446252701214985,0.3551997657873107,0.054900000000000004,0.2105744956658122,0.11316798549065472,0.004358193755871415
2024-06-04,193.14618134943933,193.82097037667648,191.54853713018943,192.85841369628903,47471400,0.0,0.0,0.001649104955002,0.1376180778961824,0.1998691058599198,0.0548,0.06225102796373738,0.07752015325684909,-0.01063637867298956
2024-06-05,193.9003509087889,195.38883880770496,193.3744197291732,194.3667449951172,54156800,0.0,0.0,0.0078209255687615,0.1384827066516908,0.2082184731998603,0.0548,0.06973576654816951,0.07473594017798549,-0.0009932210569731522
2024-06-06,194.1881624282746,194.99194358986875,192.679823561343,192.9874420166016,41181800,0.0,0.0,-0.007096393874118,0.1435934793532859,0.19954876420141204,0.0548,0.05595528484812615,0.0705483015520974,0.007624271183347688
2024-06-07,193.1561225415401,195.42855606321456,192.65004206608785,195.37893676757807,53103900,0.0,0.0,0.0123919708245618,0.1453222005588002,0.20562673580896318,0.0547,0.060304535250162966,0.06789999344364561,0.01491612923385413
2024-06-10,195.3888672580803,195.78580650726497,190.6753215585116,191.63787841796875,97010200,0.0,0.0,-0.019147705538288,0.1622936517536613,0.19170522959160052,0.0547,0.029411577837939212,0.06344528844035396,0.0207972913589838
2024-06-11,192.1638033246204,205.5701288673056,192.14396771907968,205.5601959228516,172373300,0.0,0.0,0.0726490901476051,0.2936325429826354,0.24630952976274822,0.0546,-0.04732301321988719,0.06267336932485038,0.02141694721711675
2024-06-12,205.7784872423207,218.51002232587345,205.3120931521647,211.43475341796875,198134300,0.0,0.0,0.0285782832067447,0.3048875018405576,0.3424229193070419,0.0547,0.03753541746648431,0.06041058675270577,0.025816089486097298
2024-06-13,213.09192677850285,215.08649505325084,209.97602614095345,212.59576416015625,97862700,0.0,0.0,0.0054911064686342,0.3041781312497932,0.2883493933701175,0.0547,-0.015828737879675703,0.05983325780846804,0.026492527629767653
2024-06-14,212.20877015870124,213.51863167298376,209.67833763090167,210.8592071533203,70122700,0.0,0.0,-0.0081683518657865,0.3079207911246902,0.257459217460926,0.0547,-0.05046157366376419,0.06113320045905759,0.02534096426802101
2024-06-17,211.73243423482452,217.2696109595796,211.08742887751163,215.00711059570312,93728300,0.0,0.0,0.0196714362079848,0.3109334418574893,0.3309172406847588,0.0545,0.019983798827269528,0.05983852551895233,0.02775985173641003
2024-06-18,215.9200623200828,216.95208913019516,211.36529274424583,212.6453857421875,79943300,0.0,0.0,-0.0109844034784346,0.3172924642595756,0.31524729064120566,0.054000000000000006,-0.002045173618369922,0.059470077988261025,0.0283413134248937
2024-06-20,212.28816853161533,212.59580212894485,207.2471687535905,208.0707855224609,86172500,0.0,0.0,-0.0215128120638969,0.3318554460563285,0.2959385755857609,0.0542,-0.035916870470567575,0.0611064003792123,0.025942841109988145
2024-06-21,208.77533580800625,210.26382387597764,205.5205097773767,205.8975982666016,241805100,0.0,0.0,-0.0104444612462174,0.3334132007025485,0.34530794971933065,0.0542,0.011894749016782169,0.06061408005952273,0.02705107794204683
2024-06-24,206.12582769938732,211.0676038174596,205.0044951825124,206.5426025390625,80727000,0.0,0.0,0.0031326459263782,0.3197103332814724,0.28220064659735283,0.0542,-0.03750968668411958,0.06046756255603542,0.027178943596613447
2024-06-25,207.54482679949032,209.75772308170343,207.0089778092255,207.4654541015625,55549700,0.0,0.0,0.0044680930285336,0.317063789730763,0.3496988697707727,0.054299999999999994,0.0326350800400097,0.05915932746355827,0.0301121975899037
2024-06-26,209.87680350658064,213.21101716086312,209.02340313251776,211.6133728027344,66213200,0.0,0.0,0.0199932982536037,0.3208295554099225,0.3578081041159018,0.054400000000000004,0.03697854870597933,0.05902254960789947,0.03135468151298171
2024-06-27,213.0423011238973,214.0842456196344,210.72026377340745,212.4568328857422,49772700,0.0,0.0,0.0039858543523809,0.3205052518830715,0.33352338929696224,0.0548,0.01301813741389074,0.05915221238271146,0.03021836572785321
2024-06-28,214.1140554431902,214.41175609103416,208.686034302842,209.00357055664065,82542700,0.0,0.0,-0.0162539480712239,0.3302048182788774,0.41244310394118944,0.0547,0.08223828566231206,0.0594904975249101,0.030616903341569857
2024-07-01,210.46229254870087,215.8406944532805,210.2935990460224,215.08653259277344,60402900,0.0,0.0,0.0291045842897899,0.3410876586491798,0.4249226161298125,0.0548,0.08383495748063274,0.05971085427169035,0.030863330359546193
2024-07-02,214.4911227279333,218.6886699462021,213.44919320249292,218.5795135498047,58046200,0.0,0.0,0.0162398868721573,0.3428058535683121,0.2477695505528254,0.0548,-0.09503630301548671,0.04953842366972718,0.015582790425481247
2024-07-03,218.3115631866412,219.84967041015625,217.34900644671097,219.84967041015625,37369800,0.0,0.0,0.0058109602300955,0.3423301177345196,0.24862603884175855,0.054900000000000004,-0.09370407889276106,0.053889091082699764,0.0077850350826563245
2024-07-05,219.948912125906,224.71207692855523,219.948912125906,224.60292053222656,60412400,0.0,0.0,0.0216204559834114,0.3463638857167407,0.26421659706390427,0.0548,-0.08214728865283644,0.05538057574027599,0.00019088232260602717
2024-07-08,225.3471553285217,226.1013322692385,221.53662969916704,226.07156372070312,59085900,0.0,0.0,0.0065388427941917,0.3421105507313637,0.27193173589769826,0.0548,-0.07017881483366545,0.05587575048400965,-0.006115822661483553
2024-07-09,226.1807284601389,227.6394480565936,224.6327032088037,226.9249725341797,48076100,0.0,0.0,0.0037749498407986,0.3420635623669,0.27416587881975313,0.0545,-0.06789768354714687,0.05520461188544579,-0.012525933601349043
2024-07-10,227.5402055501565,231.29119415797783,227.49058625437067,231.19195556640625,62627700,0.0,0.0,0.0188034969645478,0.3287854517009145,0.2928796702914135,0.0546,-0.035905781409501014,0.05452086941901012,-0.015791801563721057
2024-07-11,229.61416127735984,230.60648662367137,224.0372976764276,225.823486328125,64710600,0.0,0.0,-0.0232208306086119,0.2522535125142821,0.2890219387637035,0.0548,0.03676842624942145,0.05519952830250062,-0.011587229590255625
2024-07-12,227.1631286162611,230.8545803134063,226.9249650693961,228.77069091796875,53046500,0.0,0.0,0.013050921486357,0.2385136259358487,0.28985411053536025,0.0547,0.05134048459951154,0.05592763385177849,-0.010896976233604262
2024-07-15,234.6650975313768,235.409341553401,231.30111515749465,232.6010589599609,62631300,0.0,0.0,0.0167432638622648,0.2427193230394904,0.32819208003809364,0.0548,0.08547275699860324,0.05990334667041298,-0.005831901489690315
2024-07-16,233.196448812944,234.4567062015191,230.5469420413052,233.0178375244141,43234300,0.0,0.0,0.0017918171409738,0.2382949742710055,0.3178710773907871,0.0548,0.07957610311978164,0.061830429251828085,0.0006699823494869764
2024-07-17,227.68904591405493,229.6836295353235,224.9006141352506,227.12342834472656,57345900,0.0,0.0,-0.0252959569203362,0.2547551224431862,0.31777771071375727,0.0547,0.06302258827057106,0.06327019949400656,0.0028219218216520526
2024-07-18,228.51269423226464,228.67146993188885,220.5641731481692,222.45950317382807,66034600,0.0,0.0,-0.0205347603498639,0.2637395500805127,0.3112341173486155,0.0548,0.047494567268102805,0.06403473238182353,0.005298908865975689
2024-07-19,223.0946118986372,225.0594120232064,221.5664222471065,222.5885162353516,49151500,0.0,0.0,0.0005799395381307,0.248396057016435,0.30987526836047236,0.0548,0.06147921134403736,0.06443751692249079,0.010168712956705937
2024-07-22,225.26779139889447,226.0318862230092,221.3778775132773,222.2412109375,48201800,0.0,0.0,-0.0015603019586344,0.2437420709133994,0.3194263573093485,0.054900000000000004,0.0756842863959491,0.06608508632785035,0.013358189825664283
2024-07-23,222.64803919770813,225.19832267550643,220.97100689389265,223.2831268310547,39960300,0.0,0.0,0.0046882209161813,0.2437363896841391,0.3204684665813091,0.054900000000000004,0.07673207689717002,0.06639343806306955,0.019070278004728762
2024-07-24,222.280880842846,223.0747441599071,215.46361045876344,216.8627777099609,61777600,0.0,0.0,-0.0287542960017379,0.2700302979545854,0.3226225974090283,0.055,0.05259229945444294,0.06675701866365788,0.02006813897545042
2024-07-25,217.24979770728692,219.1550758451632,212.9728775545053,215.82086181640625,51391200,0.0,0.0,-0.0048044939041967,0.2627971243959464,0.32881193512423557,0.054900000000000004,0.06601481072828919,0.06745621220607784,0.02151995207656592
2024-07-26,217.02154248476683,217.80548795978973,214.3521849755396,216.2872314453125,41601300,0.0,0.0,0.002160910789537,0.2626125233675637,0.33809615813666316,0.054900000000000004,0.07548363476909947,0.06848018231108409,0.02464322694432635
2024-07-29,215.29491873308157,217.61695646267236,214.0941983741811,216.56509399414065,36311800,0.0,0.0,0.0012846923369971,0.2545638356196036,0.35824470144046344,0.055,0.10368086582085984,0.06958824022554813,0.025715355952253743
2024-07-30,217.5078101391952,218.63906050664173,214.4613638470993,217.1208038330078,41643800,0.0,0.0,0.002566017582142,0.2335089568371876,0.37302320042648335,0.055,0.13951424358929576,0.07306278121430382,0.028499320257686894
2024-07-31,219.7405227481965,222.10226187087767,218.936741656308,220.3756103515625,50036300,0.0,0.0,0.0149907630272869,0.2324371211535547,0.4059916175332663,0.054900000000000004,0.1735544963797116,0.07384127108835258,0.04192886022744681
2024-08-01,222.64801239186647,222.7571687754724,215.35443086006643,216.68414306640625,62501000,0.0,0.0,-0.0167507977823285,0.2393101450619056,0.421247339276346,0.0555,0.1819371942144404,0.07291136177519267,0.05571092388280687
2024-08-02,217.46809553371503,223.86860618805187,216.0391597412521,218.1726531982422,105568600,0.0,0.0,0.0068694926669357,0.2265170569980414,0.31628836950465505,0.0554,0.08977131250661366,0.06556743811599368,0.06430685394077938
2024-08-05,197.562059997048,211.8614726265992,194.4957781490091,207.6639404296875,119548600,0.0,0.0,-0.0481669568321468,0.2785045729242089,0.7628101746698419,0.0552,0.48430560174563303,0.10873013297567943,0.09203107476974431
2024-08-06,203.7243764243061,208.3783842596741,199.52684486531663,205.6395568847656,69660500,0.0,0.0,-0.0097483633448017,0.2775752691431465,0.29623740537744353,0.055,0.018662136234297022,0.10363238617096582,0.0963590657588165
2024-08-07,205.31212843272613,212.0004073803907,204.8060479069825,208.2097320556641,63516400,0.0,0.0,0.0124984473310194,0.2713061752303893,0.32984724005905225,0.055,0.05854106482866295,0.09935157108549138,0.1010814080707247
2024-08-08,211.4744505610448,212.5560815310077,207.22729938249148,211.67291259765625,47161100,0.0,0.0,0.0166331348097903,0.2728418083055625,0.31575524295661855,0.0555,0.04291343465105607,0.09915151200124954,0.10138865849080644
2024-08-09,210.47220292637735,215.1162780786914,210.3431957915856,214.58042907714844,42201600,0.0,0.0,0.013735893004972,0.2733894713920007,0.28738846867582146,0.0554,0.013998997283820758,0.10048614414902021,0.0995215841250219
2024-08-12,214.65993379251097,218.0774716082045,214.1929998012183,216.1103973388672,38028100,0.25,0.0,0.0071300456816996,0.2661915422308813,0.2918132201482563,0.0553,0.025621677917374963,0.10180904653302965,0.09652903017096048
2024-08-13,217.5807279037812,220.44193777769505,217.5807279037812,219.82598876953125,44155300,0.0,0.0,0.0171930248447875,0.2757218719141704,0.30068170499212954,0.0548,0.024959833077959126,0.10301306982805566,0.09379821666886935
2024-08-14,219.13056699635615,221.57450454206744,218.2662343099079,220.27305603027344,41960600,0.0,0.0,0.0020337325138153,0.2628671867916905,0.3011246551077907,0.054900000000000004,0.03825746831610016,0.1035499189098656,0.0925599606711458
2024-08-15,223.13425172393931,223.87935717471936,221.30624816369337,223.2534637451172,46414000,0.0,0.0,0.0135305142106627,0.2577364233011757,0.31416252698100877,0.0553,0.056426103679833084,0.10336443085152114,0.09300653749173234
2024-08-16,222.45867901826597,225.34969177239583,222.1904368144784,224.5747833251953,44340200,0.0,0.0,0.0059184729227164,0.2585073106250315,0.31661536237717147,0.0553,0.058108051752139955,0.1034212819178159,0.09283797951213746
2024-08-19,224.2469437652095,224.51518597934856,221.58442566604344,224.41583251953125,40687800,0.0,0.0,-0.0007077856351925,0.258431727504884,0.27067114113638074,0.055099999999999996,0.01223941363149672,0.10493704542735922,0.08966573587391484
2024-08-20,224.2966230198485,225.68748051768907,223.97870407222223,225.0317840576172,30299000,0.0,0.0,0.0027446884258146,0.2581173372843875,0.342650750578124,0.0548,0.08453341329373648,0.10490093188977251,0.09005580269374316
2024-08-21,225.0417125280657,226.4921759358446,223.58130467937312,224.9224853515625,34765500,0.0,0.0,-0.0004857034152415,0.2339729128745132,0.3376347572194267,0.0545,0.10366184434491352,0.10456202140588176,0.09260927993826669
2024-08-22,226.30341677619583,226.84983046212884,222.43880384726455,223.064697265625,43695300,0.0,0.0,-0.0082596814766371,0.2356079454417671,0.3422216220633584,0.055099999999999996,0.10661367662159127,0.10441253051125461,0.0946392232329318
2024-08-23,224.187342377279,226.73063334528243,222.866020162344,225.3596343994141,38677300,0.0,0.0,0.0102882130696648,0.2375502497171836,0.3475308451821548,0.055099999999999996,0.10998059546497121,0.10436436000484917,0.09636407126772538
2024-08-26,225.28014571740596,225.7967564120236,222.4288803537143,225.6974029541016,30602200,0.0,0.0,0.0014987979350766,0.2375409432161791,0.38217354301408324,0.054900000000000004,0.14463259979790413,0.10491573969603643,0.0984116579665776
2024-08-27,224.52510403050715,227.356510742363,223.42234738221904,226.54185485839844,35934600,0.0,0.0,0.0037415224687746,0.2376032081832503,0.41295666736798825,0.054900000000000004,0.17535345918473796,0.10595563422203014,0.10020361874634971
2024-08-28,226.43257756563744,228.35991942602843,224.20719049274723,225.0119171142578,38052200,0.0,0.0,-0.0067534440604669,0.2346377884205599,0.4358026563206324,0.0547,0.2011648679000725,0.1071349463833694,0.10158413732236775
2024-08-29,228.59836441740796,231.39995310375195,227.3863249726349,228.29037475585935,51906300,0.0,0.0,0.0145701511442026,0.2292277552762523,0.442569376758283,0.054000000000000006,0.2133416214820307,0.10859481610337181,0.10315435868574725
2024-08-30,228.68779072729976,228.8964117856607,225.99546942021695,227.50555419921875,52990800,0.0,0.0,-0.0034378171111241,0.2296684695436503,0.4267455511385865,0.0541,0.19707708159493617,0.1105323227685576,0.1085196471401634
2024-09-03,227.05847075546575,227.5055309941364,219.7266282681139,221.31619262695312,50190600,0.0,0.0,-0.0272053207406348,0.1740095719842174,0.2669571955997163,0.0538,0.09294762361549891,0.06629274948099234,0.08895174823365667
2024-09-04,220.21344869061124,220.33266071869627,216.06071952153204,219.4087371826172,43840200,0.0,0.0,-0.0086186890425641,0.1729335787706875,0.2623251114604782,0.0533,0.08939153268979072,0.0641992275410333,0.09248821805643136
2024-09-05,220.1836359939166,224.0085015990201,220.0743532532445,220.92874145507807,36615400,0.0,0.0,0.0069277290046831,0.1701121187775038,0.2787658288008163,0.053,0.1086537100233125,0.06378113298752865,0.09499385031616385
2024-09-06,222.48846914066655,223.77005891628232,218.3357556594125,219.37890625,48423000,0.0,0.0,-0.0070150909061021,0.1656727061985465,0.28083394366898684,0.0528,0.11516123747044035,0.06271321196167606,0.09860624045713307
2024-09-09,219.37894424631625,219.8260045313677,215.29576534565257,219.4683532714844,67180000,0.0,0.0,0.000407728450348,0.1596260248922013,0.27230885298525886,0.0525,0.11268282809305757,0.059506227863085966,0.10354043199759491
2024-09-10,217.49131703149231,220.03460793809228,215.3156066383465,218.67355346679688,51591000,0.0,0.0,-0.0036214779618104,0.158866656833206,0.26045916855090767,0.0518,0.10159251171770167,0.0566256012920155,0.10733897368761125
2024-09-11,220.01474349397893,221.63409569372263,216.46803428284608,221.2069091796875,44587100,0.0,0.0,0.0115851033320097,0.1522238734653866,0.25522207409276143,0.0521,0.10299820062737483,0.05323766764763984,0.111240892065082
2024-09-12,221.04795042006705,222.09110108310472,218.38544755210197,221.31619262695312,37455600,0.0,0.0,0.0004940327030058,0.1520970067610561,0.2474859165402113,0.0518,0.09538890977915518,0.050582002725505656,0.11409746413823478
2024-09-13,222.12092741382088,222.5779169825105,220.4618275881316,221.0479736328125,36766600,0.0,0.0,-0.0012119266600285,0.143841005487162,0.2337985472376639,0.051500000000000004,0.08995754175050191,0.04910395694396826,0.11577403604176821
2024-09-16,215.12686027714844,215.80243050187988,212.52396316355507,214.90830993652344,59357400,0.0,0.0,-0.0277752543730067,0.1711618263035124,0.234742018298923,0.051100000000000007,0.0635801919954106,0.04877990718784918,0.11604764305393175
2024-09-17,214.34202255786693,215.4845116318028,213.10018001697543,215.37522888183597,45519300,0.0,0.0,0.0021726425816219,0.1717861271201003,0.23383061234582336,0.050499999999999996,0.06204448522572306,0.04426372689949035,0.11853789663364307
2024-09-18,216.13026348358335,221.25659276615585,216.1203190420684,219.2497711181641,59894900,0.0,0.0,0.0179897300931197,0.1853554662008674,0.24807209594509277,0.049100000000000005,0.06271662974422537,0.04540008301019767,0.1174470574561675
2024-09-19,223.52171975466865,228.3202009731081,223.1640685098405,227.3763885498047,66781300,0.0,0.0,0.0370655685987504,0.229936278285162,0.25667024988575693,0.0489,0.02673397160059493,0.049685918885267064,0.11360066381895158
2024-09-20,228.4692075464048,231.56884144729943,226.1345376792504,226.71075439453125,318679900,0.0,0.0,-0.0029274550427984,0.2279689303728908,0.3375611483796259,0.0487,0.10959221800673513,0.0496683348434433,0.11374959088820877
2024-09-23,225.8563523524968,227.95258288382507,224.336338501163,224.99203491210935,54146000,0.0,0.0,-0.0075811113902028,0.2270401583330248,0.24610949868216953,0.048499999999999995,0.01906934034914473,0.054002352744355636,0.10920402813241745
2024-09-24,227.15781488965328,227.85325878901887,224.25687274556688,225.88616943359372,43556100,0.0,0.0,0.0039740718902945,0.22742436476718,0.2471004504975196,0.0478,0.019676085730339604,0.056841511052865626,0.10295620242903922
2024-09-25,223.462095237407,225.8066944385944,222.55804543582803,224.8927001953125,42308700,0.0,0.0,-0.0043980967970388,0.2275495695384632,0.2337954079410028,0.0479,0.0062458384025395886,0.05806976410035405,0.09450082138992931
2024-09-26,225.81663654010725,227.0088022729372,223.9389713421174,226.0352020263672,36636700,0.0,0.0,0.0050802086064263,0.2269524912364103,0.25070283299345,0.049,0.02375034175703969,0.054349971382737186,0.08563009508277766
2024-09-27,226.9690618971705,228.0221418429688,225.8166284941723,226.3034210205078,34026000,0.0,0.0,0.001186624878497,0.2206957854421825,0.260342074348118,0.049,0.03964628890593552,0.046123542010406506,0.07694532845397291
2024-09-30,228.5387415800987,231.47943115234372,228.1512873446241,231.47943115234372,54541900,0.0,0.0,0.022871992427224,0.235096255056815,0.3223051114631467,0.0493,0.08720885640633172,0.036627852482511436,0.07145191719454268
2024-10-01,228.02216122790813,228.15130254219565,222.27988260723768,224.7337646484375,63285000,0.0,0.0,-0.0291415374157659,0.2382532106178698,0.284819807698518,0.0496,0.0465665970806482,0.03666350957563112,0.06913286586780015
2024-10-02,224.41584231153624,225.8861795938886,221.56457676904253,225.30003356933597,32880600,0.0,0.0,0.0025197322787,0.2356338404559591,0.2888913864317625,0.0492,0.0532575459758034,0.03650261324756293,0.06732616653210079
2024-10-03,223.6707408644945,225.3298406632996,221.86262602596847,224.19728088378903,34044200,0.0,0.0,-0.0048945961883645,0.2357123739550216,0.29407520263476217,0.0499,0.058362828679740575,0.03521534626689117,0.06481162246492218
2024-10-04,226.41269745663612,226.51205091107013,222.66731173997377,225.31988525390625,37245100,0.0,0.0,0.005007216705269,0.2342578332371207,0.27964908774015595,0.0501,0.045391254503035244,0.03337266930608391,0.06132312331655192
2024-10-07,223.0349151567562,224.2171516536621,219.8856043654075,220.2432556152344,39505400,0.0,0.0,-0.0225307661281256,0.2492684074508273,0.2867368204260694,0.05,0.037468412975242116,0.03146370807798264,0.057562402560661155
2024-10-08,222.83620769655573,224.5052366387564,221.79305702807565,224.29661560058597,31855700,0.0,0.0,0.0184040141162495,0.256826962458442,0.2869595364919105,0.0496,0.03013257403346853,0.03023395828697493,0.0539894056764495
2024-10-09,223.7601370790405,228.25064364916537,223.36275355639287,228.04200744628903,33591100,0.0,0.0,0.016698387693788,0.2601379280350043,0.2872137776471616,0.0493,0.02707584961215731,0.02847161078076151,0.050193288125688615
2024-10-10,226.2934858996686,228.0022622367944,225.68746620848788,227.54525756835935,28183500,0.0,0.0,-0.0021783261930224,0.2604681955210751,0.2900622123734567,0.049800000000000004,0.02959401685238161,0.026722016501436695,0.04690354347934994
2024-10-11,227.8035972460956,227.9128799953492,225.8563814846346,226.0650177001953,31759200,0.0,0.0,-0.0065052547523183,0.2618775236400403,0.2802920034793497,0.049699999999999994,0.018414479839309383,0.025411680537159677,0.04332639038379031
2024-10-14,227.20748901369805,230.21771386522883,227.1081507143634,229.79052734375,39882100,0.0,0.0,0.0164798148844744,0.2432723138277057,0.2898357435435825,0.049699999999999994,0.04656342971587679,0.02497904393341413,0.04247555226981363
2024-10-15,232.08544385770332,235.9401275315396,230.853530735341,232.32388305664065,64751400,0.0,0.0,0.0110246307459875,0.2446739671047115,0.2923536619797933,0.0493,0.04767969487508178,0.02459024483927404,0.04175731275228156
2024-10-16,230.0885922287065,230.60518781150915,228.3400682278028,230.2674102783203,34082200,0.0,0.0,-0.0088517493391712,0.2427270069674968,0.2981866884569513,0.049100000000000005,0.05545968148945449,0.024316716644701628,0.04139446533954302
2024-10-17,231.9066247344228,232.3238971476739,229.0156269629083,230.63497924804688,32993800,0.0,0.0,0.0015962700465614,0.2056883837780311,0.2918786783110599,0.0493,0.08619029453302882,0.026005803986625952,0.044367281486164714
2024-10-18,234.63867690560429,234.63867690560429,232.4828401919167,233.4663848876953,46431500,0.0,0.0,0.0122765664119113,0.209094223542682,0.298649186106415,0.0492,0.08955496256373299,0.023639056192305514,0.04336541871401461
2024-10-21,232.9199708414818,235.30431748145637,232.9199708414818,234.9367218017578,36254500,0.0,0.0,0.00629785274985,0.2068455619580338,0.30981808381289994,0.0492,0.10297252185486613,0.026385816268743287,0.04756057778930067
2024-10-22,232.36362533760988,234.67842149785605,231.0820505913223,234.32077026367188,38846600,0.0,0.0,-0.0026217763377395,0.2074388508675574,0.32871676464757954,0.0489,0.12127791378002215,0.030234668892915546,0.052640669191784804
2024-10-23,232.55238437433343,233.60546433739609,226.27362172475395,229.2540435791016,52287000,0.0,0.0,-0.0216230369969718,0.2228324637040649,0.3312658082975565,0.048799999999999996,0.10843334459349158,0.030613719698391235,0.0577500445013324
2024-10-24,228.4791312160334,229.31366084202813,226.91938502162785,229.06529235839844,31109500,0.0,0.0,-0.0008233277710454,0.2224029354156718,0.3319884728026319,0.0487,0.10958553738696009,0.03159726115480667,0.062041804282828426
2024-10-25,228.2407111108546,231.69799621804017,228.0718223581781,229.8998107910156,38802300,0.0,0.0,0.003643146563258,0.2226363042670718,0.35148108214941276,0.0489,0.12884477788234097,0.0344372892968416,0.0665017287316487
2024-10-28,231.7973512193415,233.19813797949908,231.032372026897,231.87681579589844,36087100,0.0,0.0,0.0085994198867782,0.2093045982782835,0.3787458905866792,0.048799999999999996,0.1694412923083957,0.0412707816393205,0.0706133505267519
2024-10-29,231.5787930163908,232.80076177889836,230.80388451731676,232.1450653076172,35417200,0.0,0.0,0.0011568621502671,0.1783766724243065,0.38571037520879775,0.048799999999999996,0.20733370278449126,0.05087868759771521,0.07865170581194404
2024-10-30,231.09197226998216,231.94636045913165,228.0519444590485,228.59835815429688,47070900,0.0,0.0,-0.0152779777964289,0.1881879975214421,0.39945614456599643,0.0487,0.21126814704455432,0.05843487864846942,0.08655223586538159
2024-10-31,227.8433077709005,228.330115454563,223.89921505082023,224.43569946289065,64370100,0.0,0.0,-0.0182094863892092,0.1991423284905591,0.4448900973825777,0.047599999999999996,0.24574776889201858,0.06792836206266159,0.09592148287599549
2024-11-01,219.5279346472888,223.8793552942412,218.83250593091051,221.4552764892578,65276700,0.0,0.0,-0.0132796296701702,0.2037264194473728,0.26316020470943,0.0475,0.059433785262057226,0.06744946394466929,0.0966236094139466
2024-11-04,219.5478246614517,221.3360657336285,218.27617915451208,220.5611572265625,44944500,0.0,0.0,-0.0040374710274229,0.1874745193257599,0.2532822366240915,0.0475,0.0658077172983316,0.06643132570943402,0.09804057463010106
2024-11-05,220.3525342324639,222.48849724939907,219.69683776020292,221.99176025390625,28111300,0.0,0.0,0.0064861965965938,0.17652741665468,0.24118302036234415,0.0472,0.06465560370766416,0.06500719289526058,0.09976672611381085
2024-11-06,221.15724252476647,224.5946691536601,219.7465112971796,221.2665252685547,54561100,0.0,0.0,-0.0032669455142031,0.1646166082135841,0.20903323813371738,0.046799999999999994,0.04441662992013329,0.0640958993364823,0.10063376512920966
2024-11-07,223.16406118155703,226.39285156162416,223.10445516924477,225.99545288085935,42137700,0.0,0.0,0.0213720878319263,0.1833996813516043,0.2101452832377192,0.046900000000000004,0.026745601886114884,0.06426499869254731,0.10049134438089631
2024-11-08,225.93579455138124,227.41770491673492,225.1799290579592,225.72694396972656,38328800,0.25,0.0,-0.0011881164320344,0.1819708196025775,0.2051616886148413,0.047,0.023190869012263804,0.0639520470791535,0.10073016383954403
2024-11-11,223.7775700900237,224.47376393957063,220.29658566640109,223.01174926757807,42005600,0.0,0.0,-0.012028669038786,0.1757328870158524,0.2098229428139039,0.047,0.034090055798051494,0.06456596457478854,0.10010649514365277
2024-11-12,223.3300179850212,224.3643609649356,222.14648085284745,223.01174926757807,40398300,0.0,0.0,0.0,0.1696141109909891,0.2124230831654789,0.047,0.042808972174489784,0.06478294220053687,0.09986295900862316
2024-11-13,222.79294167641655,225.4185978724207,221.54973296285613,223.89691162109372,48566200,0.0,0.0,0.0039691287854684,0.1688375253046616,0.2169519936961551,0.046900000000000004,0.0481144683914935,0.06506811007339199,0.09949569835372511
2024-11-14,223.7974758407695,227.62654977508777,223.77758025105396,226.98008728027344,44923900,0.0,0.0,0.0137705144606792,0.1769869559895345,0.2121854532276854,0.047,0.03519849723815088,0.06659793269781639,0.09694610848898122
2024-11-15,225.16997570047772,225.68715481951835,223.05155818805096,223.777587890625,47923700,0.0,0.0,-0.0141091644999413,0.1760301647495323,0.2209594501719507,0.047,0.04492928542241842,0.06759864388380821,0.0947148246319155
2024-11-18,224.0262188410909,228.49183017609323,223.94665165924164,226.7811737060547,44633700,0.0,0.0,0.0134221922925441,0.1822233661637343,0.21840173974683924,0.047,0.03617837358310494,0.06880835707714612,0.09137511721832743
2024-11-19,225.7467938634959,228.90952454109907,225.42854034251505,227.03973388671875,36211800,0.0,0.0,0.0011401307103171,0.1824607240665544,0.24085837247227043,0.0467,0.05839764840571604,0.06880668950337543,0.08823110394961212
2024-11-20,226.8209638996416,228.6807994670743,224.66275517557904,227.755859375,35169600,0.0,0.0,0.0031541857278538,0.1667653880085187,0.23038713468427566,0.046799999999999994,0.06362174667575696,0.06884381096704809,0.0859905240537254
2024-11-21,227.63648708983084,228.9095315645878,224.48371169719937,227.2784423828125,42108300,0.0,0.0,-0.0020961787481454,0.1668820259934653,0.2416624641636539,0.0472,0.07478043817018859,0.06865562708781937,0.08425026909288683
2024-11-22,226.82094518602503,229.46649702017743,226.82094518602503,228.62110900878903,38168300,0.0,0.0,0.005907584599313,0.1677897943030226,0.23575812526717466,0.0472,0.06796833096415206,0.06792001553344265,0.08120644674697737
2024-11-25,230.2024846846048,231.98275293866183,228.49182822914253,231.6048126220703,90152800,0.0,0.0,0.0130508666772608,0.1715959531900441,0.25186479785783644,0.047400000000000005,0.08026884466779236,0.064672188176298,0.0767478243649472
2024-11-26,232.0623317186483,234.2901673751303,232.0623317186483,233.78292846679688,45986200,0.0,0.0,0.009404449847425,0.1748028953051002,0.25784181872638906,0.047400000000000005,0.08303892342128885,0.05697727766057037,0.07053308539678708
2024-11-27,233.19611792325415,234.40949083683984,232.53970008294309,233.6536102294922,33498400,0.0,0.0,-0.000553155177552,0.164804906834223,0.2601308932377559,0.047599999999999996,0.0953259864035329,0.046914252326204525,0.06473597736473602
2024-11-29,233.5342752849028,236.51797629056327,232.698842645531,236.04058837890625,28481400,0.0,0.0,0.0102158838764339,0.1508226793367047,0.3159181976218016,0.047599999999999996,0.16509551828509691,0.03145550228885582,0.06070336483438993
2024-12-02,235.98092716494563,239.48179223890943,235.8715241828912,238.28831481933597,48137100,0.0,0.0,0.0095226268323882,0.1404063949987497,0.3512474851316004,0.0475,0.2108410901328507,0.04599372954272295,0.06827373007792961
2024-12-03,238.5070985351772,241.4410680109117,237.60203896586933,241.3316650390625,38861000,0.0,0.0,0.0127717140558651,0.1407870946252409,0.18014337397039448,0.0466,0.039356279345153594,0.046446456891155646,0.06695115818027071
2024-12-04,241.55047375645148,242.78374225546824,239.9392801306149,241.6897125244141,44383900,0.0,0.0,0.0014836324329574,0.1409930280462231,0.17873206874570685,0.04650000000000001,0.03773904069948375,0.046904183948861186,0.06560533002986169
2024-12-05,242.6644095132275,243.21140922639395,240.81451427308068,241.7195587158203,40033900,0.0,0.0,0.0001234897054347,0.1390812352431514,0.1728829125571534,0.045899999999999996,0.03380167731400199,0.047215588649609216,0.06507458239955513
2024-12-06,241.5902721155965,243.3009285590703,240.76477968960373,241.5206451416016,36870600,0.0,0.0,-0.0008229105467324,0.1248898703623853,0.1708948732423192,0.045700000000000005,0.04600500287993389,0.046584906245747425,0.06603755244924607
2024-12-09,240.51612576959505,245.89673657618508,240.43655859300796,245.40939331054688,44649200,0.0,0.0,0.0161011004531945,0.1314511222534934,0.1913257025462865,0.045599999999999995,0.059874580292793106,0.04551909692886171,0.06787173801327254
2024-12-10,245.5486500706556,246.861485816723,244.0070681600661,246.4238739013672,36914800,0.0,0.0,0.0041338295047923,0.1166359503705246,0.1954320220627931,0.0453,0.07879607169226849,0.04486587211922021,0.07010703880798339
2024-12-11,246.61281718111215,249.43738355757404,244.92204129683,245.1508026123047,45205800,0.0,0.0,-0.005166184870432,0.120952360798061,0.19145060553845517,0.0449,0.07049824474039416,0.044404016502030685,0.07149150243627861
2024-12-12,245.54862958315107,247.38858448031883,244.3451969163318,246.61282348632807,32777500,0.0,0.0,0.0059637613193359,0.1209841573635486,0.1941308012623619,0.0443,0.0731466438988133,0.04406188245897267,0.07274311121164459
2024-12-13,246.47359279661413,247.9355922748061,244.90217516923997,246.7819061279297,33155300,0.0,0.0,0.0006856198279199,0.1170703712353139,0.1974407906960756,0.0443,0.08037041946076169,0.04318509300282013,0.07500170732277514
2024-12-16,246.6426692963963,250.01425073054844,246.3045049916291,249.67608642578125,51694800,0.0,0.0,0.011727684347941,0.0977587841011185,0.21788174639266428,0.0443,0.12012296229154577,0.043699310806639954,0.0787613911662315
2024-12-17,248.7213224371769,252.45094876599276,248.422949295694,252.10284423828125,51356400,0.0,0.0,0.0097196245232775,0.0946164248658074,0.23958548517010864,0.0446,0.14496906030430123,0.04487487687998289,0.08420092550229132
2024-12-18,250.7900332807421,252.89851058988316,246.39404870034855,246.70236206054688,56774100,0.0,0.0,-0.0214217423609468,0.1336778137735211,0.24641494144357362,0.0444,0.11273712767005253,0.04487538517634406,0.08691789946550814
2024-12-19,246.15532490458145,250.6308762664829,245.7475488049507,248.4328765869141,60882300,0.0,0.0,0.0070145843433087,0.1339810430348303,0.262464508214195,0.044199999999999996,0.12848346517936468,0.045443334924257735,0.09016098539068854
2024-12-20,246.69239156062656,253.6145845456153,244.35516822034683,253.10736083984372,147495300,0.0,0.0,0.0188158842627832,0.1409397151993531,0.2625883244050692,0.0443,0.12164860920571607,0.04581537034643038,0.0925043939424649
2024-12-23,253.38581895601413,254.26102752773247,252.07298333460636,253.8831024169922,40858800,0.0,0.0,0.0030648716598933,0.1411740288988738,0.2739140433493961,0.0444,0.13274001445052233,0.04627664709556431,0.09574297811678341
2024-12-24,254.10192745486225,256.80713572411884,253.90300191480816,256.7972106933594,23234700,0.0,0.0,0.0114781497808424,0.1401341330951539,0.27554420998789136,0.0444,0.13541007689273746,0.04694399541585947,0.09850003972803067
2024-12-26,256.78725468311694,258.6868812844183,256.23029959445824,257.6127319335937,27237100,0.0,0.0,0.0031757402583636,0.1394055529190029,0.3301112884714302,0.044500000000000005,0.19070573555242729,0.05106975235672487,0.10388338033458759
2024-12-27,256.4291751646687,257.29447387899233,251.68510189149424,254.20135498046875,42355300,0.0,0.0,-0.0132422684528044,0.1526393207174081,0.2934715601934122,0.0444,0.1408322394760041,0.05167852081418103,0.10615869298821115
2024-12-30,250.8596087426004,252.1227129740064,249.3876539575231,250.82977294921875,35557500,0.0,0.0,-0.0132634306040935,0.1629108469681347,0.3004998324154794,0.0443,0.13758898544734469,0.05037710643256748,0.10478336634632354
2024-12-31,251.0684930674946,251.9039256958292,248.07483671879717,249.05946350097656,39480700,0.0,0.0,-0.0070578122661721,0.1648517024945082,0.2623603931681747,0.044000000000000004,0.09750869067366652,0.043758712029329946,0.09911674637336433
2025-01-02,247.57756417344768,247.746653923794,240.5062071395791,242.52517700195312,55740700,0.0,0.0,-0.0262358490907044,0.1883501498280427,0.23211802591549924,0.044500000000000005,0.043767876087456525,0.04345165710852284,0.09933732621047947
2025-01-03,242.03782653808597,242.85336358935692,240.5758118291158,242.03782653808597,40244100,0.0,0.0,-0.002009484004472,0.1884705136814115,0.21823084623908806,0.0444,0.029760332557676572,0.04407906167376002,0.09893839080338912
2025-01-06,242.9826459215422,245.98624232017477,241.8786760145675,243.6688995361328,45045600,0.0,0.0,0.0067389177195003,0.1899205014041868,0.26391117787947027,0.0443,0.07399067647528348,0.04181107200759566,0.1009478407614532
2025-01-07,241.65986382248772,244.2159080685743,240.0387300769128,240.89405822753903,40856000,0.0,0.0,-0.0113877532745301,0.1945211862157597,0.24734395690398384,0.044199999999999996,0.052822770688224135,0.04136495589216002,0.1012887291518677
2025-01-08,240.605632433071,242.3859157551251,238.74579711055483,241.3813934326172,37628900,0.0,0.0,0.0020230270877741,0.1852057748936198,0.2586301483980739,0.0441,0.0734243735044541,0.04075746149858657,0.10196621881245076
2025-01-10,238.70599119102164,238.8551853284193,231.7340828318044,235.56317138671875,61710900,0.0,0.0,-0.0241038547468764,0.2016946064807655,0.2595230747125876,0.044199999999999996,0.05782846823182211,0.041644830333977534,0.10091783863942842
2025-01-13,232.2612269401141,233.39503269669683,228.47192915300568,233.12649536132807,49630700,0.0,0.0,-0.0103440449160466,0.2035423664841536,0.2543434315138766,0.044199999999999996,0.05080106502972301,0.04262349632291802,0.09993297965389489
2025-01-14,233.47460320476435,234.8371551382162,231.2069916592748,232.01258850097656,39435300,0.0,0.0,-0.0047781221033031,0.2012232907178197,0.2571095985528301,0.044199999999999996,0.05588630783501042,0.04336272464983521,0.09906996285070473
2025-01-15,233.36520475508792,237.66174156203556,233.1563390036856,236.57765197753903,39832000,0.0,0.0,0.0196759301124873,0.2165092925336474,0.23849178037882598,0.044000000000000004,0.02198248784517859,0.046537217841382254,0.09615056626992557
2025-01-16,236.06047699847065,236.7168796666606,226.7911055301388,227.0198516845703,71759100,0.0,0.0,-0.0404002669443864,0.2492068965704599,0.25167088195024384,0.0443,0.0024639853797839284,0.050606249962139645,0.09026761742433749
2025-01-17,230.85888730040747,231.0279618693864,227.2386640256131,228.7305145263672,68488300,0.0,0.0,0.0075353006757035,0.2476548573252538,0.2597665106005639,0.0443,0.01211165327531008,0.05175468985521044,0.08362474707288794
2025-01-21,222.78301644137267,223.2007327760936,218.1881215835537,221.43040466308597,98070400,0.0,0.0,-0.0319157672442507,0.2595481468708363,0.3063212760699944,0.044199999999999996,0.04677312919915805,0.051903432144570806,0.0803265471493432
2025-01-22,218.59586314481808,222.90233985709412,218.59586314481808,222.61392211914065,64126500,0.0,0.0,0.005344873292606,0.2585665783879864,0.31176265799890185,0.044199999999999996,0.05319607961091544,0.05094833455919217,0.07656217787092075
2025-01-23,223.519004229982,225.79655609657797,221.09225820038623,222.4448699951172,60234800,0.0,0.0,-0.0007593960090823,0.2431860846792006,0.3252414078760131,0.044500000000000005,0.08205532319681247,0.04986187766059734,0.07458251357047556
2025-01-24,223.5587597719764,224.4041477572621,220.2070739772995,221.5696258544922,54697900,0.0,0.0,-0.0039346564415903,0.2408603641441325,0.2987381905756914,0.044500000000000005,0.05787782643155889,0.04804299846958055,0.0708394041695274
2025-01-27,222.80289291870477,230.8887119218524,222.76310174211312,228.6111602783203,94863400,0.0,0.0,0.0317802333991952,0.2701522652333604,0.2971174207513368,0.0444,0.026965155517976402,0.04646562238406142,0.06541715810078934
2025-01-28,229.5957855991,238.88503723433337,229.55599442275545,236.96551513671875,75707600,0.0,0.0,0.0365439502088502,0.3079457070256082,0.33930829686248,0.0444,0.03136258983687179,0.036429456908766575,0.05745000081501157
2025-01-29,232.8480036441672,238.5568232574634,232.73860067537265,238.05953979492188,45486100,0.0,0.0,0.0046168095706748,0.3073531070575582,0.3443579151926375,0.0443,0.03700480813507928,0.030900010805094406,0.05225862924796533
2025-01-30,237.3732826437262,239.48175963713217,235.92122345328548,236.2991485595703,55658300,0.0,0.0,-0.0073947519047884,0.3054785978108489,0.34135434928766584,0.0437,0.03587575147681693,0.023632329087678473,0.047172967549438935
2025-01-31,245.84699474947956,245.84699474947956,232.1716998572169,234.71778869628903,100959800,0.0,0.0,-0.0066921945039619,0.3054138079660024,0.23423972824783884,0.0437,-0.07117407971816359,0.032975985925348186,0.03873882902984743
2025-02-03,228.7404632470789,230.5704628324937,224.4737624406888,226.77120971679688,73063300,0.0,0.0,-0.0338558872066343,0.31424416995914,0.6475691899873925,0.0437,0.33332502002825254,0.07370798105022637,0.05321668622688723
2025-02-04,226.01533721300711,231.8633956790269,225.4185909783935,231.53518676757807,45067300,0.0,0.0,0.0210078565825473,0.3257773684945361,0.24193157970537643,0.0436,-0.08384578878915966,0.07974138030606254,0.04753638015954542
2025-02-05,227.2883741709104,231.4058805611787,227.02979223826367,231.20697021484372,39620300,0.0,0.0,-0.0014175666226656,0.3241529596021544,0.23598280002627384,0.0435,-0.08817015957588056,0.0849819470690121,0.03942833835698721
2025-02-06,230.03337408912944,232.5297467474532,229.1780459389265,231.9528961181641,29925300,0.0,0.0,0.0032262258470285,0.3229408601260834,0.2165539992998004,0.0437,-0.10638686082628301,0.09091116872564715,0.03146785678126186
2025-02-07,231.33629458433444,232.72868233994456,226.02529517161955,226.39329528808597,39707200,0.0,0.0,-0.0239686631342852,0.3320263535639164,0.22538176461203624,0.0437,-0.10664458895188017,0.09534574982690495,0.022464408658445144
2025-02-10,228.57376015165607,229.58932279803912,226.214034726068,226.66207885742188,33115600,0.25,0.0,0.0011872417378522,0.3227030267658017,0.21714998274909364,0.0438,-0.10555304401670806,0.0990822634676903,0.014295333046018637
2025-02-11,227.2097171947109,234.2092091135714,227.1400288616486,231.61053466796875,53718400,0.0,0.0,0.0218318645778397,0.3314020076872364,0.2248497002320643,0.0438,-0.10655230745517208,0.10222835205124581,0.006427664421773884
2025-02-12,230.19670873650108,235.93172304376256,229.67896101319025,235.84210205078125,45243300,0.0,0.0,0.0182701852870326,0.337152481889755,0.24501738991957206,0.0438,-0.09213509197018294,0.10380523921937551,-0.0009734055684857843
2025-02-13,235.8819260401158,241.2883551100076,234.5477446540096,240.48187255859372,53614100,0.0,0.0,0.0196732070629759,0.337150485080389,0.2520854868974144,0.0437,-0.08506499818297458,0.10530819201183232,-0.006325779869893443
2025-02-14,240.2030902821229,244.484433375407,239.94422402720735,243.5385589599609,40896200,0.0,0.0,0.012710672820557,0.3013936346603278,0.25283894858462586,0.0437,-0.04855468607570196,0.10570125879237459,-0.008876713442667737
2025-02-18,243.0905152452664,244.1160443880909,240.7905418241245,243.4091339111328,48822500,0.0,0.0,-0.0005314355532891,0.3013886207783553,0.266933909337862,0.0438,-0.034454711440493335,0.10572747171346382,-0.011205031678457909
2025-02-19,243.59827761149603,244.9424100387188,242.1047870084227,243.80735778808597,32204200,0.0,0.0,0.0016360268431772,0.2714577655668587,0.2661217801583198,0.0438,-0.0053359854085389125,0.10486203412043053,-0.013810487408842756
2025-02-20,243.87707690453925,245.70908851524857,243.2298884862767,244.76321411132807,32316900,0.0,0.0,0.0039205392811525,0.2714783231872502,0.26588121848369883,0.0437,-0.005597104703551348,0.10370241470649788,-0.016750146624566094
2025-02-21,244.88269415360097,247.61080936192477,244.15586625078132,244.48443603515625,53197400,0.0,0.0,-0.0011389704828973,0.2715864554336569,0.294162662588929,0.0436,0.022576207155272088,0.10155029308204885,-0.019724102426643114
2025-02-24,243.86711335623195,247.7800669312537,243.3593319822528,246.0277099609375,51326400,0.0,0.0,0.0063123606181594,0.2696071514850433,0.3325819392471785,0.0436,0.06297478776213522,0.10176146685707095,-0.019469254360114298
2025-02-25,246.92381259977984,248.91513366913293,243.84722519384715,245.9679718017578,48013300,0.0,0.0,-0.000242810694735,0.2513727059628032,0.33327775378532976,0.0434,0.08190504782252656,0.10380198804888625,-0.016722259744886787
2025-02-26,243.26972892021308,243.91690216055417,238.0922974197643,239.31695556640625,44433600,0.0,0.0,-0.0270401718834844,0.2426435101229131,0.3075884789760607,0.0435,0.06494496885314757,0.10488670489068443,-0.015043140794073002
2025-02-27,238.3710927533652,241.40786042901627,236.0312844149354,236.27024841308597,41153600,0.0,0.0,-0.0127308453599097,0.2466208868634469,0.3187642649810499,0.0438,0.07214337811760302,0.10609180744472128,-0.013286212294946814
2025-02-28,235.9217631442628,241.03945773883655,229.20105446423008,240.79054260253903,56833400,0.0,0.0,0.0191318806316656,0.2543008382461125,0.25588673765115205,0.0438,0.0015858994050395592,0.10553110089288818,-0.015000704898535683
2025-03-03,240.7407483660274,242.971033380884,235.085403953726,236.9970703125,47184000,0.0,0.0,-0.0157542412132887,0.2599388514270219,0.34441864351129714,0.0438,0.08447979208427525,0.10690107741778947,-0.007218011308413741
2025-03-04,236.6784633674393,239.02822274747484,233.6615980851158,234.9061737060547,53798100,0.0,0.0,-0.0088224576096586,0.2292956189327363,0.2898934625459927,0.043899999999999995,0.060597843613256375,0.07328365763741049,-0.02085437012916355
2025-03-05,234.3983766092207,235.5234777567522,228.23523611666363,234.7169952392578,47227600,0.0,0.0,-0.0008053362915595,0.2179314434440728,0.2763276751366859,0.0438,0.05839623169261307,0.07374939589490483,-0.013742269105074912
2025-03-06,233.42263965762712,236.82779659290307,232.14819548977783,234.30877685546875,45170400,0.0,0.0,-0.0017391939743134,0.2179772951638748,0.2975922781249359,0.0438,0.07961498296106109,0.07437775821794103,-0.00535301197822783
2025-03-07,234.0897400039076,240.32256924437755,233.74125275300776,238.03256225585935,46273600,0.0,0.0,0.0158926415406437,0.2244225889244515,0.28643049931764514,0.0438,0.062007910393193644,0.07182609946910787,0.003066726582746003
2025-03-10,234.5178647329352,235.13518456664028,223.24699590534985,226.4928436279297,72071200,0.0,0.0,-0.0484795799304371,0.2728057020481202,0.33959113978892763,0.0437,0.06678543774080742,0.06826434124295293,0.011738227917380382
2025-03-11,222.83878108425105,224.85997074742772,216.5063794973434,219.8816680908203,76137400,0.0,0.0,-0.0291893352178925,0.2919331896847753,0.27350582476965435,0.0437,-0.018427364915120925,0.0629592858175347,0.016094511872459742
2025-03-12,219.18469713036333,220.78771110845915,213.9773970817033,216.0384063720703,62547500,0.0,0.0,-0.0174787727968416,0.2837567186004013,0.2712060317341359,0.0436,-0.012550686866265426,0.05649874317575371,0.020794592901905072
2025-03-13,215.01287598245443,215.899013195213,207.51555384047248,208.77008056640625,61368300,0.0,0.0,-0.0336436744175304,0.2911075676256991,0.3198241761352816,0.0437,0.028716608509582464,0.049857396409999276,0.02683717792589334
2025-03-14,210.3332680009786,213.02154815111564,208.67051688888432,212.5635528564453,60107600,0.0,0.0,0.0181705744412568,0.2893995481356735,0.28327427890021933,0.0437,-0.006125269235454145,0.043214453858537394,0.030784164373269363
2025-03-17,212.3843419118567,214.28605714072168,209.0588394397278,213.07135009765625,48073400,0.0,0.0,0.0023889196166846,0.2827966996475279,0.6399732475981569,0.0437,0.357176547950629,0.08191418313572249,0.05107072607458592
2025-03-18,213.23065092190424,214.21634506867483,210.57223927739028,211.76702880859372,42432400,0.0,0.0,-0.0061215235575533,0.2819248122770023,0.645557430959312,0.0437,0.36363261868230967,0.10511782729900926,0.07097509258072607
2025-03-19,213.29039128502816,217.8106832228152,212.8224296395377,214.30596923828125,54385400,0.0,0.0,0.011989309402751,0.2883493888613818,0.2510554732581929,0.0437,-0.0372939156031889,0.10657172695798801,0.06937719607099356
2025-03-20,213.0613904363763,216.5462020975973,211.29906714235267,213.17091369628903,48862900,0.0,0.0,-0.0052964252280353,0.2858749732917546,0.2949118202812314,0.0436,0.009036846989476821,0.10607897531479248,0.07010889365564497
2025-03-21,210.6419412957371,217.8903488075446,210.3631575600964,217.3228302001953,94127800,0.0,0.0,0.0194769372233474,0.3002285239002469,0.6277181590661721,0.0436,0.3274896351659252,0.11989888524091527,0.08535456505617763
2025-03-24,220.04097309502072,220.5188858867363,217.63147647971348,219.7721405029297,44299500,0.0,0.0,0.0112703773481972,0.3033588955139769,0.22730566308582226,0.0435,-0.07605323242815462,0.12517867106352634,0.07840316404666313
2025-03-25,219.81195837594151,223.1275094458969,219.12495024533283,222.77902221679688,34493600,0.0,0.0,0.0136818147513428,0.3104730447502283,0.1631476824746439,0.0436,-0.1473253622755844,0.1349538068056362,0.06694164354175759
2025-03-26,222.54008343913912,224.0435405886843,219.51328206033224,220.5686798095703,34466100,0.0,0.0,-0.009921681068676,0.2999439027855933,0.2463545746211782,0.0436,-0.053589328164415084,0.13762253466551874,0.061014928690879454
2025-03-27,220.42928473771144,224.0136687326393,219.6028846724205,222.8786163330078,37094800,0.0,0.0,0.0104726406552,0.3021823928832346,0.6278097193916466,0.0437,0.32562732650841203,0.14983191494664377,0.07368912611041992
2025-03-28,220.7080664246457,222.8387793372666,216.7353754664909,216.9544219970703,39818600,0.0,0.0,-0.0265803621424409,0.3018663821921646,0.6327632920404432,0.0438,0.33089690984827863,0.15928741543925587,0.09015467663258186
2025-03-31,216.0682695484103,224.6409066608951,215.29165561007284,221.1660614013672,65299300,0.0,0.0,0.019412553869742,0.3109606986618409,0.26313222306163125,0.0438,-0.04782847560020964,0.16225532279479535,0.08353926324835761
2025-04-01,218.85611373602532,222.7093146865384,217.95005911072687,222.2214508056641,36412700,0.0,0.0,0.0047719319935872,0.3114826914823754,0.30321481597274674,0.0438,-0.008267875509628653,0.16349378281405852,0.08009597729221336
2025-04-02,220.3595869543347,224.21278818927524,220.06088576879955,222.91842651367188,35905900,0.0,0.0,0.0031364015736596,0.3120952829452255,0.30970801193908154,0.0438,-0.002387271006143943,0.16448036179993372,0.0770568021572755
2025-04-03,204.64805110026137,206.58960121618028,200.37667426890133,202.30825805664065,103419000,0.0,0.0,-0.0924561005537476,0.4466894070255959,0.35302291002202035,0.0436,-0.09366649700357554,0.16884445909293166,0.06839272815904368
2025-04-04,193.0486144227304,199.0126263082325,186.52703508606032,187.56253051757807,125910900,0.0,0.0,-0.0728874227908883,0.4950830642223068,0.7182582581275976,0.0436,0.22317519390529078,0.1723336233653171,0.07645109233464853
2025-04-07,176.43103817745248,193.30748067285785,173.86223225537526,180.6725616455078,160466300,0.0,0.0,-0.0367342499221857,0.4850585080795162,0.4200311176125919,0.0436,-0.06502739046692435,0.17521906322556735,0.06986045092426194
2025-04-08,185.88983084847527,189.51403482217904,168.47573669018362,171.6717987060547,120859500,0.0,0.0,-0.0498180955507414,0.5007184909565554,0.5142158096121,0.0436,0.013497318655544599,0.17451644278098685,0.07145668510279522
2025-04-09,171.20381523449285,199.7394480269994,171.14407803694525,197.98709106445312,184395900,0.0,0.0,0.1532883825808619,0.7697186935931857,0.4298318215736616,0.0436,-0.33988687201952406,0.19674357098477996,0.055089875845132294
2025-04-10,188.24954112448535,193.9347541651764,182.20587449762067,189.5936737060547,121880000,0.0,0.0,-0.0423937606905191,0.7749074374215276,0.5601181768894379,0.0436,-0.2147892605320897,0.2057882234574758,0.042914582393048684
2025-04-11,185.29243322025624,198.67409816298056,185.25259829067517,197.2901306152344,87435900,0.0,0.0,0.04059448165508,0.7872933406795222,0.42692065863590756,0.0437,-0.3603726820436146,0.2246152516845421,0.025202211752640657
2025-04-14,210.52244846919623,212.01593914767517,200.28706023476008,201.6411590576172,101352900,0.0,0.0,0.0220539589528094,0.7920218893376434,0.37690602201189166,0.0434,-0.41511586732575173,0.2308382307376193,-0.013412409011178373
2025-04-15,200.98403365195668,202.62686743682656,198.9329754067001,201.2628173828125,51343900,0.0,0.0,-0.0018763117439558,0.7918440014800592,0.3350382847850324,0.0435,-0.4568057166950268,0.2331949947456462,-0.05443432578004519
2025-04-16,197.49920369317184,199.8290454554037,191.535192242388,193.4269561767578,59732400,0.0,0.0,-0.0389334766746828,0.8010097489625766,0.69817804453677,0.0435,-0.10283170442580658,0.23340183989088767,-0.05771121522117608
2025-04-17,196.3442601625108,197.9671917432912,193.5763250102755,196.12521362304688,52164700,0.0,0.0,0.0139497487817743,0.8034860182050455,0.692186793219878,0.0436,-0.11129922498516753,0.23314150784169166,-0.0637280188199083
2025-04-21,192.43130060162235,192.958999427942,188.98630873883343,192.32177734375,46742500,0.0,0.0,-0.0193928980829924,0.8009228873448453,0.5515509427243896,0.0435,-0.24937194462045564,0.21734259170114376,-0.09257109780922734
2025-04-22,195.26892870764283,200.7151927551101,195.1195857124949,198.87322998046875,52976400,0.0,0.0,0.0340650587115201,0.8110566621071708,0.4342750633366633,0.0433,-0.37678159877050743,0.22635546482233823,-0.10760751612634498
2025-04-23,205.1060461943045,207.0973670311424,201.9199358938783,203.71212768554688,52929200,0.0,0.0,0.0243315689374248,0.8149689851238303,0.3881718888580862,0.0433,-0.42679709626574414,0.23729821243872348,-0.12158110282585297
2025-04-24,204.00086522918792,207.923769760626,202.05933042602183,207.46575927734372,47311000,0.0,0.0,0.0184261567263734,0.818095255261181,0.39960444713207205,0.0434,-0.41849080812910894,0.24567556998731935,-0.13982617682408766
2025-04-25,205.4744504992001,208.8397878176709,205.30519003897632,208.371826171875,38222300,0.0,0.0,0.0043673081171915,0.8171641942446083,0.3906459801239268,0.0434,-0.42651821412068147,0.22757675892503582,-0.17743345385554235
2025-04-28,209.088696522261,210.5821872117057,206.55972563953333,209.22808837890625,38743100,0.0,0.0,0.0041092993364897,0.8122334118091697,0.3793457781764343,0.0435,-0.43288763363273547,0.20022634306848683,-0.21562268102959306
2025-04-29,207.7844034400983,211.31900144522857,207.46578477039023,210.29347229003903,36827600,0.0,0.0,0.0050919736417198,0.8091385378465097,0.36504837623385034,0.0435,-0.44409016161265935,0.20234318279274063,-0.23543576533021554
2025-04-30,208.39173986928208,212.65316547487808,205.7731479657814,211.57785034179688,52286500,0.0,0.0,0.0061075507374113,0.8092856820538318,0.37060745831589026,0.0435,-0.4386782237379415,0.19978305367417792,-0.2569562827416312
2025-05-01,208.1726964341785,213.62891164873253,207.9934696463897,212.3943023681641,57365700,0.0,0.0,0.0038588728690089,0.8093416625849136,0.4326120756142336,0.0438,-0.37672958697068,0.19206437467491916,-0.27567339853985795
2025-05-02,205.19567188008236,206.0917754590827,201.2827333487594,204.4588928222656,101010600,0.0,0.0,-0.0373616874719323,0.7482857889669421,0.667503521526288,0.0438,-0.08078226744065409,0.19272744553299592,-0.2750291870617119
2025-05-05,202.2186538992821,203.21431440062256,197.34987465543003,198.02691650390625,69018500,0.0,0.0,-0.0314585305122954,0.7069389397884547,0.7396976175460387,0.0438,0.03275867775758401,0.17020828401604093,-0.28455001286909726
2025-05-06,197.3498735756035,199.7792724238197,196.1650351546796,197.6485595703125,51216500,0.0,0.0,-0.0019106338687361,0.6912100390516861,0.3198013758712473,0.0437,-0.3714086631804388,0.163047798639108,-0.29986907650477296
2025-05-07,198.30568786560423,198.5745204381265,192.4113798882551,195.3983612060547,68536700,0.0,0.0,-0.0113848457542505,0.6634263015540663,0.32819584782969874,0.0437,-0.3352304537243676,0.1454717343862925,-0.31730546512376856
2025-05-08,196.86199326420865,199.1818840286168,193.83517686729027,196.63299560546875,50478900,0.0,0.0,0.0063185504309941,0.3782317650351177,0.29794206946180174,0.0437,-0.08028969557331594,0.15464313842538857,-0.30432560630145816
2025-05-09,198.13644922219603,199.66975978270045,196.68277813613463,197.66848754882807,36453900,0.0,0.0,0.0052661148764525,0.3437654131108341,0.3064519498601564,0.0437,-0.03731346325067769,0.16480919579779918,-0.29545181643738755
2025-05-12,210.32994399020487,210.62903686932515,206.12274573806783,210.1504821777344,63775800,0.26,0.0,0.0631461027687732,0.3840367957077894,0.3002936289893898,0.0438,-0.0837431667183996,0.17058089430070708,-0.2816203406711268
2025-05-13,209.79158118866215,212.75257189298435,208.36592688565327,212.28399658203125,51909300,0.0,0.0,0.0101523174355244,0.3786714603318706,0.3068566680049062,0.043899999999999995,-0.07181479232696442,0.17368506277357965,-0.26445528692118747
2025-05-14,211.78550901932945,213.29093762104836,209.94113079478424,211.68582153320312,49325800,0.0,0.0,-0.0028178056681582,0.3788418149362551,0.29783290161339865,0.043899999999999995,-0.08100891332285642,0.1721009865508199,-0.2456654467525789
2025-05-15,210.31001909194575,212.3139309113297,208.90429308394448,210.8085021972656,45029500,0.0,0.0,-0.0041444407073805,0.346786840928755,0.3023506465088138,0.0437,-0.04443619441994118,0.17512063122487634,-0.24274567125228566
2025-05-16,211.71574852428404,211.9251181254035,209.13360964796243,210.61907958984372,54737900,0.0,0.0,-0.0008985529779279,0.3454435649178397,0.29969540073888556,0.0437,-0.04574816417895411,0.17829491780837306,-0.23946811821197497
2025-05-19,207.27923550566183,208.84446444770492,203.64029993754312,208.14659118652344,46140500,0.0,0.0,-0.0117391473181593,0.3396496886901205,0.3048232245606371,0.0437,-0.034826464129483425,0.18402961850541585,-0.2287408441874264
2025-05-20,207.03996203611737,207.83753801206535,204.40797196423648,206.232421875,42496600,0.0,0.0,-0.0091962558724207,0.3234873187585133,0.307415588146731,0.0436,-0.016071730611782298,0.18641741725435435,-0.21070535077949012
2025-05-21,204.54755595275296,206.4118779017609,200.10109516487896,201.47689819335935,59211800,0.0,0.0,-0.0230590497769695,0.3238604992086682,0.3274851255198904,0.0435,0.003624626311222179,0.1849973213616889,-0.1891842646506418
2025-05-22,200.1010930441042,202.13489740214877,199.0941474443519,200.7491149902344,46742400,0.0,0.0,-0.0036122414512582,0.3162674999130562,0.32211400736562923,0.0437,0.005846507452573035,0.18161679910479825,-0.1679673988715577
2025-05-23,193.08241474951325,197.1001867487955,192.87306039619787,194.6775665283203,78432900,0.0,0.0,-0.0302444594199552,0.3313171108571976,0.3346893388745519,0.0436,0.003372228017354262,0.17471435736031712,-0.14647287676465592
2025-05-27,197.6983910952664,200.1309909415137,196.83102019804124,199.60260009765625,56288500,0.0,0.0,0.0252984134595677,0.3457314254529457,0.32167857546615874,0.0435,-0.024052849986786973,0.16296156839110626,-0.12603113758235848
2025-05-28,199.98144837254893,202.11495545301855,199.29353925378825,199.8119659423828,45339700,0.0,0.0,0.0010489134140743,0.3449082624133355,0.32685258872985695,0.0435,-0.018055673683478546,0.14617849065424515,-0.10472941318589943
2025-05-29,202.96236033905296,203.19165828241367,197.90773491315443,199.34336853027344,51396800,0.0,0.0,-0.002345191940329,0.3434672487801194,0.3220756436257385,0.0434,-0.021391605154380933,0.12412045243591761,-0.08386508225672143
2025-05-30,198.7651407343476,201.3472946799051,196.18300200128655,200.24066162109372,70819900,0.0,0.0,0.0045012437455829,0.3436388145569063,0.323078851159785,0.0433,-0.020559963397121295,0.10377275970009259,-0.06605660107804348
2025-06-02,199.6723835925692,201.51677709467236,199.51286535414476,201.08807373046875,35423300,0.0,0.0,0.0042319681852556,0.3188529797715395,0.32020098839627986,0.0433,0.0013480086247403822,0.1047795165063344,-0.06195008727477377
2025-06-03,200.73914706631285,203.1518034040851,200.3503308633764,202.6533203125,46381600,0.0,0.0,0.0077838857023875,0.2983161529453986,0.27340543001971235,0.0433,-0.024910722925686246,0.10281103536288888,-0.06483355730893728
2025-06-04,202.29440469878628,205.6143037964219,201.48686455307688,202.2046813964844,43604000,0.0,0.0,-0.0022138246505105,0.2983616359153025,0.269845922364246,0.0432,-0.028515713551056532,0.07337143512194323,-0.047688909827468165
2025-06-05,202.8826044104843,204.12881205428332,199.54276184010465,200.0213165283203,55126100,0.0,0.0,-0.0107977958427327,0.2980375896414351,0.2788167111921406,0.0426,-0.019220878449294543,0.028489304646773184,-0.031888431063714515
2025-06-06,202.3841235560851,205.07592905349443,201.4370087789868,203.30133056640625,46607700,0.0,0.0,0.016398322413909,0.3023894335554766,0.2735920788578661,0.042800000000000005,-0.028797354697610522,0.026112578532200132,-0.02931381401992924
2025-06-09,203.7699042317972,205.3750202901374,199.41316716451476,200.8388214111328,72862600,0.0,0.0,-0.0121126071748413,0.3060464809618323,0.27374876632489453,0.0429,-0.03229771463693776,0.026055729527278762,-0.029063026589242247
2025-06-10,199.99141796230995,203.73004106569937,199.9615101944825,202.0551300048828,54672600,0.0,0.0,0.0060561428572623,0.201422442648728,0.26512668109318815,0.0429,0.06370423844446016,0.03028629241405324,-0.021690656331099258
2025-06-11,202.88260699920767,203.8795731269679,197.80805305990708,198.1769256591797,60989900,0.0,0.0,-0.0191937930287114,0.2050640675160935,0.26920812291372975,0.043,0.06414405539763626,0.033528353256762025,-0.014892713944869223
2025-06-12,198.476026276637,199.07419684911244,196.7612432530472,198.5956573486328,43904600,0.0,0.0,0.0021129184846335,0.2059795604513029,0.2662244699579889,0.0418,0.060244909506685984,0.033744814404472946,-0.007830022803392105
2025-06-13,199.1240517744725,199.76210952406475,195.1062792678608,195.85400390625,51447300,0.0,0.0,-0.013805203391582,0.2094506763971359,0.26545951969087844,0.042300000000000004,0.05600884329374253,0.03544192152680852,-0.002807770917707919
2025-06-16,196.701426450214,198.08720880439395,195.9636660151664,197.81802368164065,43020700,0.0,0.0,0.0100279786791122,0.2148343101023768,0.2485344707059768,0.0424,0.03370016060360001,0.03482272103378006,0.0011646453214197868
2025-06-17,196.60172782081943,197.7881200100286,194.6177748569289,195.0464630126953,38856200,0.0,0.0,-0.0140106579641384,0.216200784291147,0.252026022340187,0.042300000000000004,0.035825238049040004,0.03456209490591177,0.004697230430345959
2025-06-18,195.34553910938877,196.97059871241268,194.4781834746436,195.9835968017578,45394700,0.0,0.0,0.0048046694853498,0.2167247257941487,0.24650265102016275,0.042,0.02977792522601405,0.034632515633556044,0.006989713222235776
2025-06-20,197.63859168364692,201.0880863339216,196.26277341287405,200.3902130126953,96813500,0.0,0.0,0.0224846175029378,0.2195787196244242,0.24220881662220925,0.042,0.022630096997785037,0.0347956811007135,0.007939986756563919
2025-06-23,201.01828233775663,201.686247808318,198.3563846401482,200.888671875,55814300,0.0,0.0,0.0024874411519943,0.2193813114960456,0.224021157821478,0.042,0.004639846325432406,0.0348005478720512,0.007879653700206888
2025-06-24,201.9753521214132,202.82277936444737,199.5926038267289,199.6923065185547,54064000,0.0,0.0,-0.0059553649555199,0.1897213497192653,0.2201577767804228,0.0421,0.03043642706115751,0.03514058390490847,0.00923286365239705
2025-06-25,200.8388194477268,203.052085424857,200.0113357524488,200.948486328125,39525700,0.0,0.0,0.0062905768953778,0.1687204049815062,0.2346245518270094,0.0421,0.06590414684550319,0.036390741049648984,0.01373071349401156
2025-06-26,200.81890119127092,202.0252370277816,198.85489170599743,200.3902130126953,50799100,0.0,0.0,-0.00277819119532,0.1690686321891155,0.21295717134774245,0.041100000000000005,0.04388853915862695,0.036178432374535656,0.016827924136116834
2025-06-27,201.27751091280396,202.6034778198992,199.39324535272064,200.469970703125,73188600,0.0,0.0,0.0003980119050257,0.1688014598831036,0.22685964097734734,0.04190000000000001,0.05805818109424374,0.03612280855155708,0.020800413448548067
2025-06-30,201.39711462840117,206.7607970676305,198.65545787730727,204.5475311279297,91912800,0.0,0.0,0.0203400060892069,0.1827704970079474,0.2586507531785818,0.042800000000000005,0.07588025617063443,0.036742604812222926,0.025622424426935853
2025-07-01,206.04299395149744,209.55231908550664,205.5146031050056,207.18951416015625,78788900,0.0,0.0,0.012916230362977,0.1872710911454369,0.301072247798457,0.0432,0.11380115665302007,0.04116994125045001,0.031245081828349834
2025-07-02,208.2761972389462,212.69274987948137,207.5085290616707,211.7954864501953,67941800,0.0,0.0,0.022230721031947,0.2002116560422699,0.3058784183947806,0.0433,0.10566676235251068,0.0421381845399486,0.03777395609225968
2025-07-03,211.5063531929921,213.9987684566969,211.16738836812712,212.9021148681641,34955800,0.0,0.0,0.0052249858413719,0.1997358450573737,0.29797077061750177,0.0435,0.09823492556012806,0.04116387508736288,0.04411148804781891
2025-07-07,212.0347627655988,215.57399579559092,208.16654427869605,209.31304931640625,50229000,0.0,0.0,-0.0168578201018824,0.2062033466262074,0.31881442056626697,0.0437,0.11261107394005956,0.04104365395507603,0.05070308566728662
2025-07-08,209.46258702266437,210.78853856973336,207.81758380403343,209.3728485107422,42848900,0.0,0.0,0.0002856926241876,0.1994689889589905,0.3161306069769855,0.0436,0.11666161801799496,0.039054173848082914,0.057976034303066894
2025-07-09,208.8943192909964,210.6888614301138,206.59132988433592,210.4994354248047,48749400,0.0,0.0,0.0053807689109446,0.1931450910081104,0.3099891470598167,0.0436,0.11684405605170634,0.0349309636831802,0.0654331228374991
2025-07-10,209.87133445003573,212.8323250717279,209.39279496736208,211.7655792236328,44443600,0.0,0.0,0.0060149510438018,0.1931348664455194,0.304038992715193,0.0436,0.11090412626967364,0.03637270802634573,0.06779311722875977
2025-07-11,209.931172276849,211.48643705736623,209.2233196075129,210.51937866210935,39765800,0.0,0.0,-0.0058848117153514,0.1786125195433717,0.3040503162346111,0.0437,0.1254377966912394,0.03856522238618513,0.07085780429343992
2025-07-14,209.29308368901167,210.27012140888863,206.9103353456299,207.987060546875,38840100,0.0,0.0,-0.0120289074161615,0.1865130566063036,0.3112466229586401,0.0437,0.12473356635233648,0.04028861406011086,0.07408223713572246
2025-07-15,208.5852528191871,211.24715053377864,208.28615994072268,208.4755859375,42296300,0.0,0.0,0.0023488258805162,0.1764663927995255,0.32350381186064464,0.0436,0.14703741906111914,0.04317758736299681,0.0786336659240913
2025-07-16,209.6619745482938,211.75559423754484,208.00700716596052,209.52239990234372,47490500,0.0,0.0,0.0050212784395655,0.1747785807032586,0.3236461155389464,0.0436,0.1488675348356878,0.04452815619997861,0.08439203463569567
2025-07-17,209.93116216460888,211.15742622671812,208.95412441878605,209.38282775878903,48068100,0.0,0.0,-0.000666144257701,0.1636845827855789,0.31987428517083627,0.0436,0.15618970238525737,0.045736181891746656,0.09041025785250653
2025-07-18,210.23024956462243,211.1474566075158,209.06380098140497,210.539306640625,48974600,0.0,0.0,0.0055232747318143,0.1637744110355861,0.31975545692283347,0.0435,0.15598104588724737,0.04563646709376137,0.09672041388556821
2025-07-21,211.4565208835752,215.12534891613052,210.98794558852117,211.8353576660156,51377400,0.0,0.0,0.0061558625136106,0.1483868827617741,0.3279701542118527,0.0435,0.1795832714500786,0.04572009727731217,0.10456807260818288
2025-07-22,212.4933551608528,214.29786137817436,211.58611235366487,213.74952697753903,46404100,0.0,0.0,0.0090361181089577,0.1500027965439144,0.35147457379235025,0.0437,0.20147177724843585,0.04423844227255158,0.11440966915433307
2025-07-23,214.3477172095632,214.4972560435483,211.76557859278188,213.5002899169922,46989300,0.0,0.0,-0.0011660239162684,0.1470819567324524,0.3467980990367231,0.0437,0.1997161423042707,0.0435144643788211,0.12287365491648872
2025-07-24,213.251055366678,215.03563331063384,212.8821827557749,213.11148071289065,46022600,0.0,0.0,-0.0018211179209767,0.1477764965123744,0.34504436671266464,0.0437,0.19726787020029024,0.0443685620210497,0.12944184108422807
2025-07-25,214.0486138925591,214.5869840936473,212.75255494873,213.23110961914065,40268800,0.0,0.0,0.0005613442591165,0.1465196070050151,0.33793034177984493,0.0437,0.19141073477482984,0.04157140529472764,0.13681795086503823
2025-07-28,213.38067592321025,214.1981955143971,212.41361748607304,213.40061950683597,37858000,0.0,0.0,0.0007949585217563,0.1464274443454609,0.37563808103388263,0.044000000000000004,0.22921063668842173,0.04211769345155602,0.14537557364474712
2025-07-29,213.53020352524888,214.1582970701604,210.18041185237743,210.6290435791016,51411700,0.0,0.0,-0.0129876658003121,0.1423283887163514,0.408981924486139,0.044000000000000004,0.2666535357697876,0.04688346396165361,0.15491423762470477
2025-07-30,211.2571312800854,211.74565019362484,207.08981987426867,208.4157867431641,45512500,0.0,0.0,-0.010507842595346,0.1417034514493629,0.4119019779941937,0.0441,0.2701985265448308,0.05238536338732048,0.16273410611929529
2025-07-31,207.85746883247032,209.2033639475293,206.5315020865265,206.9402618408203,80698400,0.0,0.0,-0.0070797175463588,0.1178094114368672,0.4741099435727606,0.0449,0.3563005321358934,0.06617787628237524,0.17526579460846445
2025-08-01,210.23023901853355,212.93202387361225,200.8886714237977,201.76600646972656,104434500,0.0,0.0,-0.0250036185567109,0.1424594282990926,0.2987176714414279,0.0449,0.1562582431423353,0.06385423854904775,0.1781669604875748
2025-08-04,203.8895472057539,207.24933356384108,201.06813110178,202.7330780029297,75109300,0.0,0.0,0.0047930350118132,0.1343049937500526,0.32177660459809015,0.044800000000000006,0.18747161084803757,0.06197567820519655,0.1819099873329737
2025-08-05,202.7829065525681,204.7170232958933,201.5466782764192,202.3043670654297,44155100,0.0,0.0,-0.0021146570738387,0.1341372956176544,0.27100348948332476,0.0449,0.13686619386567037,0.06101332532552532,0.1829202161253575
2025-08-06,205.0061502968161,214.72657006985975,204.96626313259569,212.60302734375,108483100,0.0,0.0,0.050906762062084,0.2294263238210695,0.2967727203998084,0.044800000000000006,0.06734639657873889,0.06472559056189686,0.1804453331517091
2025-08-07,218.2159523061407,220.1799768073744,215.92292715514495,219.36245727539065,90224800,0.0,0.0,0.0317936673625609,0.2543934952616238,0.2952556699131449,0.0449,0.04086217465152109,0.07033784050494948,0.17694323557080147
2025-08-08,220.16001960779295,230.2991627392556,218.5848113878,228.6541748046875,113854000,0.0,0.0,0.0423578293419275,0.2899987765463949,0.3428346874431032,0.044800000000000006,0.052835910896708305,0.07486376765538605,0.17331314128107492
2025-08-11,227.486400432218,229.12327986736796,224.3324083989562,226.747802734375,61806100,0.26,0.0,-0.0083373595603093,0.2875281273917055,0.35290867426486017,0.0446,0.06538054687315464,0.07800149162977787,0.17034549030711582
2025-08-12,227.57622481823225,230.36092560837628,226.63802588155735,229.21310424804688,55626200,0.0,0.0,0.0108724383828313,0.2882809059435242,0.371813732144398,0.0444,0.08353282620087382,0.0802600877513499,0.16717026066410356
2025-08-13,230.6304284784954,234.552944884794,229.99163136972763,232.88612365722656,69878500,0.0,0.0,0.0160244739114254,0.2909722189073146,0.6632411374438716,0.0444,0.37226891853655697,0.09223169132467476,0.17834032984914702
2025-08-14,233.6147219132583,234.6727029329224,230.41083714463488,232.337158203125,51916300,0.0,0.0,-0.0023572269806403,0.2915056234894202,0.35833443109053653,0.044800000000000006,0.06682880760111631,0.09546890197137758,0.17387228510993996
2025-08-15,233.5548328767578,233.834298979768,228.9036945156081,231.1494140625,56038700,0.0,0.0,-0.0051121574775679,0.2938675407482104,0.3695622341028809,0.044800000000000006,0.0756946933546705,0.09791735553666542,0.1698579674833111
2025-08-18,231.25921652669464,232.67651332576617,229.672244959047,230.4507598876953,37476200,0.0,0.0,-0.0030225219373292,0.2951259552787175,,0.0447,,0.10057302550819329,0.16934610937979705
2025-08-19,230.8400151681398,232.42698672077373,228.9136940815642,230.1213836669922,39402600,0.0,0.0,-0.0014292694060268,0.2952747636304296,0.41613259644631617,0.0446,0.12085783281588658,0.10084251327465371,0.16510327019913654
2025-08-20,229.54248102593337,230.0315543310328,225.3404986724704,225.5800323486328,42263900,0.0,0.0,-0.0197345907016235,0.3066044745690223,0.375099970581233,0.044500000000000005,0.06849549601221072,0.10281444454748773,0.1581969203942913
2025-08-21,225.83955683035407,226.08908123987143,223.3542882288465,224.4721527099609,30621200,0.0,0.0,-0.0049112486913719,0.3074346351926013,0.3331344912885277,0.0449,0.0256998560959264,0.10665475762450688,0.14916702491511427
2025-08-22,225.7397343895232,228.65417758009715,224.98118568943212,227.3267059326172,42477800,0.0,0.0,0.0127167365225235,0.3092957753152355,0.3672294907293277,0.0447,0.0579337154140922,0.10810374834788367,0.14214191863297015
2025-08-25,226.04912998143797,228.8637723966904,225.7996055926997,226.72784423828125,30983100,0.0,0.0,-0.0026343657771271,0.3099152987921936,0.42819381012794044,0.044500000000000005,0.11827851133574685,0.10611743678128122,0.1363033857196715
2025-08-26,226.438403395408,229.0534295301293,224.2625578823749,228.87376403808597,54575100,0.0,0.0,0.0094647386915098,0.3045510001084569,0.682526644737792,0.044199999999999996,0.3779756446293351,0.11629905497329254,0.1421624440807003
2025-08-27,228.17510050695543,230.46073738560716,227.82576024347395,230.0515289306641,31259500,0.0,0.0,0.0051459148125956,0.2994592397095432,0.6822341677260829,0.044199999999999996,0.38277492801653973,0.12567430766087537,0.1480875178423692
2025-08-28,230.3809040856524,232.9659733126178,228.90370861616245,232.1175842285156,38074700,0.0,0.0,0.0089808370648745,0.2961921456210909,0.459622827918245,0.044199999999999996,0.16343068229715407,0.11528165793456421,0.1379364731140145
2025-08-29,232.0676707602769,232.9360260407387,230.92984008944924,231.6983795166016,39418400,0.0,0.0,-0.0018060015285242,0.2747389129909529,0.41906157101493136,0.0441,0.14432265802397848,0.11520876946552823,0.13730828442357468
2025-09-02,228.8138823959992,230.4108447009183,226.53822101083423,229.28298950195312,44075600,0.0,0.0,-0.010424716908628,0.2816425026750405,0.24202841094822664,0.044000000000000004,-0.03961409172681385,0.12133199566978008,0.12535640534068776
2025-09-03,236.75874463665696,238.395624134605,233.9141603097862,238.01634216308597,66427800,0.0,0.0,0.0380898412049814,0.3011559324596221,0.23142967274168386,0.0435,-0.06972625971793822,0.12924236256096086,0.11448311830997149
2025-09-04,237.996365667052,239.4436041167336,236.2896273284533,239.32383728027344,47549400,0.0,0.0,0.0054932997680117,0.2557142234816515,0.2411332911273254,0.0433,-0.014580932354326115,0.1322344256604883,0.11017115362928387
2025-09-05,239.5434165987409,240.8609127003189,238.0362947520209,239.2340087890625,54870400,0.0,0.0,-0.0003753428502223,0.2376307164370911,0.23861289238278416,0.0429,0.0009821759456930534,0.13370402059123263,0.10807220632897713
2025-09-08,238.84475646782596,239.69313028194867,235.89038089866293,237.42745971679688,48999500,0.0,0.0,-0.0075513890412566,0.1940816742659518,0.23813893522712737,0.0426,0.04405726096117557,0.13392049487610438,0.10761017212184383
2025-09-09,236.54912730927947,238.3257397896772,232.9160527142261,233.9041748046875,66313900,0.0,0.0,-0.014839416284502,0.1999387306279694,0.23546112790274504,0.0425,0.03552239727477563,0.13461693916108886,0.1060386905640344
2025-09-10,231.7482872752143,231.9778454619465,225.5201526853384,226.35855102539065,83440800,0.0,0.0,-0.0322594660210642,0.2298715311814751,0.23015268233816716,0.042300000000000004,0.0002811511566920555,0.13672850788827537,0.1016570234564459
2025-09-11,226.44839058875493,230.0115911363252,226.21881717306923,229.59239196777344,50208600,0.0,0.0,0.0142863652719709,0.2282889954894455,0.21711137392986996,0.042199999999999994,-0.011177621559575551,0.12208073380851653,0.08147562660928102
2025-09-12,228.78393068206051,234.063860229386,228.584314210114,233.6247100830078,55824200,0.0,0.0,0.0175629430952588,0.2370539487437718,0.2320079099082687,0.0424,-0.005046038835503114,0.1236631345176087,0.0776927399547221
2025-09-15,236.549127145038,237.7368657054393,234.58287368836287,236.24969482421875,42699500,0.0,0.0,0.0112359036862079,0.2391222966568403,0.23809326378970153,0.042199999999999994,-0.0010290328671387627,0.12497768312912684,0.07365464910094267
2025-09-16,236.72878926810645,240.76111223381088,235.87043992435724,237.6969451904297,63421100,0.0,0.0,0.006125935389198,0.2391849978251053,0.2606869913531142,0.042,0.021501993528008884,0.12220205174325957,0.07104701632229599
2025-09-17,238.5153883976145,239.6432435766681,237.27774187166392,238.5353546142578,46508000,0.0,0.0,0.0035272200202507,0.2389837895271708,0.24295977379115166,0.0417,0.003975984263980853,0.12248905968988831,0.0652029238947007
2025-09-18,239.5134800259323,240.74113579799257,236.199788714976,237.42745971679688,44249600,0.0,0.0,-0.0046445731252398,0.2265404280253352,0.24499671932232028,0.042,0.01845629129698509,0.12292852772802099,0.06270096365893942
2025-09-19,240.77107799962133,245.83144010441063,239.7530294205925,245.032958984375,163741300,0.0,0.0,0.0320329387201039,0.2471821503887494,0.26448766497258963,0.04190000000000001,0.01730551458384022,0.12307575272027148,0.062281246583335115
2025-09-22,247.82763635806887,256.15178189089505,247.64797087115,255.5928192138672,105517400,0.0,0.0,0.043095672815858,0.281679876012294,0.3294881116010917,0.0417,0.04780823558879771,0.12311539687337042,0.06177497259207039
2025-09-23,255.3932223520852,256.8504363399061,253.0975947938589,253.9459686279297,60275200,0.0,0.0,-0.0064432584256582,0.2835512085167271,0.32162880079814105,0.0416,0.03807759228141394,0.1224826356265793,0.057764926639353745
2025-09-24,254.73446948849343,255.2534845023776,250.5624136207024,251.8300018310547,42303700,0.0,0.0,-0.008332350414175,0.2875387595685505,0.31209646011046766,0.0418,0.024557700541917138,0.09661658579416746,0.040094029434982845
2025-09-25,252.72829161839877,256.6807646844572,251.2311452680336,256.3813171386719,55202100,0.0,0.0,0.0180729669798063,0.2912953768562007,0.30906053103479453,0.0424,0.01776515417859381,0.05319640966693916,0.021843540743085543
2025-09-26,253.61660096533103,257.10994249251326,253.2972024297037,254.97401428222656,46076300,0.0,0.0,-0.0054891006573779,0.293581641493515,0.3219609851371251,0.042199999999999994,0.02837934364361011,0.04158134506450836,0.015090973810408349
2025-09-29,254.0757261912774,254.5148915782133,252.52867184357527,253.9459686279297,40127700,0.0,0.0,-0.0040319624617077,0.2943580833605438,0.36769594530664873,0.042199999999999994,0.07333786194610492,0.031864091817069576,0.011541734006514669
2025-09-30,254.3751575512532,255.4331385813304,252.6284867333586,254.1455993652344,37704300,0.0,0.0,0.0007861150085717,0.2893365510616109,0.3201355913395506,0.042,0.030799040277939727,0.029733121244305622,0.015062390606752348
2025-10-01,254.55481135314997,258.29769267334166,254.44502000530687,254.9640350341797,48713900,0.0,0.0,0.003220341689919,0.2621494138819605,0.4133869290388768,0.0417,0.1512375151569163,0.036785588791254153,0.026110579350495072
2025-10-02,256.09186667190835,257.68882891050583,253.66649683440303,256.6408386230469,42630200,0.0,0.0,0.0065766279100596,0.2622828000274043,0.44504320939108755,0.042300000000000004,0.18276040936368326,0.04954880697084625,0.03597764643639554
2025-10-03,254.18552630266564,258.7468246365968,253.46689477740225,257.5291442871094,49155600,0.0,0.0,0.0034612794628809,0.2618593677866953,0.3684467082062002,0.0424,0.1065873404195049,0.05122192404974297,0.04125790466008613
2025-10-06,257.499174775338,258.57713717661323,254.56478079871025,256.20166015625,44664100,0.0,0.0,-0.0051546947609915,0.260614247917566,0.4475304322929742,0.042199999999999994,0.1869161843754082,0.06071420930442451,0.048400850830797766
2025-10-07,256.32145476920215,256.9103287268919,254.94407514023973,255.9920959472656,31955800,0.0,0.0,-0.0008179658510275,0.2518181636425109,0.2628162731902979,0.042,0.01099810954778696,0.06123343061503135,0.04717463644444834
2025-10-08,256.03201279963565,258.0282082133661,255.62278908467795,257.569091796875,36496900,0.0,0.0,0.0061603302390016,0.2107246694637786,0.2674779505544298,0.042,0.0567532810906512,0.06025141355436908,0.04999824294114629
2025-10-09,257.3195337882977,257.50917476461467,252.6584199331141,253.55670166015625,38322000,0.0,0.0,-0.0155779177879115,0.2225376127333717,0.26653977127206485,0.042,0.04400215853869316,0.05854177549986647,0.052757231946059725
2025-10-10,254.4550078501572,255.8922708493858,243.53581752909895,244.80340576171875,61999100,0.0,0.0,-0.0345220451328066,0.2577634487450508,0.2804683841294793,0.04190000000000001,0.02270493538442847,0.05741770618249737,0.0541447806570563
2025-10-13,248.9055871417832,249.2149949644775,245.09284695690997,247.18885803222656,38142900,0.0,0.0,0.009744359001401,0.2571438657612611,0.28270300696439704,0.04190000000000001,0.02555914120313596,0.05637128291683146,0.05547418936057004
2025-10-14,246.1308726626428,248.37659224814223,244.2344780970313,247.29864501953125,35478000,0.0,0.0,0.0004441421356069,0.2568396105650442,0.2780825536323711,0.04190000000000001,0.021242943067326936,0.056379528756756794,0.05546123683753594
2025-10-15,249.01538540478128,251.3409547309234,246.99922390992757,248.86566162109372,33893600,0.0,0.0,0.0063365353313551,0.2572391545118508,0.2959667502186092,0.042,0.03872759570675838,0.055233129732969975,0.05719881740967482
2025-10-16,247.77774448085987,248.56623493239263,244.6636846503341,246.9792633056641,39777000,0.0,0.0,-0.0075799863393841,0.258490003161365,0.29989462056669836,0.042,0.041404617405333355,0.054620902073198405,0.05834623371509223
2025-10-17,247.5481624372989,252.89796599708643,246.79958926324147,251.81002807617188,49147000,0.0,0.0,0.0195593942011609,0.2426377616136852,0.29478637826339393,0.0418,0.05214861664970874,0.05379238043524323,0.060088388818385664
2025-10-20,255.4032084113237,263.87706298772724,255.143708503654,261.7411193847656,90483000,0.0,0.0,0.0394388237214669,0.2345299544330491,0.3125267899770514,0.0415,0.0779968355440023,0.05385317582744291,0.061597818816145886
2025-10-21,261.3817895915523,264.7853058703715,261.3318664386604,262.27008056640625,46695900,0.0,0.0,0.0020209326791449,0.2327447424768599,0.3016297501042994,0.0412,0.06888500762743949,0.053584941723073924,0.06313818958344716
2025-10-22,262.15033525743416,262.349966966352,254.94406918261987,257.9583435058594,45015300,0.0,0.0,-0.0164400645747891,0.2390803381650047,0.29678029008985146,0.041100000000000005,0.057699951924846754,0.05283627813830124,0.06479530215259365
2025-10-23,259.4454820834593,260.12418111371363,257.51916110368444,259.0861511230469,32754900,0.0,0.0,0.0043720532620099,0.2311547533590837,0.2875422668460579,0.0412,0.05638751348697418,0.051720933979494205,0.06672642011801266
2025-10-24,260.69313376057823,263.62754335723145,258.68694768993146,262.3200378417969,38253700,0.0,0.0,0.0124818972559215,0.2336385782196572,0.2903585404046659,0.041100000000000005,0.056719962185008715,0.050998202556446506,0.0681434510450826
2025-10-27,264.37609822840903,268.60802232244004,264.1465248140549,268.2986145019531,44888200,0.0,0.0,0.022791155068992,0.244334448732013,0.31907190600216506,0.0409,0.07473745727015207,0.051006665037090275,0.06821343081128495
2025-10-28,268.4782600095115,269.3765722048576,267.63986169210665,268.4882507324219,41534800,0.0,0.0,0.0007068103233436,0.244343560359397,0.3130902464156568,0.0407,0.0687466860562598,0.0502417127165117,0.07011081310020095
2025-10-29,268.76770579477784,270.8936584399069,266.6018207191691,269.1869201660156,51086700,0.0,0.0,0.0026022346664624,0.2443413580247715,0.3368550663557621,0.0403,0.09251370833099062,0.046852673849889157,0.06717462275890466
2025-10-30,271.4725408872279,273.6184749716116,267.969239224885,270.8836669921875,69886500,0.0,0.0,0.0063032290912405,0.2442876806851118,0.31642610274476374,0.0405,0.07213842205965193,0.03822440108339156,0.06164352339370312
2025-10-31,276.4630533049319,276.79244258078194,268.647962249571,269.85565185546875,86167100,0.0,0.0,-0.0037950428984276,0.2453890980832544,0.31878345595016744,0.0406,0.07339435786691303,0.03686678625233155,0.05998387426607351
2025-11-03,269.90556627002525,270.33474092754267,265.74348587775046,268.53814697265625,50194600,0.0,0.0,-0.0048822578802912,0.2452789445643564,0.28065863107207023,0.0406,0.03537968650771384,0.021968192124527698,0.052407049372688794
2025-11-04,267.8195068636227,270.9734988318123,267.11086611942017,269.5262756347656,49274800,0.0,0.0,0.0036796584516909,0.2449993625932968,0.2330437270110691,0.04019999999999999,-0.011955635582227703,0.024677860347828796,0.05125936211618807
2025-11-05,268.0989800730272,271.18312844251227,266.4221834255846,269.6260986328125,43683100,0.0,0.0,0.0003703646251622,0.2447742435998576,0.23681934966498344,0.04,-0.007954893934874169,0.02794517811134207,0.04802395336491179
2025-11-06,267.38037702601645,272.8798740142925,267.38037702601645,269.2567749023437,51204000,0.0,0.0,-0.0013697625428008,0.2359688390152528,0.23739032775604976,0.04019999999999999,0.00142148874079695,0.029826415188742586,0.04589491987501698
2025-11-07,269.28671541495146,271.7719991063764,266.26248096015127,267.9592590332031,48227400,0.0,0.0,-0.0048188791892468,0.1927295079362085,0.23606665126366883,0.0401,0.04333714332746033,0.02933487977528412,0.04692653027216857
2025-11-10,268.7085692371889,273.4741297822401,267.2099714283653,269.1781311035156,41312400,0.26,0.0,0.0045487216030906,0.1917695424352386,0.23290757088013037,0.0404,0.041138028444891755,0.028941842418137253,0.04770547463425637
2025-11-11,269.55775905965567,275.65206242273547,269.5477586519058,274.99267578125,46208300,0.0,0.0,0.0216011035290912,0.2005740663107025,0.2326515527479631,0.0404,0.032077486437260605,0.02851875992009695,0.04824720180275305
2025-11-12,274.74292397164845,275.4722525277038,271.4460210796085,273.21435546875,48398000,0.0,0.0,-0.0064667915516215,0.2048807005395418,0.24184023758516474,0.0403,0.03695953704562294,0.028552542382972553,0.048158798869696276
2025-11-13,273.85374352181776,276.4413491841305,271.83564282199285,272.6948547363281,49602800,0.0,0.0,-0.001901440103799,0.2013062137968833,0.25269671032498187,0.0405,0.05139049652809857,0.02851550350940832,0.04865809282583454
2025-11-14,270.7965900477885,275.702003472256,269.3479639093673,272.15533447265625,47431300,0.0,0.0,-0.001978476140276,0.195125379384839,0.2375285820133212,0.0404,0.042403202628482184,0.028535975546667525,0.04817082212477321
2025-11-17,268.5687054184609,270.2371271729127,265.48159771217263,267.2099609375,45018300,0.0,0.0,-0.0181711431258133,0.1602467902665534,0.24567462019847364,0.0404,0.08542782993192025,0.028989534116895442,0.04854237184416911
2025-11-18,269.7376065335732,270.4569347049811,265.0719890725528,267.19000244140625,45677300,0.0,0.0,-7.469218596389826e-05,0.1602567119659508,0.24567346842294474,0.04019999999999999,0.08541675645699395,0.02982378170801018,0.04936895928564683
2025-11-19,265.2817633125939,271.9555110777923,265.2517925781922,268.3089294433594,40424500,0.0,0.0,0.0041877577444107,0.1466724921863082,0.2440881418046205,0.0401,0.09741564961831228,0.03167259593616713,0.05135474417032011
2025-11-20,270.5768036466949,275.17250947675234,265.67142054546326,266.0010986328125,45823600,0.0,0.0,-0.0086013939801957,0.1510643113263536,0.2631912336666319,0.0404,0.1121269223402783,0.034467756191715396,0.054141714612985316
2025-11-21,265.70137680880595,273.0744516711978,265.4216397990326,271.2361755371094,59030800,0.0,0.0,0.0196806589566886,0.1599908148920689,0.2429529870673261,0.0403,0.0829621721752572,0.03506538017928389,0.05545382511249773
2025-11-24,270.64675212306133,276.7410558404627,270.64675212306133,275.6620788574219,65585800,0.0,0.0,0.0163175259035717,0.1500227665703197,0.241031626378575,0.0403,0.0910088598082553,0.03571900640395777,0.0562673952394029
2025-11-25,275.012667049666,280.1179060838009,274.9926967216935,276.7110900878906,46914200,0.0,0.0,0.0038054245067611,0.1502367654620169,0.2415061497020104,0.0404,0.0912693842399935,0.036480091101907204,0.05739353014858959
2025-11-26,276.70108254872224,279.26868736786383,276.3714044558947,277.29052734375,33431400,0.0,0.0,0.0020940152983219,0.1502004645266227,0.2159075835238636,0.0406,0.06570711899724091,0.03560374246418261,0.0560532006819021
2025-11-28,277.0008150112318,278.73917862681736,275.73198274965245,278.5893249511719,20135600,0.0,0.0,0.0046838874009274,0.1496263073775783,0.22367392977172124,0.0405,0.07404762239414295,0.03565166688754711,0.05614866069862664
2025-12-01,277.75011957449965,283.1550658399818,275.88187257202503,282.8353576660156,46587700,0.0,0.0,0.0152411895738933,0.1559094139453742,0.2469400727570162,0.0398,0.09103065881164202,0.036312657972362127,0.0570304757458631
2025-12-02,282.7354345985028,287.1313151163589,282.36578537497866,285.9224548339844,53669500,0.0,0.0,0.0109148205282527,0.1562102551055318,0.21174629790789523,0.039,0.05553604280236343,0.0359581161115711,0.058038293560595575
2025-12-03,285.9324708384744,288.35019153510143,283.0351573834178,283.8843688964844,43538700,0.0,0.0,-0.0071281072998738,0.1604126499883986,0.20948905856053485,0.0383,0.04907640857213624,0.032086770446945155,0.06108989576831377
2025-12-04,283.83440686502166,284.46382276925783,278.32954829392816,280.4375915527344,43989100,0.0,0.0,-0.0121414833692616,0.1687015573977981,0.2157328654023927,0.0383,0.047031308004594596,0.027948206515427242,0.06383920586528721
2025-12-05,280.27774306596746,280.8771882481053,277.79005013345267,278.5193786621094,47265800,0.0,0.0,-0.0068400704770148,0.1712580109884848,0.18689771138836486,0.0382,0.015639700399880052,0.026415760586685065,0.06455011644824137
2025-12-08,277.8699843761556,279.4085531850005,275.8918244790692,277.6302185058594,38211800,0.0,0.0,-0.0031924534677664,0.1705266463216343,0.2095525252636013,0.0382,0.03902587894196699,0.026614818648058557,0.06433455322896671
2025-12-09,277.8999627322321,279.7682096639769,276.6611317163261,276.9208679199219,32193300,0.0,0.0,-0.0025550193698475,0.1708878873123998,0.18768744885984173,0.0381,0.016799561547441944,0.028238180093876995,0.06311762988409421
2025-12-10,277.490342786908,279.48847306800184,276.1815698919154,278.5193786621094,33038300,0.0,0.0,0.0057724459488901,0.1546239605025533,0.18721728964495915,0.0379,0.03259332914240584,0.02820855656968252,0.06314342201935147
2025-12-11,278.83908758708685,279.3286197507982,273.5540244422053,277.77008056640625,33248000,0.0,0.0,-0.0026902907054526,0.1528793461841088,0.1845628209913301,0.0377,0.03168347480722128,0.02848958370665358,0.06287961890743139
2025-12-12,277.64021728323,278.9589906850317,276.5612402656973,278.0198669433594,39532900,0.0,0.0,0.0008992558753764,0.1525285067035959,0.18229901876931345,0.037599999999999995,0.02977051206571754,0.029345772628573793,0.06179861968431233
2025-12-15,279.8880911943856,279.8880911943856,272.5849275039148,273.8537292480469,50409100,0.0,0.0,-0.014985035929685,0.1625668439924252,0.18782294217401657,0.0377,0.025256098181591385,0.030180845762322314,0.06094126446196779
2025-12-16,272.5649667835892,275.2424541197232,271.53593087885605,274.353271484375,37648600,0.0,0.0,0.0018241206270945,0.1470924963200217,0.17635833104592605,0.037599999999999995,0.029265834725904355,0.030394613479526718,0.058133164701667
2025-12-17,274.75292651919426,275.90184538512057,271.38608172110213,271.5858764648437,50138700,0.0,0.0,-0.0100869765633133,0.1525795047080915,0.5933855548628679,0.0373,0.4408060501547764,0.09088219193897273,0.07590262938655613
2025-12-18,273.35420232069225,273.374203136776,266.7004552212896,271.935546875,51630700,0.0,0.0,0.0012875132341483,0.1520870686249698,0.20947608257137815,0.0371,0.05738901394640836,0.09082421447355456,0.07390129760296094
2025-12-19,271.8955859651445,274.34330788170604,269.64768928264715,273.4141845703125,144632000,0.0,0.0,0.0054374564572545,0.1488098981332556,0.23226123391872722,0.0371,0.08345133578547162,0.09041442919879741,0.0724675182752206
2025-12-22,272.6048920133635,273.62395794129594,270.25711338978425,270.7166748046875,36571800,0.0,0.0,-0.0098660198257976,0.1372217625853235,,0.037200000000000004,,0.09285732085505793,0.07191516806995552
2025-12-23,270.5868091030317,272.2452609569047,269.30800689497966,272.1053771972656,29642000,0.0,0.0,0.0051297261004703,0.1246852930497078,0.19030396439077013,0.0371,0.06561867134106233,0.09274990982328202,0.07057884236115587
2025-12-24,272.085389177814,275.17249671786806,271.9455359163183,273.55401611328125,17910600,0.0,0.0,0.0053238158353827,0.125513772840736,0.5812236757230353,0.037200000000000004,0.45570990288229934,0.12818244299038686,0.08975992228969829
2025-12-26,273.9037084592662,275.1125687682936,272.6049054553,273.1444091796875,21521800,0.0,0.0,-0.0014973530252399,0.1251595852318038,0.5811628767212391,0.037000000000000005,0.4560032914894353,0.15298720682524258,0.11030182610507695
2025-12-29,272.4350823114352,274.10350406329195,272.0954038139857,273.50408935546875,23715200,0.0,0.0,0.0013168132449112,0.1237934170015566,0.14522575028536214,0.0369,0.021432333283805532,0.154151666656566,0.1075326003624276
2025-12-30,272.5549704076282,273.82377221524894,272.0254670796708,272.82470703125,22139600,0.0,0.0,-0.0024839932953827,0.108157489352494,0.5822173501369984,0.0365,0.47405986078450435,0.17544823888825625,0.12769203204520982
2025-12-31,272.80472532736104,273.42414083736213,271.4959524300237,271.6058349609375,27293600,0.0,0.0,-0.0044676014997897,0.0974692674384776,0.5843904479971355,0.0374,0.48692118055865785,0.19266006912641093,0.15039651297975165
2026-01-02,272.0054842546519,277.5802543100492,268.7485221479618,270.75665283203125,37838100,0.0,0.0,-0.0031265238798289,0.095998765676624,0.19695097390337857,0.037200000000000004,0.10095220822675456,0.19150856946183525,0.1531268182247316
2026-01-05,270.38700744645297,271.25618925068443,265.89121426121545,267.0101623535156,45647200,0.0,0.0,-0.0138371132872581,0.0984506502012977,0.3520089070286727,0.0371,0.253558256827375,0.1910126349798129,0.16399665763645685
2026-01-06,266.7503924619391,267.2998660934885,261.8749496989937,262.1147155761719,52352100,0.0,0.0,-0.0183343088300222,0.112699920625765,0.254477616719621,0.037000000000000005,0.141777696093856,0.18773376039812914,0.17063549951508716
2026-01-07,262.95395138764474,263.4334831315393,259.5671060011504,260.08660888671875,48309800,0.0,0.0,-0.0077374774056275,0.11394719447121,0.25781681552857,0.037000000000000005,0.14386962105736,0.1851738145812179,0.17615359120537102
2026-01-08,256.7797203952787,259.0476178563403,255.4609622909548,258.7978515625,50419300,0.0,0.0,-0.0049551083377001,0.1140759737443329,0.2687974602547951,0.037000000000000005,0.15472148651046222,0.1812414895004026,0.18341263988763523
2026-01-09,258.8377955175017,259.9667440583015,255.98048371428257,259.1275329589844,39997000,0.0,0.0,0.0012738954148727,0.1103597519888207,0.25789659448458835,0.037000000000000005,0.14753684249576765,0.17781354695062027,0.1894622984851806
2026-01-12,258.9177364764393,261.05572011368304,256.5599267903311,260.0067138671875,45263800,0.0,0.0,0.0033928502238405,0.1130880155604142,0.2716051728337741,0.0371,0.1585171572733599,0.17389885412669825,0.19613775545708262
2026-01-13,258.4781303943212,261.56523797230057,258.148452318208,260.8059387207031,45730800,0.0,0.0,0.0030738623692765,0.1144082589146734,0.2672640405736373,0.037200000000000004,0.15285578165896388,0.169596335852587,0.20261592754093768
2026-01-14,259.247418118488,261.57525710051715,256.4700180914029,259.71697998046875,40019400,0.0,0.0,-0.0041753602144793,0.1057000999371695,0.2777541199260625,0.037200000000000004,0.17205401998889303,0.16432958726316688,0.2103421339518483
2026-01-15,260.40631875644857,260.7959687899761,256.8096782083212,257.9685974121094,39388600,0.0,0.0,-0.0067318762465621,0.1052855096729319,0.2750727437015845,0.0375,0.16978723402865262,0.15879627676034483,0.2177379970730456
2026-01-16,257.6589020182799,258.6579671912775,254.69167723491492,255.29112243652344,72142800,0.0,0.0,-0.0103790732765377,0.1055491029213961,0.2625092605796798,0.0375,0.15696015765828372,0.149738063485142,0.20279873957323016
2026-01-20,252.49373739571587,254.55180921698133,243.1924430560896,246.4693756103516,80267500,0.0,0.0,-0.0345556349236756,0.1522736328382751,0.317211397648809,0.0375,0.1649377648105339,0.14591996806704027,0.20845920014502625
2026-01-21,248.4675090444481,251.3248360900433,244.9507953165175,247.41848754882807,54641700,0.0,0.0,0.0038508311068108,0.15094895793395,0.29234237273061325,0.0375,0.14139341479666326,0.14375164186110367,0.21150878325087843
2026-01-22,248.96703988447877,250.76536025794263,247.9180183962477,248.1178436279297,39708300,0.0,0.0,0.0028266120532465,0.1521732808337582,0.2899243184340647,0.0379,0.1377510376003065,0.14088625805592553,0.20782089596834985
2026-01-23,247.0888078223564,249.176850391454,244.45126111041236,247.80812072753903,41689000,0.0,0.0,-0.0012482895057522,0.1485702068340633,0.29715190361525845,0.0378,0.14858169678119515,0.1376634881308867,0.2119690472403565
2026-01-26,251.24490015634893,256.32015295784896,249.5664780183616,255.17123413085935,55969200,0.0,0.0,0.029712962519965,0.1897457815420893,0.3190220925975103,0.0377,0.129276311055421,0.12611064956448034,0.19564736764901258
2026-01-27,258.92771692213245,261.7051166970889,257.96859246831417,258.0285339355469,49648300,0.0,0.0,0.011197578028024,0.1966626256615926,0.30978248277759746,0.0377,0.11311985711600486,0.11128936989372822,0.17850319593034103
2026-01-28,257.409147241713,258.61800761819165,254.2720830679268,256.2002868652344,41288000,0.0,0.0,-0.0070854453281867,0.1966087357678396,0.3235482613374477,0.037599999999999995,0.12693952556960808,0.10581814614130272,0.18377855554463118
2026-01-29,257.75880668092503,259.4072580677027,254.17216647920577,258.0385437011719,67253000,0.0,0.0,0.0071750771961642,0.2000282475723925,0.3611006734676915,0.037200000000000004,0.161072425895299,0.08082026727147541,0.1681291838001709
2026-01-30,254.9314433110553,261.6551472598355,251.94423313215475,259.2374267578125,92443400,0.0,0.0,0.0046461394466286,0.2015740750653781,0.2533251862308419,0.037200000000000004,0.05175111116546377,0.037383690197551785,0.1463706803305112
2026-02-02,259.7869174093499,270.2371306501278,258.9676766447768,269.7575988769531,73913400,0.0,0.0,0.0405812241338472,0.2523637041386365,0.25663277415258606,0.037200000000000004,0.00426907001394955,0.048240578108460185,0.14153652341987094
2026-02-03,268.9483513556569,271.6258386480508,267.3598109321867,269.22808837890625,64394700,0.0,0.0,-0.0019629122599374,0.2472371522646128,0.2810284206329354,0.037200000000000004,0.033791268368322636,0.04637445356081178,0.13054817399691834
2026-02-04,272.03545112075,278.68922850453845,272.03545112075,276.23150634765625,90545700,0.0,0.0,0.0260129543351863,0.2524222715105927,0.3500759845011754,0.037200000000000004,0.09765371299058268,0.046859142804085985,0.12834197484175466
2026-02-05,277.86999494352693,279.2387093202658,272.97458180817284,275.6520690917969,52977400,0.0,0.0,-0.0020976508564164,0.2500989103996935,0.3619698882726038,0.037200000000000004,0.11187097787291028,0.04684734239960411,0.12674204268253217
2026-02-06,276.8609202349588,280.6473855638201,276.6710954236804,277.8599853515625,50453400,0.0,0.0,0.0080097938935852,0.2488413743923203,0.35550260341121953,0.037200000000000004,0.10666122901889924,0.046568397173673295,0.12433902980795404
2026-02-09,277.9100036621094,278.20001220703125,271.70001220703125,274.6199951171875,44623400,0.26,0.0,-0.0116605139465317,0.254664723749507,0.38369355662062565,0.037200000000000004,0.12902883287111866,0.046266064128799606,0.12341362932672158
2026-02-10,274.8900146484375,275.3699951171875,272.94000244140625,273.67999267578125,34376900,0.0,0.0,-0.0034229206107339,0.2556828040672529,0.3925942742199988,0.037200000000000004,0.1369114701527459,0.045651436165971906,0.12233334497069089
2026-02-11,274.70001220703125,280.17999267578125,274.45001220703125,275.5,51931300,0.0,0.0,0.0066501292492171,0.2560691631737999,0.5722547529160126,0.0371,0.31618558974221267,0.06279048754952879,0.1304998353748533
2026-02-12,275.5899963378906,275.7200012207031,260.17999267578125,261.7300109863281,81077200,0.0,0.0,-0.0499818113018942,0.3171219832549467,0.4356752045490625,0.037200000000000004,0.11855322129411577,0.062062411610559004,0.12782479544011444
2026-02-13,262.010009765625,262.2300109863281,255.4499969482422,255.77999877929688,56290700,0.0,0.0,-0.0227333968489462,0.3269477652129475,1.0,0.037200000000000004,0.6730522347870525,0.13688863069904955,0.15298804547803446
2026-02-17,258.04998779296875,266.2900085449219,255.5399932861328,263.8800048828125,58469100,0.0,0.0,0.0316678635631115,0.3432835703576949,,0.037200000000000004,,0.14063641835113252,0.15277898694223185
2026-02-18,263.6000061035156,266.82000732421875,262.45001220703125,264.3500061035156,34203300,0.0,0.0,0.0017811172199722,0.315216423192878,,0.0371,,0.14468196156027116,0.15210349928288175
2026-02-19,262.6000061035156,264.4800109863281,260.04998779296875,260.5799865722656,30845300,0.0,0.0,-0.0142614694314541,0.3215905581096011,,0.037200000000000004,,0.14910930066138087,0.1527335042526593
2026-02-20,258.9700012207031,264.75,258.1600036621094,264.5799865722656,42070500,0.0,0.0,0.0153503730375343,0.3246671754089302,,0.037200000000000004,,0.15394779044607765,0.15366990841843137
2026-02-23,263.489990234375,269.42999267578125,263.3800048828125,266.17999267578125,37308200,0.0,0.0,0.006047343656806,0.3243095105448925,,0.037200000000000004,,0.1593449127023332,0.15400912252758042
2026-02-24,267.8599853515625,274.8900146484375,267.7099914550781,272.1400146484375,46960000,0.0,0.0,0.0223909464897904,0.3175146722828553,,0.037200000000000004,,0.16520751779844728,0.15577575191844897
